survey_year,island,state,ecoregion,n_sites,live_coral_cover_pct,lcc_prev,years_since_prev,lcc_change,lcc_change_rate,region_avg_lcc_pct,island_vs_region_pct,grp_other,grp_available_substrate,grp_sand,grp_disturbance_indicators,grp_pollution_indicators,fish_butterflyfish,fish_snapper,fish_parrotfish,fish_grouper,fish_sweetlips,fish_moray_eel,inv_diadema_urchin,inv_sea_cucumber,inv_giant_clam,inv_crown_of_thorns,cot_outbreak,grazer_ratio,n_highvalue_fish_absent,n_curio_inverts_absent,impact_anchor,impact_nets,impact_trash,impact_bleaching,impact_cot,confidence,substrate6_source,fish_source,n_sites_source,latitude,longitude,marine_park,noaa_station_id,noaa_max_dhw,noaa_mean_ssta,resort_count,estimated_room_capacity,dive_center_count,has_commercial_jetty
2012,Tioman,Pahang,Sunda Shelf,,55.81,,,,,56.65,-0.84,2.92,23.2,3.68,11.94,2.27,4.66,1.11,1.72,0.88,0.04,0.09,72.2,6.91,2.15,0.23,0,0.024,1,2,1,0,1,0,0,PDF geometry only - not cross-checked,pdf_geometry,pdf_geometry,,2.7833,104.1667,Tioman Marine Park,singapore,0.15,0.55,38,1600,18,1
2012,Kapas,Terengganu,Sunda Shelf,,58.43,,,,,56.65,1.78,1.76,21.7,7.88,9.01,1.13,4.25,1.05,6.6,1.05,0.35,0.05,0.0,0.45,4.95,0.0,0,,2,3,0,0,0,0,1,PDF geometry only - not cross-checked,pdf_geometry,pdf_geometry,,5.2167,103.2667,Terengganu Marine Park,west_gulf_of_thailand,0.33,0.52,6,90,3,1
2013,Babi Tengah,Johor,,,63.7,,,,,,,8.13,11.8,6.88,3.13,6.25,3.0,0.25,1.75,0.0,0.0,0.0,31.5,0.0,0.0,0.0,0,0.056,3,3,0,0,0,0,0,PDF geometry only - not cross-checked,pdf_geometry,pdf_geometry,,2.4764,103.9614,Mersing Marine Park,singapore,1.32,0.69,1,22,1,1
2013,Pemanggil,Johor,Sunda Shelf,,48.78,,,,,56.65,-7.87,1.15,27.1,9.48,4.79,8.54,3.96,0.25,7.74,1.29,0.46,0.09,2.17,6.96,1.38,0.58,1,3.567,2,2,0,1,0,0,0,"mixed - markdown primary, PDF filled gaps",pdf_geometry,markdown,chart label,2.5833,104.3167,Mersing Marine Park,singapore,1.32,0.69,3,40,1,1
2013,Sibu & Tinggi,Johor,Sunda Shelf,,55.84,,,,,56.65,-0.81,5.88,19.6,3.81,4.69,10.06,5.72,4.88,1.9,0.48,0.15,0.0,51.8,0.03,0.28,0.0,0,0.037,3,2,0,0,0,0,1,"mixed - markdown primary, PDF filled gaps",pdf_geometry,markdown,chart label,2.25,104.1,Mersing Marine Park,singapore,1.32,0.69,6,145,4,1
2013,Tioman,Pahang,Sunda Shelf,,55.81,55.81,1,0.0,0.0,56.65,-0.84,,,,,,4.66,1.11,1.72,0.88,0.04,0.09,72.2,6.91,2.15,0.23,0,0.024,1,2,1,0,1,0,0,markdown only,,markdown,chart label,2.7833,104.1667,Tioman Marine Park,singapore,1.32,0.69,38,1600,18,1
2013,Sembilan,Perak,Sunda Shelf,,44.61,,,,,56.65,-12.04,11.04,22.2,10.8,10.0,1.18,4.89,0.17,0.97,2.56,0.03,0.06,159.0,0.0,0.0,0.0,0,0.006,3,3,0,1,1,0,0,"mixed - markdown primary, PDF filled gaps",pdf_geometry,markdown,chart label,4.0167,100.55,Pulau Sembilan State Park,malacca_strait,2.69,0.71,0,0,0,0
2013,Kota Belud,Sabah,,,17.41,,,,,,,0.63,32.8,18.4,30.0,0.63,2.5,0.0,2.13,0.13,0.25,0.0,0.13,0.0,0.25,0.0,0,16.385,3,2,1,0,0,0,0,"mixed - markdown primary, PDF filled gaps",pdf_geometry,markdown,chart label,6.35,116.4333,West Coast Sabah Coastal,sabah,1.88,0.7,3,50,2,1
2013,Labuan,Sabah,North Borneo,,56.23,,,,,42.72,13.51,11.05,17.7,1.88,6.46,6.67,5.92,4.33,0.83,0.08,1.67,0.08,0.17,0.25,0.33,0.08,0,4.882,3,2,0,0,0,0,0,"mixed - markdown primary, PDF filled gaps",pdf_geometry,markdown,chart label,5.3167,115.2167,Labuan Marine Park,sabah,1.88,0.7,12,850,4,1
2013,Lahad Datu,Sabah,North Borneo,,40.87,,,,,42.72,-1.85,3.89,23.8,12.8,16.3,2.15,2.72,1.08,2.0,0.17,0.0,0.0,42.6,0.0,0.39,0.11,0,0.047,2,2,0,1,1,0,0,"mixed - markdown primary, PDF filled gaps",pdf_geometry,markdown,chart label,5.0167,118.3333,Darvel Bay Reefs,sabah,1.88,0.7,2,40,2,1
2013,Lankayan,Sabah,Malacca Strait,,54.04,,,,,42.72,11.32,2.63,18.7,4.46,18.04,1.92,3.8,10.2,0.48,0.22,0.15,0.02,3.28,1.87,2.08,0.35,1,0.146,1,3,0,1,1,1,1,"mixed - markdown primary, PDF filled gaps",pdf_geometry,markdown,chart label,6.5028,117.9239,Sugud Islands Marine Conservation Area (SIMCA),sabah,1.88,0.7,1,25,1,1
2013,Mantanani,Sabah,North Borneo,,40.63,,,,,42.72,-2.09,1.63,18.6,6.06,31.93,1.01,0.67,0.15,1.0,0.02,0.06,0.02,24.5,0.17,0.27,0.02,0,0.041,3,2,1,0,1,0,0,verified - markdown corrected an error in the PDF pass,pdf_geometry,markdown,chart label,6.7167,116.35,Mantanani Islands,sabah,1.88,0.7,5,140,4,1
2013,Mataking,Sabah,North Borneo,,36.29,,,,,42.72,-6.43,2.92,15.5,18.5,25.31,1.36,6.17,0.33,3.38,0.25,0.54,0.25,8.0,0.0,2.63,0.08,0,0.422,2,1,1,0,0,0,1,"mixed - markdown primary, PDF filled gaps",pdf_geometry,markdown,chart label,4.58,118.95,Non-Park Reef (Semporna),sabah,1.88,0.7,1,70,1,1
2013,Semporna,Sabah,North Borneo,,25.98,,,,,42.72,-16.74,3.3,25.5,25.2,16.44,3.26,7.09,1.63,0.59,0.5,0.32,0.3,37.6,0.11,0.23,0.0,0,0.016,2,1,1,1,1,0,0,"mixed - markdown primary, PDF filled gaps",pdf_geometry,markdown,chart label,4.48,118.61,Semporna Archipelago,sabah,1.88,0.7,35,1100,30,1
2013,Tun Sakaran Marine Park,Sabah,North Borneo,,43.2,,,,,42.72,0.48,0.93,18.3,18.0,16.39,2.97,4.35,15.7,1.31,0.25,0.15,0.0,5.15,0.06,0.5,0.08,0,0.254,2,1,1,0,1,1,0,"mixed - markdown primary, PDF filled gaps",pdf_geometry,markdown,chart label,4.6,118.7833,Tun Sakaran Marine Park,sabah,1.88,0.7,0,0,0,1
2013,Tunku Abdul Rahman Park,Sabah,North Borneo,,40.0,,,,,42.72,-2.72,4.0,21.0,8.0,20.0,7.0,2.78,4.71,1.93,0.38,0.11,0.08,2.63,0.51,0.61,0.01,0,0.734,3,2,1,1,1,0,1,"mixed - markdown primary, PDF filled gaps",pdf_geometry,markdown,chart label,5.9667,115.9833,Tunku Abdul Rahman Park,sabah,1.88,0.7,3,240,4,1
2013,Kuching,Sarawak,Sunda Shelf,,75.7,,,,,56.65,19.05,1.04,5.73,13.5,3.02,0.94,3.08,0.17,1.96,0.42,0.13,0.0,8.08,0.0,0.0,0.0,0,0.243,3,3,0,1,1,0,0,"mixed - markdown primary, PDF filled gaps",pdf_geometry,markdown,chart label,1.9167,110.0833,Talang-Satang National Park,northern_borneo,1.85,0.63,0,0,0,0
2013,Miri,Sarawak,Sunda Shelf,,53.1,,,,,56.65,-3.55,5.88,34.6,4.25,0.75,1.38,1.7,0.0,0.05,1.7,0.0,0.35,0.0,0.0,0.1,0.0,0,,2,3,1,1,0,0,0,"mixed - markdown primary, PDF filled gaps",pdf_geometry,pdf_geometry,chart label,4.3833,113.9667,Miri-Sibuti Coral Reefs National Park,northern_borneo,1.85,0.63,20,1500,5,1
2013,Bidong & Yu,Terengganu,Sunda Shelf,,54.53,,,,,56.65,-2.12,1.98,23.2,1.56,11.36,7.29,4.08,4.29,1.58,1.42,0.04,0.17,1.0,1.71,0.75,0.46,1,1.58,3,2,1,0,1,0,1,"mixed - markdown primary, PDF filled gaps",pdf_geometry,markdown,chart label,5.6167,103.05,Terengganu Marine Park,west_gulf_of_thailand,2.73,0.54,0,0,0,1
2013,Kapas,Terengganu,Sunda Shelf,,58.43,58.43,1,0.0,0.0,56.65,1.78,,,,,,4.25,1.05,6.6,1.05,0.35,0.05,48.1,4.95,0.15,0.45,1,0.137,2,3,0,0,0,0,1,markdown only,,markdown,chart label,5.2167,103.2667,Terengganu Marine Park,west_gulf_of_thailand,2.73,0.54,6,90,3,1
2013,Perhentian,Terengganu,Sunda Shelf,,56.63,,,,,56.65,-0.02,1.36,30.4,2.44,7.56,1.59,5.68,10.5,2.43,0.89,0.09,0.05,8.1,6.4,5.7,0.2,0,0.3,2,3,0,0,0,1,0,PDF geometry only - not cross-checked,pdf_geometry,pdf_geometry,,5.9,102.7333,Terengganu Marine Park,west_gulf_of_thailand,2.73,0.54,45,1200,22,1
2013,Redang,Terengganu,Sunda Shelf,,54.83,,,,,56.65,-1.82,2.55,24.1,0.83,13.9,3.65,7.27,11.1,6.15,0.77,0.0,0.02,7.79,3.96,6.94,0.92,1,0.789,2,2,0,1,1,0,0,"mixed - markdown primary, PDF filled gaps",pdf_geometry,markdown,chart label,5.7667,103.0167,Terengganu Marine Park,west_gulf_of_thailand,2.73,0.54,16,1350,14,1
2013,Tenggol,Terengganu,Sunda Shelf,,56.2,,,,,56.65,-0.45,0.93,25.9,1.35,9.07,6.35,2.92,4.92,7.67,0.58,0.08,0.0,0.83,0.79,1.25,0.29,0,9.241,2,3,0,0,0,0,1,"mixed - markdown primary, PDF filled gaps",pdf_geometry,markdown,chart label,4.8,103.6833,Terengganu Marine Park,west_gulf_of_thailand,2.73,0.54,3,55,3,1
2014,Pemanggil,Johor,Sunda Shelf,4,54.07,48.78,1,5.29,5.29,56.38,-2.31,4.69,17.19,9.38,5.78,8.91,2.94,0.06,0.75,0.06,0.0,0.0,1.5,9.69,0.19,0.44,1,0.5,3,3,1,0,0,0,0,"mixed - markdown primary, PDF filled gaps",pdf_geometry,markdown,chart label,2.5833,104.3167,Mersing Marine Park,singapore,1.47,0.52,3,40,1,1
2014,Sibu,Johor,Sunda Shelf,4,46.66,,,,,56.38,-9.72,10.62,17.71,15.21,1.88,7.92,1.33,3.92,0.33,0.25,0.08,0.0,62.08,0.0,0.58,0.0,0,0.005,3,3,0,0,0,0,1,"mixed - markdown primary, PDF filled gaps",pdf_geometry,markdown,chart label,2.2167,104.0667,Mersing Marine Park,singapore,1.47,0.52,4,110,3,1
2014,Tinggi,Johor,Sunda Shelf,4,61.88,,,,,56.38,5.5,2.35,17.19,6.41,1.56,10.62,0.63,6.75,0.56,0.25,0.25,0.0,73.19,0.38,0.13,0.0,0,0.008,3,3,0,0,0,0,1,"mixed - markdown primary, PDF filled gaps",pdf_geometry,markdown,chart label,2.3,104.1167,Mersing Marine Park,singapore,1.47,0.52,2,35,1,1
2014,Tioman,Pahang,Sunda Shelf,19,60.4,55.81,1,4.59,4.59,56.38,4.02,2.88,17.85,6.51,10.66,1.71,5.66,3.53,1.63,0.22,0.01,0.05,117.48,7.09,2.2,0.14,0,0.014,1,2,1,1,1,1,0,"mixed - markdown primary, PDF filled gaps",pdf_geometry,markdown,chart label,2.7833,104.1667,Tioman Marine Park,singapore,1.47,0.52,38,1600,18,1
2014,Pangkor Laut,Perak,Malacca Strait,1,55.63,,,,,,,8.13,10.63,0.0,8.13,17.5,2.25,3.5,0.0,0.0,0.0,0.0,59.25,0.0,0.0,0.0,0,0.0,3,3,1,0,0,0,0,"mixed - markdown primary, PDF filled gaps",pdf_geometry,markdown,chart label,4.1972,100.5472,Non-Park Reef (Perak),malacca_strait,1.2,0.64,1,140,1,1
2014,Sembilan,Perak,Malacca Strait,8,33.91,44.61,1,-10.7,-10.7,,,9.84,25.39,16.25,13.52,1.1,4.03,0.63,0.72,0.06,0.0,0.0,136.47,0.0,0.0,0.0,0,0.005,3,3,1,1,1,0,0,"mixed - markdown primary, PDF filled gaps",pdf_geometry,markdown,chart label,4.0167,100.55,Pulau Sembilan State Park,malacca_strait,1.2,0.64,0,0,0,0
2014,Lahad Datu,Sabah,North Borneo,15,41.58,40.87,1,0.71,0.71,43.29,-1.71,2.75,24.04,9.63,13.46,8.54,2.63,2.13,3.53,0.32,0.03,0.0,48.88,0.0,0.38,0.12,0,0.072,3,3,1,1,1,1,1,"mixed - markdown primary, PDF filled gaps",pdf_geometry,markdown,chart label,5.0167,118.3333,Darvel Bay Reefs,sabah,5.17,0.68,2,40,2,1
2014,Lankayan,Sabah,North Borneo,15,46.29,54.04,1,-7.75,-7.75,43.29,3.0,3.5,16.25,4.54,26.88,2.54,3.48,15.88,0.43,0.33,0.17,0.0,1.3,1.13,0.87,0.0,0,0.331,1,3,0,0,1,1,0,"mixed - markdown primary, PDF filled gaps",pdf_geometry,markdown,chart label,6.5028,117.9239,Sugud Islands Marine Conservation Area (SIMCA),sabah,5.17,0.68,1,25,1,1
2014,Mantanani,Sabah,North Borneo,11,43.3,40.63,1,2.67,2.67,43.29,0.01,,,,,,0.95,0.36,1.52,0.16,0.07,0.05,27.02,0.02,0.43,0.02,0,0.056,3,2,1,1,1,0,1,markdown only,,markdown,chart label,6.7167,116.35,Mantanani Islands,sabah,5.17,0.68,5,140,4,1
2014,Mataking & Pom Pom,Sabah,North Borneo,11,27.04,,,,,43.29,-16.25,3.64,19.6,16.31,32.16,1.25,10.3,0.87,5.98,0.66,0.34,0.09,4.52,0.25,2.05,0.07,0,1.323,2,1,0,1,1,1,0,"mixed - markdown primary, PDF filled gaps",pdf_geometry,markdown,chart label,4.59,118.88,Non-Park Reef (Semporna),sabah,5.17,0.68,3,125,3,1
2014,Semporna,Sabah,North Borneo,11,39.94,25.98,1,13.96,13.96,43.29,-3.35,4.94,14.89,10.8,19.26,10.17,7.7,0.66,3.41,0.34,0.23,0.02,54.68,0.16,0.45,0.0,0,0.062,3,1,0,1,1,1,0,"mixed - markdown primary, PDF filled gaps",pdf_geometry,markdown,chart label,4.48,118.61,Semporna Archipelago,sabah,5.17,0.68,35,1100,30,1
2014,Sipadan,Sabah,North Borneo,11,60.4,,,,,43.29,17.11,4.32,17.27,3.69,13.92,0.4,11.34,3.36,4.23,1.64,1.05,0.02,0.07,0.09,0.11,0.0,0,60.429,2,2,1,0,1,1,1,"mixed - markdown primary, PDF filled gaps",pdf_geometry,markdown,chart label,4.1147,118.6289,Sipadan Island Park,sabah,5.17,0.68,0,0,0,1
2014,Tun Sakaran Marine Park,Sabah,North Borneo,14,50.4,43.2,1,7.2,7.2,43.29,7.11,1.97,15.67,10.98,20.58,0.4,5.98,5.68,2.57,0.38,0.04,0.0,12.77,0.0,1.54,0.34,1,0.201,2,2,0,0,0,1,0,"mixed - markdown primary, PDF filled gaps",pdf_geometry,markdown,chart label,4.6,118.7833,Tun Sakaran Marine Park,sabah,5.17,0.68,0,0,0,1
2014,Tunku Abdul Rahman Park,Sabah,North Borneo,13,38.46,40.0,1,-1.54,-1.54,43.29,-4.83,2.6,31.35,8.41,15.96,3.22,2.27,4.44,1.79,0.12,0.1,0.02,5.4,0.35,0.77,0.23,0,0.331,2,2,0,1,1,0,1,"mixed - markdown primary, PDF filled gaps",pdf_geometry,markdown,chart label,5.9667,115.9833,Tunku Abdul Rahman Park,sabah,5.17,0.68,3,240,4,1
2014,Usukan Cove,Sabah,North Borneo,6,38.44,,,,,43.29,-4.85,2.61,37.19,9.06,11.35,1.36,0.96,2.42,1.38,0.04,0.17,0.0,0.13,0.04,0.04,0.0,0,10.615,3,3,1,1,1,1,0,"mixed - markdown primary, PDF filled gaps",pdf_geometry,markdown,chart label,6.3833,116.4167,West Coast Sabah Coastal,sabah,5.17,0.68,1,20,1,1
2014,Kuching,Sarawak,Sunda Shelf,1,55.0,75.7,1,-20.7,-20.7,56.38,-1.38,1.88,5.62,4.38,20.0,13.13,16.25,5.25,0.0,0.0,0.0,0.0,61.0,0.0,0.0,0.0,0,0.0,3,3,1,0,1,1,0,"mixed - markdown primary, PDF filled gaps",pdf_geometry,markdown,chart label,1.9167,110.0833,Talang-Satang National Park,northern_borneo,1.24,0.47,0,0,0,0
2014,Miri,Sarawak,Sunda Shelf,6,52.08,53.1,1,-1.02,-1.02,56.38,-4.3,2.09,21.46,11.46,3.75,9.16,3.38,13.63,0.96,0.46,0.33,0.04,0.0,0.0,0.04,0.0,0,,2,2,0,1,1,1,0,"mixed - markdown primary, PDF filled gaps",pdf_geometry,markdown,chart label,4.3833,113.9667,Miri-Sibuti Coral Reefs National Park,northern_borneo,1.24,0.47,20,1500,5,1
2014,Bidong & Yu,Terengganu,Sunda Shelf,6,54.58,54.53,1,0.05,0.05,56.38,-1.8,2.08,29.27,1.88,11.35,0.83,2.63,25.54,4.54,1.79,0.0,0.08,0.42,1.08,0.92,0.54,1,10.81,3,2,0,0,1,1,0,"mixed - markdown primary, PDF filled gaps",pdf_geometry,markdown,chart label,5.6167,103.05,Terengganu Marine Park,west_gulf_of_thailand,5.79,0.5,0,0,0,1
2014,Kapas,Terengganu,Sunda Shelf,4,56.88,58.43,1,-1.55,-1.55,56.38,0.5,2.65,23.13,5.31,7.81,4.22,5.69,1.44,3.44,0.44,0.06,0.0,0.81,6.31,0.0,0.25,0,4.247,3,3,0,0,0,1,1,"mixed - markdown primary, PDF filled gaps",pdf_geometry,markdown,chart label,5.2167,103.2667,Terengganu Marine Park,west_gulf_of_thailand,5.79,0.5,6,90,3,1
2014,Perhentian,Terengganu,Sunda Shelf,10,53.62,56.63,1,-3.01,-3.01,56.38,-2.76,1.82,24.88,2.5,12.44,4.75,4.78,23.43,1.68,1.33,0.0,0.08,13.68,4.92,4.42,0.18,0,0.123,3,3,0,0,0,1,0,"mixed - markdown primary, PDF filled gaps",pdf_geometry,markdown,chart label,5.9,102.7333,Terengganu Marine Park,west_gulf_of_thailand,5.79,0.5,45,1200,22,1
2014,Redang,Terengganu,Sunda Shelf,12,58.13,54.83,1,3.3,3.3,56.38,1.75,3.28,25.47,1.82,10.68,0.62,5.54,3.29,2.65,0.31,0.04,0.02,2.4,3.17,4.04,0.73,1,1.104,3,3,0,0,0,1,0,"mixed - markdown primary, PDF filled gaps",pdf_geometry,markdown,chart label,5.7667,103.0167,Terengganu Marine Park,west_gulf_of_thailand,5.79,0.5,16,1350,14,1
2014,Tenggol,Terengganu,Sunda Shelf,6,53.54,56.2,1,-2.66,-2.66,56.38,-2.84,1.25,28.23,4.17,6.56,6.25,2.42,0.25,6.12,0.42,0.0,0.0,0.38,0.5,1.17,0.33,1,16.105,2,3,0,0,1,1,0,"mixed - markdown primary, PDF filled gaps",pdf_geometry,markdown,chart label,4.8,103.6833,Terengganu Marine Park,west_gulf_of_thailand,5.79,0.5,3,55,3,1
2015,Pemanggil,Johor,Sunda Shelf,4,55.47,54.07,1,1.4,1.4,58.16,-2.69,1.25,21.25,1.72,14.53,5.78,2.69,0.31,5.0,0.0,0.19,0.0,2.56,3.06,0.0,0.38,1,1.953,3,3,0,0,0,0,0,"mixed - markdown primary, PDF filled gaps",pdf_geometry,markdown,chart label,2.5833,104.3167,Mersing Marine Park,singapore,0.0,0.52,3,40,1,1
2015,Sibu,Johor,Sunda Shelf,6,51.36,46.66,1,4.7,4.7,58.16,-6.8,11.66,17.71,10.63,2.19,6.46,1.79,2.75,0.63,0.63,0.54,0.08,66.67,0.0,0.33,0.0,0,0.009,3,3,0,0,0,0,0,"mixed - markdown primary, PDF filled gaps",pdf_geometry,markdown,chart label,2.2167,104.0667,Mersing Marine Park,singapore,0.0,0.52,4,110,3,1
2015,Tinggi,Johor,Sunda Shelf,4,70.0,61.88,1,8.12,8.12,58.16,11.84,1.57,15.94,5.78,1.72,5.0,2.69,5.31,0.94,0.88,0.13,0.25,57.88,0.25,0.13,0.0,0,0.016,3,3,0,0,0,0,1,verified - markdown corrected an error in the PDF pass,pdf_geometry,markdown,chart label,2.3,104.1167,Mersing Marine Park,singapore,0.0,0.52,2,35,1,1
2015,Payar,Kedah,Malacca Strait,3,40.42,,,,,36.63,3.79,6.04,18.54,23.75,5.0,6.25,2.25,4.25,4.33,1.25,0.0,0.0,29.08,0.0,0.17,0.0,0,0.149,3,3,0,0,0,1,0,"mixed - markdown primary, PDF filled gaps",pdf_geometry,markdown,chart label,6.0639,100.0417,Pulau Payar Marine Park,malacca_strait,0.63,0.68,0,0,0,1
2015,Tioman,Pahang,Sunda Shelf,18,61.39,60.4,1,0.99,0.99,58.16,3.23,2.6,17.78,3.51,10.9,3.82,5.25,3.69,1.65,0.36,0.01,0.04,59.13,7.5,2.03,0.07,0,0.028,2,3,1,1,0,0,0,"mixed - markdown primary, PDF filled gaps",pdf_geometry,markdown,chart label,2.7833,104.1667,Tioman Marine Park,singapore,0.0,0.52,38,1600,18,1
2015,Pangkor Laut,Perak,Malacca Strait,1,68.75,55.63,1,13.12,13.12,36.63,32.12,5.01,13.13,0.63,7.51,5.0,2.0,0.0,0.0,0.0,0.0,0.0,36.75,0.0,0.0,0.0,0,0.0,3,3,0,0,0,0,0,"mixed - markdown primary, PDF filled gaps",pdf_geometry,markdown,chart label,4.1972,100.5472,Non-Park Reef (Perak),malacca_strait,0.63,0.68,1,140,1,1
2015,Sembilan,Perak,Malacca Strait,9,31.81,33.91,1,-2.1,-2.1,36.63,-4.82,9.66,25.42,14.93,16.11,2.08,4.17,0.25,0.83,1.25,0.03,0.0,183.44,0.0,0.0,0.0,0,0.005,3,3,0,1,0,0,0,"mixed - markdown primary, PDF filled gaps",pdf_geometry,markdown,chart label,4.0167,100.55,Pulau Sembilan State Park,malacca_strait,0.63,0.68,0,0,0,0
2015,Balambangan,Sabah,North Borneo,3,72.29,,,,,40.32,31.97,0.84,17.5,2.5,2.29,4.58,3.08,1.92,1.25,1.67,0.0,0.0,1.33,0.0,0.5,0.0,0,0.94,2,3,1,1,1,1,0,"mixed - markdown primary, PDF filled gaps",pdf_geometry,markdown,chart label,7.2347,116.9242,Tun Mustapha Park,sabah,3.68,0.65,0,0,0,0
2015,Berungus,Sabah,North Borneo,4,54.22,,,,,40.32,13.9,1.57,13.91,7.97,2.97,19.38,5.81,1.56,1.63,0.69,0.25,0.0,0.06,0.0,0.31,0.0,0,27.167,3,3,1,0,1,1,1,"mixed - markdown primary, PDF filled gaps",pdf_geometry,markdown,chart label,6.9531,117.0347,Tun Mustapha Park,sabah,3.68,0.65,0,0,0,0
2015,Kapalai,Sabah,North Borneo,5,7.63,,,,,40.32,-32.69,5.25,36.25,28.38,19.0,3.51,7.55,5.25,2.1,0.75,0.4,0.5,8.3,0.0,0.65,0.0,0,0.253,2,2,0,0,0,0,0,"mixed - markdown primary, PDF filled gaps",pdf_geometry,markdown,chart label,4.225,118.6833,Non-Park Reef (Semporna),sabah,3.68,0.65,1,60,1,1
2015,Lahad Datu,Sabah,North Borneo,15,32.88,41.58,1,-8.7,-8.7,40.32,-7.44,3.42,35.29,12.42,12.21,3.8,2.05,1.08,1.98,0.28,0.07,0.05,46.83,0.0,0.18,0.7,1,0.042,2,3,0,0,1,0,1,verified - markdown corrected an error in the PDF pass,pdf_geometry,markdown,chart label,5.0167,118.3333,Darvel Bay Reefs,sabah,3.68,0.65,2,40,2,1
2015,Lankayan,Sabah,Sulu Sea,15,48.21,46.29,1,1.92,1.92,40.32,7.89,5.0,9.13,3.67,31.67,2.33,3.73,11.2,0.58,0.25,0.1,0.0,9.3,1.08,1.3,0.08,0,0.062,1,2,0,0,0,1,1,"mixed - markdown primary, PDF filled gaps",pdf_geometry,markdown,chart label,6.5028,117.9239,Sugud Islands Marine Conservation Area (SIMCA),sabah,3.68,0.65,1,25,1,1
2015,Mabul,Sabah,North Borneo,5,20.13,,,,,40.32,-20.19,6.38,29.5,26.63,12.63,4.76,6.4,4.0,3.15,0.4,0.1,0.4,50.9,0.0,0.7,0.0,0,0.062,2,1,0,1,1,1,0,"mixed - markdown primary, PDF filled gaps",pdf_geometry,markdown,chart label,4.2464,118.6294,Non-Park Reef (Semporna),sabah,3.68,0.65,8,350,8,1
2015,Maliangin,Sabah,North Borneo,16,46.68,,,,,40.32,6.36,4.49,13.75,9.02,15.43,10.59,2.36,1.95,4.42,1.44,0.19,0.02,4.33,0.03,0.56,0.05,0,1.021,2,3,1,1,1,1,1,"mixed - markdown primary, PDF filled gaps",pdf_geometry,markdown,chart label,7.0667,117.05,Tun Mustapha Park,sabah,3.68,0.65,0,0,0,0
2015,Mantanani,Sabah,North Borneo,11,41.88,43.3,1,-1.42,-1.42,40.32,1.56,3.69,37.22,5.74,5.45,6.02,1.66,0.86,2.77,0.14,0.34,0.07,49.41,0.05,0.27,0.05,0,0.056,3,2,1,1,1,1,0,"mixed - markdown primary, PDF filled gaps",pdf_geometry,markdown,chart label,6.7167,116.35,Mantanani Islands,sabah,3.68,0.65,5,140,4,1
2015,Mataking,Sabah,North Borneo,6,33.64,36.29,2,-2.65,-1.325,40.32,-6.68,2.81,13.33,17.4,30.21,2.6,7.04,0.71,3.17,0.38,0.5,0.17,11.0,0.0,3.71,0.04,0,0.288,2,2,0,0,0,0,0,"mixed - markdown primary, PDF filled gaps",pdf_geometry,markdown,chart label,4.58,118.95,Non-Park Reef (Semporna),sabah,3.68,0.65,1,70,1,1
2015,Penyu,Sabah,North Borneo,9,41.46,,,,,40.32,1.14,1.67,14.79,25.69,12.22,4.17,1.94,2.44,1.72,0.36,0.19,0.03,1.86,0.08,0.11,0.0,0,0.925,3,3,0,0,0,0,0,"mixed - markdown primary, PDF filled gaps",pdf_geometry,markdown,chart label,6.1667,118.0667,Turtle Islands National Park,sabah,3.68,0.65,1,20,0,1
2015,Semporna,Sabah,North Borneo,13,31.29,39.94,1,-8.65,-8.65,40.32,-9.03,3.94,16.39,24.23,17.88,6.25,3.42,0.44,1.04,0.1,0.06,0.15,84.3,0.37,0.48,0.06,0,0.012,2,0,1,1,1,1,0,"mixed - markdown primary, PDF filled gaps",pdf_geometry,markdown,chart label,4.48,118.61,Semporna Archipelago,sabah,3.68,0.65,35,1100,30,1
2015,Sipadan,Sabah,North Borneo,12,53.33,60.4,1,-7.07,-7.07,40.32,13.01,2.03,22.97,7.5,13.34,0.73,6.83,1.81,3.44,2.16,0.94,0.13,0.0,0.15,0.04,0.02,0,,1,2,0,0,0,0,0,"mixed - markdown primary, PDF filled gaps",pdf_geometry,markdown,chart label,4.1147,118.6289,Sipadan Island Park,sabah,3.68,0.65,0,0,0,1
2015,Tiga,Sabah,North Borneo,6,29.58,,,,,40.32,-10.74,3.43,22.5,11.35,31.77,1.35,1.58,3.79,1.63,0.42,1.04,0.0,0.63,0.29,0.75,0.0,0,2.587,2,2,0,1,1,1,0,"mixed - markdown primary, PDF filled gaps",pdf_geometry,markdown,chart label,5.725,115.6417,Pulau Tiga National Park,sabah,3.68,0.65,2,45,1,1
2015,Tun Sakaran Marine Park,Sabah,North Borneo,12,54.11,50.4,1,3.71,3.71,40.32,13.79,1.36,16.51,9.01,16.14,2.87,5.15,3.54,4.9,0.65,0.13,0.0,3.21,0.06,0.75,0.1,0,1.526,2,2,0,0,0,0,0,"mixed - markdown primary, PDF filled gaps",pdf_geometry,markdown,chart label,4.6,118.7833,Tun Sakaran Marine Park,sabah,3.68,0.65,0,0,0,1
2015,Tunku Abdul Rahman Park,Sabah,North Borneo,13,32.7,38.46,1,-5.76,-5.76,40.32,-7.62,1.44,31.01,7.21,20.97,6.68,3.48,2.56,2.98,0.21,0.08,0.0,4.73,0.62,0.67,0.54,1,0.63,2,1,1,1,1,1,1,"mixed - markdown primary, PDF filled gaps",pdf_geometry,markdown,chart label,5.9667,115.9833,Tunku Abdul Rahman Park,sabah,3.68,0.65,3,240,4,1
2015,Usukan Cove,Sabah,North Borneo,5,35.63,38.44,1,-2.81,-2.81,40.32,-4.69,1.88,31.0,4.25,10.75,16.51,0.85,2.55,2.8,0.1,0.2,0.0,6.35,0.35,0.1,0.0,0,0.441,3,2,1,1,1,1,0,"mixed - markdown primary, PDF filled gaps",pdf_geometry,markdown,chart label,6.3833,116.4167,West Coast Sabah Coastal,sabah,3.68,0.65,1,20,1,1
2015,Kuching,Sarawak,Sunda Shelf,2,69.69,55.0,1,14.69,14.69,58.16,11.53,5.0,8.75,6.88,6.56,3.13,3.63,1.5,0.0,1.13,0.0,0.0,14.7,0.0,0.0,0.0,0,0.0,3,3,0,0,1,1,0,"mixed - markdown primary, PDF filled gaps",pdf_geometry,markdown,chart label,1.9167,110.0833,Talang-Satang National Park,northern_borneo,1.19,0.49,0,0,0,0
2015,Miri,Sarawak,Sunda Shelf,6,45.73,52.08,1,-6.35,-6.35,58.16,-12.43,3.85,32.6,11.15,2.5,4.17,3.96,20.54,0.96,0.58,0.04,0.08,0.04,0.0,0.08,0.0,0,24.0,2,2,1,0,1,1,0,"mixed - markdown primary, PDF filled gaps",pdf_geometry,markdown,chart label,4.3833,113.9667,Miri-Sibuti Coral Reefs National Park,northern_borneo,1.19,0.49,20,1500,5,1
2015,Bidong & Yu,Terengganu,Sunda Shelf,6,62.5,54.58,1,7.92,7.92,58.16,4.34,1.87,22.71,2.29,8.65,1.98,3.92,14.08,4.21,1.25,0.0,0.08,0.58,0.79,0.38,2.04,1,7.259,2,3,1,0,1,1,0,"mixed - markdown primary, PDF filled gaps",pdf_geometry,markdown,chart label,5.6167,103.05,Terengganu Marine Park,west_gulf_of_thailand,4.48,0.68,0,0,0,1
2015,Kapas,Terengganu,Sunda Shelf,5,53.63,56.88,1,-3.25,-3.25,58.16,-4.53,1.63,24.88,10.5,8.13,1.26,6.6,4.2,3.1,0.7,0.0,0.0,36.85,6.8,0.1,0.25,0,0.084,3,3,1,1,1,1,1,"mixed - markdown primary, PDF filled gaps",pdf_geometry,markdown,chart label,5.2167,103.2667,Terengganu Marine Park,west_gulf_of_thailand,4.48,0.68,6,90,3,1
2015,Perhentian,Terengganu,Sunda Shelf,10,50.12,53.62,1,-3.5,-3.5,58.16,-8.04,2.0,32.19,4.31,9.82,1.56,6.45,11.38,2.2,0.55,0.0,0.13,31.25,8.0,5.7,0.15,0,0.07,3,3,0,0,0,0,0,"mixed - markdown primary, PDF filled gaps",pdf_geometry,markdown,chart label,5.9,102.7333,Terengganu Marine Park,west_gulf_of_thailand,4.48,0.68,45,1200,22,1
2015,Redang,Terengganu,Sunda Shelf,12,64.12,58.13,1,5.99,5.99,58.16,5.96,2.34,14.32,0.63,17.4,1.2,5.29,0.79,1.65,0.94,0.13,0.08,9.17,3.67,2.15,0.81,1,0.18,2,3,0,0,0,0,0,"mixed - markdown primary, PDF filled gaps",pdf_geometry,markdown,chart label,5.7667,103.0167,Terengganu Marine Park,west_gulf_of_thailand,4.48,0.68,16,1350,14,1
2015,Tenggol,Terengganu,Sunda Shelf,6,58.65,53.54,1,5.11,5.11,58.16,0.49,1.56,21.67,2.71,11.57,3.85,2.42,1.29,3.0,0.67,0.13,0.08,0.54,0.88,0.83,0.13,0,5.556,2,3,0,0,1,1,0,"mixed - markdown primary, PDF filled gaps",pdf_geometry,markdown,chart label,4.8,103.6833,Terengganu Marine Park,west_gulf_of_thailand,4.48,0.68,3,55,3,1
2016,Pemanggil,Johor,Sunda Shelf,4,48.44,55.47,1,-7.03,-7.03,55.59,-7.15,0.31,23.91,1.88,18.75,6.72,5.69,0.5,1.5,0.31,0.0,0.0,15.5,9.44,0.19,0.88,1,0.097,1,3,0,1,0,0,0,"mixed - markdown primary, PDF filled gaps",pdf_geometry,markdown,chart label,2.5833,104.3167,Mersing Marine Park,singapore,7.25,1.06,3,40,1,1
2016,Sibu,Johor,Sunda Shelf,6,63.75,51.36,1,12.39,12.39,55.59,8.16,9.07,13.75,2.5,1.35,9.59,9.17,0.38,0.96,0.46,0.08,0.04,67.46,0.0,0.29,0.0,0,0.014,3,3,1,1,1,0,0,"mixed - markdown primary, PDF filled gaps",pdf_geometry,markdown,chart label,2.2167,104.0667,Mersing Marine Park,singapore,7.25,1.06,4,110,3,1
2016,Tinggi,Johor,Sunda Shelf,4,64.22,70.0,1,-5.78,-5.78,55.59,8.63,,,,,,5.38,0.06,1.88,0.38,0.0,0.0,74.5,0.13,0.06,0.19,0,0.025,3,3,1,1,1,0,0,markdown only,,markdown,chart label,2.3,104.1167,Mersing Marine Park,singapore,7.25,1.06,2,35,1,1
2016,Payar,Kedah,Malacca Strait,3,44.38,40.42,1,3.96,3.96,38.65,5.73,4.16,24.58,25.21,1.67,0.0,10.92,17.08,47.0,16.83,1.5,0.0,48.33,0.58,1.92,0.0,0,0.972,3,3,0,0,0,1,0,"mixed - markdown primary, PDF filled gaps",pdf_geometry,markdown,chart label,6.0639,100.0417,Pulau Payar Marine Park,malacca_strait,11.34,1.08,0,0,0,1
2016,Tioman,Pahang,Sunda Shelf,18,59.48,61.39,1,-1.91,-1.91,55.59,3.89,1.63,14.27,4.86,14.9,4.87,5.99,0.43,2.56,0.74,0.06,0.03,69.3,11.3,1.44,0.08,0,0.037,2,2,1,1,1,1,0,"mixed - markdown primary, PDF filled gaps",pdf_geometry,markdown,chart label,2.7833,104.1667,Tioman Marine Park,singapore,7.25,1.06,38,1600,18,1
2016,Pangkor Laut,Perak,Malacca Strait,1,88.75,68.75,1,20.0,20.0,38.65,50.1,0.63,10.0,0.0,0.63,0.0,12.25,0.0,0.0,0.0,0.0,0.0,36.5,0.0,0.0,0.0,0,0.0,3,3,0,0,0,0,0,"mixed - markdown primary, PDF filled gaps",pdf_geometry,markdown,chart label,4.1972,100.5472,Non-Park Reef (Perak),malacca_strait,11.34,1.08,1,140,1,1
2016,Sembilan,Perak,Malacca Strait,9,31.18,31.81,1,-0.63,-0.63,38.65,-7.47,10.63,28.33,17.08,12.36,0.42,7.92,1.47,0.08,0.61,0.0,0.03,170.14,0.0,0.0,0.0,0,0.0,3,3,1,0,1,1,0,"mixed - markdown primary, PDF filled gaps",pdf_geometry,markdown,chart label,4.0167,100.55,Pulau Sembilan State Park,malacca_strait,11.34,1.08,0,0,0,0
2016,Kapalai,Sabah,North Borneo,4,11.26,7.63,1,3.63,3.63,36.57,-25.31,7.19,24.53,32.34,14.53,10.16,7.25,0.81,3.69,2.19,0.19,0.19,9.44,0.0,0.5,0.0,0,0.391,2,3,1,0,1,1,0,"mixed - markdown primary, PDF filled gaps",pdf_geometry,markdown,chart label,4.225,118.6833,Non-Park Reef (Semporna),sabah,10.52,0.97,1,60,1,1
2016,Labuan,Sabah,North Borneo,3,41.67,56.23,3,-14.56,-4.853,36.57,5.1,14.17,20.42,10.63,9.17,3.96,2.08,1.33,1.17,0.17,0.08,0.08,1.17,0.0,0.42,0.0,0,1.0,3,3,0,0,0,1,0,"mixed - markdown primary, PDF filled gaps",pdf_geometry,markdown,chart label,5.3167,115.2167,Labuan Marine Park,sabah,10.52,0.97,12,850,4,1
2016,Lahad Datu,Sabah,North Borneo,15,20.5,32.88,1,-12.38,-12.38,36.57,-16.07,,,,,,4.57,2.27,2.15,0.25,0.05,0.02,74.6,0.0,0.4,0.98,1,0.029,3,2,1,1,1,0,1,markdown only,,markdown,chart label,5.0167,118.3333,Darvel Bay Reefs,sabah,10.52,0.97,2,40,2,1
2016,Lankayan,Sabah,North Borneo,15,48.91,48.21,1,0.7,0.7,36.57,12.34,4.38,16.17,4.83,23.21,2.51,2.92,12.2,0.2,0.1,0.07,0.03,9.52,1.7,1.38,0.28,0,0.021,3,3,0,0,0,1,1,"mixed - markdown primary, PDF filled gaps",pdf_geometry,markdown,chart label,6.5028,117.9239,Sugud Islands Marine Conservation Area (SIMCA),sabah,10.52,0.97,1,25,1,1
2016,Mabul,Sabah,North Borneo,6,27.61,20.13,1,7.48,7.48,36.57,-8.96,7.92,22.81,19.69,15.52,6.45,10.6,6.5,2.71,0.96,0.71,0.83,82.8,0.0,0.75,0.0,0,0.033,3,1,1,1,1,0,0,"mixed - markdown primary, PDF filled gaps",pdf_geometry,markdown,chart label,4.2464,118.6294,Non-Park Reef (Semporna),sabah,10.52,0.97,8,350,8,1
2016,Mantanani,Sabah,North Borneo,11,32.04,41.88,1,-9.84,-9.84,36.57,-4.53,2.05,31.99,7.56,19.37,6.99,1.2,0.82,1.43,0.18,0.23,0.05,43.4,0.16,0.16,0.0,0,0.033,3,2,1,1,1,1,1,"mixed - markdown primary, PDF filled gaps",pdf_geometry,markdown,chart label,6.7167,116.35,Mantanani Islands,sabah,10.52,0.97,5,140,4,1
2016,Mataking,Sabah,North Borneo,6,35.52,33.64,1,1.88,1.88,36.57,-1.05,4.48,11.25,23.65,22.71,2.4,8.67,0.13,5.17,0.42,0.17,0.13,3.96,0.17,2.42,0.04,0,1.306,3,1,0,0,1,0,0,"mixed - markdown primary, PDF filled gaps",pdf_geometry,markdown,chart label,4.58,118.95,Non-Park Reef (Semporna),sabah,10.52,0.97,1,70,1,1
2016,Penyu,Sabah,Sulu Sea,9,31.67,41.46,1,-9.79,-9.79,36.57,-4.9,4.03,19.65,25.21,18.75,0.69,1.56,0.47,4.0,0.08,0.61,0.03,14.0,0.11,0.72,0.03,0,0.286,3,3,0,0,0,0,0,"mixed - markdown primary, PDF filled gaps",pdf_geometry,markdown,chart label,6.1667,118.0667,Turtle Islands National Park,sabah,10.52,0.97,1,20,0,1
2016,Pom Pom,Sabah,North Borneo,4,18.76,,,,,36.57,-17.81,1.25,3.28,7.19,68.28,1.25,5.56,0.69,0.56,0.19,0.0,0.19,30.9,0.06,0.56,0.06,0,0.018,3,2,0,0,0,1,1,"mixed - markdown primary, PDF filled gaps",pdf_geometry,markdown,chart label,4.6,118.8667,Non-Park Reef (Semporna),sabah,10.52,0.97,2,55,2,1
2016,Sipadan,Sabah,North Borneo,12,43.49,53.33,1,-9.84,-9.84,36.57,6.92,2.76,29.32,5.05,18.7,0.68,12.5,4.48,10.8,2.67,1.98,0.04,0.0,0.1,0.33,0.0,0,,1,1,0,0,0,0,0,verified - markdown corrected an error in the PDF pass,pdf_geometry,markdown,chart label,4.1147,118.6289,Sipadan Island Park,sabah,10.52,0.97,0,0,0,1
2016,Tiga,Sabah,North Borneo,6,43.43,29.58,1,13.85,13.85,36.57,6.86,3.44,11.77,11.56,24.27,5.52,1.75,5.12,3.75,0.25,0.04,0.0,2.38,0.46,0.75,0.0,0,1.576,3,3,1,1,0,0,0,"mixed - markdown primary, PDF filled gaps",pdf_geometry,markdown,chart label,5.725,115.6417,Pulau Tiga National Park,sabah,10.52,0.97,2,45,1,1
2016,Tun Sakaran Marine Park,Sabah,North Borneo,14,47.59,54.11,1,-6.52,-6.52,36.57,11.02,2.28,18.04,13.84,17.23,1.03,4.84,1.59,3.61,0.21,0.14,0.0,14.95,0.04,1.57,0.2,0,0.241,2,3,0,0,0,0,0,"mixed - markdown primary, PDF filled gaps",pdf_geometry,markdown,chart label,4.6,118.7833,Tun Sakaran Marine Park,sabah,10.52,0.97,0,0,0,1
2016,Tunku Abdul Rahman Park,Sabah,North Borneo,8,50.24,32.7,1,17.54,17.54,36.57,13.67,2.19,12.27,13.83,20.63,0.86,2.78,2.22,4.31,0.81,0.69,0.09,4.03,1.03,0.59,0.31,1,1.069,2,2,0,0,0,0,1,"mixed - markdown primary, PDF filled gaps",pdf_geometry,markdown,chart label,5.9667,115.9833,Tunku Abdul Rahman Park,sabah,10.52,0.97,3,240,4,1
2016,Usukan Cove,Sabah,North Borneo,6,33.02,35.63,1,-2.61,-2.61,36.57,-3.55,4.8,22.4,4.9,13.85,21.04,1.0,0.38,0.71,0.0,0.21,0.0,1.83,0.0,0.04,0.0,0,0.388,3,3,1,0,1,1,0,"mixed - markdown primary, PDF filled gaps",pdf_geometry,markdown,chart label,6.3833,116.4167,West Coast Sabah Coastal,sabah,10.52,0.97,1,20,1,1
2016,Miri,Sarawak,Sunda Shelf,6,43.65,45.73,1,-2.08,-2.08,55.59,-11.94,4.69,27.71,15.73,2.92,5.31,2.25,49.6,0.54,0.38,0.25,0.04,0.04,0.0,0.04,0.0,0,13.5,2,3,0,0,0,1,0,"mixed - markdown primary, PDF filled gaps",pdf_geometry,markdown,chart label,4.3833,113.9667,Miri-Sibuti Coral Reefs National Park,northern_borneo,1.79,0.76,20,1500,5,1
2016,Bidong & Yu,Terengganu,Sunda Shelf,6,53.34,62.5,1,-9.16,-9.16,55.59,-2.25,1.98,21.46,2.29,18.44,2.5,3.63,15.21,0.83,0.79,0.0,0.0,1.83,1.42,0.58,1.38,1,0.454,2,3,0,0,0,0,0,"mixed - markdown primary, PDF filled gaps",pdf_geometry,markdown,chart label,5.6167,103.05,Terengganu Marine Park,west_gulf_of_thailand,8.15,0.78,0,0,0,1
2016,Kapas,Terengganu,Sunda Shelf,5,50.13,53.63,1,-3.5,-3.5,55.59,-5.46,2.5,14.75,10.25,7.0,15.38,6.3,0.85,2.6,1.1,0.2,0.0,40.45,3.35,0.7,1.05,1,0.064,2,3,1,0,0,1,1,verified - markdown corrected an error in the PDF pass,pdf_geometry,markdown,chart label,5.2167,103.2667,Terengganu Marine Park,west_gulf_of_thailand,8.15,0.78,6,90,3,1
2016,Perhentian,Terengganu,Sunda Shelf,10,51.75,50.12,1,1.63,1.63,55.59,-3.84,2.38,29.31,5.25,10.32,1.0,6.15,3.3,0.45,0.18,0.0,0.0,17.4,3.73,3.3,0.05,0,0.026,3,3,0,1,1,0,0,"mixed - markdown primary, PDF filled gaps",pdf_geometry,markdown,chart label,5.9,102.7333,Terengganu Marine Park,west_gulf_of_thailand,8.15,0.78,45,1200,22,1
2016,Redang,Terengganu,Sunda Shelf,12,55.41,64.12,1,-8.71,-8.71,55.59,-0.18,3.49,22.29,1.25,13.23,4.32,7.35,8.79,1.92,0.67,0.1,0.0,6.88,2.63,3.35,0.77,1,0.279,2,3,0,0,1,0,0,"mixed - markdown primary, PDF filled gaps",pdf_geometry,markdown,chart label,5.7667,103.0167,Terengganu Marine Park,west_gulf_of_thailand,8.15,0.78,16,1350,14,1
2016,Tenggol,Terengganu,Sunda Shelf,6,60.31,58.65,1,1.66,1.66,55.59,4.72,0.94,19.17,2.08,14.27,3.23,3.13,6.92,3.96,0.46,0.04,0.0,0.13,0.75,0.54,0.13,0,30.462,1,3,1,0,0,1,0,"mixed - markdown primary, PDF filled gaps",pdf_geometry,markdown,chart label,4.8,103.6833,Terengganu Marine Park,west_gulf_of_thailand,8.15,0.78,3,55,3,1
2017,Pemanggil,Johor,Sunda Shelf,4,51.4,48.44,1,2.96,2.96,54.34,-2.94,0.94,15.31,2.5,24.69,5.16,1.25,0.31,1.31,0.5,0.06,0.0,8.81,2.38,0.13,0.0,0,0.149,3,3,1,1,1,0,0,"mixed - markdown primary, PDF filled gaps",pdf_geometry,markdown,chart label,2.5833,104.3167,Mersing Marine Park,singapore,0.0,0.77,3,40,1,1
2017,Rawa,Johor,Sunda Shelf,1,43.75,,,,,54.21,-10.46,1.88,11.88,20.63,16.88,5.0,8.5,55.0,1.5,1.25,1.25,0.5,121.75,0.0,0.0,0.0,0,0.012,3,3,0,1,0,0,0,"mixed - markdown primary, PDF filled gaps",pdf_geometry,markdown,chart label,2.5186,103.9747,Mersing Marine Park,singapore,0.0,0.77,2,85,2,1
2017,Sibu,Johor,Sunda Shelf,6,58.86,63.75,1,-4.89,-4.89,54.21,4.65,7.61,24.48,2.92,1.56,4.59,9.83,3.17,0.17,0.42,0.33,0.04,58.58,0.04,0.38,0.0,0,0.003,3,3,1,0,1,1,0,"mixed - markdown primary, PDF filled gaps",pdf_geometry,markdown,chart label,2.2167,104.0667,Mersing Marine Park,singapore,0.0,0.77,4,110,3,1
2017,Tengah,Johor,Sunda Shelf,3,46.25,,,,,54.21,-7.96,6.25,19.58,5.62,8.34,13.96,15.92,8.25,1.5,0.5,1.17,0.0,113.0,0.17,0.25,0.0,0,0.013,3,3,0,1,1,0,0,"mixed - markdown primary, PDF filled gaps",pdf_geometry,markdown,chart label,2.47,103.96,Mersing Marine Park,singapore,0.0,0.77,1,22,1,1
2017,Tinggi,Johor,Sunda Shelf,4,64.53,64.22,1,0.31,0.31,54.21,10.32,2.03,19.06,4.06,4.84,5.47,7.94,1.25,1.94,0.94,0.88,0.0,79.56,0.0,0.0,0.0,0,0.024,3,3,0,0,1,1,0,"mixed - markdown primary, PDF filled gaps",pdf_geometry,markdown,chart label,2.3,104.1167,Mersing Marine Park,singapore,0.0,0.77,2,35,1,1
2017,Payar,Kedah,Malacca Strait,5,51.38,44.38,1,7.0,7.0,35.67,15.71,10.38,20.13,15.0,2.25,0.88,10.92,17.08,47.0,16.83,1.5,0.0,54.3,0.3,0.45,0.0,0,0.866,3,2,0,1,1,1,0,"mixed - markdown primary, PDF filled gaps",pdf_geometry,markdown,chart label,6.0639,100.0417,Pulau Payar Marine Park,malacca_strait,0.15,0.8,0,0,0,1
2017,Tioman,Pahang,Sunda Shelf,17,66.37,59.48,1,6.89,6.89,54.21,12.16,1.58,11.58,3.71,15.48,1.29,4.93,0.93,2.34,0.91,0.15,0.06,36.44,10.5,1.56,0.25,0,0.064,1,3,1,1,1,1,0,"mixed - markdown primary, PDF filled gaps",pdf_geometry,markdown,chart label,2.7833,104.1667,Tioman Marine Park,singapore,0.0,0.77,38,1600,18,1
2017,Pangkor Laut,Perak,Malacca Strait,1,66.25,88.75,1,-22.5,-22.5,35.67,30.58,1.25,10.0,3.13,19.38,0.0,10.5,0.25,0.0,0.75,0.0,0.0,33.25,0.0,0.0,0.0,0,0.0,3,3,0,1,0,0,0,verified - markdown corrected an error in the PDF pass,pdf_geometry,markdown,chart label,4.1972,100.5472,Non-Park Reef (Perak),malacca_strait,0.15,0.8,1,140,1,1
2017,Sembilan,Perak,Malacca Strait,9,23.54,31.18,1,-7.64,-7.64,35.67,-12.13,10.34,26.6,11.88,26.04,1.6,7.17,1.58,0.58,0.47,0.0,0.06,158.0,0.0,0.0,0.0,0,0.004,3,3,1,1,1,0,0,"mixed - markdown primary, PDF filled gaps",pdf_geometry,markdown,chart label,4.0167,100.55,Pulau Sembilan State Park,malacca_strait,0.15,0.8,0,0,0,0
2017,Kapalai,Sabah,North Borneo,4,12.81,11.26,1,1.55,1.55,36.48,-23.67,7.03,28.28,22.03,19.53,10.31,7.06,3.69,2.13,0.69,0.13,0.38,10.56,0.0,0.44,0.0,0,0.202,2,1,0,1,1,0,0,"mixed - markdown primary, PDF filled gaps",pdf_geometry,markdown,chart label,4.225,118.6833,Non-Park Reef (Semporna),sabah,6.7,0.96,1,60,1,1
2017,Lahad Datu,Sabah,North Borneo,15,31.0,20.5,1,10.5,10.5,36.48,-5.48,2.58,27.63,11.83,23.83,3.13,4.47,1.55,14.28,0.22,0.05,0.0,78.53,0.0,0.12,0.62,1,0.182,1,3,0,0,1,0,1,"mixed - markdown primary, PDF filled gaps",pdf_geometry,markdown,chart label,5.0167,118.3333,Darvel Bay Reefs,sabah,6.7,0.96,2,40,2,1
2017,Lankayan,Sabah,North Borneo,15,37.08,48.91,1,-11.83,-11.83,36.48,0.6,7.0,31.58,2.67,20.79,0.88,4.1,9.6,0.18,0.13,0.07,0.07,10.93,3.1,1.85,0.2,0,0.016,3,2,0,0,1,1,0,"mixed - markdown primary, PDF filled gaps",pdf_geometry,markdown,chart label,6.5028,117.9239,Sugud Islands Marine Conservation Area (SIMCA),sabah,6.7,0.96,1,25,1,1
2017,Mabul,Sabah,North Borneo,6,30.41,27.61,1,2.8,2.8,36.48,-6.07,6.05,20.83,16.77,17.61,8.33,11.58,42.33,2.58,0.75,1.46,0.63,58.29,0.0,0.54,0.04,0,0.044,1,1,1,1,1,0,0,"mixed - markdown primary, PDF filled gaps",pdf_geometry,markdown,chart label,4.2464,118.6294,Non-Park Reef (Semporna),sabah,6.7,0.96,8,350,8,1
2017,Mantanani,Sabah,North Borneo,12,40.21,32.04,1,8.17,8.17,36.48,3.73,1.57,33.59,5.1,18.23,1.3,1.33,0.4,5.77,0.27,0.1,0.17,42.02,0.0,0.17,0.0,0,0.137,2,2,1,1,1,1,0,"mixed - markdown primary, PDF filled gaps",pdf_geometry,markdown,chart label,6.7167,116.35,Mantanani Islands,sabah,6.7,0.96,5,140,4,1
2017,Mataking,Sabah,North Borneo,6,27.29,35.52,1,-8.23,-8.23,36.48,-9.19,3.86,16.77,16.56,33.13,2.4,2.83,4.96,6.42,0.46,0.17,0.0,3.63,0.04,0.67,0.04,0,1.769,1,1,1,1,1,0,0,"mixed - markdown primary, PDF filled gaps",pdf_geometry,markdown,chart label,4.58,118.95,Non-Park Reef (Semporna),sabah,6.7,0.96,1,70,1,1
2017,Northern Semporna,Sabah,North Borneo,14,28.79,,,,,36.48,-7.69,3.75,17.14,10.04,27.59,12.59,5.34,2.07,6.23,0.13,0.11,0.04,59.54,0.0,0.9,0.27,0,0.105,1,0,1,1,1,1,1,"mixed - markdown primary, PDF filled gaps",pdf_geometry,markdown,chart label,4.6333,118.75,Semporna Archipelago,sabah,6.7,0.96,0,0,0,1
2017,Penyu,Sabah,Sulu Sea,9,42.85,31.67,1,11.18,11.18,36.48,6.37,1.94,18.26,19.1,15.07,2.71,4.0,2.69,1.33,0.89,0.78,0.03,4.64,0.19,0.17,0.0,0,0.287,2,2,0,1,0,0,0,"mixed - markdown primary, PDF filled gaps",pdf_geometry,markdown,chart label,6.1667,118.0667,Turtle Islands National Park,sabah,6.7,0.96,1,20,0,1
2017,Sipadan,Sabah,North Borneo,12,49.95,43.49,1,6.46,6.46,36.48,13.47,3.8,18.59,6.51,21.15,0.0,4.04,1.5,1.85,1.02,1.67,0.0,0.02,0.0,0.06,0.0,0,92.5,1,3,0,1,1,0,0,"mixed - markdown primary, PDF filled gaps",pdf_geometry,markdown,chart label,4.1147,118.6289,Sipadan Island Park,sabah,6.7,0.96,0,0,0,1
2017,Southern Semporna,Sabah,North Borneo,13,33.6,,,,,36.48,-2.88,5.34,20.0,13.03,18.22,9.81,3.38,1.29,1.83,0.02,0.13,0.13,23.96,0.02,0.17,0.0,0,0.076,2,2,0,0,0,1,0,"mixed - markdown primary, PDF filled gaps",pdf_geometry,markdown,chart label,4.3,118.65,Semporna Archipelago,sabah,6.7,0.96,4,60,3,1
2017,Tiga,Sabah,North Borneo,6,35.63,43.43,1,-7.8,-7.8,36.48,-0.85,2.4,15.42,4.27,40.0,2.29,5.38,6.83,2.33,0.5,0.17,0.0,0.75,0.38,0.63,0.0,0,3.107,3,3,0,0,0,0,0,"mixed - markdown primary, PDF filled gaps",pdf_geometry,markdown,chart label,5.725,115.6417,Pulau Tiga National Park,sabah,6.7,0.96,2,45,1,1
2017,Tun Sakaran Marine Park,Sabah,North Borneo,12,50.67,47.59,1,3.08,3.08,36.48,14.19,3.65,4.95,9.27,28.81,2.55,3.33,3.9,2.54,0.06,0.19,0.02,3.98,0.02,0.27,0.02,0,0.638,2,1,0,0,0,0,0,"mixed - markdown primary, PDF filled gaps",pdf_geometry,markdown,chart label,4.6,118.7833,Tun Sakaran Marine Park,sabah,6.7,0.96,0,0,0,1
2017,Tunku Abdul Rahman Park,Sabah,North Borneo,8,37.81,50.24,1,-12.43,-12.43,36.48,1.33,0.94,17.34,8.44,35.47,0.0,1.75,9.95,2.75,0.0,0.0,0.0,3.1,0.0,0.45,0.1,0,0.887,3,3,0,0,0,0,1,"mixed - markdown primary, PDF filled gaps",pdf_geometry,markdown,chart label,5.9667,115.9833,Tunku Abdul Rahman Park,sabah,6.7,0.96,3,240,4,1
2017,Usukan Cove,Sabah,North Borneo,3,25.84,33.02,1,-7.18,-7.18,36.48,-10.64,1.04,34.58,7.5,14.17,16.88,1.33,0.42,0.83,0.08,0.0,0.0,2.08,0.33,1.75,0.0,0,0.399,3,3,1,1,1,1,0,"mixed - markdown primary, PDF filled gaps",pdf_geometry,markdown,chart label,6.3833,116.4167,West Coast Sabah Coastal,sabah,6.7,0.96,1,20,1,1
2017,Miri,Sarawak,Sunda Shelf,6,54.9,43.65,1,11.25,11.25,54.21,0.69,5.31,24.38,10.63,1.57,3.23,3.08,7.17,1.96,0.25,0.0,0.0,0.04,0.0,0.17,0.42,1,49.0,2,3,1,1,1,1,1,"mixed - markdown primary, PDF filled gaps",pdf_geometry,markdown,chart label,4.3833,113.9667,Miri-Sibuti Coral Reefs National Park,northern_borneo,1.97,0.97,20,1500,5,1
2017,Bidong & Yu,Terengganu,Sunda Shelf,6,48.33,53.34,1,-5.01,-5.01,54.21,-5.88,1.98,21.98,1.77,24.89,1.04,5.12,17.17,1.08,0.33,0.0,0.04,0.67,1.29,0.75,1.21,1,1.612,2,3,1,1,1,0,0,"mixed - markdown primary, PDF filled gaps",pdf_geometry,markdown,chart label,5.6167,103.05,Terengganu Marine Park,west_gulf_of_thailand,1.61,0.66,0,0,0,1
2017,Kapas,Terengganu,Sunda Shelf,5,50.01,50.13,1,-0.12,-0.12,54.21,-4.2,,,,,,4.1,0.35,2.1,0.8,0.15,0.05,25.95,6.95,0.15,0.6,1,0.081,3,3,0,1,1,0,0,markdown only,,markdown,chart label,5.2167,103.2667,Terengganu Marine Park,west_gulf_of_thailand,1.61,0.66,6,90,3,1
2017,Perhentian,Terengganu,Sunda Shelf,10,42.32,51.75,1,-9.43,-9.43,54.21,-11.89,1.62,18.81,3.19,26.69,7.38,6.8,1.95,2.7,0.58,0.03,0.05,21.7,8.4,3.88,0.2,0,0.124,3,3,1,1,1,0,0,"mixed - markdown primary, PDF filled gaps",pdf_geometry,markdown,chart label,5.9,102.7333,Terengganu Marine Park,west_gulf_of_thailand,1.61,0.66,45,1200,22,1
2017,Redang,Terengganu,Sunda Shelf,12,49.95,55.41,1,-5.46,-5.46,54.21,-4.26,1.46,33.49,2.19,11.82,1.09,5.75,1.56,2.27,0.63,0.17,0.02,8.4,7.69,4.85,1.88,1,0.27,2,3,1,1,1,0,0,"mixed - markdown primary, PDF filled gaps",pdf_geometry,markdown,chart label,5.7667,103.0167,Terengganu Marine Park,west_gulf_of_thailand,1.61,0.66,16,1350,14,1
2017,Tenggol,Terengganu,Sunda Shelf,6,52.92,60.31,1,-7.39,-7.39,54.21,-1.29,1.98,21.35,2.6,12.92,8.23,4.04,1.33,6.5,0.38,0.0,0.0,0.21,1.75,5.5,0.08,0,30.952,0,3,1,1,1,1,0,"mixed - markdown primary, PDF filled gaps",pdf_geometry,markdown,chart label,4.8,103.6833,Terengganu Marine Park,west_gulf_of_thailand,1.61,0.66,3,55,3,1
2018,Aur & Dayang,Johor,Sunda Shelf,6,44.58,,,,,51.53,-6.95,1.46,28.54,7.5,8.96,8.96,3.46,0.08,4.25,1.13,0.0,0.13,0.33,1.71,1.38,0.38,1,12.879,2,3,0,0,0,0,0,"mixed - markdown primary, PDF filled gaps",pdf_geometry,markdown,chart label,2.4481,104.5164,Mersing Marine Park,singapore,0.15,0.61,5,60,3,1
2018,Pemanggil,Johor,Sunda Shelf,4,55.79,51.4,1,4.39,4.39,51.53,4.26,2.35,11.56,1.72,21.25,7.34,4.06,4.19,3.81,0.63,0.0,0.13,3.56,5.94,0.19,0.13,0,1.07,3,3,0,1,1,0,0,"mixed - markdown primary, PDF filled gaps",pdf_geometry,markdown,chart label,2.5833,104.3167,Mersing Marine Park,singapore,0.15,0.61,3,40,1,1
2018,Rawa,Johor,Sunda Shelf,1,60.63,43.75,1,16.88,16.88,51.53,9.1,0.63,15.63,4.38,11.26,7.5,9.75,10.0,0.75,0.25,0.0,0.0,235.25,0.0,0.0,0.0,0,0.003,3,3,1,1,0,0,0,"mixed - markdown primary, PDF filled gaps",pdf_geometry,markdown,chart label,2.5186,103.9747,Mersing Marine Park,singapore,0.15,0.61,2,85,2,1
2018,Sibu,Johor,Sunda Shelf,6,56.88,58.86,1,-1.98,-1.98,51.53,5.35,8.96,19.38,4.79,1.14,8.85,4.58,14.29,1.0,0.67,0.17,0.0,58.0,0.0,0.25,0.0,0,0.017,3,3,0,1,0,0,0,"mixed - markdown primary, PDF filled gaps",pdf_geometry,markdown,chart label,2.2167,104.0667,Mersing Marine Park,singapore,0.15,0.61,4,110,3,1
2018,Tinggi,Johor,Sunda Shelf,4,60.63,64.53,1,-3.9,-3.9,51.53,9.1,3.28,24.84,6.72,1.1,3.44,6.88,7.75,0.0,0.5,0.13,0.0,57.69,0.25,0.0,0.0,0,0.0,3,3,0,0,1,0,0,"mixed - markdown primary, PDF filled gaps",pdf_geometry,markdown,chart label,2.3,104.1167,Mersing Marine Park,singapore,0.15,0.61,2,35,1,1
2018,Payar,Kedah,Malacca Strait,5,53.38,51.38,1,2.0,2.0,35.0,18.38,5.63,21.13,14.0,5.76,0.13,8.65,14.1,5.1,0.75,0.8,0.0,20.35,0.0,0.25,0.0,0,0.251,3,3,0,1,1,0,0,"mixed - markdown primary, PDF filled gaps",pdf_geometry,markdown,chart label,6.0639,100.0417,Pulau Payar Marine Park,malacca_strait,0.32,0.74,0,0,0,1
2018,Tioman,Pahang,Sunda Shelf,18,62.6,66.37,1,-3.77,-3.77,51.53,11.07,1.74,17.88,2.71,12.5,2.57,6.88,6.86,2.6,0.46,0.04,0.03,37.71,10.15,1.5,0.29,0,0.069,2,2,0,1,1,0,0,"mixed - markdown primary, PDF filled gaps",pdf_geometry,markdown,chart label,2.7833,104.1667,Tioman Marine Park,singapore,0.15,0.61,38,1600,18,1
2018,Pangkor Laut,Perak,Malacca Strait,1,28.75,66.25,1,-37.5,-37.5,35.0,-6.25,,,,,,2.5,0.0,0.0,0.25,0.0,0.0,94.25,0.0,0.0,0.0,0,0.0,3,3,0,1,0,0,0,markdown only,,markdown,chart label,4.1972,100.5472,Non-Park Reef (Perak),malacca_strait,0.32,0.74,1,140,1,1
2018,Sembilan,Perak,Malacca Strait,9,25.49,23.54,1,1.95,1.95,35.0,-9.51,10.63,30.9,24.1,8.33,0.56,4.14,0.08,1.33,1.42,0.0,0.0,159.14,0.0,0.0,0.0,0,0.008,3,3,0,1,1,0,0,"mixed - markdown primary, PDF filled gaps",pdf_geometry,markdown,chart label,4.0167,100.55,Pulau Sembilan State Park,malacca_strait,0.32,0.74,0,0,0,0
2018,Kapalai,Sabah,North Borneo,6,18.44,12.81,1,5.63,5.63,36.36,-17.92,6.15,28.33,17.5,24.79,4.79,6.38,9.83,2.29,0.63,0.08,0.54,25.4,0.04,0.54,0.04,0,0.09,2,0,1,0,1,1,0,"mixed - markdown primary, PDF filled gaps",pdf_geometry,markdown,chart label,4.225,118.6833,Non-Park Reef (Semporna),sabah,1.71,0.83,1,60,1,1
2018,Labuan,Sabah,North Borneo,4,23.44,41.67,2,-18.23,-9.115,36.36,-12.92,5.47,39.06,16.88,7.5,7.66,0.25,2.0,4.19,0.13,0.31,0.0,0.56,0.19,0.88,0.0,0,7.482,3,3,1,0,0,0,0,"mixed - markdown primary, PDF filled gaps",pdf_geometry,markdown,chart label,5.3167,115.2167,Labuan Marine Park,sabah,1.71,0.83,12,850,4,1
2018,Lahad Datu,Sabah,North Borneo,15,24.66,31.0,1,-6.34,-6.34,36.36,-11.7,2.08,41.21,13.25,15.83,2.96,2.0,0.53,2.25,0.07,0.1,0.0,137.92,0.0,0.35,0.1,0,0.016,3,3,0,1,1,0,1,"mixed - markdown primary, PDF filled gaps",pdf_geometry,markdown,chart label,5.0167,118.3333,Darvel Bay Reefs,sabah,1.71,0.83,2,40,2,1
2018,Lankayan,Sabah,Sulu Sea,15,43.67,37.08,1,6.59,6.59,36.36,7.31,6.37,28.83,3.96,13.71,3.46,3.23,13.2,0.27,0.1,0.12,0.05,32.32,1.75,2.0,0.0,0,0.008,1,2,0,0,1,1,0,"mixed - markdown primary, PDF filled gaps",pdf_geometry,markdown,chart label,6.5028,117.9239,Sugud Islands Marine Conservation Area (SIMCA),sabah,1.71,0.83,1,25,1,1
2018,Mabul,Sabah,North Borneo,5,34.51,30.41,1,4.1,4.1,36.36,-1.85,4.01,30.13,13.88,17.26,0.25,6.45,3.3,1.15,0.75,0.45,0.6,57.6,0.05,0.45,0.0,0,0.02,2,2,1,1,1,0,0,"mixed - markdown primary, PDF filled gaps",pdf_geometry,markdown,chart label,4.2464,118.6294,Non-Park Reef (Semporna),sabah,1.71,0.83,8,350,8,1
2018,Mantanani,Sabah,North Borneo,12,30.83,40.21,1,-9.38,-9.38,36.36,-5.53,2.03,41.72,4.79,20.15,0.46,1.27,1.4,3.46,0.04,0.04,0.02,59.7,0.0,0.38,0.0,0,0.058,2,3,1,1,1,1,0,verified - markdown corrected an error in the PDF pass,pdf_geometry,markdown,chart label,6.7167,116.35,Mantanani Islands,sabah,1.71,0.83,5,140,4,1
2018,Mataking,Sabah,North Borneo,6,23.03,27.29,1,-4.26,-4.26,36.36,-13.33,6.77,20.42,31.35,14.17,4.27,3.33,0.04,2.63,0.13,0.33,0.71,5.58,0.29,0.33,0.0,0,0.471,2,1,1,1,0,0,0,"mixed - markdown primary, PDF filled gaps",pdf_geometry,markdown,chart label,4.58,118.95,Non-Park Reef (Semporna),sabah,1.71,0.83,1,70,1,1
2018,Penyu,Sabah,North Borneo,9,45.76,42.85,1,2.91,2.91,36.36,9.4,1.8,8.54,26.53,16.18,1.18,2.19,1.97,2.36,0.19,0.14,0.0,0.42,0.0,0.0,0.0,0,5.619,3,2,0,0,0,0,0,"mixed - markdown primary, PDF filled gaps",pdf_geometry,markdown,chart label,6.1667,118.0667,Turtle Islands National Park,sabah,1.71,0.83,1,20,0,1
2018,Pom Pom,Sabah,North Borneo,9,12.01,18.76,2,-6.75,-3.375,36.36,-24.35,1.45,4.79,18.4,60.28,3.06,4.33,0.58,0.81,0.17,0.44,0.14,4.86,0.19,0.17,0.0,0,0.167,2,1,1,1,1,1,0,"mixed - markdown primary, PDF filled gaps",pdf_geometry,markdown,chart label,4.6,118.8667,Non-Park Reef (Semporna),sabah,1.71,0.83,2,55,2,1
2018,Sipadan,Sabah,North Borneo,12,43.49,49.95,1,-6.46,-6.46,36.36,7.13,,,,,,5.08,1.94,2.63,2.56,1.33,0.0,0.04,0.02,0.1,0.0,0,65.75,2,3,0,0,0,0,0,markdown only,,markdown,chart label,4.1147,118.6289,Sipadan Island Park,sabah,1.71,0.83,0,0,0,1
2018,Tun Sakaran Marine Park,Sabah,North Borneo,12,54.38,50.67,1,3.71,3.71,36.36,18.02,6.56,10.94,7.08,20.73,0.31,3.35,9.02,1.71,0.13,0.1,0.0,1.1,0.02,0.52,0.13,0,1.555,3,3,1,0,0,0,0,"mixed - markdown primary, PDF filled gaps",pdf_geometry,markdown,chart label,4.6,118.7833,Tun Sakaran Marine Park,sabah,1.71,0.83,0,0,0,1
2018,Usukan Cove,Sabah,North Borneo,6,34.17,25.84,1,8.33,8.33,36.36,-2.19,1.46,29.27,15.63,14.07,5.41,1.75,0.75,0.67,0.58,0.0,0.0,0.29,0.42,0.46,0.0,0,2.31,3,2,1,1,1,1,0,verified - markdown corrected an error in the PDF pass,pdf_geometry,markdown,chart label,6.3833,116.4167,West Coast Sabah Coastal,sabah,1.71,0.83,1,20,1,1
2018,Miri,Sarawak,Sunda Shelf,6,46.98,54.9,1,-7.92,-7.92,51.53,-4.55,3.86,30.0,9.58,1.04,8.54,2.04,16.17,0.67,0.71,0.04,0.08,0.04,0.0,0.08,0.0,0,16.75,2,2,1,1,1,1,0,"mixed - markdown primary, PDF filled gaps",pdf_geometry,markdown,chart label,4.3833,113.9667,Miri-Sibuti Coral Reefs National Park,northern_borneo,1.27,0.82,20,1500,5,1
2018,Bidong & Yu,Terengganu,Sunda Shelf,6,51.98,48.33,1,3.65,3.65,51.53,0.45,4.69,28.23,2.19,6.35,6.56,4.21,24.63,1.88,0.63,0.0,0.0,2.54,0.38,4.92,0.83,1,0.74,3,3,1,1,1,0,0,"mixed - markdown primary, PDF filled gaps",pdf_geometry,markdown,chart label,5.6167,103.05,Terengganu Marine Park,west_gulf_of_thailand,2.56,0.63,0,0,0,1
2018,Kapas,Terengganu,Sunda Shelf,5,44.88,50.01,1,-5.13,-5.13,51.53,-6.65,2.25,37.25,9.25,5.5,0.88,4.3,1.25,4.2,1.65,0.05,0.0,16.7,2.1,0.3,1.9,1,0.251,2,3,0,1,0,0,0,"mixed - markdown primary, PDF filled gaps",pdf_geometry,markdown,chart label,5.2167,103.2667,Terengganu Marine Park,west_gulf_of_thailand,2.56,0.63,6,90,3,1
2018,Lang Tengah,Terengganu,Sunda Shelf,2,36.88,,,,,51.53,-14.65,6.56,19.69,6.25,20.63,10.0,4.63,3.38,6.0,2.75,0.0,0.0,8.5,11.13,10.63,0.25,0,0.706,3,3,0,0,0,0,0,"mixed - markdown primary, PDF filled gaps",pdf_geometry,markdown,chart label,5.7917,102.8917,Terengganu Marine Park,west_gulf_of_thailand,2.56,0.63,4,210,4,1
2018,Perhentian,Terengganu,Sunda Shelf,10,43.69,42.32,1,1.37,1.37,51.53,-7.84,9.25,24.38,6.5,7.94,8.25,5.5,2.1,2.88,0.8,0.0,0.03,13.58,7.2,2.48,0.03,0,0.212,3,3,0,1,1,0,0,"mixed - markdown primary, PDF filled gaps",pdf_geometry,markdown,chart label,5.9,102.7333,Terengganu Marine Park,west_gulf_of_thailand,2.56,0.63,45,1200,22,1
2018,Redang,Terengganu,Sunda Shelf,12,44.22,49.95,1,-5.73,-5.73,51.53,-7.31,5.63,37.55,2.92,7.08,2.6,6.29,3.42,3.48,0.63,0.04,0.02,13.63,2.38,3.81,1.67,1,0.255,1,3,1,1,1,0,0,"mixed - markdown primary, PDF filled gaps",pdf_geometry,markdown,chart label,5.7667,103.0167,Terengganu Marine Park,west_gulf_of_thailand,2.56,0.63,16,1350,14,1
2018,Tenggol,Terengganu,Sunda Shelf,6,51.77,52.92,1,-1.15,-1.15,51.53,0.24,2.29,28.13,3.44,6.56,7.81,3.88,2.21,7.21,0.17,0.08,0.08,0.58,1.04,0.63,0.21,0,12.431,1,3,1,1,1,0,0,"mixed - markdown primary, PDF filled gaps",pdf_geometry,markdown,chart label,4.8,103.6833,Terengganu Marine Park,west_gulf_of_thailand,2.56,0.63,3,55,3,1
2019,Aur & Dayang,Johor,Sunda Shelf,6,40.21,44.58,1,-4.37,-4.37,49.21,-9.0,0.73,22.5,7.29,7.92,21.35,5.46,0.25,5.67,0.75,0.0,0.0,0.08,2.58,0.58,0.5,1,70.875,3,3,0,0,1,0,0,"mixed - markdown primary, PDF filled gaps",pdf_geometry,markdown,chart label,2.4481,104.5164,Mersing Marine Park,singapore,0.3,0.85,5,60,3,1
2019,Pemanggil,Johor,Sunda Shelf,4,52.03,55.79,1,-3.76,-3.76,49.21,2.82,5.47,13.59,8.91,2.34,17.65,4.44,0.13,2.44,0.5,0.0,0.0,3.88,4.19,0.0,0.06,0,0.629,2,3,0,0,0,0,0,"mixed - markdown primary, PDF filled gaps",pdf_geometry,markdown,chart label,2.5833,104.3167,Mersing Marine Park,singapore,0.3,0.85,3,40,1,1
2019,Rawa,Johor,Sunda Shelf,5,74.63,60.63,1,14.0,14.0,49.21,25.42,1.63,13.25,1.88,1.51,7.13,8.65,8.9,0.55,1.15,0.15,0.0,103.2,0.0,0.0,0.05,0,0.005,2,3,0,1,1,1,0,"mixed - markdown primary, PDF filled gaps",pdf_geometry,markdown,chart label,2.5186,103.9747,Mersing Marine Park,singapore,0.3,0.85,2,85,2,1
2019,Sibu,Johor,Sunda Shelf,6,55.84,56.88,1,-1.04,-1.04,49.21,6.63,11.35,11.98,6.04,1.77,13.02,5.75,1.88,1.38,0.67,0.25,0.08,43.3,0.21,0.29,0.0,0,0.032,3,3,0,1,1,1,0,"mixed - markdown primary, PDF filled gaps",pdf_geometry,markdown,chart label,2.2167,104.0667,Mersing Marine Park,singapore,0.3,0.85,4,110,3,1
2019,Tinggi,Johor,Sunda Shelf,4,58.59,60.63,1,-2.04,-2.04,49.21,9.38,2.81,16.56,5.31,1.56,15.16,4.19,4.06,0.25,0.94,0.13,0.0,56.5,0.06,0.06,0.0,0,0.004,3,3,0,1,1,1,0,"mixed - markdown primary, PDF filled gaps",pdf_geometry,markdown,chart label,2.3,104.1167,Mersing Marine Park,singapore,0.3,0.85,2,35,1,1
2019,Payar,Kedah,Malacca Strait,5,50.88,53.38,1,-2.5,-2.5,36.67,14.21,8.38,19.88,13.75,5.25,1.88,3.9,7.5,3.85,3.15,0.15,0.05,28.4,0.6,0.2,0.0,0,0.136,3,3,0,1,0,0,0,"mixed - markdown primary, PDF filled gaps",pdf_geometry,markdown,chart label,6.0639,100.0417,Pulau Payar Marine Park,malacca_strait,3.45,0.97,0,0,0,1
2019,Tioman,Pahang,Sunda Shelf,18,63.82,62.6,1,1.22,1.22,49.21,14.61,1.88,17.5,4.24,6.43,6.14,6.51,0.65,2.13,0.9,0.03,0.01,98.01,7.5,1.49,0.19,0,0.022,1,2,1,1,1,1,0,"mixed - markdown primary, PDF filled gaps",pdf_geometry,markdown,chart label,2.7833,104.1667,Tioman Marine Park,singapore,0.3,0.85,38,1600,18,1
2019,Pangkor Laut,Perak,Malacca Strait,1,53.75,28.75,1,25.0,25.0,36.67,17.08,5.63,23.13,5.0,7.5,5.0,17.25,0.0,0.0,7.75,0.0,0.0,73.5,0.0,0.0,0.0,0,0.0,3,3,0,1,1,0,0,"mixed - markdown primary, PDF filled gaps",pdf_geometry,markdown,chart label,4.1972,100.5472,Non-Park Reef (Perak),malacca_strait,3.45,0.97,1,140,1,1
2019,Sembilan,Perak,Malacca Strait,9,26.87,25.49,1,1.38,1.38,36.67,-9.8,12.5,29.93,15.63,14.79,0.28,4.19,0.11,0.78,2.47,0.17,0.03,177.19,0.0,0.0,0.0,0,0.004,3,3,0,1,1,0,0,"mixed - markdown primary, PDF filled gaps",pdf_geometry,markdown,chart label,4.0167,100.55,Pulau Sembilan State Park,malacca_strait,3.45,0.97,0,0,0,0
2019,Kapalai,Sabah,North Borneo,6,14.68,18.44,1,-3.76,-3.76,31.6,-16.92,10.11,27.08,15.42,24.48,8.23,8.0,13.88,2.58,0.33,0.17,0.67,35.29,0.0,0.71,0.04,0,0.073,2,0,1,0,1,1,0,"mixed - markdown primary, PDF filled gaps",pdf_geometry,markdown,chart label,4.225,118.6833,Non-Park Reef (Semporna),sabah,7.74,0.87,1,60,1,1
2019,Labuan,Sabah,North Borneo,4,29.54,23.44,1,6.1,6.1,31.6,-2.06,2.66,35.16,11.25,6.56,14.84,2.19,4.13,5.81,0.06,0.44,0.13,2.44,0.0,0.44,0.0,0,2.381,3,2,0,0,0,0,0,"mixed - markdown primary, PDF filled gaps",pdf_geometry,markdown,chart label,5.3167,115.2167,Labuan Marine Park,sabah,7.74,0.87,12,850,4,1
2019,Lahad Datu,Sabah,North Borneo,15,25.25,24.66,1,0.59,0.59,31.6,-6.35,1.05,34.17,17.08,21.42,1.04,2.27,0.27,3.13,0.13,0.07,0.0,109.43,0.0,0.13,0.18,0,0.029,3,3,0,1,1,0,1,"mixed - markdown primary, PDF filled gaps",pdf_geometry,markdown,chart label,5.0167,118.3333,Darvel Bay Reefs,sabah,7.74,0.87,2,40,2,1
2019,Lankayan,Sabah,Sulu Sea,15,35.88,43.67,1,-7.79,-7.79,31.6,4.28,4.92,27.63,6.04,23.62,1.92,3.43,3.87,0.37,0.08,0.25,0.03,25.9,1.98,2.33,0.0,0,0.014,1,3,0,0,0,1,0,"mixed - markdown primary, PDF filled gaps",pdf_geometry,markdown,chart label,6.5028,117.9239,Sugud Islands Marine Conservation Area (SIMCA),sabah,7.74,0.87,1,25,1,1
2019,Mabul,Sabah,North Borneo,6,27.71,34.51,1,-6.8,-6.8,31.6,-3.89,5.1,17.4,27.71,19.17,2.92,6.75,109.13,1.42,0.46,0.33,0.42,150.1,0.04,1.0,0.0,0,0.009,3,0,1,1,1,1,1,"mixed - markdown primary, PDF filled gaps",pdf_geometry,markdown,chart label,4.2464,118.6294,Non-Park Reef (Semporna),sabah,7.74,0.87,8,350,8,1
2019,Mantanani,Sabah,North Borneo,12,38.9,30.83,1,8.07,8.07,31.6,7.3,,,,,,1.9,0.38,2.6,0.1,0.21,0.02,40.25,0.08,0.54,0.04,0,0.065,3,3,1,1,1,1,0,markdown only,,markdown,chart label,6.7167,116.35,Mantanani Islands,sabah,7.74,0.87,5,140,4,1
2019,Mataking,Sabah,North Borneo,6,33.23,23.03,1,10.2,10.2,31.6,1.63,3.96,14.38,20.1,26.98,1.35,3.79,0.38,2.04,0.13,0.25,0.0,4.17,0.04,0.42,0.08,0,0.489,3,2,1,0,1,0,0,"mixed - markdown primary, PDF filled gaps",pdf_geometry,markdown,chart label,4.58,118.95,Non-Park Reef (Semporna),sabah,7.74,0.87,1,70,1,1
2019,Pom Pom,Sabah,North Borneo,7,22.77,12.01,1,10.76,10.76,31.6,-8.83,0.81,5.36,4.2,62.77,4.11,4.64,0.43,0.75,0.11,0.14,0.07,1.07,0.0,0.71,0.0,0,0.701,2,1,0,1,1,1,0,"mixed - markdown primary, PDF filled gaps",pdf_geometry,markdown,chart label,4.6,118.8667,Non-Park Reef (Semporna),sabah,7.74,0.87,2,55,2,1
2019,Usukan Cove,Sabah,North Borneo,6,53.02,34.17,1,18.85,18.85,31.6,21.42,,,,,,0.67,1.54,1.13,0.04,0.29,0.0,0.54,0.29,0.13,0.0,0,2.093,3,2,0,0,1,1,0,markdown only,,markdown,chart label,6.3833,116.4167,West Coast Sabah Coastal,sabah,7.74,0.87,1,20,1,1
2019,Miri,Sarawak,Sunda Shelf,6,50.93,46.98,1,3.95,3.95,49.21,1.72,2.81,25.83,8.13,0.52,11.77,2.75,17.4,0.75,0.42,0.08,0.0,0.38,0.0,0.08,0.04,0,1.974,2,2,1,1,0,1,0,"mixed - markdown primary, PDF filled gaps",pdf_geometry,markdown,chart label,4.3833,113.9667,Miri-Sibuti Coral Reefs National Park,northern_borneo,0.0,0.86,20,1500,5,1
2019,Bidong & Yu,Terengganu,Sunda Shelf,6,44.59,51.98,1,-7.39,-7.39,49.21,-4.62,7.82,17.4,1.35,7.81,21.04,5.79,14.4,2.96,0.75,0.04,0.0,4.46,1.58,1.13,0.75,1,0.664,2,2,0,1,1,1,0,"mixed - markdown primary, PDF filled gaps",pdf_geometry,markdown,chart label,5.6167,103.05,Terengganu Marine Park,west_gulf_of_thailand,6.17,0.95,0,0,0,1
2019,Kapas,Terengganu,Sunda Shelf,5,47.38,44.88,1,2.5,2.5,49.21,-1.83,4.25,23.25,10.13,0.88,14.13,4.85,0.95,4.45,0.65,0.3,0.2,23.5,2.4,0.05,1.3,1,0.189,2,3,0,1,1,1,0,"mixed - markdown primary, PDF filled gaps",pdf_geometry,markdown,chart label,5.2167,103.2667,Terengganu Marine Park,west_gulf_of_thailand,6.17,0.95,6,90,3,1
2019,Perhentian,Terengganu,Sunda Shelf,10,35.5,43.69,1,-8.19,-8.19,49.21,-13.71,11.01,24.81,7.38,12.19,9.13,7.43,5.53,1.63,0.7,0.03,0.0,13.35,6.93,5.83,0.23,0,0.122,3,3,1,1,1,1,0,"mixed - markdown primary, PDF filled gaps",pdf_geometry,markdown,chart label,5.9,102.7333,Terengganu Marine Park,west_gulf_of_thailand,6.17,0.95,45,1200,22,1
2019,Redang,Terengganu,Sunda Shelf,12,28.49,44.22,1,-15.73,-15.73,49.21,-20.72,4.12,32.81,6.3,21.46,6.82,5.38,4.63,4.42,0.73,0.02,0.08,13.42,3.0,4.79,0.33,1,0.329,2,3,1,1,1,1,0,"mixed - markdown primary, PDF filled gaps",pdf_geometry,markdown,chart label,5.7667,103.0167,Terengganu Marine Park,west_gulf_of_thailand,6.17,0.95,16,1350,14,1
2019,Tenggol,Terengganu,Sunda Shelf,6,47.19,51.77,1,-4.58,-4.58,49.21,-2.02,1.25,24.38,1.98,9.06,16.14,3.92,2.75,5.0,0.46,0.04,0.08,0.38,0.58,0.38,0.38,1,13.158,1,3,1,1,1,1,0,"mixed - markdown primary, PDF filled gaps",pdf_geometry,markdown,chart label,4.8,103.6833,Terengganu Marine Park,west_gulf_of_thailand,6.17,0.95,3,55,3,1
2020,Aur & Dayang,Johor,Sunda Shelf,6,36.58,40.21,1,-3.63,-3.63,47.28,-10.7,0.42,20.41,8.22,11.45,22.92,3.33,0.13,5.08,1.25,0.25,0.08,0.04,4.21,0.63,0.58,1,127.0,2,3,0,1,1,1,0,"mixed - markdown primary, PDF filled gaps",pdf_geometry,markdown,chart label,2.4481,104.5164,Mersing Marine Park,singapore,0.91,0.83,5,60,3,1
2020,Besar,Johor,Sunda Shelf,7,35.17,,,,,47.28,-12.11,1.43,15.8,11.61,19.21,16.79,7.71,1.39,1.68,0.5,0.54,0.11,37.75,0.0,0.07,0.0,0,0.045,3,3,1,1,1,1,0,"mixed - markdown primary, PDF filled gaps",pdf_geometry,markdown,chart label,2.4333,103.9667,Mersing Marine Park,singapore,0.91,0.83,4,120,2,1
2020,Pemanggil,Johor,Sunda Shelf,4,49.85,52.03,1,-2.18,-2.18,47.28,2.57,2.5,23.75,4.69,4.37,14.84,1.81,0.0,9.13,1.0,0.0,0.31,1.69,8.81,0.0,0.06,0,5.402,3,3,0,0,1,1,0,"mixed - markdown primary, PDF filled gaps",pdf_geometry,markdown,chart label,2.5833,104.3167,Mersing Marine Park,singapore,0.91,0.83,3,40,1,1
2020,Sibu,Johor,Sunda Shelf,6,59.37,55.84,1,3.53,3.53,47.28,12.09,2.92,10.0,6.04,16.15,5.52,6.42,0.75,0.0,1.25,0.71,0.0,37.17,0.0,0.29,0.0,0,0.0,3,3,0,1,1,1,0,"mixed - markdown primary, PDF filled gaps",pdf_geometry,markdown,chart label,2.2167,104.0667,Mersing Marine Park,singapore,0.91,0.83,4,110,3,1
2020,Tinggi,Johor,Sunda Shelf,4,45.16,58.59,1,-13.43,-13.43,47.28,-2.12,0.94,30.47,3.59,12.34,7.5,3.81,0.38,0.56,1.06,0.75,0.0,56.5,0.0,0.13,0.0,0,0.01,3,3,0,1,1,1,0,"mixed - markdown primary, PDF filled gaps",pdf_geometry,markdown,chart label,2.3,104.1167,Mersing Marine Park,singapore,0.91,0.83,2,35,1,1
2020,Payar,Kedah,Malacca Strait,5,60.48,50.88,1,9.6,9.6,41.21,19.27,2.88,13.63,18.14,4.63,0.25,7.05,29.0,5.5,3.75,0.1,0.0,29.55,0.25,0.1,0.0,0,0.186,3,3,0,0,0,0,0,"mixed - markdown primary, PDF filled gaps",pdf_geometry,markdown,chart label,6.0639,100.0417,Pulau Payar Marine Park,malacca_strait,3.42,0.82,0,0,0,1
2020,Tioman,Pahang,Sunda Shelf,18,63.67,63.82,1,-0.15,-0.15,47.28,16.39,1.35,19.86,3.72,8.82,2.57,5.88,1.82,2.54,0.44,0.03,0.06,38.83,8.9,1.18,0.68,1,0.065,1,2,1,1,1,1,0,"mixed - markdown primary, PDF filled gaps",pdf_geometry,markdown,chart label,2.7833,104.1667,Tioman Marine Park,singapore,0.91,0.83,38,1600,18,1
2020,Pangkor Laut,Perak,Malacca Strait,1,60.62,53.75,1,6.87,6.87,41.21,19.41,0.63,10.63,0.63,25.0,2.5,8.25,0.0,0.0,3.75,0.0,0.0,21.75,0.0,0.0,0.0,0,0.0,3,3,0,1,0,0,0,"mixed - markdown primary, PDF filled gaps",pdf_geometry,markdown,chart label,4.1972,100.5472,Non-Park Reef (Perak),malacca_strait,3.42,0.82,1,140,1,1
2020,Sembilan,Perak,Malacca Strait,9,28.33,26.87,1,1.46,1.46,41.21,-12.88,2.85,28.53,20.98,12.09,7.23,4.69,0.75,1.69,5.69,0.17,0.03,163.42,0.0,0.0,0.0,0,0.01,3,3,0,1,1,0,0,"mixed - markdown primary, PDF filled gaps",pdf_geometry,markdown,chart label,4.0167,100.55,Pulau Sembilan State Park,malacca_strait,3.42,0.82,0,0,0,0
2020,Kapalai,Sabah,North Borneo,4,17.19,14.68,1,2.51,2.51,36.42,-19.23,4.53,26.39,10.62,31.26,10.01,8.25,0.75,0.56,0.13,0.0,0.31,66.31,0.0,0.69,0.0,0,0.008,2,1,1,1,1,1,0,"mixed - markdown primary, PDF filled gaps",pdf_geometry,pdf_geometry,chart label,4.225,118.6833,Non-Park Reef (Semporna),sabah,7.87,1.03,1,60,1,1
2020,Lahad Datu,Sabah,North Borneo,15,29.12,25.25,1,3.87,3.87,36.42,-7.3,1.42,31.44,14.75,20.68,2.58,1.92,0.5,6.32,0.03,0.03,0.02,81.28,0.0,0.27,0.03,0,0.078,3,3,0,1,1,0,0,"mixed - markdown primary, PDF filled gaps",pdf_geometry,markdown,chart label,5.0167,118.3333,Darvel Bay Reefs,sabah,7.87,1.03,2,40,2,1
2020,Lankayan,Sabah,North Borneo,15,46.55,35.88,1,10.67,10.67,36.42,10.13,3.08,27.37,3.83,13.12,6.04,3.77,4.35,0.4,0.22,0.02,0.02,10.88,0.92,2.62,0.0,0,0.037,2,3,0,1,1,1,0,"mixed - markdown primary, PDF filled gaps",pdf_geometry,pdf_geometry,chart label,6.5028,117.9239,Sugud Islands Marine Conservation Area (SIMCA),sabah,7.87,1.03,1,25,1,1
2020,Mabul,Sabah,North Borneo,3,21.87,27.71,1,-5.84,-5.84,36.42,-14.55,2.08,29.37,12.5,30.64,3.54,7.58,0.17,0.92,0.08,0.08,0.83,129.6,0.0,0.75,0.0,0,0.007,3,1,1,1,1,1,0,"mixed - markdown primary, PDF filled gaps",pdf_geometry,markdown,chart label,4.2464,118.6294,Non-Park Reef (Semporna),sabah,7.87,1.03,8,350,8,1
2020,Mantanani,Sabah,North Borneo,12,34.43,38.9,1,-4.47,-4.47,36.42,-1.99,0.89,29.94,10.42,21.62,2.71,1.13,0.27,1.52,0.0,0.0,0.02,32.9,0.0,0.31,0.06,0,0.046,3,2,0,1,1,1,0,"mixed - markdown primary, PDF filled gaps",pdf_geometry,pdf_geometry,chart label,6.7167,116.35,Mantanani Islands,sabah,7.87,1.03,5,140,4,1
2020,Penyu,Sabah,North Borneo,9,44.44,45.76,2,-1.32,-0.66,36.42,8.02,2.29,23.2,14.03,11.32,4.72,1.36,0.0,1.53,0.08,0.03,0.0,1.69,0.0,0.14,0.0,0,0.905,3,3,0,0,1,0,0,"mixed - markdown primary, PDF filled gaps",pdf_geometry,pdf_geometry,chart label,6.1667,118.0667,Turtle Islands National Park,sabah,7.87,1.03,1,20,0,1
2020,Sipadan,Sabah,North Borneo,12,40.06,43.49,2,-3.43,-1.715,36.42,3.64,2.34,31.56,5.68,17.19,3.18,2.98,0.06,0.58,0.98,1.23,0.02,0.0,0.0,0.17,0.0,0,,2,2,0,0,0,1,0,"mixed - markdown primary, PDF filled gaps",pdf_geometry,markdown,chart label,4.1147,118.6289,Sipadan Island Park,sabah,7.87,1.03,0,0,0,1
2020,Tiga,Sabah,North Borneo,7,28.92,35.63,3,-6.71,-2.237,36.42,-7.5,0.71,27.06,4.11,29.2,10.0,3.25,7.07,1.18,0.21,0.07,0.07,1.96,0.21,1.04,0.0,0,0.602,2,2,0,1,1,1,0,"mixed - markdown primary, PDF filled gaps",pdf_geometry,markdown,chart label,5.725,115.6417,Pulau Tiga National Park,sabah,7.87,1.03,2,45,1,1
2020,Tun Sakaran Marine Park,Sabah,North Borneo,12,33.33,54.38,2,-21.05,-10.525,36.42,-3.09,0.52,25.37,12.86,26.61,1.3,0.98,0.0,1.77,0.0,0.04,0.0,12.98,0.0,1.27,0.0,0,0.136,3,3,0,0,1,1,0,"mixed - markdown primary, PDF filled gaps",pdf_geometry,pdf_geometry,chart label,4.6,118.7833,Tun Sakaran Marine Park,sabah,7.87,1.03,0,0,0,1
2020,Tunku Abdul Rahman Park,Sabah,North Borneo,8,46.71,37.81,3,8.9,2.967,36.42,10.29,0.47,23.98,8.83,17.51,2.5,5.38,11.09,2.88,0.97,0.22,0.03,35.03,0.28,1.91,0.34,1,0.082,3,3,0,1,1,1,0,"mixed - markdown primary, PDF filled gaps",pdf_geometry,pdf_geometry,chart label,5.9667,115.9833,Tunku Abdul Rahman Park,sabah,7.87,1.03,3,240,4,1
2020,Usukan Cove,Sabah,North Borneo,5,34.99,53.02,1,-18.03,-18.03,36.42,-1.43,1.0,17.25,12.38,3.88,30.51,0.85,0.0,1.3,0.0,0.0,0.05,0.4,0.8,0.4,0.0,0,3.25,3,3,0,1,0,1,1,"mixed - markdown primary, PDF filled gaps",pdf_geometry,pdf_geometry,chart label,6.3833,116.4167,West Coast Sabah Coastal,sabah,7.87,1.03,1,20,1,1
2020,Bidong & Yu,Terengganu,Sunda Shelf,6,46.65,44.59,1,2.06,2.06,47.28,-0.63,1.04,13.95,2.29,4.58,31.47,3.79,31.46,4.13,0.75,0.0,0.08,1.96,2.13,0.83,0.88,1,2.107,3,3,0,1,0,1,0,"mixed - markdown primary, PDF filled gaps",pdf_geometry,markdown,chart label,5.6167,103.05,Terengganu Marine Park,west_gulf_of_thailand,5.33,0.93,0,0,0,1
2020,Kapas,Terengganu,Sunda Shelf,5,44.5,47.38,1,-2.88,-2.88,47.28,-2.78,0.25,24.12,14.63,9.63,6.88,4.5,1.15,3.6,1.0,0.05,0.1,11.9,1.5,0.1,0.2,0,0.303,3,3,0,1,1,1,0,"mixed - markdown primary, PDF filled gaps",pdf_geometry,markdown,chart label,5.2167,103.2667,Terengganu Marine Park,west_gulf_of_thailand,5.33,0.93,6,90,3,1
2020,Perhentian,Terengganu,Sunda Shelf,10,38.11,35.5,1,2.61,2.61,47.28,-9.17,1.37,15.94,7.5,6.19,30.88,7.4,7.85,5.43,0.93,0.05,0.1,7.05,4.95,4.33,0.35,1,0.77,2,3,0,1,1,1,0,"mixed - markdown primary, PDF filled gaps",pdf_geometry,markdown,chart label,5.9,102.7333,Terengganu Marine Park,west_gulf_of_thailand,5.33,0.93,45,1200,22,1
2020,Redang,Terengganu,Sunda Shelf,12,35.46,28.49,1,6.97,6.97,47.28,-11.82,1.2,25.36,3.7,17.66,16.62,4.94,2.85,6.44,0.94,0.02,0.06,7.08,4.5,4.25,0.38,1,0.91,3,3,1,0,1,1,0,"mixed - markdown primary, PDF filled gaps",pdf_geometry,markdown,chart label,5.7667,103.0167,Terengganu Marine Park,west_gulf_of_thailand,5.33,0.93,16,1350,14,1
2020,Tenggol,Terengganu,Sunda Shelf,6,52.4,47.19,1,5.21,5.21,47.28,5.12,0.21,18.33,2.29,9.48,17.29,6.13,13.83,10.5,0.75,0.17,0.17,0.04,2.13,0.42,0.33,1,262.5,2,3,0,1,1,0,0,"mixed - markdown primary, PDF filled gaps",pdf_geometry,markdown,chart label,4.8,103.6833,Terengganu Marine Park,west_gulf_of_thailand,5.33,0.93,3,55,3,1
2021,Aur & Dayang,Johor,Sunda Shelf,6,38.65,36.58,1,2.07,2.07,50.49,-11.84,0.31,14.79,6.87,19.06,20.32,2.46,0.29,1.75,0.75,0.0,0.0,0.21,6.08,0.88,0.54,1,8.333,3,3,1,1,1,1,1,"mixed - markdown primary, PDF filled gaps",pdf_geometry,markdown,chart label,2.4481,104.5164,Mersing Marine Park,singapore,0.16,0.73,5,60,3,1
2021,Besar,Johor,Sunda Shelf,7,39.81,35.17,1,4.64,4.64,50.49,-10.68,1.34,18.57,11.35,17.24,11.7,6.25,2.89,1.11,0.57,0.61,0.21,39.11,0.0,0.07,0.0,0,0.028,3,3,1,1,1,1,0,"mixed - markdown primary, PDF filled gaps",pdf_geometry,markdown,chart label,2.4333,103.9667,Mersing Marine Park,singapore,0.16,0.73,4,120,2,1
2021,Lima,Johor,Sunda Shelf,2,49.38,,,,,50.49,-1.11,18.75,6.25,11.25,9.38,5.0,8.25,35.38,2.25,1.5,0.13,0.0,244.88,0.63,0.13,0.0,0,0.009,3,3,1,0,1,1,0,"mixed - markdown primary, PDF filled gaps",pdf_geometry,markdown,chart label,2.2167,104.1667,Mersing Marine Park,singapore,0.16,0.73,0,0,0,0
2021,Pemanggil,Johor,Sunda Shelf,4,43.91,49.85,1,-5.94,-5.94,50.94,-7.03,1.09,18.29,10.63,10.47,15.62,1.81,0.25,1.44,0.38,0.13,0.13,1.0,20.06,0.06,0.69,1,1.44,2,3,1,0,1,1,1,"mixed - markdown primary, PDF filled gaps",pdf_geometry,markdown,chart label,2.5833,104.3167,Mersing Marine Park,singapore,0.16,0.73,3,40,1,1
2021,Sibu,Johor,Sunda Shelf,6,45.93,59.37,1,-13.44,-13.44,50.49,-4.56,2.5,8.75,17.81,8.02,16.98,2.63,1.08,0.5,0.71,0.17,0.0,50.63,0.0,0.21,0.0,0,0.01,3,3,0,1,1,1,0,"mixed - markdown primary, PDF filled gaps",pdf_geometry,markdown,chart label,2.2167,104.0667,Mersing Marine Park,singapore,0.16,0.73,4,110,3,1
2021,Tinggi,Johor,Sunda Shelf,4,48.13,45.16,1,2.97,2.97,50.49,-2.36,0.94,15.77,7.97,5.94,21.26,2.5,4.38,0.94,0.69,0.13,0.06,66.31,0.0,0.13,0.0,0,0.014,3,3,1,1,1,0,0,"mixed - markdown primary, PDF filled gaps",pdf_geometry,markdown,chart label,2.3,104.1167,Mersing Marine Park,singapore,0.16,0.73,2,35,1,1
2021,Payar,Kedah,Malacca Strait,5,44.88,60.48,1,-15.6,-15.6,42.61,2.27,4.63,27.25,23.25,0.0,0.0,8.9,56.75,8.7,3.75,0.55,0.0,15.95,3.05,0.1,0.0,0,0.545,3,3,0,0,0,0,0,"mixed - markdown primary, PDF filled gaps",pdf_geometry,markdown,chart label,6.0639,100.0417,Pulau Payar Marine Park,malacca_strait,1.56,0.89,0,0,0,1
2021,Malacca,Malacca,Malacca Strait,4,35.61,,,,,42.61,-7.0,4.69,25.47,8.13,12.66,13.44,3.69,2.31,0.25,0.19,0.0,0.0,0.0,0.0,0.0,0.0,0,,3,3,0,0,1,0,0,"mixed - markdown primary, PDF filled gaps",pdf_geometry,markdown,chart label,2.05,102.3333,Pulau Besar / Pulau Undan Marine Park,west_gulf_of_thailand,1.58,0.52,1,30,1,1
2021,Port Dickson,Negeri Sembilan,Malacca Strait,2,50.95,,,,,42.61,8.34,0.31,9.37,0.63,6.56,32.18,2.0,1.0,0.0,0.0,0.0,0.0,0.0,0.0,0.0,0.0,0,,3,3,0,1,0,0,0,"mixed - markdown primary, PDF filled gaps",pdf_geometry,markdown,chart label,2.4833,101.85,Non-Park Fringing Reef,west_gulf_of_thailand,1.58,0.52,25,2000,2,1
2021,Tioman,Pahang,Sunda Shelf,18,60.59,63.67,1,-3.08,-3.08,50.49,10.1,1.01,22.14,3.06,8.54,4.66,7.03,2.61,2.22,1.33,0.25,0.04,43.29,7.08,1.25,1.79,1,0.051,2,3,1,1,1,1,1,"mixed - markdown primary, PDF filled gaps",pdf_geometry,markdown,chart label,2.7833,104.1667,Tioman Marine Park,singapore,0.16,0.73,38,1600,18,1
2021,Kapalai,Sabah,North Borneo,6,18.23,17.19,1,1.04,1.04,39.5,-21.27,2.29,28.34,10.94,25.42,14.79,4.5,3.13,0.04,0.08,0.0,0.17,18.88,0.04,0.33,0.0,0,0.002,1,1,1,1,1,1,0,"mixed - markdown primary, PDF filled gaps",pdf_geometry,markdown,chart label,4.225,118.6833,Non-Park Reef (Semporna),sabah,2.18,0.98,1,60,1,1
2021,Lahad Datu,Sabah,North Borneo,15,32.66,29.12,1,3.54,3.54,39.5,-6.84,1.42,29.54,14.51,19.76,2.12,3.02,0.78,8.0,1.25,0.1,0.0,112.23,0.0,0.25,0.08,0,0.071,3,2,0,1,1,1,1,"mixed - markdown primary, PDF filled gaps",pdf_geometry,markdown,chart label,5.0167,118.3333,Darvel Bay Reefs,sabah,2.18,0.98,2,40,2,1
2021,Lankayan,Sabah,North Borneo,6,39.15,46.55,1,-7.4,-7.4,39.5,-0.35,3.23,32.51,1.98,12.61,10.52,4.38,40.13,0.25,0.46,0.08,0.0,4.08,1.5,0.17,0.08,0,0.061,3,3,0,0,0,1,0,"mixed - markdown primary, PDF filled gaps",pdf_geometry,markdown,chart label,6.5028,117.9239,Sugud Islands Marine Conservation Area (SIMCA),sabah,2.18,0.98,1,25,1,1
2021,Larapan,Sabah,North Borneo,6,67.08,,,,,39.5,27.58,1.35,11.36,3.75,14.06,2.39,2.13,3.0,0.71,0.04,0.04,0.0,0.08,0.0,0.0,0.0,0,8.875,3,3,1,1,1,1,0,"mixed - markdown primary, PDF filled gaps",pdf_geometry,markdown,chart label,4.5167,118.5833,Tun Sakaran Marine Park,sabah,2.18,0.98,0,0,0,0
2021,Mabul,Sabah,North Borneo,6,27.8,21.87,1,5.93,5.93,39.5,-11.7,3.23,30.32,11.36,21.15,6.14,6.13,11.63,0.71,0.04,0.54,0.21,53.88,0.0,0.04,0.0,0,0.013,1,2,1,1,1,1,0,"mixed - markdown primary, PDF filled gaps",pdf_geometry,markdown,chart label,4.2464,118.6294,Non-Park Reef (Semporna),sabah,2.18,0.98,8,350,8,1
2021,Mantanani,Sabah,North Borneo,12,37.81,34.43,1,3.38,3.38,39.5,-1.69,0.99,30.53,6.04,22.18,2.45,1.52,0.52,0.67,0.04,0.17,0.02,37.83,0.02,0.52,0.0,0,0.018,2,2,1,1,1,1,0,"mixed - markdown primary, PDF filled gaps",pdf_geometry,markdown,chart label,6.7167,116.35,Mantanani Islands,sabah,2.18,0.98,5,140,4,1
2021,Mataking,Sabah,North Borneo,6,21.37,33.23,2,-11.86,-5.93,39.5,-18.13,1.04,22.5,28.11,24.27,2.71,7.46,0.63,3.21,0.17,0.0,0.0,2.21,0.04,0.33,0.0,0,1.452,2,2,0,1,1,1,0,"mixed - markdown primary, PDF filled gaps",pdf_geometry,markdown,chart label,4.58,118.95,Non-Park Reef (Semporna),sabah,2.18,0.98,1,70,1,1
2021,Penyu,Sabah,North Borneo,7,46.69,44.44,1,2.25,2.25,39.5,7.19,0.62,27.14,11.16,11.79,2.59,2.14,0.0,1.57,0.68,0.21,0.04,0.54,0.0,0.18,0.0,0,2.907,2,3,0,0,0,0,0,"mixed - markdown primary, PDF filled gaps",pdf_geometry,markdown,chart label,6.1667,118.0667,Turtle Islands National Park,sabah,2.18,0.98,1,20,0,1
2021,Sipadan,Sabah,North Borneo,12,54.48,40.06,1,14.42,14.42,39.5,14.98,0.36,14.43,2.5,26.97,1.25,8.33,3.56,6.17,2.4,1.17,0.0,0.02,0.23,0.17,0.0,0,308.5,2,1,0,1,1,0,0,"mixed - markdown primary, PDF filled gaps",pdf_geometry,markdown,chart label,4.1147,118.6289,Sipadan Island Park,sabah,2.18,0.98,0,0,0,1
2021,Tiga,Sabah,North Borneo,7,43.58,28.92,1,14.66,14.66,39.5,4.08,0.0,17.94,4.55,31.52,2.41,3.14,6.86,5.07,0.29,0.25,0.0,0.18,0.0,0.86,0.0,0,28.167,3,2,0,0,0,0,0,"mixed - markdown primary, PDF filled gaps",pdf_geometry,markdown,chart label,5.725,115.6417,Pulau Tiga National Park,sabah,2.18,0.98,2,45,1,1
2021,Tun Sakaran Marine Park,Sabah,North Borneo,12,36.05,33.33,1,2.72,2.72,39.5,-3.45,0.1,25.77,10.73,25.58,1.77,4.21,1.69,5.0,0.83,0.15,0.02,4.19,0.04,0.17,0.13,0,1.193,2,3,0,1,1,1,1,"mixed - markdown primary, PDF filled gaps",pdf_geometry,markdown,chart label,4.6,118.7833,Tun Sakaran Marine Park,sabah,2.18,0.98,0,0,0,1
2021,Tunku Abdul Rahman Park,Sabah,North Borneo,8,48.35,46.71,1,1.64,1.64,39.5,8.85,0.0,21.49,6.41,22.19,1.56,4.5,10.88,5.25,0.78,0.06,0.0,7.38,0.16,1.34,0.53,1,0.711,3,3,0,1,1,0,1,"mixed - markdown primary, PDF filled gaps",pdf_geometry,markdown,chart label,5.9667,115.9833,Tunku Abdul Rahman Park,sabah,2.18,0.98,3,240,4,1
2021,Usukan Cove,Sabah,North Borneo,6,35.83,34.99,1,0.84,0.84,39.5,-3.67,0.42,21.88,21.98,16.46,3.44,1.04,5.63,0.08,0.04,0.0,0.0,0.88,0.13,0.29,0.0,0,0.091,3,3,0,0,0,1,1,"mixed - markdown primary, PDF filled gaps",pdf_geometry,markdown,chart label,6.3833,116.4167,West Coast Sabah Coastal,sabah,2.18,0.98,1,20,1,1
2021,Bidong & Yu,Terengganu,Sunda Shelf,6,55.52,46.65,1,8.87,8.87,50.49,5.03,0.42,24.37,5.62,8.44,5.62,4.5,85.17,2.33,1.54,0.0,0.0,2.75,1.33,0.88,0.25,0,0.847,3,3,1,1,0,1,1,"mixed - markdown primary, PDF filled gaps",pdf_geometry,markdown,chart label,5.6167,103.05,Terengganu Marine Park,west_gulf_of_thailand,1.58,0.52,0,0,0,1
2021,Kapas,Terengganu,Sunda Shelf,5,43.39,44.5,1,-1.11,-1.11,50.49,-7.1,0.12,25.74,13.37,9.38,8.0,2.35,0.0,2.7,0.8,0.0,0.0,9.6,1.45,0.25,0.0,0,0.281,3,3,0,1,1,0,0,"mixed - markdown primary, PDF filled gaps",pdf_geometry,markdown,chart label,5.2167,103.2667,Terengganu Marine Park,west_gulf_of_thailand,1.58,0.52,6,90,3,1
2021,Perhentian,Terengganu,Sunda Shelf,10,42.43,38.11,1,4.32,4.32,50.49,-8.06,0.69,20.0,6.25,13.19,17.43,3.6,2.68,1.78,1.15,0.1,0.03,5.15,3.88,2.78,0.13,0,0.346,1,2,0,0,0,1,1,"mixed - markdown primary, PDF filled gaps",pdf_geometry,markdown,chart label,5.9,102.7333,Terengganu Marine Park,west_gulf_of_thailand,1.58,0.52,45,1200,22,1
2021,Redang,Terengganu,Sunda Shelf,12,55.82,35.46,1,20.36,20.36,50.49,5.33,0.89,15.32,3.39,21.15,3.44,4.75,5.81,6.19,1.48,0.21,0.31,4.75,4.96,3.54,0.13,0,1.303,2,1,0,0,1,1,1,"mixed - markdown primary, PDF filled gaps",pdf_geometry,markdown,chart label,5.7667,103.0167,Terengganu Marine Park,west_gulf_of_thailand,1.58,0.52,16,1350,14,1
2021,Tenggol,Terengganu,Sunda Shelf,6,57.8,52.4,1,5.4,5.4,50.49,7.31,0.52,20.22,3.96,13.23,4.27,2.71,6.71,4.96,0.71,0.0,0.0,0.0,0.33,0.42,0.46,1,,3,3,0,1,1,1,1,"mixed - markdown primary, PDF filled gaps",pdf_geometry,markdown,chart label,4.8,103.6833,Terengganu Marine Park,west_gulf_of_thailand,1.58,0.52,3,55,3,1
2022,Aur & Dayang,Johor,Sunda Shelf,6,39.17,38.65,1,0.52,0.52,53.34,-14.17,0.1,24.36,8.85,15.63,11.88,2.75,0.71,1.5,0.42,0.04,0.0,0.75,5.46,1.42,0.75,1,2.0,3,3,0,0,0,0,1,"mixed - markdown primary, PDF filled gaps",pdf_geometry,markdown,chart label,2.4481,104.5164,Mersing Marine Park,singapore,0.33,0.77,5,60,3,1
2022,Besar,Johor,Sunda Shelf,7,48.39,39.81,1,8.58,8.58,53.34,-4.95,4.55,22.14,7.86,6.79,10.27,9.61,3.61,2.64,0.36,0.36,0.04,44.0,0.0,0.14,0.0,0,0.06,3,3,0,0,0,0,0,markdown only,markdown,markdown,chart label,2.4333,103.9667,Mersing Marine Park,singapore,0.33,0.77,4,120,2,1
2022,Gual,Johor,Sunda Shelf,9,56.94,,,,,53.34,3.6,1.18,17.78,10.14,10.76,3.19,7.89,0.25,2.58,1.67,0.0,0.03,57.58,0.0,0.08,0.0,0,0.045,3,3,0,0,0,0,0,markdown only,markdown,markdown,chart label,2.4719,104.0167,Mersing Marine Park,singapore,0.33,0.77,0,0,0,0
2022,Harimau,Johor,Sunda Shelf,7,52.59,,,,,53.34,-0.75,1.16,23.48,11.61,7.41,3.75,10.14,1.93,5.0,1.29,0.07,0.07,85.68,4.54,0.21,0.0,0,0.058,3,3,0,0,0,0,0,markdown only,markdown,markdown,chart label,2.5083,103.9317,Mersing Marine Park,singapore,0.33,0.77,0,0,0,0
2022,Hujung,Johor,Sunda Shelf,9,53.19,,,,,53.34,-0.15,4.93,22.22,9.86,5.49,4.31,12.08,1.53,1.42,0.58,0.31,0.0,218.39,1.69,0.17,0.0,0,0.007,3,3,0,0,0,0,0,markdown only,markdown,markdown,chart label,2.4833,103.9833,Mersing Marine Park,singapore,0.33,0.77,0,0,0,0
2022,Lima,Johor,Sunda Shelf,2,51.88,49.38,1,2.5,2.5,53.34,-1.46,20.62,11.87,4.38,5.0,6.25,4.5,24.25,1.13,3.25,0.38,0.13,266.25,3.13,0.38,0.0,0,0.004,3,3,0,0,0,0,0,"mixed - markdown primary, PDF filled gaps",pdf_geometry,markdown,chart label,2.2167,104.1667,Mersing Marine Park,singapore,0.33,0.77,0,0,0,0
2022,Mensirip,Johor,Sunda Shelf,7,69.2,,,,,53.34,15.86,4.02,14.64,3.21,3.66,5.27,9.32,11.36,3.07,1.64,0.25,0.0,103.68,0.07,0.0,0.0,0,0.03,3,3,0,0,0,0,0,markdown only,markdown,markdown,chart label,2.45,103.95,Mersing Marine Park,singapore,0.33,0.77,0,0,0,0
2022,Mertang,Johor,Sunda Shelf,3,76.04,,,,,53.34,22.7,0.21,10.21,5.0,5.42,3.13,14.17,2.33,2.83,1.25,0.17,0.0,90.33,2.58,0.08,0.08,0,0.031,3,3,0,0,0,0,0,markdown only,markdown,markdown,chart label,2.46,103.98,Mersing Marine Park,singapore,0.33,0.77,0,0,0,0
2022,Pemanggil,Johor,Sunda Shelf,4,48.91,43.91,1,5.0,5.0,53.34,-4.43,0.47,18.91,7.5,10.78,13.44,3.06,1.13,1.56,0.63,0.19,0.0,1.75,11.44,0.0,1.88,1,0.891,3,3,0,0,0,0,1,markdown only,markdown,markdown,chart label,2.5833,104.3167,Mersing Marine Park,singapore,0.33,0.77,3,40,1,1
2022,Rawa,Johor,Sunda Shelf,9,62.35,74.63,3,-12.28,-4.093,53.34,9.01,1.81,19.38,10.07,3.96,2.43,7.08,1.53,2.61,1.08,0.08,0.08,46.11,0.06,0.06,0.03,0,0.057,3,3,0,0,0,0,0,"mixed - markdown primary, PDF filled gaps",pdf_geometry,markdown,chart label,2.5186,103.9747,Mersing Marine Park,singapore,0.33,0.77,2,85,2,1
2022,Sibu,Johor,Sunda Shelf,6,53.85,45.93,1,7.92,7.92,53.34,0.51,1.77,11.15,14.58,10.63,8.02,4.29,2.83,0.71,1.08,0.0,0.0,69.58,0.0,0.17,0.0,0,0.01,3,3,0,0,0,0,0,markdown only,markdown,markdown,chart label,2.2167,104.0667,Mersing Marine Park,singapore,0.33,0.77,4,110,3,1
2022,Tengah,Johor,Sunda Shelf,11,53.41,46.25,5,7.16,1.432,53.34,0.07,3.13,18.01,15.51,1.48,8.47,12.61,0.93,4.27,0.66,0.39,0.02,152.18,0.0,0.14,0.0,0,0.028,3,3,0,0,0,0,0,markdown only,markdown,markdown,chart label,2.47,103.96,Mersing Marine Park,singapore,0.33,0.77,1,22,1,1
2022,Tinggi,Johor,Sunda Shelf,4,48.28,48.13,1,0.15,0.15,53.34,-5.06,0.47,31.72,5.94,6.09,7.5,2.5,3.19,0.5,0.56,0.25,0.0,90.06,0.0,0.44,0.0,0,0.006,3,3,0,0,0,0,0,markdown only,markdown,markdown,chart label,2.3,104.1167,Mersing Marine Park,singapore,0.33,0.77,2,35,1,1
2022,Payar,Kedah,Malacca Strait,5,57.13,44.88,1,12.25,12.25,37.47,19.66,7.38,12.13,15.0,6.88,1.5,10.15,115.35,8.4,0.45,1.2,0.0,18.65,2.0,0.05,0.0,0,0.45,3,2,0,0,0,0,0,"mixed - markdown primary, PDF filled gaps",markdown,markdown,chart label,6.0639,100.0417,Pulau Payar Marine Park,malacca_strait,0.15,0.78,0,0,0,1
2022,Singa,Kedah,Malacca Strait,1,67.51,,,,,37.47,30.04,0.0,1.87,0.0,6.25,24.37,0.0,0.0,0.0,0.0,0.5,0.0,1.5,0.0,0.0,0.0,0,0.0,3,3,0,1,0,0,0,"mixed - markdown primary, PDF filled gaps",pdf_geometry,markdown,chart label,6.1833,99.75,Pulau Singa Besar (Langkawi),malacca_strait,0.15,0.78,0,0,0,1
2022,Malacca,Malacca,Malacca Strait,5,30.12,35.61,1,-5.49,-5.49,37.47,-7.35,0.5,25.25,5.13,32.01,7.0,4.6,2.15,0.0,0.15,0.0,0.0,0.0,0.0,0.0,0.0,0,,3,3,0,0,0,0,0,"mixed - markdown primary, PDF filled gaps",pdf_geometry,markdown,chart label,2.05,102.3333,Pulau Besar / Pulau Undan Marine Park,west_gulf_of_thailand,1.13,0.67,1,30,1,1
2022,Port Dickson,Negeri Sembilan,Malacca Strait,2,16.57,50.95,1,-34.38,-34.38,37.47,-20.9,0.0,46.26,0.0,15.93,21.25,2.38,0.0,0.0,0.13,1.13,0.0,0.0,0.0,0.0,0.0,0,,3,3,0,0,0,0,0,"mixed - markdown primary, PDF filled gaps",pdf_geometry,markdown,chart label,2.4833,101.85,Non-Park Fringing Reef,west_gulf_of_thailand,1.13,0.67,25,2000,2,1
2022,Tioman,Pahang,Sunda Shelf,18,63.37,60.59,1,2.78,2.78,53.34,10.03,0.59,23.92,2.78,6.56,2.78,7.29,5.04,1.72,0.65,0.06,0.06,45.67,5.89,0.96,0.96,1,0.038,0,3,0,0,0,0,1,markdown only,markdown,markdown,chart label,2.7833,104.1667,Tioman Marine Park,singapore,0.33,0.77,38,1600,18,1
2022,Pangkor Laut,Perak,Malacca Strait,1,61.26,60.62,2,0.64,0.32,37.47,23.79,0.0,8.12,0.0,29.37,1.25,4.75,0.5,0.0,0.25,0.0,0.0,35.75,0.0,0.0,0.0,0,0.0,3,3,0,0,0,0,0,"mixed - markdown primary, PDF filled gaps",pdf_geometry,markdown,chart label,4.1972,100.5472,Non-Park Reef (Perak),malacca_strait,0.15,0.78,1,140,1,1
2022,Sembilan,Perak,Malacca Strait,9,29.31,28.33,2,0.98,0.49,37.47,-8.16,5.0,30.49,10.76,18.06,6.39,3.06,0.67,2.03,0.86,0.06,0.0,158.28,0.0,0.0,0.0,0,0.013,3,3,0,0,0,0,0,markdown only,markdown,markdown,chart label,4.0167,100.55,Pulau Sembilan State Park,malacca_strait,0.15,0.78,0,0,0,0
2022,Kapalai,Sabah,North Borneo,6,24.27,18.23,1,6.04,6.04,43.31,-19.04,9.58,27.71,19.69,13.65,5.1,6.33,30.88,1.38,0.25,0.25,0.33,44.5,0.21,0.54,0.0,0,0.031,2,1,0,0,0,0,0,markdown only,markdown,markdown,chart label,4.225,118.6833,Non-Park Reef (Semporna),sabah,0.92,0.88,1,60,1,1
2022,Labuan,Sabah,North Borneo,4,42.19,29.54,3,12.65,4.217,43.31,-1.12,0.47,15.0,18.13,22.81,1.41,1.94,2.25,1.75,1.06,0.0,0.0,0.38,0.69,1.75,0.0,0,4.605,3,3,0,0,0,0,0,markdown only,markdown,markdown,chart label,5.3167,115.2167,Labuan Marine Park,sabah,0.92,0.88,12,850,4,1
2022,Lahad Datu,Sabah,North Borneo,15,43.0,32.66,1,10.34,10.34,43.31,-0.31,2.25,25.33,14.67,12.88,1.88,1.42,0.72,0.8,0.1,0.0,0.0,300.63,0.02,0.43,3.15,1,0.003,2,2,0,0,0,0,1,markdown only,markdown,markdown,chart label,5.0167,118.3333,Darvel Bay Reefs,sabah,0.92,0.88,2,40,2,1
2022,Lankayan,Sabah,North Borneo,15,54.92,39.15,1,15.77,15.77,43.31,11.61,2.17,17.0,6.04,14.38,5.5,2.88,7.27,0.33,0.13,0.03,0.0,4.13,2.15,2.88,0.0,0,0.08,3,3,0,0,0,0,0,markdown only,markdown,markdown,chart label,6.5028,117.9239,Sugud Islands Marine Conservation Area (SIMCA),sabah,0.92,0.88,1,25,1,1
2022,Larapan,Sabah,North Borneo,5,55.63,67.08,1,-11.45,-11.45,43.31,12.32,0.5,34.5,2.0,5.38,2.0,6.6,1.0,2.55,0.0,0.0,0.0,10.35,0.0,0.05,0.0,0,0.246,3,3,0,0,0,0,0,markdown only,markdown,markdown,chart label,4.5167,118.5833,Tun Sakaran Marine Park,sabah,0.92,0.88,0,0,0,0
2022,Mabul,Sabah,North Borneo,6,33.23,27.8,1,5.43,5.43,43.31,-10.08,2.19,28.44,16.77,13.75,5.63,5.46,15.21,0.96,1.04,0.79,0.04,43.92,0.0,0.67,0.0,0,0.022,2,2,0,0,0,0,0,markdown only,markdown,markdown,chart label,4.2464,118.6294,Non-Park Reef (Semporna),sabah,0.92,0.88,8,350,8,1
2022,Mantanani,Sabah,North Borneo,12,51.93,37.81,1,14.12,14.12,43.31,8.62,0.68,29.32,3.75,12.08,2.24,1.96,0.42,1.83,0.08,0.15,0.04,20.94,0.02,0.42,0.02,0,0.087,2,3,0,0,0,0,1,markdown only,markdown,markdown,chart label,6.7167,116.35,Mantanani Islands,sabah,0.92,0.88,5,140,4,1
2022,Mataking,Sabah,North Borneo,6,36.04,21.37,1,14.67,14.67,43.31,-7.27,0.73,17.71,24.48,18.23,2.81,4.92,1.42,2.46,0.21,0.0,0.0,4.25,0.0,0.42,0.0,0,0.579,2,3,0,0,0,0,0,markdown only,markdown,markdown,chart label,4.58,118.95,Non-Park Reef (Semporna),sabah,0.92,0.88,1,70,1,1
2022,Penyu,Sabah,North Borneo,9,42.92,46.69,1,-3.77,-3.77,43.31,-0.39,0.14,17.99,21.6,14.24,3.13,1.42,2.19,2.06,0.36,0.11,0.0,1.67,0.0,0.22,0.92,1,1.234,3,3,0,0,0,0,1,markdown only,markdown,markdown,chart label,6.1667,118.0667,Turtle Islands National Park,sabah,0.92,0.88,1,20,0,1
2022,Sipadan,Sabah,North Borneo,12,50.57,54.48,1,-3.91,-3.91,43.31,7.26,1.2,24.17,2.97,19.43,1.67,3.58,3.0,2.96,2.44,0.75,0.4,0.0,0.25,0.06,0.02,0,,1,1,0,0,0,0,1,markdown only,markdown,markdown,chart label,4.1147,118.6289,Sipadan Island Park,sabah,0.92,0.88,0,0,0,1
2022,Tiga,Sabah,North Borneo,7,33.39,43.58,1,-10.19,-10.19,43.31,-9.92,0.54,31.88,7.32,19.73,7.14,4.36,10.93,9.25,1.0,0.32,0.04,0.32,0.39,0.93,0.0,0,28.906,3,2,0,0,0,0,0,markdown only,markdown,markdown,chart label,5.725,115.6417,Pulau Tiga National Park,sabah,0.92,0.88,2,45,1,1
2022,Tun Mustapha Park,Sabah,North Borneo,18,45.59,,,,,43.31,2.28,0.76,19.97,3.51,18.51,11.67,2.67,1.83,2.4,0.15,0.08,0.0,31.05,0.06,0.74,0.01,0,0.077,3,2,0,0,0,0,1,markdown only,markdown,markdown,chart label,7.1,117.15,Tun Mustapha Park,sabah,0.92,0.88,5,40,2,1
2022,Tun Sakaran Marine Park,Sabah,North Borneo,12,51.56,36.05,1,15.51,15.51,43.31,8.25,0.05,20.16,8.85,17.86,1.51,5.15,1.19,7.52,0.31,0.19,0.06,2.58,0.0,0.56,0.02,0,2.915,2,3,0,0,0,0,1,markdown only,markdown,markdown,chart label,4.6,118.7833,Tun Sakaran Marine Park,sabah,0.92,0.88,0,0,0,1
2022,Tunku Abdul Rahman Park,Sabah,North Borneo,8,20.07,48.35,1,-28.28,-28.28,43.31,-23.24,0.0,38.28,4.92,33.76,2.97,2.13,9.56,0.5,0.22,0.0,0.0,39.72,0.09,3.16,0.0,0,0.013,2,3,0,0,0,0,0,"mixed - markdown primary, PDF filled gaps",pdf_geometry,markdown,chart label,5.9667,115.9833,Tunku Abdul Rahman Park,sabah,0.92,0.88,3,240,4,1
2022,Usukan Cove,Sabah,North Borneo,6,29.9,35.83,1,-5.93,-5.93,43.31,-13.41,0.21,28.33,14.58,21.98,5.0,1.92,0.79,0.38,0.04,0.0,0.0,0.17,0.0,0.08,0.0,0,2.235,3,2,0,0,0,0,1,markdown only,markdown,markdown,chart label,6.3833,116.4167,West Coast Sabah Coastal,sabah,0.92,0.88,1,20,1,1
2022,Miri,Sarawak,Sunda Shelf,4,48.59,50.93,3,-2.34,-0.78,53.34,-4.75,6.41,27.97,4.69,8.59,3.75,1.56,15.06,0.06,0.25,0.0,0.06,0.0,0.06,0.19,0.0,0,,3,2,0,0,0,0,0,markdown only,markdown,markdown,chart label,4.3833,113.9667,Miri-Sibuti Coral Reefs National Park,northern_borneo,0.59,0.78,20,1500,5,1
2022,Bidong & Yu,Terengganu,Sunda Shelf,6,63.54,55.52,1,8.02,8.02,53.34,10.2,1.35,27.81,2.08,3.54,1.67,4.71,10.79,6.71,1.25,0.0,0.08,3.38,1.46,1.63,0.33,1,1.985,3,3,0,0,0,0,1,markdown only,markdown,markdown,chart label,5.6167,103.05,Terengganu Marine Park,west_gulf_of_thailand,1.13,0.67,0,0,0,1
2022,Kapas,Terengganu,Sunda Shelf,5,47.63,43.39,1,4.24,4.24,53.34,-5.71,0.25,21.88,16.0,6.0,8.25,2.8,11.3,3.35,1.65,0.25,0.2,62.25,5.85,0.2,0.15,0,0.054,2,3,0,0,0,0,1,markdown only,markdown,markdown,chart label,5.2167,103.2667,Terengganu Marine Park,west_gulf_of_thailand,1.13,0.67,6,90,3,1
2022,Lang Tengah,Terengganu,Sunda Shelf,4,46.09,36.88,4,9.21,2.302,53.34,-7.25,0.63,19.84,5.94,12.34,15.16,8.38,5.19,6.56,2.31,0.06,0.06,6.56,29.25,12.81,0.0,0,1.0,2,3,0,0,0,0,0,markdown only,markdown,markdown,chart label,5.7917,102.8917,Terengganu Marine Park,west_gulf_of_thailand,1.13,0.67,4,210,4,1
2022,Perhentian,Terengganu,Sunda Shelf,10,41.31,42.43,1,-1.12,-1.12,53.34,-12.03,1.81,27.0,5.69,11.0,13.19,3.45,3.0,2.63,1.3,0.03,0.23,1.33,6.58,5.15,0.13,0,1.977,3,3,0,0,0,0,1,markdown only,markdown,markdown,chart label,5.9,102.7333,Terengganu Marine Park,west_gulf_of_thailand,1.13,0.67,45,1200,22,1
2022,Redang,Terengganu,Sunda Shelf,12,48.28,55.82,1,-7.54,-7.54,53.34,-5.06,0.99,20.26,5.83,21.77,2.86,4.17,10.54,5.88,1.42,0.0,0.06,5.77,2.92,3.54,0.19,0,1.019,2,3,0,0,0,0,1,markdown only,markdown,markdown,chart label,5.7667,103.0167,Terengganu Marine Park,west_gulf_of_thailand,1.13,0.67,16,1350,14,1
2022,Rhu,Terengganu,Sunda Shelf,10,43.44,,,,,53.34,-9.9,6.0,21.75,15.56,11.0,2.25,9.28,18.73,0.73,0.25,0.08,0.05,13.9,0.0,1.85,0.0,0,0.053,3,3,0,0,0,0,0,markdown only,markdown,markdown,chart label,5.8167,102.6167,Terengganu Marine Park,west_gulf_of_thailand,1.13,0.67,0,0,0,0
2022,Tenggol,Terengganu,Sunda Shelf,6,51.44,57.8,1,-6.36,-6.36,53.34,-1.9,0.63,31.05,3.44,8.13,5.31,2.46,8.42,5.42,0.54,0.0,0.04,0.17,2.71,1.04,0.38,1,31.882,3,3,0,0,0,0,0,"mixed - markdown primary, PDF filled gaps",pdf_geometry,markdown,chart label,4.8,103.6833,Terengganu Marine Park,west_gulf_of_thailand,1.13,0.67,3,55,3,1
2023,Aur & Dayang,Johor,Sunda Shelf,6,35.21,39.17,1,-3.96,-3.96,53.27,-18.06,0.42,24.58,7.19,19.79,12.81,4.04,0.96,4.88,0.79,0.17,0.0,0.58,6.33,0.88,0.38,1,8.414,2,3,1,1,1,1,1,"mixed - markdown primary, PDF filled gaps",markdown,pdf_geometry,map caption,2.4481,104.5164,Mersing Marine Park,singapore,1.2,0.81,5,60,3,1
2023,Besar,Johor,Sunda Shelf,7,50.63,48.39,1,2.24,2.24,53.27,-2.64,1.16,24.2,9.46,8.66,5.89,8.79,3.68,1.89,0.43,0.75,0.04,54.68,0.0,0.0,0.0,0,0.035,3,2,1,1,1,1,0,"mixed - markdown primary, PDF filled gaps",markdown,pdf_geometry,map caption,2.4333,103.9667,Mersing Marine Park,singapore,1.2,0.81,4,120,2,1
2023,Gual,Johor,Sunda Shelf,9,54.24,56.94,1,-2.7,-2.7,53.27,0.97,0.97,24.38,8.4,7.92,4.1,8.81,1.19,3.39,1.53,0.33,0.03,71.36,0.03,0.08,0.0,0,0.048,2,3,1,1,1,1,0,"mixed - markdown primary, PDF filled gaps",markdown,pdf_geometry,map caption,2.4719,104.0167,Mersing Marine Park,singapore,1.2,0.81,0,0,0,0
2023,Harimau,Johor,Sunda Shelf,7,64.11,52.59,1,11.52,11.52,53.27,10.84,0.98,13.75,6.07,11.79,3.3,11.93,4.18,2.54,1.25,0.25,0.11,127.54,0.89,0.32,0.04,0,0.02,3,3,1,1,1,1,0,"mixed - markdown primary, PDF filled gaps",markdown,pdf_geometry,map caption,2.5083,103.9317,Mersing Marine Park,singapore,1.2,0.81,0,0,0,0
2023,Hujung,Johor,Sunda Shelf,9,55.83,53.19,1,2.64,2.64,53.27,2.56,0.83,19.44,9.93,10.49,3.47,13.06,0.75,2.4,0.56,0.08,0.03,213.72,0.47,0.06,0.0,0,0.011,3,3,1,1,1,1,0,"mixed - markdown primary, PDF filled gaps",markdown,pdf_geometry,map caption,2.4833,103.9833,Mersing Marine Park,singapore,1.2,0.81,0,0,0,0
2023,Lima,Johor,Sunda Shelf,3,62.92,51.88,1,11.04,11.04,53.27,9.65,2.71,16.46,5.42,6.67,5.83,6.67,14.5,0.92,1.42,0.0,0.08,214.25,0.0,0.08,0.0,0,0.004,3,3,0,1,1,1,0,"mixed - markdown primary, PDF filled gaps",markdown,pdf_geometry,map caption,2.2167,104.1667,Mersing Marine Park,singapore,1.2,0.81,0,0,0,0
2023,Mensirip,Johor,Sunda Shelf,,68.12,69.2,1,-1.08,-1.08,53.27,14.85,1.07,18.94,3.12,4.64,4.11,8.54,9.64,2.14,0.89,0.68,0.11,148.89,0.0,0.14,0.04,0,0.014,3,3,1,1,1,1,1,PDF geometry only - not cross-checked,pdf_geometry,pdf_geometry,,2.45,103.95,Mersing Marine Park,singapore,1.2,0.81,0,0,0,0
2023,Mertang,Johor,Sunda Shelf,,68.54,76.04,1,-7.5,-7.5,53.27,15.27,1.67,11.25,2.61,11.15,4.79,10.83,3.96,0.5,1.38,0.04,0.0,103.42,0.58,0.0,0.04,0,0.005,2,3,1,1,0,1,1,PDF geometry only - not cross-checked,pdf_geometry,pdf_geometry,,2.46,103.98,Mersing Marine Park,singapore,1.2,0.81,0,0,0,0
2023,Pemanggil,Johor,Sunda Shelf,4,46.25,48.91,1,-2.66,-2.66,53.27,-7.02,0.47,17.19,13.91,8.13,14.06,3.31,0.38,2.44,0.44,0.0,0.06,2.44,23.38,0.0,0.5,1,1.0,2,2,0,1,1,1,1,"mixed - markdown primary, PDF filled gaps",markdown,pdf_geometry,map caption,2.5833,104.3167,Mersing Marine Park,singapore,1.2,0.81,3,40,1,1
2023,Rawa,Johor,Sunda Shelf,9,59.31,62.35,1,-3.04,-3.04,53.27,6.04,1.88,23.19,8.26,4.65,2.71,6.94,1.58,1.69,0.89,0.0,0.09,79.69,0.08,0.0,0.0,0,0.021,3,3,1,1,1,1,0,"mixed - markdown primary, PDF filled gaps",markdown,pdf_geometry,map caption,2.5186,103.9747,Mersing Marine Park,singapore,1.2,0.81,2,85,2,1
2023,Sibu,Johor,Sunda Shelf,6,57.6,53.85,1,3.75,3.75,53.27,4.33,3.44,11.04,10.52,9.48,7.92,9.92,3.33,1.08,0.58,0.63,0.04,88.58,0.0,0.17,0.0,0,0.012,3,3,1,1,1,1,0,"mixed - markdown primary, PDF filled gaps",markdown,pdf_geometry,map caption,2.2167,104.0667,Mersing Marine Park,singapore,1.2,0.81,4,110,3,1
2023,Tengah,Johor,Sunda Shelf,11,48.69,53.41,1,-4.72,-4.72,53.27,-4.58,1.88,25.51,10.68,7.22,6.02,12.48,2.32,1.43,0.55,0.3,0.09,152.02,0.05,0.43,0.0,0,0.009,2,3,1,1,1,1,0,"mixed - markdown primary, PDF filled gaps",markdown,pdf_geometry,map caption,2.47,103.96,Mersing Marine Park,singapore,1.2,0.81,1,22,1,1
2023,Tinggi,Johor,Sunda Shelf,4,50.0,48.28,1,1.72,1.72,53.27,-3.27,0.63,24.38,6.88,9.22,8.91,4.56,7.75,0.88,0.25,0.06,0.0,95.56,0.0,0.0,0.0,0,0.009,3,3,1,1,1,1,0,"mixed - markdown primary, PDF filled gaps",markdown,pdf_geometry,map caption,2.3,104.1167,Mersing Marine Park,singapore,1.2,0.81,2,35,1,1
2023,Payar,Kedah,Malacca Strait,,64.0,57.13,1,6.87,6.87,41.9,22.1,6.0,15.25,9.37,4.88,0.5,7.15,87.75,7.3,1.0,0.6,0.05,17.05,0.55,0.0,0.0,0,0.428,3,3,0,0,0,1,0,PDF geometry only - not cross-checked,pdf_geometry,pdf_geometry,,6.0639,100.0417,Pulau Payar Marine Park,malacca_strait,3.26,0.97,0,0,0,1
2023,Singa,Kedah,Malacca Strait,,64.39,67.51,1,-3.12,-3.12,41.9,22.49,0.0,5.0,0.0,22.49,8.12,2.25,0.0,0.0,0.0,0.5,0.0,1.25,0.0,0.0,0.0,0,0.0,3,3,0,1,0,1,0,PDF geometry only - not cross-checked,pdf_geometry,pdf_geometry,,6.1833,99.75,Pulau Singa Besar (Langkawi),malacca_strait,3.26,0.97,0,0,0,1
2023,Malacca,Malacca,Malacca Strait,,34.61,30.12,1,4.49,4.49,41.9,-7.29,2.12,19.5,0.38,33.76,9.63,7.7,0.75,0.1,0.15,0.0,0.0,0.0,0.0,0.0,0.0,0,,3,3,0,1,1,1,0,PDF geometry only - not cross-checked,pdf_geometry,pdf_geometry,,2.05,102.3333,Pulau Besar / Pulau Undan Marine Park,west_gulf_of_thailand,3.3,0.72,1,30,1,1
2023,Port Dickson,Negeri Sembilan,Malacca Strait,2,45.94,16.57,1,29.37,29.37,41.9,4.04,5.0,18.44,0.31,12.19,18.13,2.5,1.88,0.0,0.0,0.0,0.0,1.88,0.63,0.0,0.0,0,0.0,3,3,0,0,0,0,1,"mixed - markdown primary, PDF filled gaps",markdown,pdf_geometry,map caption,2.4833,101.85,Non-Park Fringing Reef,west_gulf_of_thailand,3.3,0.72,25,2000,2,1
2023,Seri Buat,Pahang,Sunda Shelf,,63.73,,,,,53.27,10.46,0.31,20.48,2.5,10.94,2.03,13.31,0.19,1.31,1.94,0.0,0.0,30.19,0.0,0.19,0.0,0,0.043,3,3,0,1,1,1,0,PDF geometry only - not cross-checked,pdf_geometry,pdf_geometry,,2.6833,104.1333,Tioman Marine Park Buffer,west_gulf_of_thailand,3.3,0.72,0,0,0,0
2023,Tioman,Pahang,Sunda Shelf,18,64.62,63.37,1,1.25,1.25,53.27,11.35,0.45,17.85,3.44,9.9,3.75,6.29,1.36,2.11,0.93,0.03,0.04,35.56,8.85,0.75,0.65,1,0.059,1,2,1,1,1,1,1,"mixed - markdown primary, PDF filled gaps",markdown,pdf_geometry,map caption,2.7833,104.1667,Tioman Marine Park,singapore,1.2,0.81,38,1600,18,1
2023,Pangkor Laut,Perak,Malacca Strait,,53.75,61.26,1,-7.51,-7.51,41.9,11.85,0.0,9.38,4.38,30.63,1.88,11.5,3.0,0.0,1.25,0.0,0.0,41.5,0.0,0.0,0.0,0,0.0,3,3,0,1,1,0,0,"mixed - markdown primary, PDF filled gaps",markdown,pdf_geometry,,4.1972,100.5472,Non-Park Reef (Perak),malacca_strait,3.26,0.97,1,140,1,1
2023,Sembilan,Perak,Malacca Strait,9,28.96,29.31,1,-0.35,-0.35,41.9,-12.94,5.49,26.11,16.18,10.63,12.64,3.83,1.03,2.47,1.56,0.14,0.08,152.64,0.19,0.0,0.0,0,0.016,2,3,1,1,1,0,0,"mixed - markdown primary, PDF filled gaps",markdown,pdf_geometry,map caption,4.0167,100.55,Pulau Sembilan State Park,malacca_strait,3.26,0.97,0,0,0,0
2023,Kapalai,Sabah,North Borneo,6,21.15,24.27,1,-3.12,-3.12,38.13,-16.98,0.94,42.81,13.65,15.0,6.46,3.04,1.04,1.38,0.33,0.21,0.08,28.71,0.17,0.5,0.0,0,0.048,2,1,1,1,1,1,0,"mixed - markdown primary, PDF filled gaps",markdown,pdf_geometry,map caption,4.225,118.6833,Non-Park Reef (Semporna),sabah,8.7,1.09,1,60,1,1
2023,Labuan,Sabah,North Borneo,,38.92,42.19,1,-3.27,-3.27,38.13,0.79,2.66,14.68,20.77,14.84,8.13,1.13,1.38,0.75,0.44,0.13,0.0,0.94,0.25,0.69,0.0,0,0.798,3,3,0,0,0,1,0,PDF geometry only - not cross-checked,pdf_geometry,pdf_geometry,,5.3167,115.2167,Labuan Marine Park,sabah,8.7,1.09,12,850,4,1
2023,Lahad Datu,Sabah,North Borneo,,35.25,43.0,1,-7.75,-7.75,38.13,-2.88,2.17,29.71,13.76,16.77,2.35,0.74,0.13,1.74,0.06,0.03,0.0,145.46,0.03,0.34,0.79,1,0.012,1,2,0,1,1,1,1,PDF geometry only - not cross-checked,pdf_geometry,pdf_geometry,,5.0167,118.3333,Darvel Bay Reefs,sabah,8.7,1.09,2,40,2,1
2023,Lankayan,Sabah,North Borneo,15,47.58,54.92,1,-7.34,-7.34,38.13,9.45,1.54,18.04,4.0,16.92,11.92,2.88,24.0,0.38,0.07,0.02,0.0,2.13,1.45,2.58,0.0,0,0.178,3,3,0,0,1,1,0,"mixed - markdown primary, PDF filled gaps",markdown,pdf_geometry,map caption,6.5028,117.9239,Sugud Islands Marine Conservation Area (SIMCA),sabah,8.7,1.09,1,25,1,1
2023,Larapan,Sabah,Sulu Sea,5,56.38,55.63,1,0.75,0.75,38.13,18.25,1.0,24.63,5.38,6.63,6.0,2.9,1.5,4.25,0.05,0.05,0.05,0.15,0.0,0.05,0.1,0,28.333,2,2,1,1,1,1,1,"mixed - markdown primary, PDF filled gaps",markdown,pdf_geometry,map caption,4.5167,118.5833,Tun Sakaran Marine Park,sabah,8.7,1.09,0,0,0,0
2023,Mabul,Sabah,North Borneo,,23.01,33.23,1,-10.22,-10.22,38.13,-15.12,3.44,25.94,14.9,19.59,13.12,2.92,24.21,0.83,0.58,0.71,0.13,26.88,0.17,0.08,0.0,0,0.031,1,2,1,1,1,1,0,PDF geometry only - not cross-checked,pdf_geometry,pdf_geometry,,4.2464,118.6294,Non-Park Reef (Semporna),sabah,8.7,1.09,8,350,8,1
2023,Mantanani,Sabah,North Borneo,,30.94,51.93,1,-20.99,-20.99,38.13,-7.19,0.16,24.59,6.2,35.93,2.19,2.9,1.58,6.54,0.21,0.17,0.06,7.67,0.13,0.38,0.0,0,0.853,3,3,1,1,1,1,0,PDF geometry only - not cross-checked,pdf_geometry,pdf_geometry,,6.7167,116.35,Mantanani Islands,sabah,8.7,1.09,5,140,4,1
2023,Mataking,Sabah,North Borneo,,36.58,36.04,1,0.54,0.54,38.13,-1.55,0.83,13.33,14.05,29.89,5.31,5.58,0.75,2.25,0.71,0.04,0.0,0.75,0.0,0.46,0.0,0,3.0,0,1,1,1,1,0,0,PDF geometry only - not cross-checked,pdf_geometry,pdf_geometry,,4.58,118.95,Non-Park Reef (Semporna),sabah,8.7,1.09,1,70,1,1
2023,Penyu,Sabah,Sulu Sea,,32.42,42.92,1,-10.5,-10.5,38.13,-5.71,1.25,8.43,37.58,11.41,8.91,4.69,3.59,2.25,0.09,0.28,0.0,0.84,0.0,0.09,0.0,0,2.679,3,2,0,1,1,1,0,PDF geometry only - not cross-checked,pdf_geometry,pdf_geometry,,6.1667,118.0667,Turtle Islands National Park,sabah,8.7,1.09,1,20,0,1
2023,Sipadan,Sabah,North Borneo,12,56.88,50.57,1,6.31,6.31,38.13,18.75,0.47,19.64,5.05,15.31,2.66,5.1,2.56,5.77,2.38,1.6,0.04,0.0,0.02,0.17,0.0,0,,0,3,0,0,0,0,0,"mixed - markdown primary, PDF filled gaps",markdown,pdf_geometry,map caption,4.1147,118.6289,Sipadan Island Park,sabah,8.7,1.09,0,0,0,1
2023,Tiga,Sabah,North Borneo,7,33.39,33.39,1,0.0,0.0,38.13,-4.74,0.0,29.46,10.98,19.64,6.52,5.0,14.5,12.07,0.39,0.79,0.0,4.11,0.11,1.25,0.0,0,2.937,3,2,0,0,0,1,0,"mixed - markdown primary, PDF filled gaps",markdown,pdf_geometry,map caption,5.725,115.6417,Pulau Tiga National Park,sabah,8.7,1.09,2,45,1,1
2023,Tun Mustapha Park,Sabah,North Borneo,18,42.19,45.59,1,-3.4,-3.4,38.13,4.06,2.5,37.22,3.72,9.69,4.69,4.53,3.11,6.56,0.28,0.44,0.04,32.56,0.18,1.0,0.15,0,0.201,3,0,1,1,1,1,1,"mixed - markdown primary, PDF filled gaps",markdown,pdf_geometry,map caption,7.1,117.15,Tun Mustapha Park,sabah,8.7,1.09,5,40,2,1
2023,Tun Sakaran Marine Park,Sabah,North Borneo,12,45.83,51.56,1,-5.73,-5.73,38.13,7.7,0.21,19.22,11.51,20.0,3.23,3.69,7.06,4.94,0.42,0.25,0.02,4.85,0.0,0.71,0.48,1,1.019,2,3,1,0,1,1,1,"mixed - markdown primary, PDF filled gaps",markdown,pdf_geometry,map caption,4.6,118.7833,Tun Sakaran Marine Park,sabah,8.7,1.09,0,0,0,1
2023,Tunku Abdul Rahman Park,Sabah,North Borneo,8,21.09,20.07,1,1.02,1.02,38.13,-17.04,0.08,44.22,15.39,15.63,3.59,4.16,18.72,5.25,0.28,0.16,0.03,17.97,0.0,1.22,0.0,0,0.292,3,3,0,1,1,1,1,"mixed - markdown primary, PDF filled gaps",markdown,pdf_geometry,map caption,5.9667,115.9833,Tunku Abdul Rahman Park,sabah,8.7,1.09,3,240,4,1
2023,Usukan Cove,Sabah,North Borneo,6,25.73,29.9,1,-4.17,-4.17,38.13,-12.4,0.1,25.1,6.46,37.71,4.9,2.58,0.67,0.75,0.17,0.33,0.04,0.0,0.13,0.0,0.0,0,,3,2,0,1,1,1,0,"mixed - markdown primary, PDF filled gaps",markdown,pdf_geometry,map caption,6.3833,116.4167,West Coast Sabah Coastal,sabah,8.7,1.09,1,20,1,1
2023,Miri,Sarawak,Sunda Shelf,4,45.16,48.59,1,-3.43,-3.43,53.27,-8.11,9.84,19.06,8.91,12.81,4.22,1.5,14.75,0.13,0.25,0.19,0.0,0.0,0.0,0.0,0.0,0,,3,1,1,1,1,1,0,"mixed - markdown primary, PDF filled gaps",markdown,pdf_geometry,map caption,4.3833,113.9667,Miri-Sibuti Coral Reefs National Park,northern_borneo,2.62,1.07,20,1500,5,1
2023,Bidong & Yu,Terengganu,Sunda Shelf,,67.61,63.54,1,4.07,4.07,53.27,14.34,0.62,19.06,4.06,4.9,3.75,2.75,13.46,1.25,0.67,0.58,0.04,6.17,2.79,1.25,0.75,1,0.203,2,3,0,1,1,1,1,PDF geometry only - not cross-checked,pdf_geometry,pdf_geometry,,5.6167,103.05,Terengganu Marine Park,west_gulf_of_thailand,3.3,0.72,0,0,0,1
2023,Kapas,Terengganu,Sunda Shelf,5,50.25,47.63,1,2.62,2.62,53.27,-3.02,0.75,17.0,12.0,5.25,14.75,6.0,10.8,4.15,2.1,0.0,0.05,30.3,6.65,0.2,0.2,0,0.137,2,2,0,0,1,1,1,"mixed - markdown primary, PDF filled gaps",markdown,pdf_geometry,map caption,5.2167,103.2667,Terengganu Marine Park,west_gulf_of_thailand,3.3,0.72,6,90,3,1
2023,Lang Tengah,Terengganu,Sunda Shelf,,55.48,46.09,1,9.39,9.39,53.27,2.21,0.78,6.87,3.12,16.24,17.51,8.0,0.81,5.19,1.75,0.06,0.0,14.0,36.56,26.56,0.0,0,0.371,2,3,0,0,1,1,0,PDF geometry only - not cross-checked,pdf_geometry,pdf_geometry,,5.7917,102.8917,Terengganu Marine Park,west_gulf_of_thailand,3.3,0.72,4,210,4,1
2023,Perhentian,Terengganu,Sunda Shelf,10,40.25,41.31,1,-1.06,-1.06,53.27,-13.02,0.31,27.25,9.5,14.25,8.44,4.38,21.5,10.93,0.55,0.15,0.0,15.88,11.0,3.6,0.33,1,0.688,2,3,0,1,1,1,1,"mixed - markdown primary, PDF filled gaps",markdown,pdf_geometry,map caption,5.9,102.7333,Terengganu Marine Park,west_gulf_of_thailand,3.3,0.72,45,1200,22,1
2023,Redang,Terengganu,Sunda Shelf,,34.31,48.28,1,-13.97,-13.97,53.27,-18.96,0.42,30.16,8.49,22.93,3.7,7.13,4.94,6.73,0.67,0.15,0.02,7.73,10.21,3.67,0.33,1,0.871,2,2,1,1,1,1,1,PDF geometry only - not cross-checked,pdf_geometry,pdf_geometry,,5.7667,103.0167,Terengganu Marine Park,west_gulf_of_thailand,3.3,0.72,16,1350,14,1
2023,Rhu,Terengganu,Sunda Shelf,4,30.63,43.44,1,-12.81,-12.81,53.27,-22.64,5.0,19.53,26.88,14.53,3.44,0.0,0.0,0.75,0.0,0.0,0.0,14.44,0.0,2.0,0.0,0,0.052,3,3,0,1,1,1,0,"mixed - markdown primary, PDF filled gaps",markdown,pdf_geometry,map caption,5.8167,102.6167,Terengganu Marine Park,west_gulf_of_thailand,3.3,0.72,0,0,0,0
2023,Tenggol,Terengganu,Sunda Shelf,6,46.67,51.44,1,-4.77,-4.77,53.27,-6.6,0.42,28.65,3.75,12.71,7.81,5.04,8.67,7.08,1.0,0.0,0.0,0.54,4.0,0.54,0.21,0,13.111,1,3,0,1,1,1,1,"mixed - markdown primary, PDF filled gaps",markdown,pdf_geometry,map caption,4.8,103.6833,Terengganu Marine Park,west_gulf_of_thailand,3.3,0.72,3,55,3,1
2024,Aur & Dayang,Johor,Sunda Shelf,,38.03,35.21,1,2.82,2.82,50.21,-12.18,0.21,22.91,8.12,19.69,11.05,4.38,0.38,2.63,0.21,0.0,0.04,3.96,2.63,0.54,0.29,0,0.664,2,3,1,1,1,1,1,PDF geometry only - not cross-checked,pdf_geometry,pdf_geometry,,2.4481,104.5164,Mersing Marine Park,singapore,9.44,1.19,5,60,3,1
2024,Besar,Johor,Sunda Shelf,6,42.41,50.63,1,-8.22,-8.22,50.21,-7.8,0.71,13.48,17.05,15.89,10.45,6.86,1.07,3.04,1.43,0.86,0.04,31.29,0.0,0.04,0.0,0,0.097,3,3,1,1,1,1,0,"mixed - markdown primary, PDF filled gaps",markdown,pdf_geometry,map caption,2.4333,103.9667,Mersing Marine Park,singapore,9.44,1.19,4,120,2,1
2024,Gual,Johor,Sunda Shelf,9,55.76,54.24,1,1.52,1.52,50.21,5.55,0.69,23.96,10.28,7.78,1.53,8.17,0.81,4.17,0.67,0.0,0.03,67.31,0.0,0.0,0.0,0,0.062,3,3,0,1,1,1,0,"mixed - markdown primary, PDF filled gaps",markdown,pdf_geometry,map caption,2.4719,104.0167,Mersing Marine Park,singapore,9.44,1.19,0,0,0,0
2024,Harimau,Johor,Sunda Shelf,7,60.27,64.11,1,-3.84,-3.84,50.21,10.06,1.16,17.68,10.63,7.5,2.77,9.71,3.0,2.64,1.75,0.11,0.11,109.54,0.43,0.07,0.04,0,0.024,3,2,1,1,1,1,1,"mixed - markdown primary, PDF filled gaps",markdown,pdf_geometry,map caption,2.5083,103.9317,Mersing Marine Park,singapore,9.44,1.19,0,0,0,0
2024,Hujung,Johor,Sunda Shelf,9,46.6,55.83,1,-9.23,-9.23,50.21,-3.61,1.74,30.21,8.4,10.28,2.78,12.14,1.89,2.83,0.81,0.03,0.08,218.06,0.56,0.14,0.0,0,0.013,3,3,1,1,1,1,0,"mixed - markdown primary, PDF filled gaps",markdown,pdf_geometry,map caption,2.4833,103.9833,Mersing Marine Park,singapore,9.44,1.19,0,0,0,0
2024,Lima,Johor,Sunda Shelf,,62.28,62.92,1,-0.64,-0.64,50.21,12.07,1.99,16.2,5.95,3.97,9.61,10.83,18.58,1.75,2.67,0.08,0.0,249.42,0.25,0.0,0.0,0,0.007,3,3,1,1,1,0,0,PDF geometry only - not cross-checked,pdf_geometry,pdf_geometry,,2.2167,104.1667,Mersing Marine Park,singapore,9.44,1.19,0,0,0,0
2024,Mensirip,Johor,Sunda Shelf,,58.83,68.12,1,-9.29,-9.29,50.21,8.62,1.43,24.65,4.38,6.97,3.75,12.18,2.07,1.54,0.96,0.14,0.0,128.57,0.0,0.11,0.0,0,0.012,3,3,0,1,1,1,0,PDF geometry only - not cross-checked,pdf_geometry,pdf_geometry,,2.45,103.95,Mersing Marine Park,singapore,9.44,1.19,0,0,0,0
2024,Mertang,Johor,Sunda Shelf,6,69.58,68.54,1,1.04,1.04,50.21,19.37,1.56,15.52,2.5,2.19,8.65,8.58,2.58,0.29,0.71,0.0,0.0,148.29,0.04,0.0,0.04,0,0.002,3,3,1,1,1,1,1,"mixed - markdown primary, PDF filled gaps",markdown,pdf_geometry,map caption,2.46,103.98,Mersing Marine Park,singapore,9.44,1.19,0,0,0,0
2024,Pemanggil,Johor,Sunda Shelf,,47.5,46.25,1,1.25,1.25,50.21,-2.71,0.0,22.66,7.97,10.47,11.4,4.25,0.13,1.69,0.38,0.0,0.0,4.0,27.63,0.06,0.56,1,0.422,2,3,0,1,1,1,1,PDF geometry only - not cross-checked,pdf_geometry,pdf_geometry,,2.5833,104.3167,Mersing Marine Park,singapore,9.44,1.19,3,40,1,1
2024,Rawa,Johor,Sunda Shelf,9,56.53,59.31,1,-2.78,-2.78,50.21,6.32,1.18,22.92,9.51,7.22,2.64,5.67,1.36,1.72,0.86,0.22,0.03,71.19,0.0,0.03,0.03,0,0.024,3,3,1,1,0,1,1,"mixed - markdown primary, PDF filled gaps",markdown,pdf_geometry,map caption,2.5186,103.9747,Mersing Marine Park,singapore,9.44,1.19,2,85,2,1
2024,Sibu,Johor,Sunda Shelf,6,50.73,57.6,1,-6.87,-6.87,50.21,0.52,1.04,11.56,14.69,11.77,10.21,8.54,2.42,1.17,0.96,0.29,0.0,91.04,0.0,0.0,0.0,0,0.013,3,3,0,1,0,1,0,"mixed - markdown primary, PDF filled gaps",markdown,pdf_geometry,map caption,2.2167,104.0667,Mersing Marine Park,singapore,9.44,1.19,4,110,3,1
2024,Tengah,Johor,Sunda Shelf,11,47.95,48.69,1,-0.74,-0.74,50.21,-2.26,1.93,26.36,9.49,10.91,3.35,13.66,0.8,3.18,0.98,0.36,0.05,145.02,0.02,0.14,0.0,0,0.022,3,2,1,1,1,1,0,"mixed - markdown primary, PDF filled gaps",markdown,pdf_geometry,map caption,2.47,103.96,Mersing Marine Park,singapore,9.44,1.19,1,22,1,1
2024,Tinggi,Johor,Sunda Shelf,4,56.72,50.0,1,6.72,6.72,50.21,6.51,0.16,21.41,7.34,6.09,8.28,6.31,5.5,0.69,0.25,0.5,0.0,166.69,0.0,0.0,0.0,0,0.004,2,3,0,1,1,1,0,"mixed - markdown primary, PDF filled gaps",markdown,pdf_geometry,map caption,2.3,104.1167,Mersing Marine Park,singapore,9.44,1.19,2,35,1,1
2024,Payar,Kedah,Malacca Strait,5,49.13,64.0,1,-14.87,-14.87,36.36,12.77,3.38,28.5,10.0,5.25,3.75,6.0,13.2,5.05,2.15,1.05,0.0,10.8,0.0,0.05,0.0,0,0.468,3,3,0,0,0,1,0,"mixed - markdown primary, PDF filled gaps",markdown,pdf_geometry,map caption,6.0639,100.0417,Pulau Payar Marine Park,malacca_strait,13.64,1.29,0,0,0,1
2024,Malacca,Malacca,Malacca Strait,,33.16,34.61,1,-1.45,-1.45,36.36,-3.2,1.88,25.8,0.63,29.01,9.52,5.15,2.0,0.1,0.45,0.0,0.0,0.0,0.0,0.0,0.0,0,,3,3,0,0,0,1,0,PDF geometry only - not cross-checked,pdf_geometry,pdf_geometry,,2.05,102.3333,Pulau Besar / Pulau Undan Marine Park,west_gulf_of_thailand,15.12,1.27,1,30,1,1
2024,Port Dickson,Negeri Sembilan,Malacca Strait,,42.51,45.94,1,-3.43,-3.43,36.36,6.15,4.06,15.0,0.0,20.31,18.12,2.5,2.63,0.0,0.0,0.0,0.0,2.0,0.0,0.0,0.0,0,0.0,3,3,0,0,0,0,0,PDF geometry only - not cross-checked,pdf_geometry,pdf_geometry,,2.4833,101.85,Non-Park Fringing Reef,west_gulf_of_thailand,15.12,1.27,25,2000,2,1
2024,Seri Buat,Pahang,Sunda Shelf,,62.06,63.73,1,-1.67,-1.67,50.21,11.85,4.96,17.1,0.74,12.41,2.73,8.31,2.38,0.31,0.44,0.06,0.0,42.25,0.31,0.38,0.06,0,0.007,3,3,1,1,0,1,1,PDF geometry only - not cross-checked,pdf_geometry,pdf_geometry,,2.6833,104.1333,Tioman Marine Park Buffer,west_gulf_of_thailand,15.12,1.27,0,0,0,0
2024,Tioman,Pahang,Sunda Shelf,,58.29,64.62,1,-6.33,-6.33,50.21,8.08,0.6,21.83,5.42,9.45,4.43,6.24,0.53,1.9,1.13,0.07,0.07,45.18,9.07,1.19,0.49,1,0.042,3,3,1,1,1,1,1,PDF geometry only - not cross-checked,pdf_geometry,pdf_geometry,,2.7833,104.1667,Tioman Marine Park,singapore,9.44,1.19,38,1600,18,1
2024,Pangkor Laut,Perak,Malacca Strait,,51.89,53.75,1,-1.86,-1.86,36.36,15.53,0.0,15.0,2.5,22.49,8.12,4.5,1.0,0.5,0.0,0.25,0.0,88.25,0.0,0.0,0.0,0,0.006,3,2,1,1,1,0,0,PDF geometry only - not cross-checked,pdf_geometry,pdf_geometry,,4.1972,100.5472,Non-Park Reef (Perak),malacca_strait,13.64,1.29,1,140,1,1
2024,Sembilan,Perak,Malacca Strait,9,27.99,28.96,1,-0.97,-0.97,36.36,-8.37,4.51,23.54,15.49,15.49,12.99,2.72,1.94,1.56,0.17,0.11,0.06,98.39,0.06,0.0,0.0,0,0.016,3,2,1,1,1,0,0,"mixed - markdown primary, PDF filled gaps",markdown,pdf_geometry,map caption,4.0167,100.55,Pulau Sembilan State Park,malacca_strait,13.64,1.29,0,0,0,0
2024,Kapalai,Sabah,North Borneo,5,20.5,21.15,1,-0.65,-0.65,39.56,-19.06,0.75,39.5,19.0,14.38,5.88,5.75,0.75,1.7,0.4,0.05,0.05,26.9,0.1,0.45,0.0,0,0.063,2,2,1,1,1,1,0,"mixed - markdown primary, PDF filled gaps",markdown,pdf_geometry,map caption,4.225,118.6833,Non-Park Reef (Semporna),sabah,11.4,1.23,1,60,1,1
2024,Lahad Datu,Sabah,North Borneo,18,35.69,35.25,1,0.44,0.44,39.56,-3.87,0.73,30.8,13.65,14.93,4.2,1.36,1.64,1.81,0.13,0.0,0.0,127.21,0.0,0.44,1.79,1,0.014,2,2,1,1,1,1,1,"mixed - markdown primary, PDF filled gaps",markdown,pdf_geometry,map caption,5.0167,118.3333,Darvel Bay Reefs,sabah,11.4,1.23,2,40,2,1
2024,Lankayan,Sabah,North Borneo,12,49.53,47.58,1,1.95,1.95,39.56,9.97,1.72,20.83,3.23,15.0,9.69,3.69,6.58,0.52,0.15,0.02,0.02,0.88,0.71,0.58,0.06,0,0.591,2,3,0,1,1,1,1,"mixed - markdown primary, PDF filled gaps",markdown,pdf_geometry,map caption,6.5028,117.9239,Sugud Islands Marine Conservation Area (SIMCA),sabah,11.4,1.23,1,25,1,1
2024,Larapan,Sabah,Sulu Sea,5,58.5,56.38,1,2.12,2.12,39.56,18.94,1.75,17.75,4.88,6.63,10.5,4.7,4.85,4.45,0.1,0.55,0.0,0.35,0.0,0.15,0.1,0,12.714,2,2,1,1,1,1,1,"mixed - markdown primary, PDF filled gaps",markdown,pdf_geometry,map caption,4.5167,118.5833,Tun Sakaran Marine Park,sabah,11.4,1.23,0,0,0,0
2024,Mabul,Sabah,North Borneo,3,22.29,23.01,1,-0.72,-0.72,39.56,-17.27,1.88,46.04,20.73,7.5,1.56,6.63,16.96,1.33,0.0,0.38,0.21,38.17,0.42,0.29,0.04,0,0.035,3,2,1,1,1,1,1,"mixed - markdown primary, PDF filled gaps",markdown,pdf_geometry,map caption,4.2464,118.6294,Non-Park Reef (Semporna),sabah,11.4,1.23,8,350,8,1
2024,Mantanani,Sabah,North Borneo,,32.84,30.94,1,1.9,1.9,39.56,-6.72,0.58,29.37,6.96,26.27,3.98,2.19,0.5,9.15,0.23,0.23,0.02,6.75,0.0,0.25,0.0,0,1.356,2,2,1,1,1,1,0,PDF geometry only - not cross-checked,pdf_geometry,pdf_geometry,,6.7167,116.35,Mantanani Islands,sabah,11.4,1.23,5,140,4,1
2024,Mataking,Sabah,North Borneo,,26.89,36.58,1,-9.69,-9.69,39.56,-12.67,1.56,20.31,25.09,22.19,3.96,6.21,0.92,3.75,0.5,0.04,0.04,4.04,0.0,0.58,0.0,0,0.928,1,1,1,1,1,1,0,PDF geometry only - not cross-checked,pdf_geometry,pdf_geometry,,4.58,118.95,Non-Park Reef (Semporna),sabah,11.4,1.23,1,70,1,1
2024,Penyu,Sabah,Sulu Sea,,39.3,32.42,1,6.88,6.88,39.56,-0.26,1.8,20.55,4.1,28.97,5.28,2.0,0.67,1.19,0.36,0.14,0.14,2.22,0.17,0.14,0.06,0,0.536,3,2,0,1,1,1,1,PDF geometry only - not cross-checked,pdf_geometry,pdf_geometry,,6.1667,118.0667,Turtle Islands National Park,sabah,11.4,1.23,1,20,0,1
2024,Sipadan,Sabah,North Borneo,,63.29,56.88,1,6.41,6.41,39.56,23.73,0.0,11.67,3.23,21.35,0.47,7.17,0.92,6.19,3.15,1.65,0.06,0.25,0.33,0.38,0.0,0,24.76,1,3,0,1,1,0,0,PDF geometry only - not cross-checked,pdf_geometry,pdf_geometry,,4.1147,118.6289,Sipadan Island Park,sabah,11.4,1.23,0,0,0,1
2024,Tiga,Sabah,North Borneo,,22.67,33.39,1,-10.72,-10.72,39.56,-16.89,0.71,45.17,7.22,16.01,8.22,2.93,9.61,8.64,0.79,0.64,0.21,0.96,0.11,2.0,0.0,0,9.0,3,2,0,0,1,1,0,PDF geometry only - not cross-checked,pdf_geometry,pdf_geometry,,5.725,115.6417,Pulau Tiga National Park,sabah,11.4,1.23,2,45,1,1
2024,Tun Mustapha Park,Sabah,North Borneo,18,44.83,42.19,1,2.64,2.64,39.56,5.27,1.08,31.04,4.13,14.34,4.58,4.19,3.78,9.94,0.76,0.5,0.03,15.57,0.18,0.93,0.04,0,0.638,2,1,1,1,1,1,1,"mixed - markdown primary, PDF filled gaps",markdown,pdf_geometry,map caption,7.1,117.15,Tun Mustapha Park,sabah,11.4,1.23,5,40,2,1
2024,Tun Sakaran Marine Park,Sabah,North Borneo,12,55.78,45.83,1,9.95,9.95,39.56,16.22,0.47,15.16,6.15,20.47,1.98,4.99,4.96,6.6,1.13,0.04,0.06,3.0,0.02,0.38,0.0,0,2.2,1,3,1,1,1,1,1,"mixed - markdown primary, PDF filled gaps",markdown,pdf_geometry,map caption,4.6,118.7833,Tun Sakaran Marine Park,sabah,11.4,1.23,0,0,0,1
2024,Tunku Abdul Rahman Park,Sabah,North Borneo,,13.98,21.09,1,-7.11,-7.11,39.56,-25.58,0.16,27.8,1.8,53.92,2.34,1.91,0.44,2.28,0.38,0.03,0.03,48.72,0.0,1.5,0.06,0,0.047,3,2,1,1,1,1,1,PDF geometry only - not cross-checked,pdf_geometry,pdf_geometry,,5.9667,115.9833,Tunku Abdul Rahman Park,sabah,11.4,1.23,3,240,4,1
2024,Usukan Cove,Sabah,North Borneo,,32.44,25.73,1,6.71,6.71,39.56,-7.12,2.32,22.04,18.87,16.05,8.28,1.0,0.33,1.25,0.79,0.0,0.04,0.76,0.08,0.0,0.0,0,1.645,3,2,1,0,1,1,0,PDF geometry only - not cross-checked,pdf_geometry,pdf_geometry,,6.3833,116.4167,West Coast Sabah Coastal,sabah,11.4,1.23,1,20,1,1
2024,Bidong & Yu,Terengganu,Sunda Shelf,6,59.27,67.61,1,-8.34,-8.34,50.21,9.06,0.83,23.54,5.42,7.92,3.02,2.33,4.92,9.92,2.04,0.0,0.04,4.25,2.92,1.08,0.5,1,2.334,3,3,0,1,1,1,1,"mixed - markdown primary, PDF filled gaps",markdown,pdf_geometry,map caption,5.6167,103.05,Terengganu Marine Park,west_gulf_of_thailand,15.12,1.27,0,0,0,1
2024,Kapas,Terengganu,Sunda Shelf,,47.52,50.25,1,-2.73,-2.73,50.21,-2.69,2.39,28.63,11.52,5.57,4.38,3.35,5.7,7.15,3.9,1.3,0.25,19.0,5.25,0.1,0.05,0,0.376,2,2,0,1,1,1,1,PDF geometry only - not cross-checked,pdf_geometry,pdf_geometry,,5.2167,103.2667,Terengganu Marine Park,west_gulf_of_thailand,15.12,1.27,6,90,3,1
2024,Lang Tengah,Terengganu,Sunda Shelf,,36.71,55.48,1,-18.77,-18.77,50.21,-13.5,0.94,25.96,7.18,19.05,10.16,10.44,5.69,21.5,3.25,0.5,0.06,5.25,58.19,19.56,0.0,0,4.095,2,3,0,1,1,1,0,PDF geometry only - not cross-checked,pdf_geometry,pdf_geometry,,5.7917,102.8917,Terengganu Marine Park,west_gulf_of_thailand,15.12,1.27,4,210,4,1
2024,Perhentian,Terengganu,Sunda Shelf,10,39.19,40.25,1,-1.06,-1.06,50.21,-11.02,0.25,30.5,9.63,16.31,4.13,5.5,10.95,12.0,2.48,0.2,0.0,8.13,8.6,3.0,0.08,0,1.476,2,2,1,1,1,1,1,"mixed - markdown primary, PDF filled gaps",markdown,pdf_geometry,map caption,5.9,102.7333,Terengganu Marine Park,west_gulf_of_thailand,15.12,1.27,45,1200,22,1
2024,Redang,Terengganu,Sunda Shelf,12,29.17,34.31,1,-5.14,-5.14,50.21,-21.04,0.26,18.39,3.54,43.23,5.42,4.52,12.21,9.15,0.0,0.23,0.02,5.83,4.67,1.96,0.23,0,1.569,3,3,0,0,1,1,1,"mixed - markdown primary, PDF filled gaps",markdown,pdf_geometry,map caption,5.7667,103.0167,Terengganu Marine Park,west_gulf_of_thailand,15.12,1.27,16,1350,14,1
2024,Rhu,Terengganu,Sunda Shelf,,28.29,30.63,1,-2.34,-2.34,50.21,-21.92,5.95,15.89,38.94,9.44,1.49,8.56,0.0,0.5,0.13,0.06,0.0,14.19,0.0,1.06,0.0,0,0.035,3,3,0,0,0,1,0,PDF geometry only - not cross-checked,pdf_geometry,pdf_geometry,,5.8167,102.6167,Terengganu Marine Park,west_gulf_of_thailand,15.12,1.27,0,0,0,0
2024,Tenggol,Terengganu,Sunda Shelf,5,57.08,46.67,1,10.41,10.41,50.21,6.87,0.52,21.25,3.13,11.88,6.15,5.33,1.04,9.83,0.21,0.13,0.0,0.13,4.13,0.42,0.17,0,75.615,2,3,1,1,1,1,1,"mixed - markdown primary, PDF filled gaps",markdown,pdf_geometry,map caption,4.8,103.6833,Terengganu Marine Park,west_gulf_of_thailand,15.12,1.27,3,55,3,1
2025,Aur & Dayang,Johor,Sunda Shelf,,35.42,38.03,1,-2.61,-2.61,43.73,-8.31,0.31,24.26,9.89,14.9,15.21,4.42,0.21,14.42,0.38,0.29,0.0,0.0,4.71,0.63,0.0,0,,3,3,1,1,1,0,0,PDF geometry only - not cross-checked,pdf_geometry,pdf_geometry,,2.4481,104.5164,Mersing Marine Park,singapore,1.88,0.73,5,60,3,1
2025,Besar,Johor,Sunda Shelf,7,43.04,42.41,1,0.63,0.63,43.73,-0.69,1.52,21.61,16.43,7.05,10.36,5.79,2.57,0.25,1.43,1.68,0.0,26.18,0.04,0.0,0.0,0,0.01,3,3,1,1,1,1,0,"mixed - markdown primary, PDF filled gaps",markdown,pdf_geometry,map caption,2.4333,103.9667,Mersing Marine Park,singapore,1.88,0.73,4,120,2,1
2025,Gual,Johor,Sunda Shelf,6,45.31,55.76,1,-10.45,-10.45,43.73,1.58,0.83,40.73,3.54,3.96,5.63,7.88,0.96,1.04,1.17,0.21,0.08,111.42,0.0,0.0,0.0,0,0.009,2,3,0,1,1,1,0,"mixed - markdown primary, PDF filled gaps",markdown,pdf_geometry,map caption,2.4719,104.0167,Mersing Marine Park,singapore,1.88,0.73,0,0,0,0
2025,Harimau,Johor,Sunda Shelf,6,48.96,60.27,1,-11.31,-11.31,43.73,5.23,1.15,25.63,13.02,8.75,2.5,8.13,2.21,0.92,1.33,0.5,0.13,148.38,0.46,0.25,0.0,0,0.006,3,3,0,1,1,1,0,"mixed - markdown primary, PDF filled gaps",markdown,pdf_geometry,map caption,2.5083,103.9317,Mersing Marine Park,singapore,1.88,0.73,0,0,0,0
2025,Hujung,Johor,Sunda Shelf,6,41.77,46.6,1,-4.83,-4.83,43.73,-1.96,1.04,31.88,13.02,7.81,4.48,8.38,1.13,0.42,0.71,0.13,0.04,,2.54,0.17,,,,3,3,1,1,1,1,0,"mixed - markdown primary, PDF filled gaps",markdown,pdf_geometry,map caption,2.4833,103.9833,Mersing Marine Park,singapore,1.88,0.73,0,0,0,0
2025,Lima,Johor,Sunda Shelf,3,51.88,62.28,1,-10.4,-10.4,43.73,8.15,7.08,14.79,8.75,5.42,12.08,7.58,7.33,4.08,2.25,0.58,0.0,166.08,1.58,0.0,0.0,0,0.025,3,3,1,1,1,0,0,"mixed - markdown primary, PDF filled gaps",markdown,pdf_geometry,map caption,2.2167,104.1667,Mersing Marine Park,singapore,1.88,0.73,0,0,0,0
2025,Mensirip,Johor,Sunda Shelf,6,54.17,58.83,1,-4.66,-4.66,43.73,10.44,2.5,32.5,3.85,5.0,1.98,13.83,0.58,1.38,0.58,0.83,0.0,156.58,0.0,0.04,0.0,0,0.009,3,3,0,1,1,1,0,"mixed - markdown primary, PDF filled gaps",markdown,pdf_geometry,map caption,2.45,103.95,Mersing Marine Park,singapore,1.88,0.73,0,0,0,0
2025,Mertang,Johor,Sunda Shelf,6,58.33,69.58,1,-11.25,-11.25,43.73,14.6,0.42,8.13,5.94,22.5,4.69,8.25,0.96,2.0,0.79,0.21,0.0,123.25,0.0,0.0,0.0,0,0.016,3,3,1,1,1,0,0,"mixed - markdown primary, PDF filled gaps",markdown,pdf_geometry,map caption,2.46,103.98,Mersing Marine Park,singapore,1.88,0.73,0,0,0,0
2025,Pemanggil,Johor,Sunda Shelf,4,43.75,47.5,1,-3.75,-3.75,43.73,0.02,0.78,16.41,7.34,15.16,16.56,7.56,0.63,3.0,0.19,0.38,0.0,1.5,18.56,0.0,0.19,0,2.0,2,3,0,1,0,1,1,"mixed - markdown primary, PDF filled gaps",markdown,pdf_geometry,map caption,2.5833,104.3167,Mersing Marine Park,singapore,1.88,0.73,3,40,1,1
2025,Rawa,Johor,Sunda Shelf,6,48.85,56.53,1,-7.68,-7.68,43.73,5.12,1.04,35.52,8.02,2.19,4.38,6.5,2.54,1.04,0.25,0.33,0.08,86.96,0.17,0.0,0.0,0,0.012,2,3,0,1,1,1,0,"mixed - markdown primary, PDF filled gaps",markdown,pdf_geometry,map caption,2.5186,103.9747,Mersing Marine Park,singapore,1.88,0.73,2,85,2,1
2025,Sibu,Johor,Sunda Shelf,6,52.81,50.73,1,2.08,2.08,43.73,9.08,3.54,15.73,7.6,10.63,9.69,2.75,1.92,1.08,0.58,0.0,0.0,73.17,0.04,0.08,0.0,0,0.015,3,3,1,1,1,1,0,"mixed - markdown primary, PDF filled gaps",markdown,pdf_geometry,map caption,2.2167,104.0667,Mersing Marine Park,singapore,1.88,0.73,4,110,3,1
2025,Tengah,Johor,Sunda Shelf,6,45.73,47.95,1,-2.22,-2.22,43.73,2.0,1.56,30.73,5.52,10.94,5.52,12.46,0.88,0.21,0.42,0.08,0.0,200.96,0.0,0.0,0.0,0,0.001,2,3,0,1,1,1,0,"mixed - markdown primary, PDF filled gaps",markdown,pdf_geometry,map caption,2.47,103.96,Mersing Marine Park,singapore,1.88,0.73,1,22,1,1
2025,Tinggi,Johor,Sunda Shelf,4,52.5,56.72,1,-4.22,-4.22,43.73,8.77,1.25,16.25,6.88,11.41,11.72,4.19,2.13,1.75,0.69,0.06,0.0,67.88,0.06,0.0,0.0,0,0.026,3,3,1,1,1,1,0,"mixed - markdown primary, PDF filled gaps",markdown,pdf_geometry,map caption,2.3,104.1167,Mersing Marine Park,singapore,1.88,0.73,2,35,1,1
2025,Payar,Kedah,Malacca Strait,6,42.29,49.13,1,-6.84,-6.84,37.26,5.03,4.9,18.44,17.71,13.54,3.13,2.25,16.46,4.96,2.42,1.17,0.0,2.5,0.0,0.08,0.0,0,1.984,3,3,0,0,0,1,0,"mixed - markdown primary, PDF filled gaps",markdown,pdf_geometry,map caption,6.0639,100.0417,Pulau Payar Marine Park,malacca_strait,1.94,0.96,0,0,0,1
2025,Malacca,Malacca,Malacca Strait,,32.12,33.16,1,-1.04,-1.04,37.26,-5.14,1.75,22.88,1.13,28.13,14.0,3.0,0.85,0.0,0.1,0.1,0.0,0.0,0.0,0.0,0.0,0,,3,3,1,1,1,1,0,PDF geometry only - not cross-checked,pdf_geometry,pdf_geometry,,2.05,102.3333,Pulau Besar / Pulau Undan Marine Park,west_gulf_of_thailand,2.05,0.45,1,30,1,1
2025,Port Dickson,Negeri Sembilan,Malacca Strait,,35.01,42.51,1,-7.5,-7.5,37.26,-2.25,5.63,4.69,0.0,40.93,13.75,4.63,2.25,1.13,0.63,0.0,0.0,0.38,0.0,0.0,0.0,0,2.974,3,2,1,0,0,0,0,PDF geometry only - not cross-checked,pdf_geometry,pdf_geometry,,2.4833,101.85,Non-Park Fringing Reef,west_gulf_of_thailand,2.05,0.45,25,2000,2,1
2025,Seri Buat,Pahang,Sunda Shelf,4,54.22,62.06,1,-7.84,-7.84,43.73,10.49,1.09,23.75,4.22,14.38,2.34,13.69,0.81,1.69,0.88,0.06,0.06,36.5,0.31,0.56,0.0,0,0.046,3,3,1,1,1,0,0,"mixed - markdown primary, PDF filled gaps",markdown,pdf_geometry,map caption,2.6833,104.1333,Tioman Marine Park Buffer,west_gulf_of_thailand,2.05,0.45,0,0,0,0
2025,Tioman,Pahang,Sunda Shelf,18,42.99,58.29,1,-15.3,-15.3,43.73,-0.74,0.83,26.39,3.75,20.52,5.52,4.33,3.92,2.24,0.75,0.03,0.04,70.32,5.26,0.68,1.68,1,0.032,3,3,1,1,1,1,1,"mixed - markdown primary, PDF filled gaps",markdown,pdf_geometry,map caption,2.7833,104.1667,Tioman Marine Park,singapore,1.88,0.73,38,1600,18,1
2025,Kapalai,Sabah,North Borneo,,14.69,20.5,1,-5.81,-5.81,36.49,-21.8,1.25,34.9,30.1,15.21,3.85,5.96,3.04,0.5,0.08,0.04,0.0,16.29,0.13,0.13,0.0,0,0.031,1,1,1,1,1,1,0,PDF geometry only - not cross-checked,pdf_geometry,pdf_geometry,,4.225,118.6833,Non-Park Reef (Semporna),sabah,4.04,1.01,1,60,1,1
2025,Labuan,Sabah,North Borneo,,24.23,38.92,2,-14.69,-7.345,36.49,-12.26,0.94,20.78,14.52,1.72,37.81,2.75,1.75,6.06,0.56,0.0,0.0,0.81,0.75,1.81,0.0,0,7.481,3,3,0,0,0,0,0,PDF geometry only - not cross-checked,pdf_geometry,pdf_geometry,,5.3167,115.2167,Labuan Marine Park,sabah,4.04,1.01,12,850,4,1
2025,Lahad Datu,Sabah,North Borneo,18,41.42,35.69,1,5.73,5.73,36.49,4.93,0.83,30.1,16.91,6.39,4.34,2.72,0.33,1.06,0.07,0.01,0.03,136.29,0.03,0.1,0.33,1,0.008,3,3,1,1,1,1,1,"mixed - markdown primary, PDF filled gaps",markdown,pdf_geometry,map caption,5.0167,118.3333,Darvel Bay Reefs,sabah,4.04,1.01,2,40,2,1
2025,Lankayan,Sabah,North Borneo,15,51.04,49.53,1,1.51,1.51,36.49,14.55,2.08,21.13,4.08,15.0,6.67,3.12,2.87,0.2,0.15,0.1,0.02,0.98,2.23,1.82,0.07,0,0.204,2,2,0,0,1,1,1,"mixed - markdown primary, PDF filled gaps",markdown,pdf_geometry,map caption,6.5028,117.9239,Sugud Islands Marine Conservation Area (SIMCA),sabah,4.04,1.01,1,25,1,1
2025,Larapan,Sabah,Sulu Sea,5,50.88,58.5,1,-7.62,-7.62,36.49,14.39,0.5,29.88,1.75,9.88,7.13,1.45,0.2,2.0,0.0,0.1,0.0,0.0,0.0,0.05,0.1,0,,2,3,1,1,1,1,1,"mixed - markdown primary, PDF filled gaps",markdown,pdf_geometry,map caption,4.5167,118.5833,Tun Sakaran Marine Park,sabah,4.04,1.01,0,0,0,0
2025,Mabul,Sabah,North Borneo,6,26.56,22.29,1,4.27,4.27,36.49,-9.93,2.71,34.27,16.35,14.06,6.04,9.21,52.0,1.5,0.13,0.04,0.21,47.38,0.0,0.29,0.0,0,0.032,3,2,1,1,1,1,0,"mixed - markdown primary, PDF filled gaps",markdown,pdf_geometry,map caption,4.2464,118.6294,Non-Park Reef (Semporna),sabah,4.04,1.01,8,350,8,1
2025,Mantanani,Sabah,North Borneo,,22.55,32.84,1,-10.29,-10.29,36.49,-13.94,0.31,33.6,5.16,32.81,5.57,1.63,0.6,1.23,0.1,0.29,0.0,7.35,0.13,0.5,0.0,0,0.167,3,2,1,0,1,1,0,PDF geometry only - not cross-checked,pdf_geometry,pdf_geometry,,6.7167,116.35,Mantanani Islands,sabah,4.04,1.01,5,140,4,1
2025,Mataking,Sabah,North Borneo,6,28.75,26.89,1,1.86,1.86,36.49,-7.74,1.15,22.29,22.5,23.65,1.67,7.25,0.75,5.67,0.71,0.13,0.17,2.0,0.0,0.42,0.0,0,2.835,2,2,1,1,1,1,0,"mixed - markdown primary, PDF filled gaps",markdown,pdf_geometry,map caption,4.58,118.95,Non-Park Reef (Semporna),sabah,4.04,1.01,1,70,1,1
2025,Penyu,Sabah,Sulu Sea,,37.77,39.3,1,-1.53,-1.53,36.49,1.28,1.04,25.06,12.5,19.03,4.58,2.81,1.89,0.56,0.17,0.19,0.03,1.78,0.14,0.03,0.0,0,0.315,3,2,1,1,0,1,0,PDF geometry only - not cross-checked,pdf_geometry,pdf_geometry,,6.1667,118.0667,Turtle Islands National Park,sabah,4.04,1.01,1,20,0,1
2025,Sipadan,Sabah,North Borneo,12,55.21,63.29,1,-8.08,-8.08,36.49,18.72,0.31,24.74,4.43,11.67,3.65,7.96,1.71,6.83,2.79,2.02,0.06,0.0,0.0,0.42,0.0,0,,2,3,0,0,1,1,0,"mixed - markdown primary, PDF filled gaps",markdown,pdf_geometry,map caption,4.1147,118.6289,Sipadan Island Park,sabah,4.04,1.01,0,0,0,1
2025,Tiga,Sabah,North Borneo,7,21.52,22.67,1,-1.15,-1.15,36.49,-14.97,0.8,42.95,7.95,22.5,4.29,4.71,16.0,18.21,1.29,0.18,0.0,0.75,0.11,1.14,0.0,0,24.28,3,3,0,1,1,1,0,"mixed - markdown primary, PDF filled gaps",markdown,pdf_geometry,map caption,5.725,115.6417,Pulau Tiga National Park,sabah,4.04,1.01,2,45,1,1
2025,Tun Mustapha Park,Sabah,North Borneo,18,40.35,44.83,1,-4.48,-4.48,36.49,3.86,0.83,24.72,5.94,20.8,7.36,3.18,5.26,2.75,0.42,0.46,0.04,8.06,0.17,0.39,0.06,0,0.341,1,2,1,1,1,1,1,"mixed - markdown primary, PDF filled gaps",markdown,pdf_geometry,map caption,7.1,117.15,Tun Mustapha Park,sabah,4.04,1.01,5,40,2,1
2025,Tun Sakaran Marine Park,Sabah,North Borneo,12,51.77,55.78,1,-4.01,-4.01,36.49,15.28,1.15,20.83,7.45,15.21,3.59,4.6,0.75,5.48,0.25,0.13,0.0,2.98,0.13,1.77,0.25,0,1.839,1,2,1,1,0,1,1,"mixed - markdown primary, PDF filled gaps",markdown,pdf_geometry,map caption,4.6,118.7833,Tun Sakaran Marine Park,sabah,4.04,1.01,0,0,0,1
2025,Tunku Abdul Rahman Park,Sabah,North Borneo,,13.12,13.98,1,-0.86,-0.86,36.49,-23.37,0.08,41.24,14.15,24.85,6.56,2.47,2.13,2.94,0.44,0.13,0.0,57.25,0.03,2.41,0.0,0,0.051,3,3,1,1,1,1,0,PDF geometry only - not cross-checked,pdf_geometry,pdf_geometry,,5.9667,115.9833,Tunku Abdul Rahman Park,sabah,4.04,1.01,3,240,4,1
2025,Usukan Cove,Sabah,North Borneo,6,15.94,32.44,1,-16.5,-16.5,36.49,-20.55,0.73,36.46,5.73,23.96,17.19,0.83,0.79,0.63,0.13,0.17,0.0,0.46,0.13,0.0,0.0,0,1.37,3,2,1,1,1,1,0,"mixed - markdown primary, PDF filled gaps",markdown,pdf_geometry,map caption,6.3833,116.4167,West Coast Sabah Coastal,sabah,4.04,1.01,1,20,1,1
2025,Bidong & Yu,Terengganu,Sunda Shelf,6,48.02,59.27,1,-11.25,-11.25,43.73,4.29,0.83,27.4,4.79,9.48,9.48,3.04,35.92,3.63,2.13,0.08,0.17,2.5,2.13,1.0,0.46,1,1.452,2,3,0,1,1,1,1,"mixed - markdown primary, PDF filled gaps",markdown,pdf_geometry,map caption,5.6167,103.05,Terengganu Marine Park,west_gulf_of_thailand,2.05,0.45,0,0,0,1
2025,Kapas,Terengganu,Sunda Shelf,5,52.63,47.52,1,5.11,5.11,43.73,8.9,0.75,34.0,8.0,3.13,1.5,3.05,2.75,3.2,1.7,0.2,0.05,17.0,8.8,0.1,0.15,0,0.188,2,3,0,1,0,1,1,"mixed - markdown primary, PDF filled gaps",markdown,pdf_geometry,map caption,5.2167,103.2667,Terengganu Marine Park,west_gulf_of_thailand,2.05,0.45,6,90,3,1
2025,Lang Tengah,Terengganu,Sunda Shelf,4,26.72,36.71,1,-9.99,-9.99,43.73,-17.01,0.63,27.66,22.81,12.03,10.16,8.13,2.5,4.44,0.63,0.0,0.06,7.13,45.94,9.56,0.0,0,0.623,2,2,1,1,1,1,0,"mixed - markdown primary, PDF filled gaps",markdown,pdf_geometry,map caption,5.7917,102.8917,Terengganu Marine Park,west_gulf_of_thailand,2.05,0.45,4,210,4,1
2025,Perhentian,Terengganu,Sunda Shelf,10,32.44,39.19,1,-6.75,-6.75,43.73,-11.29,0.44,32.69,9.5,15.5,9.44,4.48,1.98,6.55,0.98,0.15,0.08,11.05,8.2,2.05,0.03,0,0.593,2,2,0,1,1,1,1,"mixed - markdown primary, PDF filled gaps",markdown,pdf_geometry,map caption,5.9,102.7333,Terengganu Marine Park,west_gulf_of_thailand,2.05,0.45,45,1200,22,1
2025,Redang,Terengganu,Sunda Shelf,12,25.89,29.17,1,-3.28,-3.28,43.73,-17.84,0.52,18.39,7.19,39.58,8.44,3.65,7.35,6.04,0.54,0.02,0.0,5.21,4.94,2.58,0.04,0,1.159,2,2,0,1,1,1,1,"mixed - markdown primary, PDF filled gaps",markdown,pdf_geometry,map caption,5.7667,103.0167,Terengganu Marine Park,west_gulf_of_thailand,2.05,0.45,16,1350,14,1
2025,Rhu,Terengganu,Sunda Shelf,3,27.92,28.29,1,-0.37,-0.37,43.73,-15.81,1.88,22.92,4.58,37.71,5.0,5.17,1.92,0.42,0.25,0.5,0.0,5.75,0.0,0.67,0.0,0,0.073,3,3,0,1,0,1,0,"mixed - markdown primary, PDF filled gaps",markdown,pdf_geometry,map caption,5.8167,102.6167,Terengganu Marine Park,west_gulf_of_thailand,2.05,0.45,0,0,0,0
2025,Tenggol,Terengganu,Sunda Shelf,6,54.17,57.08,1,-2.91,-2.91,43.73,10.44,0.1,14.27,6.35,18.13,6.88,6.0,5.25,9.13,0.75,0.13,0.0,0.88,2.71,0.58,0.04,0,10.375,2,3,0,1,1,1,1,"mixed - markdown primary, PDF filled gaps",markdown,pdf_geometry,map caption,4.8,103.6833,Terengganu Marine Park,west_gulf_of_thailand,2.05,0.45,3,55,3,1
