survey_year,n_sites,lcc_prev,years_since_prev,latitude,longitude,noaa_max_dhw,noaa_mean_ssta,dhw_peak_prev_year,prev_share_other,prev_share_sand,prev_share_disturb,prev_share_pollution,prev_fish_butterflyfish,prev_fish_snapper,prev_fish_parrotfish,prev_fish_grouper,prev_fish_sweetlips,prev_fish_moray_eel,prev_inv_diadema_urchin,prev_inv_sea_cucumber,prev_inv_giant_clam,prev_inv_crown_of_thorns,prev_grazer_ratio,prev_n_highvalue_fish_absent,prev_n_curio_inverts_absent,prev_lcc_change,prev_island_vs_region_pct,prev_impact_anchor,prev_impact_nets,prev_impact_trash,prev_impact_bleaching,prev_impact_cot,prev_cot_outbreak,ecoregion_Malacca Strait,ecoregion_North Borneo,ecoregion_Sunda Shelf
-0.38213361866090173,-0.44078769026107506,-0.051610956559705344,-0.20666365779240292,-1.3672521682480703,-0.6678686135794055,-0.9448797951313592,-0.1715908526554552,-0.9326724983330158,-0.4755347180656466,-0.24582325379845113,-0.6598951045869909,0.4352920271027934,-0.5209785533828919,-0.49375707991324197,0.2788933008602906,0.1920125927563055,-0.6509450984231425,0.5575899192679789,-0.6987343308143286,-0.054505274811900886,0.1767434116162705,0.5307551146952643,0.3254296547321211,-0.6379478838003826,0.6369833925109255,0.04308664904242647,-0.5948955372738086,0.0,0.0,0.0,0.0,0.0,1.0,0.0,0.0,1.0
-0.09304122889134941,-0.44078769026107506,-0.37815396828269393,-0.20666365779240292,-1.3672521682480703,-0.6678686135794055,-0.7886546057407594,-0.27746605961307624,-0.8944677127492319,-0.7309424103883266,-0.37496545865609676,-0.8684073121371474,2.2780973060901166,0.13226255268198667,-0.4805968090333724,0.6097171649787793,-0.0639783868393578,-0.6509450984231425,-0.5108288841070049,-0.703385929821173,0.116748533843673,-0.18087971356702556,0.8480684087492977,2.6818548422298094,0.7671525184941308,0.6369833925109255,-0.48870967853621605,-0.7784612739793605,0.0,0.0,1.0,0.0,0.0,1.0,0.0,0.0,1.0
0.1960511608782029,-0.44078769026107506,-0.6494013670365727,-0.20666365779240292,-1.3672521682480703,-0.6678686135794055,-0.9807347566308411,-0.8068420944011808,-0.7391015847085103,-0.8318935927327887,-0.30091704330216995,-0.5252125481092671,2.3188094779431423,-0.563439225277109,-0.48988641200739796,0.4722621791830692,0.2728518494707256,0.08064285614104046,0.1466596102776005,-0.704130185662268,0.437603370750093,-0.15852826824306954,1.0596106047853198,4.962259760643282,-0.6379478838003826,0.6369833925109255,-0.39611455326369943,-0.9306865190522572,0.0,1.0,1.0,1.0,0.0,1.0,0.0,0.0,1.0
0.4851435506477553,-0.44078769026107506,-0.49472309832568323,-0.20666365779240292,-1.3672521682480703,-0.6678686135794055,-0.9371965890957559,-0.5950916804859387,-0.9301255126274302,-0.8602541476852746,-0.4707979797822009,0.40370673835784343,2.0341412285501947,-0.8475991064153312,-0.47750027470869716,-0.3035430796300063,-0.0639783868393578,-0.6509450984231425,-0.5108288841070049,-0.7009670983376138,0.8057006376304644,-0.0467710416232895,0.9538395067673089,0.1407219351934548,0.7671525184941308,0.6369833925109255,0.3171181684300093,-1.0327669775129058,1.0,1.0,1.0,1.0,1.0,1.0,0.0,0.0,1.0
0.7742359404173076,-0.44078769026107506,-0.4558667216446866,-0.20666365779240292,-1.3672521682480703,-0.6678686135794055,-0.7143836140632611,-0.38334126657069667,-0.8868267556324749,-0.9218484650016445,-0.14772809293486955,0.020468101039729972,0.752685621392348,-0.7528791460359239,-0.44498666429960754,-0.361786717679036,-0.2862863428040129,-0.5338910256928733,-0.5108288841070049,-0.6909196444828299,0.68365769353109,0.1946245678754353,1.5091377713618672,-0.11659306433104451,0.7671525184941308,0.6369833925109255,0.12316891954838675,-1.2414051075245818,1.0,1.0,1.0,1.0,1.0,1.0,0.0,0.0,1.0
1.06332833018686,-0.44078769026107506,-0.751772974830736,-0.20666365779240292,-1.3672521682480703,-0.6678686135794055,1.3959369770491028,1.6282876656241005,-0.6652389992465281,-0.8344239245268624,-0.4804958306381925,0.3663878324512864,0.77517942726045,-0.3315386326240771,-0.4256333247703875,0.4256672687438454,-0.037031967934551116,-0.15346528931949807,-0.5108288841070049,-0.6940827318074841,0.8549115021866638,-0.0467710416232895,0.5307551146952643,0.14401303182403813,-0.6379478838003826,0.6369833925109255,-0.4374069739933352,-1.5897322859560925,1.0,1.0,1.0,1.0,1.0,1.0,0.0,0.0,1.0
1.3524207199564122,-0.44078769026107506,-0.5410518551376402,-0.20666365779240292,-1.3672521682480703,-0.6678686135794055,-0.5402309439229205,-0.8068420944011808,1.4334772221560044,-0.8903356821437147,-0.2874483555018671,0.4537216139681315,0.5919219617482179,-0.22048764459304782,-0.47053307247817794,-0.09852547369742182,-0.4277550420542479,-0.6509450984231425,-0.1820846369147022,-0.631193113234948,0.12659070675491285,-0.19876086982619032,0.2927701441547391,-0.17087584332437014,-0.6379478838003826,0.6369833925109255,0.4109645791791815,-1.0632120265274851,1.0,1.0,1.0,1.0,1.0,0.0,0.0,0.0,1.0
0.1960511608782029,-0.18890901011188932,-0.7547619268831203,-0.20666365779240292,-1.3772051805804693,-0.7440139840861434,-0.9807347566308411,-0.8068420944011808,-0.7391015847085103,-0.5530519707349333,0.175475608290647,0.30085486235221076,1.3526045610949564,0.8671587970049751,-0.3923455807801291,-0.3198512982837346,-0.2323935049943995,0.9292848834354928,0.3932177956718275,-0.0024829914698603146,-0.39110758837630466,-0.40886445587137676,-0.4740703164758417,-0.196026322513643,0.7671525184941308,0.6369833925109255,0.04308664904242647,-1.056943928200954,1.0,1.0,1.0,1.0,0.0,0.0,0.0,0.0,1.0
0.4851435506477553,-0.18890901011188932,-0.4080434888065372,-0.20666365779240292,-1.3772051805804693,-0.7440139840861434,-0.9371965890957559,-0.5950916804859387,-0.9301255126274302,-0.5493504931769079,0.2668352236216507,0.23026547623290913,0.7434595170219811,0.3902927895776137,-0.2762255436048089,-0.4526467930355223,-0.18523727191098788,1.134129510713464,1.215078413652584,0.022821707127373154,-0.39110758837630466,-0.40886445587137676,-0.4740703164758417,-0.1967170464978395,0.7671525184941308,0.6369833925109255,0.6386985359305061,-0.9288956338161055,1.0,1.0,1.0,1.0,0.0,0.0,0.0,0.0,1.0
0.7742359404173076,-0.18890901011188932,0.23308672642990289,-0.20666365779240292,-1.3772051805804693,-0.7440139840861434,-0.7143836140632611,-0.38334126657069667,-0.8868267556324749,0.6414552142559318,-0.08235737652020213,-0.874831469983678,0.7872198116097061,1.4877378477666097,-0.22048792576065526,-0.09619572817546057,-0.32670597116122285,0.40254155614928094,-0.1820846369147022,0.11380698370124942,-0.39110758837630466,-0.3775724324178384,-0.4740703164758417,-0.19541686017464607,0.7671525184941308,0.6369833925109255,1.131705013732824,-0.415807013658636,1.0,1.0,1.0,1.0,0.0,0.0,0.0,0.0,1.0
1.06332833018686,-0.44078769026107506,0.4004680413634259,-0.20666365779240292,-1.3772051805804693,-0.7440139840861434,1.3959369770491028,1.6282876656241005,-0.6652389992465281,-0.5270002967237328,0.2964737465860231,-0.5618474211836787,0.03570891903095872,1.2199089942800092,-0.21506899069247362,-0.2709266423225497,-0.2795497380778112,1.5438187652694064,-0.1820846369147022,0.31252329327364176,-0.39110758837630466,-0.4401564793249152,-0.4740703164758417,-0.19643263073964093,0.7671525184941308,-0.8310313134082928,0.33839002153315506,-0.2089597688831115,1.0,1.0,1.0,1.0,0.0,0.0,0.0,0.0,1.0
1.3524207199564122,-0.18890901011188932,-0.21376160540155573,-0.20666365779240292,-1.3772051805804693,-0.7440139840861434,-0.5402309439229205,-0.8068420944011808,1.4334772221560044,-0.728751129260394,1.3032859261518392,0.15592239043215886,0.622130845095994,0.5895313269274018,-0.41711785537753066,-0.003005907297013087,0.39411073454235557,1.865717465277647,-0.1820846369147022,-0.12268030980671936,-0.39110758837630466,-0.4222753230657504,-0.4740703164758417,-0.19391351973845364,0.7671525184941308,0.6369833925109255,-0.9704545870486334,-0.671008159810257,1.0,1.0,1.0,1.0,0.0,0.0,0.0,0.0,1.0
-1.8275955675086635,-0.44078769026107506,0.6918908664708986,-0.20666365779240292,0.7636339720518674,-0.8709968131629614,-0.6452347597428318,-1.9185317674562004,-0.6346751707795009,-0.16333907750120663,-1.2185852136029578,-0.02744647355864791,0.4252351092002437,-0.31847381050277956,-0.16784684224117677,-0.34314875350334645,0.38737412981615393,-0.5338910256928733,0.8863341664602815,-0.6862680454759855,-0.054505274811900886,-0.10488479946557512,0.7422973107312866,-0.13365800982295825,0.7671525184941308,-0.8310313134082928,0.04308664904242647,-0.1623967527431666,1.0,0.0,1.0,0.0,1.0,1.0,0.0,0.0,1.0
-1.5385031777391112,-0.44078769026107506,0.6956270565363788,-0.20666365779240292,0.7636339720518674,-0.8709968131629614,-1.0217118554873919,-1.9185317674562004,-0.5964703851957168,-0.12389473220750533,-1.150834200627133,-0.029805247346763902,-0.9170123767921092,-0.7920736123998166,1.4771870177425253,0.34645592099716505,0.6366285046856157,-0.6509450984231425,0.1466596102776005,-0.6970597551718646,-0.17851665349352333,-0.028889885364124686,0.9538395067673089,0.24136448277314607,0.7671525184941308,-0.8310313134082928,0.06435850214557216,-0.13374258896473898,0.0,0.0,1.0,1.0,0.0,1.0,0.0,0.0,1.0
-1.2494107879695588,-0.44078769026107506,1.2874395629084776,-0.20666365779240292,0.7636339720518674,-0.8709968131629614,0.8350629364500644,0.940098820399565,-0.9708772839167997,-0.05050116403759375,-0.9613516076289019,-0.1674169496209434,-0.5914511025498288,-0.37073309898796986,0.5900299337230793,0.26957431877244586,0.2728518494707256,-0.6509450984231425,0.1466596102776005,-0.6940827318074841,-0.23560125637871462,-0.27028549486284953,4.920255682442726,0.09708443172127539,-0.6379478838003826,0.6369833925109255,1.0491201722735524,0.4160591785338411,1.0,0.0,1.0,1.0,0.0,1.0,0.0,0.0,1.0
-0.9603183982000064,-0.44078769026107506,0.6029695429124647,-0.20666365779240292,0.7636339720518674,-0.8709968131629614,-1.0217118554873919,-0.5950916804859387,0.8756873526327588,-0.18495725154181145,-1.0769593594326305,1.0064411715173007,-0.5842122127683154,-0.4654530593673773,0.6775070283951539,-0.5178796676504356,-0.037031967934551116,-0.6509450984231425,-0.5108288841070049,-0.6708247367732623,-0.11158987769709218,-0.18087971356702556,3.1750325651455427,-0.179408316070327,-0.6379478838003826,0.6369833925109255,-1.0880754218542625,-0.1740375067781528,0.0,0.0,0.0,0.0,0.0,1.0,0.0,0.0,1.0
-0.6712260084304541,-0.44078769026107506,0.2286032983513262,-0.20666365779240292,0.7636339720518674,-0.8709968131629614,-0.9832958253093755,-1.4420933361469064,-0.9708772839167997,-0.2590055981427572,-1.2196095884361022,1.6252456392185077,-0.899530854570132,0.02121156465095735,0.8292372103042389,-0.45963602960140587,-0.3469157853398279,-0.6509450984231425,-0.1820846369147022,-0.6924081561650202,-0.13717952726631585,-0.10488479946557512,2.725505398568995,-0.13235782349976483,-0.6379478838003826,0.6369833925109255,-0.5687919490421763,-0.49908317713969125,1.0,1.0,1.0,0.0,0.0,1.0,0.0,0.0,1.0
-0.38213361866090173,-0.44078769026107506,0.5013451731313968,-0.20666365779240292,0.7636339720518674,-0.8709968131629614,-0.9448797951313592,-0.1715908526554552,-0.9326724983330158,0.8132299387121368,-1.1103149791690974,-0.8700280671342583,0.1989184707436679,-0.27601313860856247,1.406740861856164,-0.2732563878445109,-0.14481764355377783,-0.6509450984231425,-0.5108288841070049,-0.6576141955938242,-0.3163070742508816,1.7592257405523557,1.7206799673978896,-0.1677879008067857,0.7671525184941308,0.6369833925109255,0.5148212737415987,0.0677320001023303,1.0,1.0,1.0,0.0,0.0,1.0,0.0,0.0,1.0
-0.09304122889134941,-0.44078769026107506,-0.05086371854660888,-0.20666365779240292,0.7636339720518674,-0.8709968131629614,-0.7886546057407594,-0.27746605961307624,-0.8944677127492319,1.5981008180185539,-1.3150253476556277,-0.8080167119805508,2.490880159306131,0.24004733518269167,0.614802208320481,-0.021643871472702605,-0.0639783868393578,-0.5338910256928733,-0.5108288841070049,-0.6218899152212592,-0.08009492438112455,0.06498618499649046,1.5091377713618672,-0.17087584332437014,-0.6379478838003826,-0.8310313134082928,-0.8665978924862161,-0.3862574072621325,0.0,1.0,1.0,1.0,0.0,1.0,0.0,0.0,1.0
0.1960511608782029,-0.44078769026107506,0.10306731215118409,-0.20666365779240292,0.7636339720518674,-0.8709968131629614,-0.9807347566308411,-0.8068420944011808,-0.7391015847085103,-0.5991841876589791,-1.1360000642251422,-1.2009266678864632,4.475562022236044,-0.41319377088218695,1.9354740977944556,0.25093635459675634,-0.0639783868393578,-0.6509450984231425,0.1466596102776005,-0.6684059052897031,0.028168977642514068,-0.06912248694724553,1.8528938399204038,-0.11224556631286647,0.7671525184941308,0.6369833925109255,0.3158668829533537,-0.02897580264986295,0.0,1.0,0.0,1.0,0.0,1.0,0.0,0.0,1.0
0.4851435506477553,-0.44078769026107506,0.7658674297674111,-0.20666365779240292,0.7636339720518674,-0.8709968131629614,-0.9371965890957559,-0.5950916804859387,-0.9301255126274302,-0.7809010145824128,-0.33208408011644414,-0.45919547485935075,0.10242148544200748,-0.18129317822915506,6.093345562252085,-0.1684178393562574,0.468213386530574,-0.6509450984231425,-0.5108288841070049,-0.6537068524280748,-0.12930578893732395,-0.0467710416232895,0.186999046136728,-0.16344040278860772,0.7671525184941308,0.6369833925109255,1.167992292555837,0.4778447191810757,1.0,1.0,0.0,1.0,1.0,0.0,0.0,0.0,1.0
0.7742359404173076,-0.44078769026107506,1.3651523162704702,-0.20666365779240292,0.7636339720518674,-0.8709968131629614,-0.7143836140632611,-0.38334126657069667,-0.8868267556324749,-0.28232385982346636,-0.9999127088789201,-1.1207009216437966,-0.6573121022355651,-0.11270286209234281,0.33533998551854377,0.8520106992627428,0.2728518494707256,-0.6509450984231425,0.1466596102776005,-0.6419848229308269,-0.10371613936810027,0.2885006382360505,0.39854124217275033,-0.11720252667004141,0.7671525184941308,0.6369833925109255,1.0616330270401086,0.940788552726297,1.0,1.0,1.0,1.0,1.0,1.0,0.0,0.0,1.0
1.06332833018686,-0.44078769026107506,1.6692781876005764,-0.20666365779240292,0.7636339720518674,-0.8709968131629614,1.3959369770491028,1.6282876656241005,-0.6652389992465281,-0.6056802607249455,-0.3420081531902732,-0.7340837553025151,0.002449863254920688,-0.7528791460359239,0.5420336516906138,-0.4200303557280657,-0.11787122464897112,1.046338956165762,-0.1820846369147022,-0.5900729780144436,0.15808566007088048,0.11862965377398492,1.5091377713618672,-0.18960665254287543,-0.6379478838003826,0.6369833925109255,0.5673752637611352,1.3115017966097045,0.0,1.0,1.0,1.0,1.0,1.0,0.0,0.0,1.0
1.3524207199564122,-0.44078769026107506,1.0460816846784426,-0.20666365779240292,0.7636339720518674,-0.8709968131629614,-0.5402309439229205,-0.8068420944011808,1.4334772221560044,-0.583339546038295,-0.26758637678660124,-0.425928772837571,-0.3901394622295789,-0.8900597783095483,-0.11907642662754232,1.599859011812284,0.8050436228406573,-0.6509450984231425,-0.1820846369147022,-0.6257972583870085,0.18367530964010415,0.04263473967253454,0.8480684087492977,-0.1030223695827131,0.7671525184941308,0.6369833925109255,-0.9854700127685009,0.8387080942656487,0.0,1.0,1.0,1.0,1.0,1.0,0.0,0.0,1.0
0.7742359404173076,0.3148483501864822,0.8719752276270546,-0.20666365779240292,-1.3512466484162395,-0.737087899812291,-0.7143836140632611,-0.38334126657069667,-0.8868267556324749,-0.45627809196155644,0.7196976457693817,-0.02982679075699264,-0.39058209947866435,0.9259504965508141,-0.4805968090333724,-0.1101742013072277,0.5557892479711957,-0.6509450984231425,-0.26427069871277786,0.3664818417530366,-0.39110758837630466,-0.4043941668065856,-0.4740703164758417,-0.196026322513643,0.7671525184941308,0.6369833925109255,0.04308664904242647,0.34979642479622725,1.0,1.0,0.0,1.0,0.0,0.0,0.0,0.0,1.0
1.06332833018686,0.3148483501864822,0.6702209640911122,-0.20666365779240292,-1.3512466484162395,-0.737087899812291,1.3959369770491028,1.6282876656241005,-0.6652389992465281,-0.5686162757821244,0.2185458294414365,-0.5787724554118975,-0.24461232110415054,1.2264414053406585,-0.4078282524035051,0.0785351859716285,0.46147678180437235,0.31475100160157904,-0.26427069871277786,0.6228779790102994,-0.38520228462956074,-0.4043941668065856,-0.4740703164758417,-0.1959044300458436,-0.6379478838003826,0.6369833925109255,-0.27974500393472596,0.11429501624227517,1.0,1.0,1.0,1.0,0.0,0.0,0.0,0.0,1.0
1.3524207199564122,-0.44078769026107506,0.7838011420817167,-0.20666365779240292,-1.3512466484162395,-0.737087899812291,-0.5402309439229205,-0.8068420944011808,1.4334772221560044,-0.6697353779779189,0.6891434322946778,-0.5586439298749988,-0.7632366554383081,1.017404251399897,-0.43724532848791947,0.2602553366846011,-0.11787122464897112,-0.6509450984231425,-0.26427069871277786,0.5475220750994203,-0.39110758837630466,-0.4401564793249152,-0.4740703164758417,-0.19533559852944646,0.7671525184941308,0.6369833925109255,0.2482974672139497,0.5244077353210206,0.0,1.0,1.0,1.0,0.0,0.0,0.0,0.0,1.0
0.7742359404173076,-0.18890901011188932,0.5469266919302584,-0.20666365779240292,-1.3267676180852046,-0.7488622430778399,-0.7143836140632611,-0.38334126657069667,-0.8868267556324749,-0.5094484502833462,0.8097363799768009,-0.6982866690656158,-0.3434544566858931,1.6608467408738028,-0.35054236739701383,0.45362421500737965,0.2997982683755323,-0.4461004711451713,0.06447354847952486,0.8893215701223461,0.5025617119642761,-0.34628040896429996,-0.4740703164758417,-0.19549812181984566,0.7671525184941308,0.6369833925109255,0.04308664904242647,-0.03972111406677331,1.0,1.0,1.0,1.0,0.0,0.0,0.0,0.0,1.0
1.06332833018686,-0.18890901011188932,1.407744883016947,-0.20666365779240292,-1.3267676180852046,-0.7488622430778399,1.3959369770491028,1.6282876656241005,-0.6652389992465281,-0.458163304223823,0.07981705744295443,0.5309612043091705,-0.22226866956756425,2.245497530801869,-0.17636231163403362,-0.11949318339507246,0.2728518494707256,0.08064285614104046,0.3932177956718275,1.6681853078283708,-0.21591691055623485,-0.2971072292515967,-0.3682992184578305,-0.19704209307863788,0.7671525184941308,0.6369833925109255,1.499582943869579,0.9980968802831524,1.0,1.0,1.0,1.0,0.0,0.0,0.0,0.0,1.0
1.3524207199564122,-0.44078769026107506,1.120805485988051,-0.20666365779240292,-1.3267676180852046,-0.7488622430778399,-0.5402309439229205,-0.8068420944011808,1.4334772221560044,-0.4241193104573387,1.027522107995083,-0.46679153749074936,-0.4320463455285647,1.520399903069854,-0.2677100742119521,-0.09619572817546057,0.609682085780809,-0.329046398414902,0.3932177956718275,1.3332701793355748,-0.30646490133964177,-0.40886445587137676,-0.3682992184578305,-0.19687956978823867,0.7671525184941308,-0.8310313134082928,-0.42239154827346764,0.9282523560732351,1.0,1.0,1.0,1.0,1.0,0.0,0.0,0.0,1.0
0.7742359404173076,0.3148483501864822,0.591760972716023,-0.20666365779240292,-1.3435801389169597,-0.7417145241072246,-0.7143836140632611,-0.38334126657069667,-0.8868267556324749,0.9514916435603661,0.4797737370082518,-0.9767718575352768,-0.22107358331449717,2.294490613756735,-0.3815077106437658,-0.3804246818547255,-0.1785006671847862,0.25622396523644436,-0.5108288841070049,3.3585763869156215,-0.05844214397639684,-0.36416156522346477,-0.4740703164758417,-0.1975702937724352,0.7671525184941308,0.6369833925109255,0.04308664904242647,0.014005443017778493,1.0,1.0,1.0,1.0,0.0,0.0,0.0,0.0,1.0
1.06332833018686,0.3148483501864822,0.7890318081733894,-0.20666365779240292,-1.3435801389169597,-0.7417145241072246,1.3959369770491028,1.6282876656241005,-0.6652389992465281,-0.6119398448243871,0.6168350925225429,-0.11831614411966943,-0.34835208763667463,2.6145787557285254,-0.4418901299749323,-0.15210962070252912,-0.19197387663718948,-0.41683695296260403,-0.26427069871277786,3.2716845174677687,-0.29859116301064986,-0.41333474493616795,-0.4740703164758417,-0.197407770482036,0.7671525184941308,0.6369833925109255,0.3884414405993802,0.2566703925163375,1.0,1.0,1.0,1.0,0.0,0.0,0.0,0.0,1.0
1.3524207199564122,-0.44078769026107506,0.09933112208570388,-0.20666365779240292,-1.3435801389169597,-0.7417145241072246,-0.5402309439229205,-0.8068420944011808,1.4334772221560044,-0.36289257970400823,-0.03439582827658643,-0.44004768607024214,-0.598522315937198,2.3140878469386816,-0.35363890172168905,-0.05193056325819802,-0.023558758482147765,-0.5631545438754406,0.1466596102776005,3.3524362762265874,-0.28087525177041806,-0.3775724324178384,-0.4740703164758417,-0.19732650883683642,0.7671525184941308,0.6369833925109255,-1.096834420190852,-0.2958177028364702,1.0,1.0,1.0,1.0,0.0,0.0,0.0,0.0,1.0
-1.2494107879695588,-0.9445450505594466,-2.812655414949736,-0.20666365779240292,-0.1722854376102622,1.2945542524054987,1.6725323943308203,0.4636603890902704,-0.033586544261299665,0.07521911756874441,1.4099099955741234,-0.3459905261530806,-0.7311065139227959,0.8148995085197848,-0.0935300184489719,-0.2220019863613647,-0.0639783868393578,0.5195956288795504,3.5984742057967787,-0.5504413544761294,-0.39110758837630466,-0.1495876901134871,-0.4740703164758417,-0.18757511141288571,-0.6379478838003826,-0.8310313134082928,0.04308664904242647,-2.899764836201081,0.0,0.0,0.0,0.0,0.0,0.0,0.0,1.0,0.0
-0.9603183982000064,-0.9445450505594466,-2.5414080161958577,-0.20666365779240292,-0.1722854376102622,1.2945542524054987,0.6942041591306712,0.41072278561145986,1.708551678359249,0.5123115265056244,1.961207326887261,-0.6453059335350915,-0.009787190111208396,0.716913342610053,-0.43724532848791947,0.1484275516304641,0.9060926937336823,-0.09493825295436346,1.0507062900564328,-0.529230063004919,-0.39110758837630466,-0.21664202608535513,-0.4740703164758417,-0.18196805789411405,-0.6379478838003826,0.6369833925109255,0.5123187027882875,-2.2389281840610935,1.0,0.0,1.0,1.0,0.0,0.0,0.0,1.0,0.0
-0.6712260084304541,-0.44078769026107506,-2.425586124165964,-0.20666365779240292,-0.1722854376102622,1.2945542524054987,-0.5837691114580057,-0.27746605961307624,0.7356031388255508,0.5055116154410076,0.884990719062401,-0.21486721671116568,0.02588088712028585,0.6548554375338894,-0.21429485711130483,-0.21501274979548118,-0.10439801519656786,-0.2705193620497674,2.612241464219871,-0.5083908994542561,-0.39110758837630466,-0.24346376047410237,-0.4740703164758417,-0.18964728336547523,-0.6379478838003826,-2.2990460193275113,0.2520513236439166,-2.0920755946966523,0.0,1.0,1.0,0.0,0.0,0.0,0.0,1.0,0.0
-0.38213361866090173,-0.44078769026107506,-2.004891122792869,-0.20666365779240292,-0.1722854376102622,1.2945542524054987,0.9605553016982511,-0.06571564569783417,-0.5353427282616625,0.41095213299003797,0.517612373252406,0.3556780172907568,-0.5355302865056643,0.4327534614718308,0.26102316172633894,-0.17773682144410216,-0.14481764355377783,-0.41683695296260403,3.9272184529890817,-0.23227198240797317,-0.38323385004731275,-0.19876086982619032,-0.3682992184578305,-0.19419793549665224,-0.6379478838003826,-3.7670607252467296,0.7625757981194133,-1.5771960893030308,1.0,0.0,1.0,1.0,0.0,0.0,0.0,1.0,0.0
-0.09304122889134941,-0.9445450505594466,-2.2858526157169967,-0.20666365779240292,-0.1722854376102622,1.2945542524054987,0.9938491945191986,0.7812860099631335,1.000489652206453,1.189567616803954,0.19161639260537078,0.23412789679514676,-0.1797109280740368,0.9618787573843826,0.5745472620997034,-0.1101742013072277,-0.3469157853398279,-0.15346528931949807,4.995637256364065,-0.04825472569720912,-0.39110758837630466,-0.12276595572473993,-0.3682992184578305,-0.1948886594808487,-0.6379478838003826,-3.7670607252467296,-0.4123812644602226,-1.4876518274954444,1.0,0.0,1.0,1.0,0.0,0.0,0.0,1.0,0.0
0.1960511608782029,-0.44078769026107506,-2.0982958744298794,-0.20666365779240292,-0.1722854376102622,1.2945542524054987,-0.46339888356688774,0.5165979925690809,1.0336004663790659,0.03689782058150802,-0.3140854592799554,0.8806380492279041,0.05057047998148218,1.0435338956424924,-0.4418901299749323,-0.5807827967433876,-0.48164787986386126,-0.6509450984231425,2.0369390316333407,0.5289156790720427,-0.39110758837630466,-0.13170653385432235,-0.4740703164758417,-0.1975296629498354,-0.6379478838003826,-2.2990460193275113,0.372174729402857,-1.6944990722709687,1.0,1.0,1.0,1.0,0.0,0.0,0.0,1.0,0.0
0.4851435506477553,-0.44078769026107506,-2.020583121067887,-0.20666365779240292,-0.1722854376102622,1.2945542524054987,-0.7860935370622251,-0.012778042219023653,-0.4156344000991393,-0.4455816306624884,-0.26082172205172865,0.40483098720126925,0.6161371504005893,-0.18129317822915506,-0.2576463376567577,-0.7019295638853693,-0.5153309034948697,-0.6509450984231425,0.8863341664602815,-0.3535856845064749,-0.38323385004731275,-0.2926369401868055,-0.4740703164758417,-0.19777344788543416,-2.043048286094896,-2.2990460193275113,0.1882357643344795,-1.8771693663584448,1.0,1.0,1.0,1.0,0.0,0.0,0.0,1.0,0.0
0.7742359404173076,-0.44078769026107506,-1.5692513611578522,-0.20666365779240292,-0.1722854376102622,1.2945542524054987,1.2064178948375555,1.0989116308359965,-0.7365545990029247,1.3342481167450784,0.9553942417325907,-0.5273312025346159,-0.45428876273871294,0.4164224338202089,1.8905743500866647,-0.38974366394257026,-0.4008086231494412,0.08064285614104046,2.2013111552294924,0.1231101817149382,-0.3497704621490972,-0.19876086982619032,-0.4740703164758417,-0.19659515403004013,-0.6379478838003826,-2.2990460193275113,0.8138785026622942,-1.6774856625275272,1.0,1.0,1.0,1.0,0.0,0.0,0.0,1.0,0.0
1.06332833018686,-0.6926663704102608,-1.8023896212438304,-0.20666365779240292,-0.1722854376102622,1.2945542524054987,1.8979064380418498,1.8400380795393425,1.24500027994267,-0.7361742302956971,0.11800691380438398,-0.4562000876265726,-0.31685958604771713,-0.6581591856565164,-0.4194402561210371,-0.38974366394257026,-0.3469157853398279,-0.03641121658922885,0.1466596102776005,-0.17068481155735343,-0.3576442004780891,-0.21664202608535513,-0.4740703164758417,-0.1959044300458436,-0.6379478838003826,-2.2990460193275113,-0.3322989939542624,-1.4930244832038995,1.0,1.0,1.0,1.0,0.0,0.0,0.0,1.0,0.0
1.3524207199564122,-0.44078769026107506,-1.850960092095076,-0.20666365779240292,-0.1722854376102622,1.2945542524054987,0.012959890640514787,0.6754108030055125,1.9326864204507819,-0.7811141173081378,0.7526838259887189,-0.5229616100527774,-0.3919676501566358,0.22698251306139408,-0.4418901299749323,-0.3151918072398122,-0.2997595522564162,-0.5046275075103059,-0.09989857511662652,-0.20436238836690684,-0.3714232425538249,-0.23899347140931115,-0.4740703164758417,-0.1952949677068467,-0.6379478838003826,-0.8310313134082928,-0.023231481220321894,-1.6792765477636789,1.0,1.0,1.0,1.0,0.0,0.0,0.0,1.0,0.0
-2.1166879572782156,-0.44078769026107506,0.9833136915783713,-0.20666365779240292,0.49463363874379007,-0.8409791639200829,-0.683650789920848,-1.018592508316423,-0.9326724983330158,-0.18487511281701585,0.2806408559637711,-0.26345073685815534,-0.8324759412255508,-0.26294831648726485,-0.4186661225398683,0.8263834985211695,0.13811975494669226,0.3732780379667136,-0.09989857511662652,-0.7048744415033631,-0.3025280321751458,1.7726366077467293,-0.4740703164758417,-0.19192260943106373,-0.6379478838003826,0.6369833925109255,0.04308664904242647,0.18682586830642012,0.0,0.0,0.0,0.0,1.0,0.0,0.0,0.0,1.0
-1.8275955675086635,-0.9445450505594466,0.9833136915783713,-0.20666365779240292,0.49463363874379007,-0.8409791639200829,-0.6452347597428318,-1.9185317674562004,-0.6346751707795009,-0.25877367870372264,-0.22819154776221162,-0.1620987458502276,-0.28781305632009296,-0.26294831648726485,-0.4186661225398683,0.8263834985211695,0.13811975494669226,0.3732780379667136,-0.09989857511662652,0.19009320741349744,0.5832675298364433,-0.37310214335304714,0.7158545362267837,-0.19228828683446186,-0.6379478838003826,0.6369833925109255,0.058102074762294016,0.18682586830642012,0.0,0.0,0.0,0.0,1.0,1.0,0.0,0.0,1.0
-1.5385031777391112,-0.6926663704102608,0.8674917995484784,-0.20666365779240292,0.49463363874379007,-0.8409791639200829,-1.0217118554873919,-1.9185317674562004,-0.5964703851957168,0.15891746100258883,-0.3632303428549025,-0.5210721695298058,-0.16645128673018625,0.20738527987944785,-0.3884749128742851,0.09018391358143439,-0.2728131333516095,-0.47536398932773866,-0.5108288841070049,-0.6898032607211873,0.8509746330221678,-0.4401564793249152,0.186999046136728,-0.025295605949306015,0.7671525184941308,0.6369833925109255,-0.13584717411932853,0.0722092131927096,0.0,0.0,0.0,1.0,1.0,0.0,0.0,0.0,1.0
-1.2494107879695588,-0.6926663704102608,0.6246394452922511,-0.20666365779240292,0.49463363874379007,-0.8409791639200829,0.8350629364500644,0.940098820399565,-0.9708772839167997,-0.3167951857602094,0.6306032312524746,-0.5632368729076769,-0.8332951889309246,0.5046099831389673,-0.174814044471696,0.01097256583475405,-0.09766141047036618,-0.6509450984231425,-0.5108288841070049,-0.01922874789450009,0.9474279275523186,-0.3954535886770032,0.186999046136728,-0.194441720432251,0.7671525184941308,0.6369833925109255,-0.34856570515078555,-0.3781984236994497,1.0,1.0,1.0,1.0,1.0,0.0,0.0,0.0,1.0
-0.9603183982000064,-0.6926663704102608,0.3631061407086217,-0.20666365779240292,0.49463363874379007,-0.8409791639200829,-1.0217118554873919,-0.5950916804859387,0.8756873526327588,-0.04591838623957435,0.4301962405133236,-0.8122071471898927,1.8184243978758174,0.40662381722923563,-0.4341487941632443,-0.10551471026330533,0.17180277857770063,-0.06567473477179611,-0.5108288841070049,0.04775427780405914,0.2683179966767671,-0.12723624478953113,2.302421006496951,-0.1952543368842469,-0.6379478838003826,0.6369833925109255,-0.37984784206717626,-0.461474587180505,1.0,0.0,0.0,1.0,1.0,1.0,0.0,0.0,1.0
-0.6712260084304541,-0.6926663704102608,0.3541392845514683,-0.20666365779240292,0.49463363874379007,-0.8409791639200829,-0.9832958253093755,-1.4420933361469064,-0.9708772839167997,-0.25877367870372264,-0.22819154776221162,-0.1620987458502276,-0.28781305632009296,-0.3119413994421309,-0.47285547322168436,-0.2220019863613647,-0.030295363208349437,-0.21199232568463278,-0.09989857511662652,-0.2220384645929155,0.9769544462860383,-0.37310214335304714,1.1124961537943254,-0.19456361290005036,0.7671525184941308,0.6369833925109255,0.04308664904242647,-0.34864881730294617,0.0,1.0,1.0,0.0,0.0,1.0,0.0,0.0,1.0
-0.38213361866090173,-0.6926663704102608,-0.029193816166822505,-0.20666365779240292,0.49463363874379007,-0.8409791639200829,-0.9448797951313592,-0.1715908526554552,-0.9326724983330158,-0.21410155437220013,0.06688058333116424,-1.1018215081423395,-0.938850081366129,-0.24661728883564296,-0.40318345091649227,0.26724457325048473,0.5423160385187923,-0.5046275075103059,-0.5108288841070049,-0.3941476278461579,0.02226367389577018,-0.30604780738117915,4.550056839379687,-0.18765637305808527,-0.6379478838003826,0.6369833925109255,-0.5838073747620438,-0.5680322587315327,0.0,1.0,0.0,0.0,0.0,1.0,0.0,0.0,1.0
-0.09304122889134941,-0.6926663704102608,0.15761568710719853,-0.20666365779240292,0.49463363874379007,-0.8409791639200829,-0.7886546057407594,-0.27746605961307624,-0.8944677127492319,0.5073062805028983,0.3044213503426925,-1.6946244609749925,1.4420243472382372,-0.06697598466780141,-0.4264074583515563,0.3254882112995144,-0.13134443410137447,0.22696044705387702,1.1328923518545087,-0.26762413485999054,0.0813167113632094,-0.41780503400095914,2.9634903691095205,-0.19017548405927256,-0.6379478838003826,0.6369833925109255,0.37092344392620136,-0.13642891681896654,0.0,1.0,1.0,1.0,0.0,1.0,0.0,0.0,1.0
0.1960511608782029,-0.6926663704102608,-0.05758886066447389,-0.20666365779240292,0.49463363874379007,-0.8409791639200829,-0.9807347566308411,-0.8068420944011808,-0.7391015847085103,-0.8701792951526779,0.9896319334541286,-0.5756091962340727,0.07945155687822358,-0.18129317822915506,-0.4109247867281802,0.12745984193281343,0.1044367313156839,-0.5046275075103059,0.3110317338737519,-0.4834583287775702,-0.09584240103910836,-0.3954535886770032,0.054785173614214096,-0.18554357028289598,0.7671525184941308,0.6369833925109255,-0.3022681425145272,-0.22149596553617354,0.0,1.0,1.0,1.0,0.0,0.0,0.0,0.0,1.0
0.4851435506477553,-0.6926663704102608,-0.1405322801181392,-0.20666365779240292,0.49463363874379007,-0.8409791639200829,-0.9371965890957559,-0.5950916804859387,-0.9301255126274302,-0.9132552228920783,0.7258378711896922,-0.6311952135604804,0.24331776405510566,-0.8835273672488996,-0.4999501485625924,-0.08221725504369343,-0.030295363208349437,-0.6509450984231425,-0.5108288841070049,-0.5262530396405386,-0.10568457395034825,-0.32839925270513515,-0.4740703164758417,-0.18643744838009146,0.7671525184941308,0.6369833925109255,-0.08079061314648085,-0.6083271765449465,0.0,1.0,1.0,0.0,0.0,0.0,0.0,0.0,1.0
0.7742359404173076,-0.6926663704102608,0.17629663743460064,-0.20666365779240292,0.49463363874379007,-0.8409791639200829,-0.7143836140632611,-0.38334126657069667,-0.8868267556324749,-0.8653164610087423,1.3933763354857471,-0.9962954378564843,0.3959514574826779,-0.7365481183843019,0.3748207981581527,0.06921620388378374,0.5423160385187923,0.08064285614104046,1.1328923518545087,0.4533737112008899,0.7604266422387609,-0.3507506980290912,-0.07742869890829988,-0.19566064511024484,-0.6379478838003826,0.6369833925109255,0.588647116864281,-0.4838606526324016,0.0,0.0,1.0,1.0,1.0,0.0,0.0,0.0,1.0
1.06332833018686,-0.44078769026107506,0.3720729968657745,-0.20666365779240292,0.49463363874379007,-0.8409791639200829,1.3959369770491028,1.6282876656241005,-0.6652389992465281,-0.6791561462952732,0.7742891103910087,-1.0606810417958181,1.7066010139542656,0.3086376513195039,0.33611411909971267,0.25559584564067883,0.8454632511978674,-0.6509450984231425,-0.09989857511662652,-0.1411006418738231,0.917901408818599,-0.3507506980290912,0.054785173614214096,-0.19228828683446186,-0.6379478838003826,-0.8310313134082928,0.38593886964606894,-0.2429865883699943,0.0,0.0,1.0,1.0,1.0,0.0,0.0,0.0,1.0
1.3524207199564122,-0.6926663704102608,0.16807701929054375,-0.20666365779240292,0.49463363874379007,-0.8409791639200829,-0.5402309439229205,-0.8068420944011808,1.4334772221560044,-0.12881693112760653,0.5648663232471234,-1.056485135127873,-0.3024578245182968,-0.5569068142164603,-0.05869400729637584,0.9545195022290351,2.0580521019141678,3.153312265310609,1.5438226608448868,-0.35135291698318954,0.6423205673038824,-0.3954535886770032,-0.34185644395332776,-0.18257752023311094,-0.6379478838003826,-0.8310313134082928,-0.2834988603646928,-0.21343698197349079,0.0,1.0,1.0,1.0,1.0,0.0,0.0,0.0,1.0
-1.8275955675086635,-1.7001810910070039,2.273793740195309,-0.20666365779240292,-1.7246191110478515,0.1032677573028161,-0.7041393393491234,-2.183219784850253,-0.49968492838346407,-0.17598661985607217,3.81850726474121,-0.9242617010642102,-0.7235266591023382,-0.6450943635352189,-0.48678987768272275,-0.25461842366882137,-0.2862863428040129,-0.2705193620497674,-0.5108288841070049,-0.5545347616021525,-0.39110758837630466,-0.4401564793249152,-0.4740703164758417,-0.18798141963888365,0.7671525184941308,0.6369833925109255,0.04308664904242647,1.7332552697234362,0.0,1.0,1.0,0.0,0.0,0.0,0.0,0.0,1.0
-1.5385031777391112,-1.4483024108578182,0.7270110530864144,-0.20666365779240292,-1.7246191110478515,0.1032677573028161,-0.7169446827417956,-2.077344577892632,-0.6550510564241856,-0.1968296111263096,-0.6121310417761286,1.357861062408091,1.6616225268435756,3.6564983199020067,-0.0935300184489719,-0.7112485459732141,-0.5692237413044829,-0.6509450984231425,-0.5108288841070049,0.43011571616666794,-0.39110758837630466,-0.4401564793249152,-0.4740703164758417,-0.19785470953063375,0.7671525184941308,0.6369833925109255,-2.5320588619148587,-0.09613399900555268,1.0,0.0,1.0,1.0,0.0,0.0,0.0,0.0,1.0
-1.2494107879695588,-1.1964237307086323,0.8189213286972326,4.753264129225272,0.5618837220708093,0.8143549775307365,1.6725323943308203,0.4636603890902704,-0.033586544261299665,3.6111933276782002,-1.1357936344623225,-0.760194189361371,0.3480391274287643,0.28250800707690876,-0.16475030791650158,-0.5178796676504356,-0.5153309034948697,4.236062438065599,0.1466596102776005,-0.7017113541787089,-0.3418967238201053,-0.2926369401868055,-0.2625281204398194,0.0005049664015635579,0.7671525184941308,-0.8310313134082928,0.04308664904242647,1.2371800593094078,0.0,0.0,0.0,0.0,0.0,0.0,0.0,1.0,0.0
-0.6712260084304541,-0.9445450505594466,-0.2690572183706656,2.2733002357164342,0.5618837220708093,0.8143549775307365,-0.5837691114580057,-0.27746605961307624,0.7356031388255508,3.4364845018395123,0.20554046114734423,-0.6921552743781899,-0.44936781779107743,-0.9717149165676582,-0.39699038226714184,-0.4386683199037552,-0.45470146095905456,-0.41683695296260403,0.1466596102776005,-0.6831049581513313,-0.39110758837630466,-0.2524043386036848,-0.4740703164758417,-0.15722388693083914,0.7671525184941308,0.6369833925109255,-1.7637695792483026,0.4841128175076067,0.0,0.0,0.0,1.0,0.0,0.0,0.0,1.0,0.0
-0.38213361866090173,-0.9445450505594466,-1.631272116244827,-0.20666365779240292,0.5618837220708093,0.8143549775307365,0.9605553016982511,-0.06571564569783417,-0.5353427282616625,0.33927637421087325,0.5743230529484066,-1.1147744741989487,-0.1459610227163384,-1.569430528617022,-0.3451234323288322,0.2649148277285236,-0.48164787986386126,0.25622396523644436,-0.5108288841070049,-0.6944548597280317,-0.35370733131359317,-0.0467710416232895,-0.4740703164758417,0.10614510516102958,0.7671525184941308,0.6369833925109255,-2.2229913491809183,-1.1294747802650988,1.0,0.0,0.0,0.0,0.0,0.0,0.0,1.0,0.0
0.4851435506477553,-0.9445450505594466,-1.1754569282562157,4.753264129225272,0.5618837220708093,0.8143549775307365,-0.7860935370622251,-0.012778042219023653,-0.4156344000991393,-0.26950328299901505,-0.011575528452051231,-1.1494683583306051,0.896553704791121,-0.9357866557340898,-0.1802329795398776,0.6423336022862358,-0.5288041129472729,0.6366497016098196,0.5575899192679789,-0.6594748351965619,-0.39110758837630466,-0.24346376047410237,-0.4740703164758417,-0.10111272092052277,0.7671525184941308,-0.8310313134082928,0.8213862155222279,-0.1570240970347114,0.0,0.0,0.0,0.0,0.0,0.0,0.0,1.0,0.0
0.7742359404173076,-0.44078769026107506,-0.2302008416896695,-0.20666365779240292,0.5618837220708093,0.8143549775307365,1.2064178948375555,1.0989116308359965,-0.7365545990029247,-0.804678328778267,1.471412254640702,1.0020550371852475,-0.8594096862808774,-1.0174417939921996,-0.32577009279961217,-0.3035430796300063,0.14485635967289395,-0.6509450984231425,-0.5108288841070049,-0.6978040110129596,-0.2552856022011944,0.342144107013545,-0.4740703164758417,-0.01074977145857952,0.7671525184941308,0.6369833925109255,1.640978202731665,-0.07285249093558026,0.0,0.0,0.0,0.0,0.0,0.0,0.0,1.0,0.0
1.3524207199564122,-0.44078769026107506,-0.4745476719720887,2.2733002357164342,0.5618837220708093,0.8143549775307365,0.012959890640514787,0.6754108030055125,1.9326864204507819,-0.16464909977208417,1.7266095685891587,-0.07966462988549701,0.16585864563034106,-1.2820044419484755,-0.3931197143612979,-0.536517631826125,-0.2728131333516095,-0.2705193620497674,-0.5108288841070049,-0.6873844292376283,-0.3418967238201053,-0.13170653385432235,-0.4740703164758417,-0.16543131309599765,0.7671525184941308,0.6369833925109255,-0.3510682761040968,0.09817704911690966,0.0,0.0,0.0,1.0,0.0,0.0,0.0,1.0,0.0
-1.8275955675086635,1.8261204310815968,-0.32883625941835265,-0.20666365779240292,0.36013347208975105,1.246071662488528,0.30236065131490447,-1.0715301117952327,-0.49204397126670735,0.2410049515235557,0.5427022660011068,0.16012356135399533,-0.7453781983589456,-0.7626777626268969,-0.41634372179636187,-0.2452994415809766,-0.45470146095905456,-0.6509450984231425,-0.5108288841070049,0.08775802926292087,-0.39110758837630466,-0.26581520579805834,-0.18319979692631103,-0.1959450608684434,-0.6379478838003826,-0.8310313134082928,0.04308664904242647,-0.13821980205511827,0.0,1.0,1.0,0.0,0.0,0.0,0.0,1.0,0.0
-1.5385031777391112,1.8261204310815968,-0.2757823604885306,-0.20666365779240292,0.36013347208975105,1.246071662488528,-0.07923858178672438,-1.2303429222316644,0.34591432587095433,-0.10098226507780626,0.038511063095881086,-0.16931655255536096,0.2891974915942757,-0.7920736123998166,-0.3350596957736378,0.11115162327908505,-0.35365239006602955,-0.5631545438754406,-0.5108288841070049,0.20460619631485197,-0.39110758837630466,-0.27028549486284953,-0.15675702242180825,-0.19492929030344852,0.7671525184941308,0.6369833925109255,0.1469433436048437,-0.12568360540205617,1.0,1.0,1.0,1.0,1.0,0.0,0.0,1.0,0.0
-1.2494107879695588,1.8261204310815968,-0.9258794318821235,-0.20666365779240292,0.36013347208975105,1.246071662488528,1.6725323943308203,0.4636603890902704,-0.033586544261299665,-0.0311367943192054,0.23261549390856698,-0.5158159503555414,-0.5556325396666655,-0.9815135331586314,-0.41634372179636187,-0.249958932624899,-0.3805988089708362,-0.4461004711451713,-0.09989857511662652,0.16646308445872787,-0.39110758837630466,-0.3596912761586736,1.376923898839353,-0.1961482149814424,-0.6379478838003826,0.6369833925109255,-1.0305162899281035,-0.638772225559526,0.0,0.0,1.0,0.0,1.0,1.0,0.0,1.0,0.0
-0.9603183982000064,1.8261204310815968,-1.850960092095076,-0.20666365779240292,0.36013347208975105,1.246071662488528,0.6942041591306712,0.41072278561145986,1.708551678359249,-0.25877367870372264,-0.22819154776221162,-0.1620987458502276,-0.28781305632009296,-0.15842973951688422,-0.3242218256372746,-0.2103532587515588,-0.4008086231494412,-0.5046275075103059,-0.34645676051085356,0.6831627021390025,-0.39110758837630466,-0.26134491673326715,2.117321584965431,-0.1966764156752397,0.7671525184941308,-0.8310313134082928,-1.4909893453373755,-1.4115392049589959,1.0,1.0,1.0,0.0,1.0,1.0,0.0,1.0,0.0
-0.6712260084304541,1.8261204310815968,-1.0663601783441874,-0.20666365779240292,0.36013347208975105,1.246071662488528,-0.5837691114580057,-0.27746605961307624,0.7356031388255508,-0.2759224900733794,0.10218357151231097,0.6513005109786542,-0.6615923112885983,-0.1910917948201283,-0.37995944348142824,2.6156280593873618,-0.4210184373280462,-0.5046275075103059,-0.5108288841070049,0.7562858385265965,-0.39110758837630466,-0.38651301054742077,1.165381702803331,-0.1904598998174711,-2.043048286094896,0.6369833925109255,1.3719518252507048,-0.4632654724166567,0.0,0.0,1.0,0.0,1.0,1.0,0.0,1.0,0.0
-0.38213361866090173,1.8261204310815968,-1.5401090786471048,-0.20666365779240292,0.36013347208975105,1.246071662488528,0.9605553016982511,-0.06571564569783417,-0.5353427282616625,-0.45263074809149856,0.14499628942280998,-0.3139252830030475,-0.7188218505785473,-0.9978445608102533,-0.4589210687606459,-0.18705580353194692,-0.5220675082210713,-0.35830991659746936,-0.5108288841070049,1.8613196985925495,-0.39110758837630466,-0.28369636205722315,-0.20964257143081377,-0.19720461636903702,0.7671525184941308,0.6369833925109255,-0.735212917437375,-1.0202307808598436,0.0,1.0,1.0,0.0,1.0,0.0,0.0,1.0,0.0
-0.09304122889134941,1.8261204310815968,-1.4960220358744358,-0.20666365779240292,0.36013347208975105,1.246071662488528,0.9938491945191986,0.7812860099631335,1.000489652206453,-0.6977753720769322,0.6515238364767851,0.2312513749902668,-0.9581929150686408,-0.9096570114914947,-0.4790485418710348,0.017961802400637567,-0.48164787986386126,-0.4461004711451713,-0.5108288841070049,1.3312234757725632,-0.39110758837630466,-0.3820427214826296,0.0018996246052084761,-0.1966764156752397,0.7671525184941308,0.6369833925109255,0.13192791788497615,-0.5411689801892567,0.0,1.0,1.0,0.0,1.0,0.0,0.0,1.0,0.0
0.1960511608782029,1.8261204310815968,-1.2068409248062513,-0.20666365779240292,0.36013347208975105,1.246071662488528,-0.46339888356688774,0.5165979925690809,1.0336004663790659,-0.5895086433142034,0.45557840267697786,0.2689768848046997,-0.7460674692354979,-1.0239742050528484,-0.46124346950415235,0.7611506239062565,-0.5490139271258779,-0.5631545438754406,-0.34645676051085356,0.8074534276018848,-0.39110758837630466,-0.31945867457555277,-0.3947419929623333,-0.19468550536784976,0.7671525184941308,0.6369833925109255,0.5423495542280227,-0.6262360289064638,0.0,1.0,1.0,0.0,0.0,0.0,0.0,1.0,0.0
0.4851435506477553,1.8261204310815968,-0.9423186681702378,-0.20666365779240292,0.36013347208975105,1.246071662488528,-0.7860935370622251,-0.012778042219023653,-0.4156344000991393,-0.5705863919386346,0.5260502977699186,0.2803325323274198,-0.792534735360609,-0.6646915967171653,-0.4395677292314259,1.152547871595736,0.2728518494707256,-0.35830991659746936,-0.5108288841070049,1.3833213846492203,-0.39110758837630466,-0.32839925270513515,-0.2625281204398194,-0.19496992112604833,0.7671525184941308,-0.8310313134082928,0.5010571334983869,-0.5850456684749741,0.0,1.0,1.0,1.0,1.0,0.0,0.0,1.0,0.0
0.7742359404173076,-0.44078769026107506,-0.16967456262888653,-0.20666365779240292,0.36013347208975105,1.246071662488528,1.2064178948375555,1.0989116308359965,-0.7365545990029247,-0.2384204117918235,0.9295785967648421,-0.20126181674439073,-0.7783954262377404,-1.1872844815690682,-0.44421253071843875,-0.524868904216319,-0.5018576940424663,-0.6509450984231425,-0.5108288841070049,4.888766396207152,-0.38717071921180873,-0.24793404953889359,7.855403652442536,-0.19773281706283435,-0.6379478838003826,-0.8310313134082928,1.3519312576242146,-0.00032163887143532084,1.0,1.0,1.0,1.0,1.0,1.0,0.0,1.0,0.0
1.06332833018686,2.581756471529154,-0.7487840227783518,-0.20666365779240292,0.36013347208975105,1.246071662488528,1.8979064380418498,1.8400380795393425,1.24500027994267,-0.34608504666964124,0.49748366652650106,0.03451825937218394,-0.7471694505052674,-1.4093864576311268,-0.48988641200739796,-0.3058728251519675,-0.5288041129472729,-0.5631545438754406,-0.5108288841070049,2.0016119246389765,-0.38520228462956074,-0.28816665112201434,1.6149088693798785,-0.19736713965943622,-2.043048286094896,-0.8310313134082928,-0.9116441696458187,-0.23045039171693218,0.0,1.0,1.0,1.0,1.0,1.0,0.0,1.0,0.0
1.3524207199564122,2.581756471529154,-0.7159055502021242,-0.20666365779240292,0.36013347208975105,1.246071662488528,0.012959890640514787,0.6754108030055125,1.9326864204507819,-0.7464482777451162,0.49532842802648913,-0.15678054207951153,-0.4734879100529543,-1.2068817147510145,-0.3729922412509091,-0.2895646064982392,-0.48164787986386126,-0.6509450984231425,-0.5108288841070049,1.662045197139336,-0.39110758837630466,-0.24346376047410237,4.259186319830157,-0.1972858780142366,-0.6379478838003826,-0.8310313134082928,0.11315863573514172,-0.31909921090644267,1.0,1.0,1.0,1.0,1.0,1.0,0.0,1.0,0.0
0.4851435506477553,-0.9445450505594466,-0.6269842266436898,7.23322802273411,0.8813216178741513,-0.8929247959739789,-0.9371965890957559,-0.5950916804859387,-0.9301255126274302,0.9260714550164164,-0.5958445316861165,0.5186995044491074,0.40444299192645583,-0.138832506334938,-0.23829299812753768,0.6865987672034984,1.2833425584009757,-0.6509450984231425,-0.5108288841070049,-0.5467200752706539,1.7997601016656921,4.311760796548132,0.186999046136728,-0.16916934877517875,0.7671525184941308,0.6369833925109255,0.04308664904242647,-1.2843863531922233,0.0,0.0,0.0,0.0,0.0,0.0,0.0,0.0,1.0
0.7742359404173076,-0.44078769026107506,0.061221983417803744,-0.20666365779240292,0.8813216178741513,-0.8929247959739789,-0.7143836140632611,-0.38334126657069667,-0.8868267556324749,-0.7403972908700513,-0.4881101340759036,-0.18002759032875734,1.5625687701830782,1.0859945675367098,-0.09817481993598468,0.8170645164333249,0.9869319504481024,-0.47536398932773866,-0.017712513318550883,-0.5828164835637664,5.366563564699024,5.286283812672614,-0.4740703164758417,-0.15722388693083914,-0.6379478838003826,0.6369833925109255,1.2105359987621287,-0.6217588158160845,1.0,1.0,1.0,1.0,0.0,0.0,0.0,0.0,1.0
1.06332833018686,-0.44078769026107506,0.7628784777150263,-0.20666365779240292,0.8813216178741513,-0.8929247959739789,1.3959369770491028,1.6282876656241005,-0.6652389992465281,-0.6349795702040777,-0.8744999329897866,0.7899063894485675,2.6197014738111504,0.9618787573843826,-0.43724532848791947,0.49788937992464233,0.609682085780809,-0.47536398932773866,-0.5108288841070049,-0.44438489712007734,6.8054892443222945,11.432931276760513,-0.4740703164758417,-0.18278067434610992,-0.6379478838003826,0.6369833925109255,1.23305913734193,0.22532990088368224,0.0,0.0,1.0,1.0,0.0,0.0,0.0,0.0,1.0
1.3524207199564122,-0.9445450505594466,-0.6396872728663234,-0.20666365779240292,0.8813216178741513,-0.8929247959739789,-0.5402309439229205,-0.8068420944011808,1.4334772221560044,-0.6831875842516558,-0.45667692184917275,0.3346018762011015,0.4245073191675271,1.7588329067835342,-0.05946814087754462,4.2977043262433385,1.6201727947110591,0.8122308107052234,-0.017712513318550883,-0.6071908623596309,11.063213245724665,8.303728931406672,-0.4740703164758417,-0.0314714909844748,-0.6379478838003826,0.6369833925109255,-2.2905607649203223,-1.181410452113499,0.0,1.0,1.0,1.0,0.0,0.0,0.0,0.0,1.0
-1.8275955675086635,1.8261204310815968,0.6552762038291903,-0.20666365779240292,1.3595369604125866,1.1893608844542225,0.30236065131490447,-1.0715301117952327,-0.49204397126670735,0.08718113743490005,-0.6104484809320068,1.0007470878201659,-0.6936099273037335,-0.40992756535186264,0.2896661042295845,-0.5994207609190771,-0.4210184373280462,-0.21199232568463278,-0.34645676051085356,-0.6438454625335647,-0.023010321495933253,0.48966364615165464,0.4514267911817558,-0.19192260943106373,-2.043048286094896,0.6369833925109255,0.04308664904242647,1.0410781259507937,0.0,1.0,1.0,1.0,1.0,1.0,0.0,1.0,0.0
-1.5385031777391112,1.8261204310815968,0.0761667436797251,-0.20666365779240292,1.3595369604125866,1.1893608844542225,-0.07923858178672438,-1.2303429222316644,0.34591432587095433,0.2259252438172116,-0.735301726927445,1.7584536561946726,-0.6434037745384484,-0.5144461423222432,0.7293739783334635,-0.611069488528883,-0.3469157853398279,-0.15346528931949807,-0.5108288841070049,-0.6806861266677724,-0.1686744805822835,-0.05124133068808071,-0.4740703164758417,-0.1844059072501017,-2.043048286094896,0.6369833925109255,-0.9116441696458187,0.2960698677116755,0.0,0.0,1.0,1.0,0.0,0.0,0.0,1.0,0.0
-1.2494107879695588,1.8261204310815968,0.2196364421941734,-0.20666365779240292,1.3595369604125866,1.1893608844542225,1.6725323943308203,0.4636603890902704,-0.033586544261299665,0.7925849813283581,-0.8670948823603701,2.550251969287422,-0.6651912231325089,-0.43279100406413334,0.3670794623464646,-0.5761233056994652,-0.4008086231494412,-0.35830991659746936,-0.5108288841070049,-0.5318349584487518,-0.17851665349352333,0.14098109909794096,-0.2625281204398194,-0.19533559852944646,-2.043048286094896,-0.8310313134082928,0.29834888628017486,0.7339413079507726,0.0,0.0,0.0,1.0,1.0,0.0,0.0,1.0,0.0
-0.9603183982000064,1.8261204310815968,0.271943103110899,-0.20666365779240292,1.3595369604125866,1.1893608844542225,0.6942041591306712,0.41072278561145986,1.708551678359249,0.5972409707728824,-0.6390238420599671,1.4282558406466852,-0.6261613256247052,-0.6973536520204092,0.4444928204633447,-0.6646536355339904,-0.5018576940424663,-0.4461004711451713,-0.26427069871277786,-0.5277415513227288,-0.05647370939414886,0.1767434116162705,0.26632736965023646,-0.19700146225603807,0.7671525184941308,0.6369833925109255,0.14569205812818808,1.1324132729945318,0.0,0.0,0.0,1.0,1.0,0.0,0.0,1.0,0.0
-0.6712260084304541,1.8261204310815968,-0.6120394663817684,-0.20666365779240292,1.3595369604125866,1.1893608844542225,-0.5837691114580057,-0.27746605961307624,0.7356031388255508,1.0586970654562429,-1.140869065954354,0.5446366521264079,-0.9574872146978338,-0.3119413994421309,0.2432180893594565,-0.6693131265779128,-0.48164787986386126,-0.4461004711451713,0.06447354847952486,-0.5015065329241264,0.21910713212056773,0.386846997661457,0.054785173614214096,-0.19720461636903702,0.7671525184941308,-0.8310313134082928,-1.4221686441213157,0.08116363937346824,0.0,0.0,1.0,1.0,0.0,0.0,0.0,1.0,0.0
-0.38213361866090173,1.8261204310815968,-0.11960961575144875,-0.20666365779240292,1.3595369604125866,1.1893608844542225,0.9605553016982511,-0.06571564569783417,-0.5353427282616625,1.091786155975158,-0.8723883749492607,-0.07661569983280897,-0.5101246194379215,-0.5961012805803529,0.5219061785802248,-0.648345416880262,-0.5018576940424663,-0.29978288023233474,-0.09989857511662652,-0.10351572189852044,-0.04663153648290898,0.45390133363332497,-0.4740703164758417,-0.1975296629498354,-2.043048286094896,-0.8310313134082928,0.8826992038783538,0.6820056361023725,0.0,0.0,1.0,1.0,0.0,0.0,0.0,1.0,0.0
-0.09304122889134941,1.8261204310815968,-0.7017080279532982,-0.20666365779240292,1.3595369604125866,1.1893608844542225,0.9938491945191986,0.7812860099631335,1.000489652206453,0.43470523286856183,-0.6422694704947314,0.8151361724644562,-0.8070404899344534,-0.530777169973865,-0.20036045265026642,-0.6250479616606501,-0.5153309034948697,0.08064285614104046,-0.26427069871277786,-0.2229687843942844,-0.0013575410912055467,0.6014208727714346,-0.4740703164758417,-0.1972858780142366,-2.043048286094896,0.6369833925109255,-0.9166493115524413,0.4106865228253859,0.0,0.0,0.0,1.0,0.0,0.0,0.0,1.0,0.0
0.1960511608782029,-0.44078769026107506,0.09559493202022315,-0.20666365779240292,1.3595369604125866,1.1893608844542225,-0.46339888356688774,0.5165979925690809,1.0336004663790659,0.08986247543522378,-0.8591966888148923,-0.06146992793162491,-0.023507854582610697,-0.41972618194283573,-0.163202040754164,-0.6180587250947667,-0.4210184373280462,-0.592418062058008,-0.34645676051085356,-0.5024368527254952,-0.21001160680949096,0.7310592556503795,-0.4740703164758417,-0.19635136909444134,-0.6379478838003826,0.6369833925109255,1.3932236783538505,0.9345204543997662,0.0,1.0,1.0,1.0,0.0,0.0,0.0,1.0,0.0
0.4851435506477553,1.8261204310815968,-0.457361197670879,-0.20666365779240292,1.3595369604125866,1.1893608844542225,-0.7860935370622251,-0.012778042219023653,-0.4156344000991393,0.007585937149914977,-1.2362150585209015,-0.33470554839830047,0.5410049200716118,-0.22048764459304782,2.606647912667806,-0.6530049079241844,-0.2593399238992062,-0.41683695296260403,-0.5108288841070049,-0.6289603457116627,-0.09584240103910836,-0.36416156522346477,-0.2625281204398194,-0.19537622935204627,0.7671525184941308,0.6369833925109255,-0.8678491779628718,-0.0039034093437387723,0.0,0.0,0.0,1.0,0.0,0.0,0.0,1.0,0.0
0.7742359404173076,1.8261204310815968,0.7210331489816459,-0.20666365779240292,1.3595369604125866,1.1893608844542225,1.2064178948375555,1.0989116308359965,-0.7365545990029247,-0.0819543657407261,-0.25907995859698335,0.4625343781344284,0.060935988265649055,-0.7104184741417068,0.06284496494712587,-0.6343669437484949,-0.48164787986386126,-0.5631545438754406,-0.5108288841070049,-0.6280300259102938,0.03210584680701002,0.8472867713349507,-0.4740703164758417,-0.19460424372265017,0.7671525184941308,0.6369833925109255,2.0313792714482215,1.067045961874994,0.0,1.0,1.0,1.0,0.0,0.0,0.0,1.0,0.0
1.06332833018686,1.0704843906340396,0.1725604473691199,-0.20666365779240292,1.3595369604125866,1.1893608844542225,1.8979064380418498,1.8400380795393425,1.24500027994267,-0.42071565217299045,-0.8145135477459922,0.49008662627374155,1.055062462661305,-0.7104184741417068,1.35797044624253,-0.622718216138689,-0.5220675082210713,-0.592418062058008,-0.5108288841070049,-0.6652428179650489,-0.10568457395034825,0.7131780993912147,-0.4740703164758417,-0.1906224231078703,0.7671525184941308,0.6369833925109255,-0.860341465102938,0.8736303563706073,0.0,0.0,1.0,1.0,0.0,0.0,0.0,1.0,0.0
1.3524207199564122,1.8261204310815968,0.3182718599228565,-0.20666365779240292,1.3595369604125866,1.1893608844542225,0.012959890640514787,0.6754108030055125,1.9326864204507819,-0.3357618123547225,-0.9331042467509857,0.3075542178843132,0.7212325826829558,-0.4458558261854309,0.009429747846478638,-0.5901017788312324,-0.4681746704114579,-0.592418062058008,-0.34645676051085356,-0.6885008129992708,-0.2513487330366984,-0.18087971356702556,-0.31541366944882493,-0.17384189337415512,-0.6379478838003826,0.6369833925109255,0.3021027427101417,0.9201933725105523,0.0,1.0,1.0,1.0,1.0,0.0,0.0,1.0,0.0
0.4851435506477553,-0.6926663704102608,1.6296745729064839,-0.20666365779240292,0.023883055454653867,1.280702083857792,-0.7860935370622251,-0.012778042219023653,-0.4156344000991393,-0.21033696373605562,-0.4518489590869809,1.2356560059118569,-0.40451645447459667,-0.9553838889160362,-0.2677100742119521,-0.5458366139139698,-0.5422773223996762,-0.5338910256928733,-0.5108288841070049,-0.703385929821173,-0.39110758837630466,-0.4401564793249152,-0.4740703164758417,0.16274384104254347,0.7671525184941308,0.6369833925109255,0.04308664904242647,2.4970678229421477,1.0,1.0,1.0,1.0,0.0,0.0,0.0,1.0,0.0
0.7742359404173076,-0.6926663704102608,0.774087047911468,-0.20666365779240292,0.023883055454653867,1.280702083857792,1.2064178948375555,1.0989116308359965,-0.7365545990029247,-0.7479829252605676,-1.115524162276348,-0.9486250012476447,-0.6643929317022439,0.5046099831389673,-0.4225367904457123,-0.11716343787311133,-0.5692237413044829,-0.6509450984231425,-0.5108288841070049,-0.5122982426200053,-0.39110758837630466,-0.41780503400095914,-0.4740703164758417,-0.18785952717108426,0.7671525184941308,0.6369833925109255,-1.3746197960084017,1.13062238775838,1.0,1.0,1.0,1.0,0.0,0.0,0.0,1.0,0.0
1.06332833018686,-0.6926663704102608,0.8301298988936743,-0.20666365779240292,0.023883055454653867,1.280702083857792,1.8979064380418498,1.8400380795393425,1.24500027994267,-0.537503868859509,-0.3619134250288272,-0.7294897699920573,0.20720598135455254,-0.7038860630810579,-0.38383011138727224,0.2788933008602906,-0.5355407176734746,-0.5046275075103059,-0.09989857511662652,-0.7020834820992565,-0.39110758837630466,-0.41780503400095914,-0.20964257143081377,0.9533383871893472,-0.6379478838003826,-0.8310313134082928,0.15194848551146622,1.661619860277367,1.0,1.0,1.0,1.0,1.0,0.0,0.0,1.0,0.0
1.3524207199564122,-0.6926663704102608,0.9885443576700439,-0.20666365779240292,0.023883055454653867,1.280702083857792,0.012959890640514787,0.6754108030055125,1.9326864204507819,-0.1897822122022505,-0.4170193933015179,-0.6738426421155918,1.296078022648648,-0.11596906762266714,-0.12449536169572396,0.3254882112995144,-0.5018576940424663,0.9585484016180601,-0.5108288841070049,-0.6983622028937809,-0.39110758837630466,-0.37310214335304714,-0.20964257143081377,0.318725569003155,-0.6379478838003826,-0.8310313134082928,0.3233745958132875,1.7234054009246018,1.0,1.0,1.0,1.0,1.0,0.0,0.0,1.0,0.0
0.4851435506477553,-1.4483024108578182,0.3070632897264154,-0.20666365779240292,-1.5228688610667933,-0.7163096469907317,-0.9371965890957559,-0.5950916804859387,-0.9301255126274302,5.740122225617711,0.5911688903163905,-0.4914972621478936,-0.15806510953551753,1.0435338956424924,2.238934461612626,-0.18705580353194692,0.4412669676257673,-0.2705193620497674,-0.5108288841070049,3.851459817680853,-0.26709620969468223,-0.3820427214826296,-0.4740703164758417,-0.19748903212723556,0.7671525184941308,0.6369833925109255,0.04308664904242647,-0.0719570483175044,1.0,0.0,1.0,1.0,0.0,0.0,0.0,0.0,1.0
0.7742359404173076,-1.1964237307086323,0.4938727930004364,-0.20666365779240292,-1.5228688610667933,-0.7163096469907317,-0.7143836140632611,-0.38334126657069667,-0.8868267556324749,6.791363861465259,-0.6727280348370522,-1.0722501562935278,0.13548763878099013,-0.18129317822915506,1.37732378577175,-0.4479873019916,1.6201727947110591,0.4610685925144156,0.5575899192679789,4.249078500785911,0.22501243586731162,-0.27028549486284953,-0.4740703164758417,-0.19769218624023457,0.7671525184941308,0.6369833925109255,0.37092344392620136,-0.1032975399501596,0.0,1.0,0.0,0.0,0.0,0.0,0.0,0.0,1.0
1.06332833018686,-0.44078769026107506,1.3188235594585132,-0.20666365779240292,-1.5228688610667933,-0.7163096469907317,1.3959369770491028,1.6282876656241005,-0.6652389992465281,0.3686862964808632,-0.1417574092736602,-0.5302776289762061,0.3929559603528034,0.5274734218512382,0.622543544132169,-0.49691195795278487,0.38737412981615393,-0.6509450984231425,0.1466596102776005,3.2815459073622786,-0.39110758837630466,-0.4043941668065856,-0.4740703164758417,-0.19769218624023457,0.7671525184941308,0.6369833925109255,1.4395212409901086,0.8915392087321247,0.0,1.0,1.0,1.0,0.0,0.0,0.0,0.0,1.0
1.3524207199564122,-1.1964237307086323,1.2710003266203638,-0.20666365779240292,-1.5228688610667933,-0.7163096469907317,-0.5402309439229205,-0.8068420944011808,1.4334772221560044,0.0017280517588243182,-0.029893084148247755,-1.062668548594978,1.3132501350082746,1.8862149224661857,0.9383900452490397,-0.3035430796300063,1.2294497205913624,-0.41683695296260403,-0.5108288841070049,3.9359328556451474,-0.3418967238201053,-0.4401564793249152,-0.4740703164758417,-0.1975702937724352,0.7671525184941308,0.6369833925109255,-0.021980195743666265,1.1082363223064835,1.0,1.0,1.0,0.0,0.0,0.0,0.0,0.0,1.0
-1.2494107879695588,-0.44078769026107506,-1.878607898579631,-0.20666365779240292,-0.15789391977827952,1.2870879335582857,1.6725323943308203,0.4636603890902704,-0.033586544261299665,0.4912739176662643,1.6615326682646059,-0.6856060559388203,-0.5275643386691607,0.43928587253247975,-0.190296716095072,0.02262129344455995,-0.2997595522564162,-0.35830991659746936,2.7766135878160223,0.24219111629015455,-0.39110758837630466,-0.12723624478953113,-0.4740703164758417,-0.19533559852944646,-0.6379478838003826,-2.2990460193275113,0.04308664904242647,-1.7804615636062517,0.0,1.0,1.0,1.0,0.0,0.0,0.0,1.0,0.0
-0.9603183982000064,-0.44078769026107506,-1.31967386478376,-0.20666365779240292,-0.15789391977827952,1.2870879335582857,0.6942041591306712,0.41072278561145986,1.708551678359249,1.025359036887848,1.0709780117291774,-0.283572258527693,-0.24911654446241766,1.8110921952687247,0.003236679197128225,-0.07988750952173229,0.0774903124108772,1.426764692539137,6.310614245133276,0.8357351495634986,-0.39110758837630466,-0.10488479946557512,-0.4740703164758417,-0.19651389238484052,0.7671525184941308,-2.2990460193275113,0.9940636113007049,-0.7748795035070571,1.0,1.0,1.0,0.0,0.0,0.0,0.0,1.0,0.0
-0.6712260084304541,-0.6926663704102608,-1.1104472211168563,-0.20666365779240292,-0.15789391977827952,1.2870879335582857,-0.5837691114580057,-0.27746605961307624,0.7356031388255508,0.6193486531203531,0.772139252403691,-0.007615138658391888,0.03946119040080272,2.131180337240515,2.776957300524942,-0.1101742013072277,-0.0639783868393578,3.621528556231686,4.666893009171763,0.3796923829324747,-0.39110758837630466,-0.19876086982619032,-0.3682992184578305,-0.1960669533362428,-2.043048286094896,-2.2990460193275113,0.40846200822587025,-0.5160965868831326,1.0,1.0,1.0,0.0,0.0,0.0,0.0,1.0,0.0
-0.38213361866090173,-0.44078769026107506,-0.8040796357474621,-0.20666365779240292,-0.15789391977827952,1.2870879335582857,0.9605553016982511,-0.06571564569783417,-0.5353427282616625,0.1541642505305959,0.49107203005580663,0.06617368594139574,-1.0534047372649677,0.45561690018410167,-0.24448606677688808,-0.4433278109476776,-0.0639783868393578,0.6659132197923869,4.4203348237775355,0.36685396967358425,-0.3812654154650648,-0.23899347140931115,-0.4740703164758417,-0.19704209307863788,-0.6379478838003826,-0.8310313134082928,0.5711291201911021,-0.13821980205511827,1.0,1.0,1.0,0.0,0.0,0.0,0.0,1.0,0.0
-0.09304122889134941,-1.1964237307086323,-1.3122014846527992,-0.20666365779240292,-0.15789391977827952,1.2870879335582857,0.9938491945191986,0.7812860099631335,1.000489652206453,0.32304143491315107,2.1430177397080645,0.07869700345030706,-0.7085095646703441,0.5536030660938334,7.948169622732531,-0.3804246818547255,-0.2593399238992062,0.31475100160157904,2.9409857114121736,2.087945602206008,-0.38323385004731275,0.0068724271542049045,-0.4740703164758417,-0.19748903212723556,0.7671525184941308,-3.7670607252467296,-0.792772049363534,-0.3208900961425944,1.0,1.0,1.0,1.0,1.0,0.0,0.0,1.0,0.0
0.1960511608782029,-0.44078769026107506,-1.7485884843009123,-0.20666365779240292,-0.15789391977827952,1.2870879335582857,-0.46339888356688774,0.5165979925690809,1.0336004663790659,-0.4705111553807767,-0.008228722333590378,0.985399739539578,-0.6620941906330037,0.824698125110758,-0.48678987768272275,-0.49691195795278487,-0.5153309034948697,-0.41683695296260403,6.310614245133276,1.7065144836447683,-0.39110758837630466,-0.10488479946557512,-0.4740703164758417,-0.1975702937724352,0.7671525184941308,-2.2990460193275113,-0.6726486436045935,-1.2754319270114647,1.0,1.0,1.0,1.0,0.0,0.0,0.0,1.0,0.0
0.4851435506477553,-0.44078769026107506,-1.3054763425349343,-0.20666365779240292,-0.15789391977827952,1.2870879335582857,-0.7860935370622251,-0.012778042219023653,-0.4156344000991393,-0.14319361059011934,-0.03375219677862342,0.27707440952661705,-0.28739647482747394,0.351098323213721,0.4003672063367232,-0.5458366139139698,-0.5422773223996762,0.9292848834354928,1.215078413652584,0.29763817645173973,-0.39110758837630466,-0.4222753230657504,-0.4740703164758417,-0.19732650883683642,-2.043048286094896,-0.8310313134082928,0.8001143624190822,-1.0202307808598436,1.0,1.0,1.0,1.0,0.0,0.0,0.0,1.0,0.0
0.7742359404173076,-0.44078769026107506,-0.899726101423761,-0.20666365779240292,-0.15789391977827952,1.2870879335582857,1.2064178948375555,1.0989116308359965,-0.7365545990029247,-0.3589881446888167,0.8698398764135385,-0.3442059261546332,-0.2943267063532335,0.13226255268198667,0.6775070283951539,-0.4875929758649401,0.1313831502204906,1.6608728379996758,-0.1820846369147022,0.11231847201905926,-0.39110758837630466,-0.1406471119839047,-0.4740703164758417,-0.19696083143343826,-0.6379478838003826,-0.8310313134082928,0.7375500885863008,-0.8751690767315538,1.0,1.0,1.0,1.0,0.0,0.0,0.0,1.0,0.0
1.06332833018686,-1.1964237307086323,-1.6634033508079586,-0.20666365779240292,-0.15789391977827952,1.2870879335582857,1.8979064380418498,1.8400380795393425,1.24500027994267,-0.14420033713668057,0.31494678301096285,0.002342827731282376,0.5176889041038274,-0.6973536520204092,1.3742272514470748,-0.5178796676504356,-0.1785006671847862,1.426764692539137,0.5575899192679789,-0.2047345162874544,-0.3576442004780891,-0.4043941668065856,-0.4740703164758417,-0.19659515403004013,-2.043048286094896,-0.8310313134082928,-1.2207116823797595,-1.326472156241789,1.0,1.0,1.0,1.0,0.0,0.0,0.0,1.0,0.0
1.3524207199564122,-0.44078769026107506,-1.7172044877508768,-0.20666365779240292,-0.15789391977827952,1.2870879335582857,0.012959890640514787,0.6754108030055125,1.9326864204507819,-0.514415730507673,1.0205112877152394,-1.125031410444628,-0.9000683322058923,0.5144085997299407,0.812980405099694,-0.40139239155237616,-0.5692237413044829,0.4610685925144156,1.215078413652584,0.005331694861638292,-0.3084333359218897,-0.31051809644597034,-0.3682992184578305,-0.19643263073964093,0.7671525184941308,-0.8310313134082928,-0.0319904795569113,-1.5189923191280994,1.0,1.0,1.0,1.0,1.0,0.0,0.0,1.0,0.0
0.4851435506477553,-0.6926663704102608,-0.7218834543068927,-0.20666365779240292,-1.6349747499729348,-0.9702753051443678,-0.9832958253093755,-0.5421540770071283,-0.5735475138454464,0.364564337429377,-0.3331968358651907,-0.4104880706790827,0.8790317813239087,-0.4458558261854309,-0.3211252913125993,-0.6530049079241844,-0.4412282515066512,-0.6509450984231425,-0.5108288841070049,-0.7048744415033631,-0.39110758837630466,-0.4401564793249152,-0.4740703164758417,-0.19192260943106373,0.7671525184941308,0.6369833925109255,0.04308664904242647,-0.5993727503641879,0.0,0.0,1.0,0.0,0.0,0.0,1.0,0.0,0.0
0.7742359404173076,-0.44078769026107506,-1.1321171234966427,-0.20666365779240292,-1.6349747499729348,-0.9702753051443678,-0.18680346628517022,0.4636603890902704,-0.9326724983330158,-0.8222882535311199,-0.8425098796678104,1.4553666285695672,-0.1448462375305037,-0.14863112292591124,-0.3335114286113002,-0.7112485459732141,-0.4681746704114579,-0.6509450984231425,-0.5108288841070049,-0.7048744415033631,-0.39110758837630466,-0.4401564793249152,-0.4740703164758417,-0.19192260943106373,0.7671525184941308,0.6369833925109255,-0.6288536519216466,-0.6307132419968431,0.0,1.0,1.0,0.0,0.0,0.0,1.0,0.0,0.0
1.06332833018686,-0.44078769026107506,-0.7966072556165011,-0.20666365779240292,-1.6349747499729348,-0.9702753051443678,2.4715858220335605,2.157663700412206,-0.14055994389589488,-0.36573505417162755,-1.4937365705560945,1.8713897775985764,0.2994523410932927,0.8638925914746508,-0.4418901299749323,-0.6879510907536022,-0.4681746704114579,-0.6509450984231425,-0.5108288841070049,-0.7048744415033631,-0.39110758837630466,-0.4401564793249152,-0.4740703164758417,-0.19192260943106373,0.7671525184941308,0.6369833925109255,0.6199292537806717,-0.625340586288388,0.0,1.0,1.0,1.0,0.0,0.0,1.0,0.0,0.0
1.3524207199564122,-0.44078769026107506,-0.9049567675154335,-0.20666365779240292,-1.6349747499729348,-0.9702753051443678,-0.5248645318517139,0.41072278561145986,2.503211218501956,-0.44332452548176293,-1.4589137215686312,1.2841654391053645,0.25380350805301183,0.03101018124193061,-0.3451234323288322,-0.6879510907536022,-0.26607652862540787,-0.6509450984231425,-0.5108288841070049,-0.7048744415033631,-0.39110758837630466,-0.4401564793249152,-0.4740703164758417,-0.19192260943106373,0.7671525184941308,0.6369833925109255,-0.12333431935277224,-0.2591045554953598,0.0,0.0,0.0,1.0,0.0,0.0,1.0,0.0,0.0
-1.8275955675086635,0.8186057104848538,-0.3467699717326583,-0.20666365779240292,1.5033848886490817,0.9713416036818828,0.30236065131490447,-1.0715301117952327,-0.49204397126670735,-0.45429318546583136,-0.5639434908564736,2.0341260643456747,-0.9285717704979299,-1.4322498963433976,-0.48833814484506033,-0.47827399377709534,-0.5557505318520796,-0.47536398932773866,-0.34645676051085356,-0.24901773883261297,-0.3576442004780891,-0.31945867457555277,-0.42118476746683614,-0.19618884580404214,0.7671525184941308,-0.8310313134082928,0.04308664904242647,-0.15971042488893897,1.0,0.0,1.0,0.0,0.0,0.0,0.0,1.0,0.0
-1.5385031777391112,0.8186057104848538,-0.14725742223600422,-0.20666365779240292,1.5033848886490817,0.9713416036818828,-0.07923858178672438,-1.2303429222316644,0.34591432587095433,-0.25877367870372264,-0.22819154776221162,-0.1620987458502276,-0.28781305632009296,-1.3407961414943146,-0.4720813396405155,-0.3571272266351136,-0.4614380656852562,-0.4461004711451713,-0.09989857511662652,-0.20212962084362152,-0.38717071921180873,-0.24793404953889359,-0.42118476746683614,-0.19557938346504525,0.7671525184941308,-0.8310313134082928,0.3921952970293471,0.028332524906992305,1.0,1.0,1.0,0.0,1.0,0.0,0.0,1.0,0.0
-1.2494107879695588,0.8186057104848538,-0.25336522009564777,-0.20666365779240292,1.5033848886490817,0.9713416036818828,1.6725323943308203,0.4636603890902704,-0.033586544261299665,0.19565115593549762,-0.5981653642449112,-1.1445983438672103,-0.11258053687933618,-1.1088955488412826,-0.43337466058207547,-0.06590903638996516,-0.47491127513765957,0.34401451978414643,0.06447354847952486,0.21446758620936196,-0.3812654154650648,-0.31945867457555277,-0.34185644395332776,-0.19557938346504525,0.7671525184941308,-0.8310313134082928,-0.11958046292280534,0.16712613070875115,1.0,1.0,1.0,1.0,0.0,0.0,0.0,1.0,0.0
-0.9603183982000064,1.0704843906340396,-0.9886474249821948,-0.20666365779240292,1.5033848886490817,0.9713416036818828,0.6942041591306712,0.41072278561145986,1.708551678359249,-0.4065004656221774,-0.4779137377387258,0.22057085739653248,-0.11940995153746177,-1.2591410032362047,-0.4364711949067507,-0.3780949363327643,-0.44796485623285287,0.02211581977590584,-0.09989857511662652,0.10264314608482286,-0.3596126350603371,-0.36863185428825596,-0.4740703164758417,-0.19651389238484052,0.7671525184941308,-0.8310313134082928,-1.1731628342668454,-0.3781984236994497,1.0,1.0,1.0,1.0,1.0,0.0,0.0,1.0,0.0
-0.6712260084304541,1.0704843906340396,-0.37815396828269393,-0.20666365779240292,1.5033848886490817,0.9713416036818828,-0.5837691114580057,-0.27746605961307624,0.7356031388255508,-0.4770834102183907,-0.7278777364278284,0.3624769226389699,-0.8843369982583759,-1.2166803313419876,-0.4689848053158403,0.633014620198391,-0.3873354136970379,-0.35830991659746936,0.8863341664602815,0.07696631956704192,-0.39110758837630466,-0.36416156522346477,-0.4740703164758417,-0.19228828683446186,-0.6379478838003826,-0.8310313134082928,1.080402309189943,0.36143717883121346,1.0,1.0,1.0,1.0,0.0,0.0,0.0,1.0,0.0
-0.38213361866090173,1.0704843906340396,-1.079063224566821,-0.20666365779240292,1.5033848886490817,0.9713416036818828,0.9605553016982511,-0.06571564569783417,-0.5353427282616625,-0.421106464896341,-0.8823154406376734,0.2660761181732722,-1.0266488514116021,-1.2362775645239341,-0.39157144719896025,0.09484340462535677,-0.5422773223996762,-0.5338910256928733,-0.34645676051085356,0.40592740133107713,-0.39110758837630466,-0.27028549486284953,-0.4740703164758417,-0.19549812181984566,-0.6379478838003826,0.6369833925109255,-1.1156037023406866,-0.46774268550703607,1.0,1.0,1.0,1.0,0.0,0.0,0.0,1.0,0.0
-0.09304122889134941,1.0704843906340396,-0.4760421479982811,-0.20666365779240292,1.5033848886490817,0.9713416036818828,0.9938491945191986,0.7812860099631335,1.000489652206453,-0.25877367870372264,-0.22819154776221162,-0.1620987458502276,-0.28781305632009296,-1.0305066161134973,-0.47053307247817794,-0.10551471026330533,-0.5018576940424663,-0.03641121658922885,-0.34645676051085356,0.04403299859858358,-0.37536011171832084,-0.19876086982619032,-0.3682992184578305,-0.1952137060616471,0.7671525184941308,0.6369833925109255,1.0678894544233868,0.6811101934842967,1.0,1.0,1.0,1.0,0.0,0.0,0.0,1.0,0.0
0.1960511608782029,1.0704843906340396,-0.8100575398522306,-0.20666365779240292,1.5033848886490817,0.9713416036818828,-0.46339888356688774,0.5165979925690809,1.0336004663790659,-0.7063354072513472,-0.018825814639050073,0.5393122926861224,-0.6996797770680353,-1.2820044419484755,-0.4790485418710348,-0.3571272266351136,-0.5692237413044829,-0.6509450984231425,-0.34645676051085356,-0.0927240122026415,-0.39110758837630466,-0.30157751831638796,-0.31541366944882493,-0.19598569169104318,0.7671525184941308,-0.8310313134082928,-0.5012225333027723,-0.15075599870818038,0.0,1.0,1.0,1.0,0.0,0.0,0.0,1.0,0.0
0.4851435506477553,1.0704843906340396,-0.557491091425754,-0.20666365779240292,1.5033848886490817,0.9713416036818828,-0.7860935370622251,-0.012778042219023653,-0.4156344000991393,-0.6639132077729928,-0.6139615427720075,0.7318666485473998,-0.7178634537982699,-1.1546224262658242,-0.45969520234181477,-0.5551555960018145,-0.5422773223996762,-0.15346528931949807,-0.34645676051085356,-0.0009944797876701415,-0.38717071921180873,-0.20770144795577272,-0.4740703164758417,-0.19712335472383744,-0.6379478838003826,-0.8310313134082928,0.48103656587189675,-0.12389272016590445,1.0,1.0,1.0,1.0,0.0,0.0,0.0,1.0,0.0
0.7742359404173076,-0.44078769026107506,0.4976089830659166,-0.20666365779240292,1.5033848886490817,0.9713416036818828,1.2064178948375555,1.0989116308359965,-0.7365545990029247,-0.6959486864330362,-0.7980908978067346,-0.02013130072172806,-0.6499324964126881,-1.010909382931551,-0.4674365381535028,-0.2849051154543168,-0.5153309034948697,-0.21199232568463278,-0.1820846369147022,-0.31525650869007704,-0.38717071921180873,-0.2524043386036848,-0.42118476746683614,-0.19431982796445163,-0.6379478838003826,0.6369833925109255,1.8249171678000426,0.7993086190703106,0.0,1.0,1.0,1.0,1.0,0.0,0.0,1.0,0.0
1.06332833018686,-0.44078769026107506,-1.070843606422764,-0.20666365779240292,1.5033848886490817,0.9713416036818828,1.8979064380418498,1.8400380795393425,1.24500027994267,-0.9097005593718057,-0.6848530548666795,1.8993000906108846,-0.7903694230361111,-0.7038860630810579,-0.3776370427379218,0.8124050253894025,-0.4277550420542479,-0.15346528931949807,-0.017712513318550883,-0.5621633839733773,-0.365517938807081,-0.27028549486284953,-0.4740703164758417,-0.16319661785300896,0.7671525184941308,0.6369833925109255,-2.568346140737872,-0.6163861601076294,1.0,1.0,1.0,1.0,0.0,0.0,0.0,1.0,0.0
1.3524207199564122,-0.44078769026107506,-0.9288683839345078,-0.20666365779240292,1.5033848886490817,0.9713416036818828,0.012959890640514787,0.6754108030055125,1.9326864204507819,-0.7955096352429443,-0.551224362633485,0.978179822242382,-0.5305161193636031,-0.9357866557340898,-0.46124346950415235,1.4204686066212726,-0.4142818326018446,0.02211581977590584,-0.34645676051085356,-0.5792812683185646,-0.39110758837630466,-0.32839925270513515,-0.4740703164758417,-0.14275931408531226,-0.6379478838003826,-0.8310313134082928,0.2958463153268636,-0.5743003570580637,1.0,1.0,1.0,1.0,0.0,0.0,0.0,1.0,0.0
-1.5385031777391112,-0.44078769026107506,-0.6710712694163591,2.2733002357164342,0.06645235820065712,1.3314979859222296,-0.07923858178672438,-1.2303429222316644,0.34591432587095433,-0.1218297541291061,1.2533428270679565,1.0271698683890444,-0.8876919609382163,0.3641631453350186,-0.47440374038402194,0.07620544044966726,-0.4008086231494412,0.9292848834354928,1.5438226608448868,-0.5560232732843426,-0.39110758837630466,0.7355295447151706,-0.2625281204398194,-0.18070850239352043,-0.6379478838003826,-2.2990460193275113,0.04308664904242647,-0.5483325211338637,1.0,0.0,0.0,0.0,1.0,0.0,0.0,1.0,0.0
-1.2494107879695588,-0.44078769026107506,-0.8690893428868213,-0.20666365779240292,0.06645235820065712,1.3314979859222296,1.6725323943308203,0.4636603890902704,-0.033586544261299665,-0.18630112087169418,0.9770057713087317,1.436145657310176,-0.7198369511443512,0.6483230264732408,-0.44498666429960754,0.027280784488482326,-0.31323276170881953,0.8122308107052234,0.8863341664602815,-0.50020408520221,-0.39110758837630466,1.2183207637126203,-0.3682992184578305,-0.1861530326218929,-0.6379478838003826,-0.8310313134082928,-0.27348857655144776,-0.5707185865857602,0.0,0.0,0.0,0.0,0.0,0.0,0.0,1.0,0.0
-0.9603183982000064,-0.44078769026107506,-0.7286085964247572,-0.20666365779240292,0.06645235820065712,1.3314979859222296,0.6942041591306712,0.41072278561145986,1.708551678359249,0.30368405155886935,1.9836487264458824,0.699735166121694,-0.7384250931373771,1.1807145279161169,-0.48988641200739796,0.49322988888071984,-0.2862863428040129,-0.15346528931949807,0.5575899192679789,-0.631193113234948,-0.3576442004780891,0.6416534743545554,-0.3682992184578305,-0.14479085521530197,0.7671525184941308,-2.2990460193275113,0.2933437443735523,-0.06658439260904922,0.0,0.0,1.0,0.0,0.0,0.0,0.0,1.0,0.0
-0.6712260084304541,-0.44078769026107506,-1.3435854812028347,-0.20666365779240292,0.06645235820065712,1.3314979859222296,-0.5837691114580057,-0.27746605961307624,0.7356031388255508,0.007567153273963628,0.6443780741564347,1.4380752684347582,-0.7781442955124201,-0.7267495017933286,-0.11597989230286712,0.7844480791258683,-0.2593399238992062,-0.15346528931949807,-0.5108288841070049,-0.6373332239239825,-0.38323385004731275,-0.1406471119839047,-0.3682992184578305,-0.12597878435159707,-2.043048286094896,-2.2990460193275113,-0.9717058725252891,-0.7954746837228018,1.0,1.0,1.0,0.0,0.0,0.0,0.0,1.0,0.0
-0.38213361866090173,-0.44078769026107506,-1.6619088747817665,-0.20666365779240292,0.06645235820065712,1.3314979859222296,0.9605553016982511,-0.06571564569783417,-0.5353427282616625,0.6375470313704595,2.374107729044972,-0.5000050182235877,-0.5662814853389316,-0.563439225277109,-0.4968536142379172,-0.09852547369742182,-0.48164787986386126,0.31475100160157904,5.324381503556368,-0.6010507516705964,-0.33402298549111337,-0.2926369401868055,-0.4740703164758417,-0.17871759208613047,-0.6379478838003826,-2.2990460193275113,-0.47494553829300407,-1.1661879276062093,1.0,1.0,0.0,0.0,0.0,0.0,0.0,1.0,0.0
0.1960511608782029,-0.44078769026107506,-0.899726101423761,2.2733002357164342,0.06645235820065712,1.3314979859222296,-0.46339888356688774,0.5165979925690809,1.0336004663790659,0.12009862820992526,1.3507251213033689,1.0703924324565801,-0.8987101051233897,-0.41319377088218695,-0.47053307247817794,-0.23598045949313184,-0.48164787986386126,0.08064285614104046,-0.5108288841070049,-0.6272857700691987,-0.38323385004731275,-0.2524043386036848,-0.2625281204398194,-0.1779862372793342,0.7671525184941308,-0.8310313134082928,1.3344132609510357,0.17339422903528218,1.0,0.0,1.0,0.0,0.0,0.0,0.0,1.0,0.0
0.4851435506477553,-0.44078769026107506,-1.7859503849557163,-0.20666365779240292,0.06645235820065712,1.3314979859222296,-0.7860935370622251,-0.012778042219023653,-0.4156344000991393,-0.7125640260761383,1.8947526164520703,0.38931882081456065,-0.7643576611070018,0.7855036587468652,-0.4511797329489579,0.03659976657632708,-0.45470146095905456,-0.6509450984231425,-0.5108288841070049,-0.6637543062828587,-0.38323385004731275,-0.2926369401868055,-0.4740703164758417,-0.13885875511573195,-0.6379478838003826,-0.8310313134082928,-1.4259225005512826,-1.5960003842826236,0.0,1.0,1.0,1.0,0.0,0.0,0.0,1.0,0.0
0.7742359404173076,-0.44078769026107506,-0.6897522197437611,-0.20666365779240292,0.06645235820065712,1.3314979859222296,1.2064178948375555,1.0989116308359965,-0.7365545990029247,-0.745325882618316,2.137959707590569,0.22058005370010675,-0.6750648505380961,-0.04411254595553057,-0.3900231800366227,-0.13813114757076198,-0.4277550420542479,-0.6509450984231425,-0.5108288841070049,-0.6257972583870085,-0.39110758837630466,-0.2524043386036848,-0.4740703164758417,-0.17432946324535267,-0.6379478838003826,0.6369833925109255,1.8937378690161022,-0.6235497010522362,1.0,1.0,1.0,1.0,0.0,0.0,0.0,1.0,0.0
1.06332833018686,-0.44078769026107506,-0.6494013670365727,-0.20666365779240292,0.06645235820065712,1.3314979859222296,1.8979064380418498,1.8400380795393425,1.24500027994267,-0.7150410735072771,0.5851336079154372,1.550813411160797,-0.29966385076730917,0.17145701904587943,-0.4418901299749323,-0.18705580353194692,-0.0909248057441645,-0.5338910256928733,-0.5108288841070049,-0.6909196444828299,-0.39110758837630466,-0.23452318234451996,-0.4740703164758417,-0.0759622417312499,-3.4481486883894092,-2.2990460193275113,0.125671490501698,-0.11135652351284239,1.0,1.0,1.0,0.0,0.0,0.0,0.0,1.0,0.0
1.3524207199564122,-0.44078769026107506,-1.3734750017266781,-0.20666365779240292,0.06645235820065712,1.3314979859222296,0.012959890640514787,0.6754108030055125,1.9326864204507819,-0.5660000337562326,1.756821672887638,0.35258888178054265,-0.5785788476374504,0.37722796745631615,-0.4287298590950627,0.16240602476223123,-0.2323935049943995,-0.5338910256928733,-0.1820846369147022,-0.6297046015527578,-0.39110758837630466,-0.18087971356702556,-0.4740703164758417,-0.16014930615802433,-2.043048286094896,-2.2990460193275113,-1.154393552117011,-1.1070887148132025,1.0,1.0,1.0,1.0,0.0,0.0,0.0,1.0,0.0
0.7742359404173076,-0.44078769026107506,1.7880890316828542,-0.20666365779240292,-1.3659744166648569,-0.7463272962336102,-0.7143836140632611,-0.38334126657069667,-0.8868267556324749,1.4068404171172486,-0.5455622240633917,-0.9657181324237201,0.5242162799815067,1.3930178873872026,0.37946559964516546,0.00398332926887043,0.5355794337925905,0.08064285614104046,-0.5108288841070049,1.2242366986151423,-0.37732854630056883,-0.4401564793249152,-0.4740703164758417,-0.19663578485263988,0.7671525184941308,0.6369833925109255,0.04308664904242647,1.4476090745572356,1.0,1.0,1.0,1.0,0.0,0.0,0.0,0.0,1.0
1.06332833018686,-0.44078769026107506,1.7073873262684771,-0.20666365779240292,-1.3659744166648569,-0.7463272962336102,1.3959369770491028,1.6282876656241005,-0.6652389992465281,-0.34509079801690085,-0.6067808024900334,-0.7750244844431604,0.12640915251093052,1.1382538560218995,0.24631462368413176,-0.21268300427351994,0.030334079327465555,1.3389741379914353,0.3932177956718275,2.0654318630128814,-0.39110758837630466,-0.3775724324178384,-0.3682992184578305,-0.1972858780142366,0.7671525184941308,0.6369833925109255,-0.07703675671651396,1.3571693701315735,1.0,1.0,1.0,1.0,1.0,0.0,0.0,0.0,1.0
1.3524207199564122,-0.44078769026107506,1.0132032121022145,-0.20666365779240292,-1.3659744166648569,-0.7463272962336102,-0.5402309439229205,-0.8068420944011808,1.4334772221560044,-0.3240900488304461,-0.5249285820055115,-0.6057703676462515,-0.23060519927750833,2.327152669059979,-0.33970449726065055,-0.3524677355911912,0.0774903124108772,-0.24125584386720003,-0.5108288841070049,1.6873498957365693,-0.39110758837630466,-0.39098329961221195,-0.4740703164758417,-0.19736713965943622,0.7671525184941308,0.6369833925109255,-1.1043421330507857,0.7993086190703106,0.0,1.0,1.0,1.0,0.0,0.0,0.0,0.0,1.0
0.7742359404173076,-0.44078769026107506,2.299199832640576,-0.20666365779240292,-1.3592494083321551,-0.7421716456692984,-0.7143836140632611,-0.38334126657069667,-0.8868267556324749,-0.7932535309676152,0.4600733024296908,-0.19990055251112926,0.14205380181818492,2.977127569594533,-0.31957702415026173,-0.05193056325819802,0.2728518494707256,-0.15346528931949807,-0.5108288841070049,0.9758413116496517,0.116748533843673,-0.4043941668065856,-0.2625281204398194,-0.19659515403004013,0.7671525184941308,0.6369833925109255,0.04308664904242647,2.0600918253211264,1.0,1.0,1.0,0.0,0.0,0.0,0.0,0.0,1.0
1.06332833018686,-0.44078769026107506,1.7387713228185129,-0.20666365779240292,-1.3592494083321551,-0.7421716456692984,1.3959369770491028,1.6282876656241005,-0.6652389992465281,0.00731606967825335,-0.7506395805835745,0.7151398310683239,0.3460224012691974,1.8862149224661857,-0.19339325041974723,-0.5947612698751548,0.36042771091134723,-0.5338910256928733,-0.5108288841070049,1.219399035648024,-0.2769383826059221,-0.4401564793249152,-0.3682992184578305,-0.19765155541763477,-0.6379478838003826,0.6369833925109255,-0.880362032729428,1.3947779600907597,1.0,1.0,0.0,1.0,1.0,0.0,0.0,0.0,1.0
1.3524207199564122,-0.44078769026107506,1.816484076180505,-0.20666365779240292,-1.3592494083321551,-0.7421716456692984,-0.5402309439229205,-0.8068420944011808,1.4334772221560044,-0.024926125117177025,-0.7578981489498173,-1.300063455937574,1.5922086774000332,1.1513186781431974,-0.30022368462104176,-0.6436859258363397,-0.0909248057441645,-0.6509450984231425,-0.5108288841070049,2.0542680253964547,-0.38323385004731275,-0.4401564793249152,-0.3682992184578305,-0.19777344788543416,0.7671525184941308,0.6369833925109255,0.1882357643344795,1.761909433501864,1.0,1.0,1.0,1.0,1.0,0.0,0.0,0.0,1.0
-1.8275955675086635,-0.44078769026107506,0.5850358305981586,-0.20666365779240292,-0.06582855570359004,0.6412028706844165,-0.7041393393491234,-2.183219784850253,-0.49968492838346407,1.3157832023926623,-0.6758763117203519,-1.6997082937340917,-0.8116592027914803,-1.0958307267199852,-0.4999501485625924,-0.6995998183634082,0.5759990621498007,-0.6509450984231425,2.3656832788256437,-0.7048744415033631,-0.39110758837630466,-0.3954535886770032,-0.4740703164758417,-0.19192260943106373,-0.6379478838003826,0.6369833925109255,0.04308664904242647,-0.290445047128015,1.0,1.0,0.0,0.0,0.0,0.0,0.0,0.0,1.0
-1.5385031777391112,-0.44078769026107506,0.5088175532623578,-0.20666365779240292,-0.06582855570359004,0.6412028706844165,-0.7169446827417956,-2.077344577892632,-0.6550510564241856,-0.1634761495122945,0.7544656109220943,-1.2553548251915483,0.7132795900896111,-0.5471081976254871,0.5551939225704834,-0.4875929758649401,-0.2593399238992062,0.31475100160157904,-0.1820846369147022,-0.7048744415033631,-0.39110758837630466,-0.4222753230657504,-0.4740703164758417,-0.19192260943106373,-0.6379478838003826,-0.8310313134082928,-0.06952904385658018,-0.35760324348370476,0.0,1.0,1.0,1.0,0.0,0.0,0.0,0.0,1.0
-1.2494107879695588,-0.44078769026107506,0.03432141494634423,-0.20666365779240292,-0.06582855570359004,0.6412028706844165,-0.5632805620297302,-0.6480292839647492,-0.6677859849521136,0.33030836049239837,0.42982073406479016,-1.4851287689468147,-0.3647599351839959,-0.3576682768666723,1.0901202271581247,-0.4875929758649401,-0.1785006671847862,-0.5338910256928733,0.1466596102776005,-0.704130185662268,-0.39110758837630466,-0.4043941668065856,-0.4740703164758417,0.7772850328644371,-0.6379478838003826,-0.8310313134082928,-0.7364642029140306,-1.0855980919793817,1.0,0.0,1.0,1.0,0.0,0.0,0.0,0.0,1.0
-0.9603183982000064,-0.44078769026107506,-0.12110409177764116,-0.20666365779240292,-0.06582855570359004,0.6412028706844165,-0.5171813258161108,0.4636603890902704,-0.5149668426169777,0.5520814085638382,1.1393840862985576,-1.444128330369817,-0.20087894514626156,-0.9161894225521435,3.3397524140346606,-0.58544228778731,-0.31323276170881953,0.08064285614104046,-0.1820846369147022,-0.704130185662268,-0.39110758837630466,-0.4222753230657504,-0.4740703164758417,0.3506613955665936,-0.6379478838003826,0.6369833925109255,-0.2021653043820769,-1.0417214036936644,0.0,0.0,0.0,1.0,0.0,0.0,0.0,0.0,1.0
-0.6712260084304541,-0.44078769026107506,0.7195386729554535,-0.20666365779240292,-0.06582855570359004,0.6412028706844165,-0.6964561333135202,-0.33040366309188673,-0.46912109991643697,1.1749512139957183,0.7202169903943232,-1.5655750357272096,-0.4142810405924419,-0.6450943635352189,0.055103629135437884,-0.25461842366882137,-0.4008086231494412,-0.6509450984231425,-0.5108288841070049,-0.704130185662268,-0.39110758837630466,-0.36416156522346477,0.6365262127132754,1.7930555978593026,-0.6379478838003826,0.6369833925109255,1.465798235999877,0.089222622936151,1.0,1.0,1.0,1.0,1.0,1.0,0.0,0.0,1.0
-0.38213361866090173,-0.44078769026107506,0.12772616658335476,-0.20666365779240292,-0.06582855570359004,0.6412028706844165,-1.0217118554873919,-0.11865324917664469,-0.6474100993074288,0.36393767250586695,0.19118444747054011,-1.6739386459918337,0.42960361325059626,-0.9847797386889557,0.7518238521873589,-0.5551555960018145,-0.0909248057441645,-0.5338910256928733,0.1466596102776005,-0.704130185662268,-0.39110758837630466,-0.4043941668065856,-0.4740703164758417,0.48271156901592605,-0.6379478838003826,-0.8310313134082928,-0.9329160227489645,-0.3799893089356014,1.0,1.0,1.0,1.0,0.0,0.0,0.0,0.0,1.0
0.4851435506477553,-0.9445450505594466,0.4228851817563082,4.753264129225272,-0.06582855570359004,0.6412028706844165,-0.8706088034538609,-0.5421540770071283,-0.7238196704749966,0.08339498435583663,0.04693823388768413,-1.7382962275365774,1.1730966514108758,-0.7528791460359239,0.8470422826711211,-0.536517631826125,-0.2862863428040129,-0.41683695296260403,-0.5108288841070049,-0.6978040110129596,-0.39110758837630466,-0.4043941668065856,-0.3682992184578305,-0.11764946571863916,-0.6379478838003826,-0.8310313134082928,0.5523598380412676,0.18145321259796493,1.0,1.0,0.0,1.0,0.0,0.0,0.0,0.0,1.0
0.7742359404173076,-0.9445450505594466,0.2480314866918248,-0.20666365779240292,-0.06582855570359004,0.6412028706844165,-0.3507118617113732,0.9930364238783755,-0.8206051272872494,1.3013956860110918,-0.6707534038722,-0.6212516788153216,-0.4014920491632925,-1.1415576041445266,0.6658950246776218,-0.6972700728414469,-0.4008086231494412,-0.6509450984231425,-0.017712513318550883,-0.7048744415033631,-0.3792969808828168,-0.3552209870938824,-0.4740703164758417,-0.19192260943106373,0.7671525184941308,-0.8310313134082928,-0.23469872677512324,-0.3978981612971187,1.0,1.0,1.0,1.0,0.0,0.0,0.0,0.0,1.0
-1.5385031777391112,-1.7001810910070039,0.774087047911468,-0.20666365779240292,-0.19098096077517362,-1.217688887574936,-0.8603645287397232,-1.0715301117952327,-0.6652389992465281,2.3578265656009543,-1.549728246307203,-0.5066037416101502,2.6284393814685822,-0.9161894225521435,-0.22900339515351206,-0.7112485459732141,-0.5692237413044829,-0.6509450984231425,-0.5108288841070049,0.39755452311875716,-0.39110758837630466,-0.4401564793249152,-0.4740703164758417,-0.19785470953063375,0.7671525184941308,0.6369833925109255,0.04308664904242647,-0.11762462183937342,1.0,0.0,0.0,0.0,0.0,0.0,1.0,0.0,0.0
-1.2494107879695588,-1.7001810910070039,1.75446332109353,-0.20666365779240292,-0.19098096077517362,-1.217688887574936,1.882540025970643,1.045974027357186,-0.8104171844649071,1.9425372374744319,-1.3556731685090528,-0.100155030371309,0.4180536152541257,-0.9978445608102533,-0.4999501485625924,-0.7112485459732141,-0.5692237413044829,-0.6509450984231425,-0.5108288841070049,-0.021089387497237874,-0.39110758837630466,-0.4401564793249152,-0.4740703164758417,-0.19785470953063375,0.7671525184941308,0.6369833925109255,1.6997886201344796,2.903598771548589,0.0,0.0,0.0,0.0,0.0,0.0,1.0,0.0,0.0
-0.9603183982000064,-1.7001810910070039,3.2489393472856984,-0.20666365779240292,-0.19098096077517362,-1.217688887574936,-0.9832958253093755,-0.43627887004950716,1.917404506217268,0.05942535277502608,-1.549728246307203,-1.4145729212361615,-1.0893826140016696,2.3500161077722495,-0.4999501485625924,-0.7112485459732141,-0.5692237413044829,-0.6509450984231425,-0.5108288841070049,-0.025740986504082262,-0.39110758837630466,-0.4401564793249152,-0.4740703164758417,-0.19785470953063375,0.7671525184941308,0.6369833925109255,2.560673028073553,4.513604598848992,0.0,0.0,0.0,0.0,0.0,0.0,1.0,0.0,0.0
-0.6712260084304541,-1.7001810910070039,1.5676538178195092,-0.20666365779240292,-0.19098096077517362,-1.217688887574936,-0.9397576577742904,-0.7539044909223703,-0.9326724983330158,-0.2825220926760244,-0.6564369431336895,2.2837280713995405,-1.0893826140016696,1.7784301399654807,-0.4805968090333724,-0.7112485459732141,-0.0639783868393578,-0.6509450984231425,-0.5108288841070049,-0.08621177359305933,-0.39110758837630466,-0.4401564793249152,-0.4740703164758417,-0.19785470953063375,0.7671525184941308,0.6369833925109255,-2.7572902477128722,2.7657006083649063,0.0,1.0,0.0,0.0,0.0,0.0,1.0,0.0,0.0
-0.38213361866090173,-1.7001810910070039,-1.2344887312908064,-0.20666365779240292,-0.19098096077517362,-1.217688887574936,-0.1381431613930161,0.4636603890902704,-0.8893737413380606,-0.25877367870372264,-0.22819154776221162,-0.1620987458502276,-0.28781305632009296,-0.8345342842940336,-0.4999501485625924,-0.7112485459732141,-0.4008086231494412,-0.6509450984231425,-0.5108288841070049,1.0487783840769718,-0.39110758837630466,-0.4401564793249152,-0.4740703164758417,-0.19785470953063375,0.7671525184941308,0.6369833925109255,-4.634218462696316,-0.5322145540084982,0.0,1.0,0.0,0.0,0.0,0.0,1.0,0.0,0.0
-0.09304122889134941,-1.7001810910070039,0.633606301449404,-0.20666365779240292,-0.19098096077517362,-1.217688887574936,-0.14582636742861943,-0.33040366309188673,-0.09216721548976842,1.2475401081292845,-0.5083330209889291,-0.6566642109006531,-0.07008721298305129,3.983118872934446,-0.4999501485625924,-0.7112485459732141,4.65164492150181,-0.6509450984231425,-0.5108288841070049,0.6626956665088873,-0.39110758837630466,-0.4401564793249152,-0.4740703164758417,-0.19785470953063375,0.7671525184941308,0.6369833925109255,3.1863157664013673,1.5568530739624908,0.0,1.0,1.0,0.0,0.0,0.0,1.0,0.0,0.0
0.4851435506477553,-1.7001810910070039,1.1469588164464135,2.2733002357164342,-0.19098096077517362,-1.217688887574936,-0.9832958253093755,-0.5421540770071283,-0.5735475138454464,-0.6625589293103809,-1.39562713349872,2.7164921137821727,-0.49084738613772844,1.0435338956424924,-0.4999501485625924,-0.7112485459732141,1.9570030310211426,-0.6509450984231425,-0.5108288841070049,-0.30018532790790126,-0.39110758837630466,-0.4401564793249152,-0.4740703164758417,-0.19785470953063375,0.7671525184941308,0.6369833925109255,0.9177351972247114,1.7654912039741673,0.0,1.0,0.0,0.0,0.0,0.0,1.0,0.0,0.0
0.7742359404173076,-0.44078769026107506,1.1947820492845629,-0.20666365779240292,-0.19098096077517362,-1.217688887574936,-0.18680346628517022,0.4636603890902704,-0.9326724983330158,-0.9515579700598186,-1.549728246307203,3.5977158892853778,-0.7850937313795653,-0.09963803997104523,-0.46124346950415235,-0.7112485459732141,-0.4008086231494412,-0.6509450984231425,-0.5108288841070049,-0.03969578352461543,-0.39110758837630466,-0.4401564793249152,-0.4740703164758417,-0.19785470953063375,0.7671525184941308,0.6369833925109255,0.1381843452682543,2.1576950706913953,0.0,1.0,1.0,0.0,0.0,0.0,1.0,0.0,0.0
1.06332833018686,-0.44078769026107506,0.633606301449404,-0.20666365779240292,-0.19098096077517362,-1.217688887574936,2.4715858220335605,2.157663700412206,-0.14055994389589488,-0.9515579700598186,-0.6376631895545846,2.9114010424159433,-0.7062103733614793,2.1050506929979202,-0.2677100742119521,-0.7112485459732141,0.2728518494707256,-0.6509450984231425,-0.5108288841070049,0.06729099363280552,-0.39110758837630466,-0.4401564793249152,-0.4740703164758417,-0.19785470953063375,0.7671525184941308,0.6369833925109255,-0.8816133182060837,1.0885365847088144,0.0,1.0,1.0,0.0,0.0,0.0,1.0,0.0,0.0
-1.2494107879695588,-1.1964237307086323,-0.3624619700076761,-0.20666365779240292,1.0643763446902987,-1.2877115995835877,1.882540025970643,1.045974027357186,-0.8104171844649071,0.8802429479889282,2.29100656126767,-1.2149145522142788,-0.10011177539976295,-0.9161894225521435,-0.17094337656585198,0.2975312650359801,0.2728518494707256,-0.6509450984231425,-0.5108288841070049,-0.16380044502722377,-0.39110758837630466,-0.36416156522346477,-0.4740703164758417,-0.19180071696326434,0.7671525184941308,0.6369833925109255,0.04308664904242647,0.36680983453966864,0.0,0.0,0.0,1.0,0.0,0.0,1.0,0.0,0.0
-0.9603183982000064,-0.6926663704102608,-0.06655571682162671,-0.20666365779240292,1.0643763446902987,-1.2877115995835877,-0.9832958253093755,-0.43627887004950716,1.917404506217268,0.399905087504854,2.817371056592691,-1.5996307508577206,-1.0893826140016696,1.9156107722391054,0.8222700080737195,10.238555407244368,10.768482012892925,3.7385826289619555,-0.5108288841070049,0.19437267849979423,-0.2769383826059221,0.41813902111499535,-0.4740703164758417,-0.15836154996363339,0.7671525184941308,0.6369833925109255,0.5536111235179233,0.5405257024463862,0.0,0.0,0.0,1.0,0.0,0.0,1.0,0.0,0.0
-0.6712260084304541,-0.6926663704102608,0.4565108923456322,-0.20666365779240292,1.0643763446902987,-1.2877115995835877,-0.9397576577742904,-0.7539044909223703,-0.9326724983330158,2.9045183402781767,1.421588146983711,-1.4837564035593862,-0.9187646344745859,1.9156107722391054,0.8222700080737195,10.238555407244368,10.768482012892925,3.7385826289619555,-0.5108288841070049,0.30545286278323824,-0.33205455090886543,-0.23899347140931115,-0.4740703164758417,-0.16266841715921163,0.7671525184941308,-0.8310313134082928,0.9340019084212347,1.4341774352860979,0.0,1.0,1.0,1.0,0.0,0.0,1.0,0.0,0.0
-0.38213361866090173,-0.6926663704102608,0.605958494964849,-0.20666365779240292,1.0643763446902987,-1.2877115995835877,-0.1381431613930161,0.4636603890902704,-0.8893737413380606,1.2291553653534273,1.3418010301134915,-0.9325863004470676,-1.063102491032127,1.1741821168554682,0.5915782008854169,0.47692167022699145,-0.0639783868393578,1.6901363561822431,-0.5108288841070049,-0.3262342823462298,-0.39110758837630466,-0.32839925270513515,-0.4740703164758417,-0.18765637305808527,0.7671525184941308,0.6369833925109255,0.3083591700934199,1.6732606143123532,0.0,1.0,1.0,0.0,0.0,0.0,1.0,0.0,0.0
-0.09304122889134941,-0.6926663704102608,0.419148991690828,-0.20666365779240292,1.0643763446902987,-1.2877115995835877,-0.14582636742861943,-0.33040366309188673,-0.09216721548976842,2.1298606254240453,1.1462647042191343,-1.0513302583657205,-0.7285893788689548,-0.3772655100486187,0.08065003731400831,0.1857034799818431,1.5528067474490423,-0.21199232568463278,-0.09989857511662652,-0.17645279432584052,-0.27300151344142615,-0.3507506980290912,-0.4740703164758417,-0.19232891765706167,0.7671525184941308,0.6369833925109255,-0.25471929440161334,1.2998610425747184,0.0,1.0,0.0,0.0,0.0,0.0,1.0,0.0,0.0
0.1960511608782029,-0.6926663704102608,1.1364974842630684,-0.20666365779240292,1.0643763446902987,-1.2877115995835877,-0.622185141636022,0.04015956125978686,-0.09980817260652528,0.3649015394767041,2.871690768391868,-0.9778882584115725,-1.029741069287375,0.6515892320035651,1.7450372368269305,0.570111491105439,1.9570030310211426,-0.35830991659746936,-0.5108288841070049,-0.15505543889435627,-0.3418967238201053,-0.3954535886770032,-0.4740703164758417,-0.19029737652707196,0.7671525184941308,0.6369833925109255,1.259336132351698,1.752955007321105,0.0,0.0,0.0,0.0,0.0,0.0,1.0,0.0,0.0
0.4851435506477553,-0.6926663704102608,-0.029193816166822505,-0.20666365779240292,1.0643763446902987,-1.2877115995835877,-0.9832958253093755,-0.5421540770071283,-0.5735475138454464,0.5659634542218142,2.5136398930540995,-1.8139556282794222,-1.0893826140016696,1.255837255113578,3.893257924570353,1.315630058133019,1.9570030310211426,0.9585484016180601,-0.5108288841070049,-0.40810242486669107,0.2092649592093278,-0.3954535886770032,-0.4740703164758417,-0.17571091121374569,0.7671525184941308,0.6369833925109255,-1.893903268820488,0.23070255659213743,0.0,0.0,0.0,0.0,0.0,0.0,1.0,0.0,0.0
0.7742359404173076,-0.44078769026107506,0.8861727498758806,-0.20666365779240292,1.0643763446902987,-1.2877115995835877,-0.18680346628517022,0.4636603890902704,-0.9326724983330158,2.157595417809044,1.819934364316952,-0.6689187100873341,-0.7595672357005182,1.664112946404127,8.429680710219525,1.2457376924741836,-0.26607652862540787,2.8606770834849358,-0.5108288841070049,-0.3578651555927717,0.0025793280732904077,-0.41780503400095914,-0.4740703164758417,-0.17957083936072615,0.7671525184941308,-0.8310313134082928,1.59092678366544,1.7878772694260638,0.0,0.0,0.0,0.0,0.0,0.0,1.0,0.0,0.0
1.06332833018686,-0.6926663704102608,1.3995252648728902,-0.20666365779240292,1.0643763446902987,-1.2877115995835877,2.4715858220335605,2.157663700412206,-0.14055994389589488,2.059995526003766,0.9580451818294793,-0.8463365589329176,-0.958403154970777,0.6842512873068092,6.293072026193635,0.9894656850584527,0.1044367313156839,1.1048659925308966,-0.09989857511662652,-0.38763538923657576,-0.28284368635266605,-0.4401564793249152,-0.4740703164758417,-0.18046471745792164,0.7671525184941308,0.6369833925109255,0.9177351972247114,2.0063652682365745,0.0,0.0,0.0,1.0,0.0,0.0,1.0,0.0,0.0
1.3524207199564122,-0.44078769026107506,0.28838233939901325,-0.20666365779240292,1.0643763446902987,-1.2877115995835877,-0.5248645318517139,0.41072278561145986,2.503211218501956,0.24880179605986522,0.34394090161824337,-1.0774106071009766,-0.3943265224462262,0.3086376513195039,0.5219061785802248,0.46527294261718555,0.8791462748288756,2.421724310746426,-0.5108288841070049,-0.5039253644076855,-0.39110758837630466,-0.41780503400095914,-0.4740703164758417,-0.17883948455392987,0.7671525184941308,0.6369833925109255,-1.802559429024627,1.1709173055717939,0.0,0.0,0.0,1.0,0.0,0.0,1.0,0.0,0.0
-1.8275955675086635,-0.9445450505594466,0.2622290089406502,-0.20666365779240292,-1.2763300555899402,-0.6955313941691745,-0.6452347597428318,-1.9185317674562004,-0.6346751707795009,-0.5445912814025773,0.2391415570933351,-1.144314992069887,0.4879117410495473,-0.3576682768666723,-0.4805968090333724,1.0919744880247453,0.2997982683755323,0.6951767379749543,0.22884567207567613,-0.6644985621239538,0.9789228808682863,0.1767434116162705,1.0596106047853198,-0.05292456531716634,-0.6379478838003826,-0.8310313134082928,0.04308664904242647,-0.677276258136788,0.0,1.0,0.0,0.0,0.0,1.0,0.0,0.0,1.0
-1.5385031777391112,-0.9445450505594466,0.6575179178684787,-0.20666365779240292,-1.2763300555899402,-0.6955313941691745,-1.0217118554873919,-1.9185317674562004,-0.5964703851957168,0.8927318096840178,0.4171094751110124,-0.9160526334453157,0.7392559617871904,-0.6908212409597604,-0.4953053470755796,-0.536517631826125,-0.5288041129472729,-0.6509450984231425,-0.5108288841070049,-0.6769648474622968,1.5163055218219834,-0.3552209870938824,0.6894117617222809,-0.17753929823073644,0.7671525184941308,0.6369833925109255,0.720032091913122,-0.179410162486608,1.0,0.0,0.0,0.0,0.0,1.0,0.0,0.0,1.0
-1.2494107879695588,-0.9445450505594466,0.7621312397019303,-0.20666365779240292,-1.2763300555899402,-0.6955313941691745,0.8350629364500644,0.940098820399565,-0.9708772839167997,-0.44433472235092814,-1.1775705900218036,0.5152080907540239,0.13470028899173256,-0.7724763792178703,-0.4759520075463596,0.45362421500737965,-0.5692237413044829,-0.09493825295436346,-0.5108288841070049,-0.6572420676732765,0.21123339379157582,-0.4401564793249152,0.5307551146952643,-0.11850271299323485,0.7671525184941308,0.6369833925109255,0.23328204149408213,-0.21343698197349079,0.0,0.0,0.0,0.0,0.0,1.0,0.0,0.0,1.0
-0.9603183982000064,-0.9445450505594466,0.2368229164953831,-0.20666365779240292,-1.2763300555899402,-0.6955313941691745,-1.0217118554873919,-0.5950916804859387,0.8756873526327588,-0.8429388212780022,-1.1984818120560496,0.7813663112174689,0.13949272936670346,0.20738527987944785,-0.46124346950415235,-0.361786717679036,-0.36038899479223124,-0.6509450984231425,-0.5108288841070049,-0.416475303079011,1.4670946572657841,-0.3552209870938824,1.8528938399204038,-0.19391351973845364,-2.043048286094896,0.6369833925109255,-0.8215516153266135,-0.6128043896353259,0.0,1.0,0.0,0.0,0.0,1.0,0.0,0.0,1.0
-0.6712260084304541,-0.9445450505594466,0.45800536837182404,-0.20666365779240292,-1.2763300555899402,-0.6955313941691745,-0.9832958253093755,-1.4420933361469064,-0.9708772839167997,-0.602069045825279,-1.054101259442765,1.8124127418124427,-0.08811741607662488,-1.2428099755845827,-0.4759520075463596,-0.40605188259629854,-0.2323935049943995,-0.47536398932773866,-0.5108288841070049,-0.5409520925021668,0.07737984219871345,-0.3820427214826296,-0.4740703164758417,-0.19180071696326434,0.7671525184941308,0.6369833925109255,0.4284825758523603,-0.23582304742538737,1.0,1.0,1.0,0.0,0.0,0.0,0.0,0.0,1.0
-0.38213361866090173,-0.9445450505594466,0.786042856121005,-0.20666365779240292,-1.2763300555899402,-0.6955313941691745,-0.9448797951313592,-0.1715908526554552,-0.9326724983330158,0.0087067132169013,-1.174961615045583,1.616306381576645,0.4759729832087788,-0.32500622156342845,-0.17558817805286475,0.17638449789399835,-0.14481764355377783,-0.6509450984231425,0.5575899192679789,-0.638635671645899,0.7781425534789929,-0.3552209870938824,-0.13031424791730542,-0.1543797293488535,0.7671525184941308,0.6369833925109255,0.6074163990141153,0.4088956375892342,0.0,1.0,1.0,0.0,0.0,0.0,0.0,0.0,1.0
-0.09304122889134941,-0.9445450505594466,0.5050813631968776,-0.20666365779240292,-1.2763300555899402,-0.6955313941691745,-0.7886546057407594,-0.27746605961307624,-0.8944677127492319,1.109309122117139,0.240258172491463,-1.4656794418324277,2.38119070827644,-0.20089041141110128,-0.48988641200739796,-0.14279063861468436,-0.2323935049943995,-0.6509450984231425,-0.5108288841070049,-0.6326816249171382,0.4336665015855971,-0.4401564793249152,-0.31541366944882493,-0.17229792211536296,-0.6379478838003826,0.6369833925109255,-0.4123812644602226,0.2799519005863099,0.0,0.0,0.0,0.0,0.0,0.0,0.0,0.0,1.0
0.1960511608782029,-0.9445450505594466,0.34218347634193125,-0.20666365779240292,-1.2763300555899402,-0.6955313941691745,-0.9807347566308411,-0.8068420944011808,-0.7391015847085103,-0.050794212513382404,-0.6486694895856975,-1.1919452986552126,1.7012242132232145,-1.0599024658864167,-0.4999501485625924,1.4158091155773505,0.1044367313156839,-0.6509450984231425,2.0369390316333407,-0.6734296322170951,1.3430832785841618,-0.4401564793249152,-0.31541366944882493,0.021632994153456778,0.7671525184941308,0.6369833925109255,-0.2146781591486332,0.25756583513441333,0.0,0.0,1.0,1.0,0.0,0.0,0.0,0.0,1.0
0.4851435506477553,-0.9445450505594466,-0.10167590343714311,-0.20666365779240292,-1.2763300555899402,-0.6955313941691745,-0.9371965890957559,-0.5950916804859387,-0.9301255126274302,-0.6004784715882348,0.27593893871905134,-0.4817510623035424,1.536370305864692,-1.0599024658864167,-0.4805968090333724,-0.3757651908108031,-0.31323276170881953,-0.2705193620497674,0.5575899192679789,-0.6862680454759855,3.5575721836131335,-0.41333474493616795,1.3504811243348502,-0.1393463249869295,-0.6379478838003826,0.6369833925109255,-0.6851614983711499,-0.6020590782184155,1.0,0.0,1.0,1.0,1.0,1.0,0.0,0.0,1.0
0.7742359404173076,-0.9445450505594466,0.271943103110899,-0.20666365779240292,-1.2763300555899402,-0.6955313941691745,-0.7143836140632611,-0.38334126657069667,-0.8868267556324749,-0.7853626499248028,-0.1355909726313706,-0.3080943773090027,1.390973607427176,-0.6516267745958676,-0.4124730538905179,-0.34780824454726883,-0.14481764355377783,-0.09493825295436346,-0.5108288841070049,-0.6723132484554524,1.8607815737153792,-0.4401564793249152,4.497171290370682,-0.16165264659421674,0.7671525184941308,0.6369833925109255,0.6837448130901087,-0.369243997518691,1.0,1.0,1.0,1.0,1.0,1.0,0.0,0.0,1.0
1.06332833018686,-0.44078769026107506,0.07317779162734084,-0.20666365779240292,-1.2763300555899402,-0.6955313941691745,1.3959369770491028,1.6282876656241005,-0.6652389992465281,-0.7935858558689831,0.943253371416148,-0.7344662263216659,1.3770073779282601,-0.5699716363377578,-0.47053307247817794,-0.14279063861468436,-0.2728131333516095,-0.6509450984231425,-0.017712513318550883,-0.6594748351965619,4.211092464919461,-0.4401564793249152,0.8480684087492977,-0.15722388693083914,-0.6379478838003826,-0.8310313134082928,-0.2747398620281034,-0.6011636356003396,0.0,1.0,1.0,1.0,1.0,1.0,0.0,0.0,1.0
1.3524207199564122,-0.9445450505594466,0.16658254326435135,-0.20666365779240292,-1.2763300555899402,-0.6955313941691745,-0.5402309439229205,-0.8068420944011808,1.4334772221560044,-0.9515579700598186,-0.08704521128971694,-0.3903998920651967,0.9583876711898831,-0.26294831648726485,-0.48988641200739796,-0.3175215527617734,-0.31323276170881953,-0.6509450984231425,-0.5108288841070049,-0.6304488573938529,5.047677162374851,-0.41333474493616795,1.0067250557763145,-0.18070850239352043,-0.6379478838003826,0.6369833925109255,0.2145127593442477,-0.21522786720964251,0.0,1.0,1.0,1.0,1.0,1.0,0.0,0.0,1.0
-1.2494107879695588,0.3148483501864822,-0.2847492166456834,-0.20666365779240292,1.1335094303504742,1.2091417811403453,1.6725323943308203,0.4636603890902704,-0.033586544261299665,-0.4360853696061609,2.6785405915322498,-0.3238893537588676,-0.4176150571271369,-1.0174417939921996,-0.311061554757405,-0.31053231619588983,-0.32670597116122285,-0.09493825295436346,-0.26427069871277786,-0.6702665448924409,-0.37536011171832084,-0.39098329961221195,-0.4740703164758417,-0.16027119862582373,0.7671525184941308,0.6369833925109255,0.04308664904242647,0.12951754074956484,0.0,0.0,0.0,0.0,0.0,0.0,0.0,1.0,0.0
-0.9603183982000064,0.3148483501864822,-1.0162952314667497,-0.20666365779240292,1.1335094303504742,1.2091417811403453,0.6942041591306712,0.41072278561145986,1.708551678359249,0.11414323782570027,2.0050509608827887,0.1447850774114114,-0.9941527073039564,-1.1415576041445266,-0.4635658702476588,0.22064966281126092,-0.5153309034948697,1.134129510713464,-0.26427069871277786,-0.44438489712007734,-0.3694548079715769,-0.11829566665994873,-0.3947419929623333,-0.1862342942670925,0.7671525184941308,0.6369833925109255,-1.1669064068835673,-0.4113298005682567,0.0,0.0,0.0,0.0,0.0,0.0,0.0,1.0,0.0
-0.6712260084304541,0.3148483501864822,-0.18088313282532767,-0.20666365779240292,1.1335094303504742,1.2091417811403453,-0.5837691114580057,-0.27746605961307624,0.7356031388255508,-0.3374289810237266,1.6743131470129304,0.07063221471726971,-0.6416476447285839,-0.3446034547453747,-0.29170821522818496,-0.40139239155237616,0.030334079327465555,1.6316093198171084,-0.26427069871277786,-0.6185407639363313,-0.35370733131359317,-0.36416156522346477,-0.4740703164758417,-0.1861936634444927,-0.6379478838003826,-0.8310313134082928,1.4570392376632875,0.5978340300032414,0.0,1.0,0.0,0.0,0.0,0.0,0.0,1.0,0.0
-0.09304122889134941,0.3148483501864822,0.03656312898563256,2.2733002357164342,1.1335094303504742,1.2091417811403453,0.9938491945191986,0.7812860099631335,1.000489652206453,-0.351801787919182,3.1638297144492626,0.31578153973655715,-0.8841822666060467,-0.9357866557340898,-0.3474458330723386,-0.16142860279037388,-0.4412282515066512,-0.24125584386720003,-0.5108288841070049,-0.6970597551718646,-0.39110758837630466,-0.4401564793249152,-0.4740703164758417,0.030449882657612195,0.7671525184941308,-0.8310313134082928,0.4222261484690822,0.8691531432802281,0.0,0.0,0.0,0.0,0.0,0.0,0.0,1.0,0.0
0.1960511608782029,-0.18890901011188932,-0.06207228874305057,-0.20666365779240292,1.1335094303504742,1.2091417811403453,-0.46339888356688774,0.5165979925690809,1.0336004663790659,-0.20680014003977426,0.8832971389297429,-0.35959775221246293,-0.2882296378127118,-1.2068817147510145,-0.4999501485625924,-0.3547974811131524,-0.5153309034948697,-0.5631545438754406,-0.5108288841070049,-0.6734296322170951,-0.39110758837630466,-0.3775724324178384,-0.4740703164758417,-0.1610838150778196,0.7671525184941308,0.6369833925109255,-0.10706760815624906,0.7455820619857588,0.0,0.0,1.0,0.0,0.0,0.0,0.0,1.0,0.0
0.4851435506477553,0.3148483501864822,0.10605626420356837,-0.20666365779240292,1.1335094303504742,1.2091417811403453,-0.7860935370622251,-0.012778042219023653,-0.4156344000991393,-0.7413707466947803,0.4676539872956963,-0.23498630142004875,-0.6311265254448061,-0.9521176833857118,-0.4999501485625924,-0.34547849902530764,-0.11113461992276945,-0.03641121658922885,-0.1820846369147022,-0.6948269876485793,-0.39110758837630466,-0.3596912761586736,-0.4740703164758417,-0.07974090823303079,-0.6379478838003826,0.6369833925109255,0.33964130700981066,0.6712603246854622,0.0,0.0,0.0,0.0,0.0,0.0,0.0,1.0,0.0
0.7742359404173076,-0.44078769026107506,-0.17565246673365506,-0.20666365779240292,1.1335094303504742,1.2091417811403453,1.2064178948375555,1.0989116308359965,-0.7365545990029247,-0.9072549063699163,2.095031023260658,-0.0337876754866795,-0.5724381151014608,-1.1872844815690682,-0.330414894286625,-0.23132096844920946,-0.32670597116122285,-0.329046398414902,-0.5108288841070049,-0.6738017601376426,-0.39110758837630466,-0.34181011989950877,1.958664937938415,-0.1477162744424872,0.7671525184941308,0.6369833925109255,-0.41363254993687826,-0.007485179816042229,0.0,0.0,0.0,0.0,1.0,1.0,0.0,1.0,0.0
1.06332833018686,-0.44078769026107506,-0.9602523804845434,-0.20666365779240292,1.1335094303504742,1.2091417811403453,1.8979064380418498,1.8400380795393425,1.24500027994267,-0.61733702864998,3.808112424218792,-0.6087683064993756,0.15397255849756272,-0.11923527315299146,-0.22203619292299287,-0.18705580353194692,-0.5085942987686679,0.16843341068874249,-0.5108288841070049,-0.689245068840366,-0.39110758837630466,-0.3999238777417944,-0.4740703164758417,-0.08900473578578398,0.7671525184941308,-0.8310313134082928,-1.255747675726117,-0.4838606526324016,0.0,1.0,1.0,1.0,0.0,0.0,0.0,1.0,0.0
1.3524207199564122,-0.44078769026107506,-0.44615262747443785,-0.20666365779240292,1.1335094303504742,1.2091417811403453,0.012959890640514787,0.6754108030055125,1.9326864204507819,-0.4157296709249467,-0.8989300031269204,1.5928464344142088,-0.26906710913867,-0.9978445608102533,-0.44808319862428275,-0.43400882885983283,-0.32670597116122285,-0.24125584386720003,0.6397759810660546,-0.6635682423225849,-0.3576442004780891,-0.3775724324178384,-0.31541366944882493,-0.17607658861714384,0.7671525184941308,-0.8310313134082928,0.9189864827013671,0.004155574218943995,0.0,1.0,1.0,1.0,1.0,0.0,0.0,1.0,0.0
-1.8275955675086635,0.566727030335668,0.8488108492210764,-0.20666365779240292,0.9541534581173139,-0.9148666309535446,-0.6452347597428318,-1.9185317674562004,-0.6346751707795009,-0.38467731197726135,-1.0074128542856806,-0.5690976957376601,-0.743488070291022,0.20411907434912324,0.3128901116646486,-0.1451203841366455,0.030334079327465555,-0.3875734347800367,-0.09989857511662652,-0.5541626336816049,0.8686905442623997,2.1079082876060693,0.054785173614214096,-0.18566546275069537,-0.6379478838003826,0.6369833925109255,0.04308664904242647,0.025646197052764715,0.0,0.0,0.0,1.0,0.0,0.0,0.0,0.0,1.0
-1.5385031777391112,0.566727030335668,0.6238922072791546,-0.20666365779240292,0.9541534581173139,-0.9148666309535446,-1.0217118554873919,-1.9185317674562004,-0.5964703851957168,-0.2426516502276489,-1.0304897991933493,0.10022583048668166,-0.12376556315956543,-0.08983942338007196,1.3138448321159084,-0.3198512982837346,0.326744687280339,-0.6509450984231425,0.1466596102776005,-0.45033894384883816,0.5773622260896992,1.5357112873127956,0.0018996246052084761,-0.192857118350859,0.7671525184941308,0.6369833925109255,-0.3185348537110504,-0.2197050803000218,0.0,0.0,0.0,1.0,0.0,0.0,0.0,0.0,1.0
-1.2494107879695588,0.566727030335668,0.36235890269552523,-0.20666365779240292,0.9541534581173139,-0.9148666309535446,0.8350629364500644,0.940098820399565,-0.9708772839167997,-0.22704630300362325,-0.7171941450197427,-0.40864561623668216,-0.794442500963381,0.45561690018410167,0.38101386680750315,-0.19870453114175282,-0.19871048136339114,-0.6509450984231425,0.5575899192679789,-0.12342456564781444,1.1836400774220757,2.1079082876060693,-0.07742869890829988,-0.1950105519486481,0.7671525184941308,0.6369833925109255,-0.37984784206717626,-0.6924987826440776,0.0,0.0,0.0,0.0,0.0,0.0,0.0,0.0,1.0
-0.9603183982000064,0.566727030335668,0.48415869883018714,-0.20666365779240292,0.9541534581173139,-0.9148666309535446,-1.0217118554873919,-0.5950916804859387,0.8756873526327588,-0.06044765253416584,-0.5015788414297782,-0.28751654556313516,-0.8939719001553319,0.3576307342743699,-0.24448606677688808,-0.6064099974849606,-0.44796485623285287,-0.6509450984231425,-0.5108288841070049,-0.38112315062699365,0.34311851080219014,1.035038912056181,-0.34185644395332776,-0.19679830814303909,0.7671525184941308,0.6369833925109255,0.2620616074571616,-0.31641288305221504,0.0,1.0,1.0,0.0,0.0,0.0,0.0,0.0,1.0
-0.6712260084304541,0.566727030335668,-0.2204867475194202,-0.20666365779240292,0.9541534581173139,-0.9148666309535446,-0.9832958253093755,-1.4420933361469064,-0.9708772839167997,-0.44415114076985407,-1.0169562977439077,1.4884858643752683,0.11701789476336766,0.5699340937454553,-0.3489941002346762,-0.08221725504369343,-0.1785006671847862,-0.5631545438754406,-0.09989857511662652,-0.30111564770927013,1.2623774607119949,1.2943156778140708,0.054785173614214096,-0.19281648752825922,0.7671525184941308,0.6369833925109255,-1.1218601297239645,-1.037244190603285,1.0,1.0,1.0,0.0,0.0,0.0,0.0,0.0,1.0
-0.38213361866090173,0.566727030335668,-0.11811513972525688,-0.20666365779240292,0.9541534581173139,-0.9148666309535446,-0.9448797951313592,-0.1715908526554552,-0.9326724983330158,2.0161483337670454,-0.4377355960907548,-0.8076151223952875,0.2920413679647745,0.14532737480328425,-0.33738209651714424,-0.04028183564839212,-0.030295363208349437,-0.6509450984231425,-0.26427069871277786,-0.4521995834515759,1.0261653108422377,0.6684752087433026,-0.3947419929623333,-0.1892409751394773,0.7671525184941308,0.6369833925109255,0.22952818506411526,-0.6745899302825604,0.0,1.0,1.0,0.0,0.0,0.0,0.0,0.0,1.0
-0.09304122889134941,0.566727030335668,-0.7301030724509496,-0.20666365779240292,0.9541534581173139,-0.9148666309535446,-0.7886546057407594,-0.27746605961307624,-0.8944677127492319,2.1318769950666607,-0.4476480223475368,-0.46531436190370135,0.24509750361375934,0.775705042155892,-0.07185427817624544,-0.33150002589354055,-0.09766141047036618,-0.5631545438754406,-0.5108288841070049,-0.4564790545378727,0.9730175771215422,2.166022045448355,0.13411349712772244,-0.1928977491734588,0.7671525184941308,0.6369833925109255,-0.9667007306186663,-1.2002147470930922,1.0,1.0,1.0,1.0,0.0,0.0,0.0,0.0,1.0
0.1960511608782029,0.566727030335668,-0.5350739510328717,-0.20666365779240292,0.9541534581173139,-0.9148666309535446,-0.9807347566308411,-0.8068420944011808,-0.7391015847085103,-0.5515099781780688,-0.3819452035658482,-1.099907571844257,3.6167339023351923,0.7659064255649191,0.10774471265491632,0.5538032724517107,0.05728049823227225,-0.5046275075103059,0.3110317338737519,-0.5736993495103513,0.5832675298364433,1.495478685729675,0.4514267911817558,-0.1665689761287919,-0.6379478838003826,0.6369833925109255,0.3846875841694133,-0.7936837984866502,0.0,1.0,1.0,1.0,0.0,1.0,0.0,0.0,1.0
0.4851435506477553,0.566727030335668,-0.21226712937536332,-0.20666365779240292,0.9541534581173139,-0.9148666309535446,-0.9371965890957559,-0.5950916804859387,-0.9301255126274302,-0.7349521418161903,-0.5035385502677799,-0.1782275537666747,1.7663154733056405,-0.4752516759583504,-0.2924823488093537,-0.29655384306412275,0.20548580220870885,-0.35830991659746936,-0.26427069871277786,-0.6090515019623687,0.3726450295359098,0.8025838806870386,-0.13031424791730542,-0.1837964449111048,-2.043048286094896,-0.8310313134082928,0.5986574006775259,-0.6942896678802295,0.0,0.0,0.0,1.0,1.0,0.0,0.0,0.0,1.0
0.7742359404173076,0.566727030335668,-0.29595778684212454,-0.20666365779240292,0.9541534581173139,-0.9148666309535446,-0.7143836140632611,-0.38334126657069667,-0.8868267556324749,-0.39429998799727745,-0.6156153603943018,-0.47608021362079667,1.0300341972516605,-0.5242447589132163,-0.2677100742119521,-0.09852547369742182,0.306534873101734,-0.5631545438754406,1.3794505372487356,-0.680127934786951,0.9041223667428632,1.8620423890425537,-0.13031424791730542,-0.11752757325083978,0.7671525184941308,0.6369833925109255,-0.08204189862313647,-1.0497803872563471,0.0,1.0,1.0,0.0,1.0,0.0,0.0,0.0,1.0
1.06332833018686,0.566727030335668,-0.3751650162303097,-0.20666365779240292,0.9541534581173139,-0.9148666309535446,1.3959369770491028,1.6282876656241005,-0.6652389992465281,-0.8578091917723162,-0.017805368748636266,-0.11154605775072692,0.24272780715134665,-0.22048764459304782,1.1644370509503297,1.8351633095303639,-0.19871048136339114,-0.21199232568463278,-0.5108288841070049,-0.40940487258860747,1.7741704520964683,1.1691475839999173,0.39854124217275033,-0.16990070358197507,-0.6379478838003826,0.6369833925109255,-0.0745341857632027,-1.1384292064458577,0.0,1.0,1.0,1.0,1.0,1.0,0.0,0.0,1.0
1.3524207199564122,0.566727030335668,-0.45437224561849476,-0.20666365779240292,0.9541534581173139,-0.9148666309535446,-0.5402309439229205,-0.8068420944011808,1.4334772221560044,-0.8772842074143832,-0.024161977722392324,0.10027668299347413,-0.4490003065793385,0.14532737480328425,0.3477261228172446,2.084446080380211,1.1014542307935307,-0.06567473477179611,-0.5108288841070049,-0.5536044418007835,1.3017461523569542,0.900930240112445,-0.2625281204398194,-0.1378836153733369,-0.6379478838003826,-0.8310313134082928,-0.0745341857632027,-0.9593406828306849,1.0,1.0,1.0,1.0,1.0,0.0,0.0,0.0,1.0
-0.6712260084304541,0.3148483501864822,-1.9809795063737943,2.2733002357164342,0.07990237486606071,1.3199591295219897,-0.5837691114580057,-0.27746605961307624,0.7356031388255508,-0.6735684165770262,-0.6971058683232623,4.184745713408488,-0.9442976747674502,0.16492460798523048,-0.4465349314619452,-0.5807827967433876,-0.4412282515066512,-0.6509450984231425,1.0507062900564328,-0.12993680425739662,-0.3792969808828168,-0.1898202916966079,-0.31541366944882493,-0.19712335472383744,0.7671525184941308,-0.8310313134082928,0.04308664904242647,-1.567346220504196,0.0,0.0,0.0,1.0,1.0,0.0,0.0,1.0,0.0
-0.38213361866090173,-0.18890901011188932,-2.4853651652136515,-0.20666365779240292,0.07990237486606071,1.3199591295219897,0.9605553016982511,-0.06571564569783417,-0.5353427282616625,-0.6537571583326852,0.46531824941298233,3.0768047299043095,-0.7613831321457225,-0.2368186722446697,-0.4550504008548019,-0.522539158694358,-0.45470146095905456,0.6366497016098196,0.6397759810660546,-0.6144473568103083,-0.35370733131359317,-0.36416156522346477,-0.4740703164758417,-0.19106936215646805,-0.6379478838003826,-2.2990460193275113,-0.7865156219802558,-2.152965692725811,1.0,1.0,1.0,1.0,0.0,0.0,0.0,1.0,0.0
0.4851435506477553,-1.4483024108578182,0.4243796577825006,-0.20666365779240292,-1.3435801389169597,-1.037222835735429,-0.9832958253093755,-0.5421540770071283,-0.5735475138454464,-0.8373583879460924,-1.4259760988347026,-0.8592885964080023,5.097654437908963,-0.9978445608102533,-0.4225367904457123,-0.7112485459732141,-0.5692237413044829,-0.6509450984231425,-0.5108288841070049,-0.7048744415033631,-0.39110758837630466,-0.4401564793249152,-0.4740703164758417,-0.19192260943106373,0.7671525184941308,0.6369833925109255,0.04308664904242647,0.7742362257641865,0.0,1.0,0.0,0.0,0.0,0.0,1.0,0.0,0.0
0.7742359404173076,-1.4483024108578182,-2.144624631241837,-0.20666365779240292,-1.3435801389169597,-1.037222835735429,-0.18680346628517022,0.4636603890902704,-0.9326724983330158,-0.9515579700598186,-1.549728246307203,-0.45116675896124736,1.312326066694225,-0.8737287506579264,-0.4999501485625924,-0.7112485459732141,-0.48164787986386126,2.6558324562069644,-0.5108288841070049,-0.7048744415033631,-0.39110758837630466,-0.4401564793249152,-0.4740703164758417,-0.19192260943106373,0.7671525184941308,0.6369833925109255,-4.24381739397976,-1.8440379894896377,0.0,0.0,0.0,0.0,0.0,0.0,1.0,0.0,0.0
1.06332833018686,-0.44078769026107506,0.05001341322136205,-0.20666365779240292,-1.3435801389169597,-1.037222835735429,2.4715858220335605,2.157663700412206,-0.14055994389589488,0.719361299071078,-1.494487882452203,-0.20466518059010264,2.072728476077224,-0.8345342842940336,-0.35441303530285784,-0.7112485459732141,-0.5692237413044829,-0.6509450984231425,-0.5108288841070049,-0.6698944169718932,-0.26709620969468223,-0.4401564793249152,-0.4740703164758417,-0.19785470953063375,0.7671525184941308,0.6369833925109255,3.7331275196998774,0.38919589999156523,0.0,0.0,0.0,0.0,1.0,0.0,1.0,0.0,0.0
1.3524207199564122,-0.44078769026107506,-0.2062892252705948,-0.20666365779240292,-1.3435801389169597,-1.037222835735429,-0.5248645318517139,0.41072278561145986,2.503211218501956,0.3245151411614188,-1.549728246307203,0.7078099487111252,1.8829785171526796,-0.8345342842940336,-0.29635301671519776,-0.7112485459732141,-0.5692237413044829,-0.6509450984231425,-0.5108288841070049,-0.6676616494486081,-0.39110758837630466,-0.4401564793249152,-0.4740703164758417,-0.19785470953063375,0.7671525184941308,0.6369833925109255,-0.37108884373058687,0.5781342924055725,0.0,0.0,0.0,0.0,0.0,0.0,1.0,0.0,0.0
-0.6712260084304541,-1.7001810910070039,-0.1136317116466802,-0.20666365779240292,-1.3198408595025215,-0.7429058106023275,-0.9832958253093755,-1.4420933361469064,-0.9708772839167997,-0.34785575865769947,1.9827013845159631,0.327369554680968,-0.2514120213035838,1.125189033900602,3.7577845478658127,-0.361786717679036,0.2728518494707256,3.0069946743977725,3.5984742057967787,1.5604542748298547,-0.39110758837630466,-0.4401564793249152,-0.4740703164758417,-0.19736713965943622,0.7671525184941308,0.6369833925109255,0.04308664904242647,-0.9091958962184367,0.0,1.0,0.0,0.0,0.0,0.0,0.0,0.0,1.0
-0.38213361866090173,-0.6926663704102608,1.1477060544595101,-0.20666365779240292,-1.3198408595025215,-0.7429058106023275,-0.9448797951313592,-0.1715908526554552,-0.9326724983330158,-0.6626322793207233,-0.4786305261055875,0.226040137876332,0.7057673321070086,1.5334647251911513,0.27418343260620853,-0.536517631826125,-0.4008086231494412,-0.6509450984231425,-0.5108288841070049,3.672280223937207,-0.39110758837630466,-0.4401564793249152,-0.4740703164758417,-0.19773281706283435,0.7671525184941308,0.6369833925109255,2.170271959356996,0.8422898647379521,1.0,1.0,0.0,0.0,0.0,0.0,0.0,0.0,1.0
0.4851435506477553,0.3148483501864822,2.1938392727940275,4.753264129225272,-1.3198408595025215,-0.7429058106023275,-0.9371965890957559,-0.5950916804859387,-0.9301255126274302,0.208008691022932,-0.8365873559791722,-1.3895996468537415,1.5578463264746674,1.1741821168554682,0.18902873867764047,-0.5831125422653487,0.20548580220870885,-0.21199232568463278,-0.5108288841070049,1.215305628522001,-0.39110758837630466,-0.4401564793249152,-0.34185644395332776,-0.19765155541763477,-0.6379478838003826,0.6369833925109255,1.809901742080175,2.303652217437761,0.0,1.0,1.0,1.0,0.0,0.0,0.0,0.0,1.0
0.7742359404173076,0.3148483501864822,1.2762309927120363,-0.20666365779240292,-1.3198408595025215,-0.7429058106023275,-0.7143836140632611,-0.38334126657069667,-0.8868267556324749,-0.08288676243032223,1.0272793353706677,-1.063167662513863,-0.48071950239357014,0.6613878485945384,-0.3815077106437658,-0.10318496474134418,0.15832956912529728,-0.41683695296260403,0.1466596102776005,0.15306647931901607,-0.3792969808828168,-0.41333474493616795,-0.3947419929623333,-0.19553875264244544,0.7671525184941308,0.6369833925109255,-1.478476490570819,0.8342308811752693,0.0,1.0,1.0,1.0,0.0,0.0,0.0,0.0,1.0
1.06332833018686,0.3148483501864822,1.049070636730827,-0.20666365779240292,-1.3198408595025215,-0.7429058106023275,1.3959369770491028,1.6282876656241005,-0.6652389992465281,-0.11670116407315743,0.40615786918960156,-0.9982144977774818,-0.4612992508631163,0.615660971169997,-0.3776370427379218,-0.3175215527617734,0.030334079327465555,-0.6509450984231425,0.22884567207567613,0.7778692579183545,-0.37536011171832084,-0.4401564793249152,-0.4740703164758417,-0.19700146225603807,0.7671525184941308,0.6369833925109255,-0.32228871014101734,0.5682844236067379,1.0,1.0,1.0,1.0,0.0,0.0,0.0,0.0,1.0
1.3524207199564122,-0.44078769026107506,0.8413384690901154,-0.20666365779240292,-1.3198408595025215,-0.7429058106023275,-0.5402309439229205,-0.8068420944011808,1.4334772221560044,-0.46106340479342367,0.5581333092568832,-0.6283652809485726,-0.5166525571212455,0.2008528688187989,-0.3946679815236354,-0.31053231619588983,0.010124265148860532,-0.007147698406661505,-0.26427069871277786,0.6197148916856452,-0.39110758837630466,-0.4267456121305416,-0.3947419929623333,-0.19687956978823867,0.7671525184941308,0.6369833925109255,-0.28975528774797094,0.5933568169128621,1.0,1.0,0.0,1.0,1.0,0.0,0.0,0.0,1.0
-1.8275955675086635,1.0704843906340396,0.7143080068637809,-0.20666365779240292,0.8645090970423969,-0.875609585289347,-0.6452347597428318,-1.9185317674562004,-0.6346751707795009,0.07168805458537023,-1.372134629641534,0.3894778855391931,-0.32497218021711416,0.7234457536707016,0.35933812653477665,0.7215449500329163,-0.05050517738695446,-0.6509450984231425,-0.34645676051085356,-0.559930616450092,0.3883925061938936,2.662224131640178,1.958664937938415,-0.1657969904993958,-0.6379478838003826,-0.8310313134082928,0.04308664904242647,-0.1355334742008907,0.0,1.0,1.0,0.0,0.0,1.0,0.0,0.0,1.0
-1.5385031777391112,1.0704843906340396,0.960896551185489,-0.20666365779240292,0.8645090970423969,-0.875609585289347,-1.0217118554873919,-1.9185317674562004,-0.5964703851957168,0.46395129200207197,-1.1309157481736156,0.006815629861232314,-0.9497379268476441,0.15839219692458184,-0.24526020035805687,-0.09386598265349944,-0.36038899479223124,-0.5338910256928733,-0.34645676051085356,-0.660219091037657,0.23288617419630353,1.36584030285073,1.4562522223528616,-0.15299828138046048,0.7671525184941308,0.6369833925109255,0.4710262820586517,0.18413954045219255,0.0,0.0,0.0,1.0,0.0,1.0,0.0,0.0,1.0
-1.2494107879695588,1.0704843906340396,1.4084921210300436,-0.20666365779240292,0.8645090970423969,-0.875609585289347,0.8350629364500644,0.940098820399565,-0.9708772839167997,0.22654766060980353,-1.3805991620629527,1.6467358803754986,-0.7740684523892676,0.07673705866647201,-0.4387935956502571,-0.32684053484961817,0.06401710295847385,-0.2705193620497674,0.1466596102776005,-0.5342537899323109,0.3313079033087023,0.520955669605193,1.667794418388884,-0.19054116146267072,-0.6379478838003826,0.6369833925109255,0.8076220752790161,0.561120882662131,0.0,0.0,0.0,0.0,0.0,1.0,0.0,0.0,1.0
-0.9603183982000064,1.0704843906340396,0.7576478116233537,-0.20666365779240292,0.8645090970423969,-0.875609585289347,-1.0217118554873919,-0.5950916804859387,0.8756873526327588,0.4630209937708559,-1.2795681794430076,0.30443905335919225,-0.1755232390135855,0.7495753979132969,0.18051326928478356,-0.26393740575666613,-0.11787122464897112,-0.35830991659746936,-0.5108288841070049,-0.5768624368350056,0.12659070675491285,1.057390357380137,1.5620233203708729,-0.18651871002529105,-0.6379478838003826,0.6369833925109255,-1.0317675754047595,0.011319115163550903,0.0,0.0,1.0,0.0,0.0,1.0,0.0,0.0,1.0
-0.6712260084304541,1.0704843906340396,0.34965585647289216,-0.20666365779240292,0.8645090970423969,-0.875609585289347,-0.9832958253093755,-1.4420933361469064,-0.9708772839167997,-0.4244608946249134,-1.1281373354586153,-0.12817720019797627,-0.8840026350856968,0.22698251306139408,-0.3791853099002594,-0.18239631248802454,-0.14481764355377783,-0.15346528931949807,-0.34645676051085356,-0.5485807148733917,1.1226186053723886,1.7279337170988172,4.497171290370682,-0.1868843874286892,-0.6379478838003826,0.6369833925109255,-0.6250997954916796,-0.3540214730114013,1.0,1.0,1.0,0.0,0.0,1.0,0.0,0.0,1.0
-0.38213361866090173,1.0704843906340396,-0.07851152503116433,-0.20666365779240292,0.8645090970423969,-0.875609585289347,-0.9448797951313592,-0.1715908526554552,-0.9326724983330158,0.8722189588937116,-1.0453509285595797,-0.9079271572550923,-0.6498101018004672,0.4033576116989113,-0.23519646380286247,0.09950289566927915,-0.14481764355377783,-0.5338910256928733,-0.34645676051085356,-0.451269263650207,0.07737984219871345,1.2630236543605324,3.941873025776123,-0.18749384976768613,-2.043048286094896,0.6369833925109255,-0.6588845033613817,-0.6271314715245396,1.0,1.0,1.0,0.0,0.0,1.0,0.0,0.0,1.0
-0.09304122889134941,1.0704843906340396,-1.2539169196313047,-0.20666365779240292,0.8645090970423969,-0.875609585289347,-0.7886546057407594,-0.27746605961307624,-0.8944677127492319,0.08949366499390604,-0.7008899252994918,0.32819515486891615,-0.18998178107579294,0.1061329084393915,-0.14152630048143755,0.31849897473363076,-0.07745159629176115,-0.592418062058008,0.1466596102776005,-0.4551766068159563,0.19942278629808796,1.70111198271007,0.39854124217275033,-0.1844871688953013,-0.6379478838003826,0.6369833925109255,-1.910169980017011,-1.8279200223642722,1.0,1.0,1.0,1.0,0.0,1.0,0.0,0.0,1.0
0.1960511608782029,1.0704843906340396,-0.7330920245033339,-0.20666365779240292,0.8645090970423969,-0.875609585289347,-0.9807347566308411,-0.8068420944011808,-0.7391015847085103,-0.6155929069724648,-0.9973660227065635,0.13925390605350474,1.3391153694927078,-0.037580134894881635,-0.2793220779294841,0.7891075701697907,0.06401710295847385,-0.592418062058008,-0.017712513318550883,-0.5731411576295301,0.4946879736352843,1.4597163732113452,0.5307551146952643,-0.16088066096482065,0.7671525184941308,0.6369833925109255,0.9302480519912677,-1.030976092276754,1.0,0.0,1.0,1.0,0.0,1.0,0.0,0.0,1.0
0.4851435506477553,1.0704843906340396,0.7882845701602934,-0.20666365779240292,0.8645090970423969,-0.875609585289347,-0.9371965890957559,-0.5950916804859387,-0.9301255126274302,-0.5876363663264049,-0.8105879105401645,1.6024817722545457,-0.35525741796701377,-0.09963803997104523,-0.05017853790351907,0.7308639321207611,0.42779375817336396,-0.03641121658922885,2.0369390316333407,-0.6164940603733198,0.5852359644186912,1.14232584961117,-0.13031424791730542,-0.14491274768310136,-0.6379478838003826,-2.2990460193275113,2.6057193052331553,0.5047079977233516,0.0,0.0,1.0,1.0,1.0,0.0,0.0,0.0,1.0
0.7742359404173076,-0.44078769026107506,0.224867108285846,-0.20666365779240292,0.8645090970423969,-0.875609585289347,-0.7143836140632611,-0.38334126657069667,-0.8868267556324749,-0.6056166092665929,-0.4634396429098247,1.1912278232053826,-0.5677951028115443,-0.28907796072986003,0.31598664598932374,0.6586418209399642,0.38737412981615393,-0.6509450984231425,-0.017712513318550883,-0.5975155364253947,0.18367530964010415,1.14232584961117,0.028342399109711286,-0.156451901301443,-0.6379478838003826,0.6369833925109255,-0.8853671746360505,-0.4256568824574704,0.0,1.0,1.0,0.0,1.0,0.0,0.0,0.0,1.0
1.06332833018686,1.0704843906340396,-0.8190243960093835,-0.20666365779240292,0.8645090970423969,-0.875609585289347,1.3959369770491028,1.6282876656241005,-0.6652389992465281,-0.8360463291149138,-0.3046589400175038,0.6773429636940062,-0.5582878212188728,0.6777188762461602,-0.11752815946520469,0.8566701903066652,-0.11787122464897112,-0.21199232568463278,-0.34645676051085356,-0.5610470002117346,1.6186641200988785,1.2004396074534556,0.39854124217275033,-0.16246526304621264,-0.6379478838003826,-0.8310313134082928,-1.6899437361256204,-1.6703221215829205,1.0,1.0,1.0,1.0,1.0,1.0,0.0,0.0,1.0
1.3524207199564122,1.0704843906340396,-1.2031047347407708,-0.20666365779240292,0.8645090970423969,-0.875609585289347,-0.5402309439229205,-0.8068420944011808,1.4334772221560044,-0.8852391748331219,-1.0682508362106173,2.542103643025164,-0.36784924172307754,-0.17476076716850641,0.4452669540445136,1.4204686066212726,-0.5692237413044829,0.02211581977590584,-0.34645676051085356,-0.596399152663752,0.5281513615334998,0.43602017737416016,0.13411349712772244,-0.134104948871556,0.7671525184941308,0.6369833925109255,-0.5850586602386995,-1.8565741861426999,0.0,0.0,1.0,1.0,1.0,0.0,0.0,0.0,1.0
0.7742359404173076,-0.9445450505594466,-0.13679609005265897,-0.20666365779240292,0.8981341387059064,-0.9310182594801701,-0.7143836140632611,-0.38334126657069667,-0.8868267556324749,0.9652724022578808,1.1009157246876886,-0.4256969987476908,-0.7142292836798065,1.3799530652659047,0.9500020489665718,-0.5411771228700474,-0.4008086231494412,-0.41683695296260403,-0.09989857511662652,-0.4462455367228151,-0.39110758837630466,0.386846997661457,-0.4740703164758417,-0.19570127593284464,0.7671525184941308,0.6369833925109255,0.04308664904242647,-0.8590511096061882,0.0,1.0,1.0,1.0,0.0,0.0,0.0,0.0,1.0
1.06332833018686,-0.44078769026107506,-1.0940079848287427,-0.20666365779240292,0.8981341387059064,-0.9310182594801701,1.3959369770491028,1.6282876656241005,-0.6652389992465281,0.3506415814234267,2.1831702003697755,-0.31903403115403495,-0.6217984051119111,-1.651085666875132,-0.4999501485625924,-0.536517631826125,-0.5692237413044829,-0.6509450984231425,-0.5108288841070049,-0.43619808286803124,-0.39110758837630466,0.45390133363332497,-0.4740703164758417,-0.19574190675544445,0.7671525184941308,0.6369833925109255,-1.5447946208335674,-1.9998450050348382,0.0,1.0,1.0,1.0,0.0,0.0,0.0,0.0,1.0
1.3524207199564122,-1.1964237307086323,-1.2688616798932264,-0.20666365779240292,0.8981341387059064,-0.9310182594801701,-0.5402309439229205,-0.8068420944011808,1.4334772221560044,0.547709354015903,3.682268086751833,-0.8742769574527198,-0.8934339825020997,1.1447862670825486,-0.4999501485625924,-0.5947612698751548,-0.48164787986386126,-0.47536398932773866,-0.5108288841070049,-0.4408496818748756,-0.39110758837630466,0.033694161542952135,-0.4740703164758417,-0.19643263073964093,0.7671525184941308,0.6369833925109255,-0.23469872677512324,-1.9353731365333762,0.0,0.0,0.0,1.0,0.0,0.0,0.0,0.0,1.0
-1.8275955675086635,0.06296967003729644,-0.04936924252041701,-0.20666365779240292,-0.31236736118044334,-1.2173010268556013,-0.7143836140632611,-1.283280525710475,-0.28573812911427393,2.6609973283692265,0.3346954615189915,-0.521276623862137,-0.8878611572964066,-0.05391116254650383,-0.48678987768272275,-0.48526323034297886,1.1553470686031442,-0.5631545438754406,-0.017712513318550883,2.2535425268496687,-0.39110758837630466,-0.4401564793249152,-0.4740703164758417,-0.19761092459503496,0.7671525184941308,0.6369833925109255,0.04308664904242647,-1.050675829874423,0.0,1.0,1.0,0.0,0.0,0.0,1.0,0.0,0.0
-1.5385031777391112,0.3148483501864822,-0.8489139165332272,-0.20666365779240292,-0.31236736118044334,-1.2173010268556013,-0.8603645287397232,-1.0715301117952327,-0.6652389992465281,1.7383379211291996,0.8189338588437183,-0.3539237793907203,-0.9324450473564851,-0.33480483815440143,-0.4511797329489579,-0.5435068683920086,-0.5288041129472729,-0.6509450984231425,-0.5108288841070049,1.8343404243528523,-0.39110758837630466,-0.4401564793249152,-0.4740703164758417,-0.19765155541763477,0.7671525184941308,0.6369833925109255,-1.2807733852592296,-0.11762462183937342,1.0,1.0,1.0,0.0,0.0,0.0,1.0,0.0,0.0
-1.2494107879695588,0.3148483501864822,-1.0058338992834048,-0.20666365779240292,-0.31236736118044334,-1.2173010268556013,1.882540025970643,1.045974027357186,-0.8104171844649071,1.607820924835275,0.5595148646304058,-0.12779764471433253,-0.8017655497133052,-0.28907796072986003,-0.4805968090333724,-0.5178796676504356,0.2728518494707256,-0.5631545438754406,-0.5108288841070049,2.708282845758776,-0.39110758837630466,-0.4401564793249152,-0.4740703164758417,-0.19765155541763477,0.7671525184941308,0.6369833925109255,-0.20466787533538816,-0.40416625962364977,0.0,1.0,0.0,0.0,0.0,0.0,1.0,0.0,0.0
-0.9603183982000064,0.3148483501864822,-1.052909894108458,-0.20666365779240292,-0.31236736118044334,-1.2173010268556013,-0.9832958253093755,-0.43627887004950716,1.917404506217268,1.8394458366669393,0.8415185672488992,-0.5319471424443717,-1.0318293033202661,0.9357491131417873,-0.38615251213077867,-0.6926105817975245,-0.15829085300618118,-0.6509450984231425,-0.26427069871277786,2.4608177785946546,-0.39110758837630466,-0.4401564793249152,-0.4740703164758417,-0.19785470953063375,0.7671525184941308,0.6369833925109255,-0.020728910267010636,-0.6414585534137535,1.0,0.0,1.0,1.0,0.0,0.0,1.0,0.0,0.0
-0.6712260084304541,0.3148483501864822,-1.6237997361138663,-0.20666365779240292,-0.31236736118044334,-1.2173010268556013,-0.9397576577742904,-0.7539044909223703,-0.9326724983330158,1.4920305585274793,-0.052688423383076784,0.6170937695847439,-0.8920397722496579,0.6907836983674579,-0.3776370427379218,-0.5761233056994652,-0.25260331917300455,-0.6509450984231425,-0.017712513318550883,2.234936130822291,-0.39110758837630466,-0.4401564793249152,-0.4740703164758417,-0.19769218624023457,0.7671525184941308,0.6369833925109255,-0.8978800294026068,-1.0587348134371057,1.0,1.0,1.0,0.0,0.0,0.0,1.0,0.0,0.0
-0.38213361866090173,0.3148483501864822,-1.4780883235601299,-0.20666365779240292,-0.31236736118044334,-1.2173010268556013,-0.1381431613930161,0.4636603890902704,-0.8893737413380606,1.6259632588577269,1.5662570711100887,-1.016035808878893,-1.0185145009028291,-0.2988765773208333,-0.49375707991324197,-0.40139239155237616,0.38737412981615393,-0.6509450984231425,-0.5108288841070049,2.2561474222935014,-0.39110758837630466,-0.4401564793249152,-0.4740703164758417,-0.1975296629498354,0.7671525184941308,0.6369833925109255,0.3021027427101417,-0.8241288475012295,0.0,1.0,1.0,0.0,0.0,0.0,1.0,0.0,0.0
-0.09304122889134941,0.3148483501864822,-1.3749694777528703,-0.20666365779240292,-0.31236736118044334,-1.2173010268556013,-0.14582636742861943,-0.33040366309188673,-0.09216721548976842,2.137003662714267,0.5095480042492884,-0.3703129985955532,-1.0532750535741733,-0.28254554966921114,-0.49143467916973554,-0.5295283952602415,1.0947176260673293,-0.15346528931949807,-0.26427069871277786,2.5919928705876663,-0.39110758837630466,-0.4401564793249152,-0.4740703164758417,-0.19769218624023457,0.7671525184941308,0.6369833925109255,0.23077947054077086,-0.8500966834254297,0.0,1.0,1.0,0.0,0.0,0.0,1.0,0.0,0.0
0.4851435506477553,0.3148483501864822,-1.2658727278408421,2.2733002357164342,-0.31236736118044334,-1.2173010268556013,-0.9832958253093755,-0.5421540770071283,-0.5735475138454464,-0.23312096137277477,1.2703339934395206,-0.6099863598597477,-0.13817352927620413,-0.11923527315299146,-0.4418901299749323,-0.3175215527617734,3.263904347904267,-0.15346528931949807,-0.26427069871277786,2.335782797290677,-0.39110758837630466,-0.4401564793249152,-0.4740703164758417,-0.1974484013046358,0.7671525184941308,0.6369833925109255,0.24078975435401592,-1.1258930097927955,0.0,1.0,1.0,0.0,0.0,0.0,1.0,0.0,0.0
0.7742359404173076,0.3148483501864822,-1.1926434025574257,-0.20666365779240292,-0.31236736118044334,-1.2173010268556013,-0.18680346628517022,0.4636603890902704,-0.9326724983330158,0.32632894481864794,-0.0833565687799517,0.009458978945528423,-0.23703424751039653,-0.6516267745958676,-0.44808319862428275,-0.2383102050150931,0.010124265148860532,-0.47536398932773866,-0.5108288841070049,2.240145921709957,-0.39110758837630466,-0.4401564793249152,-0.4740703164758417,-0.19732650883683642,0.7671525184941308,0.6369833925109255,0.1807280514745457,-0.7032440940609881,1.0,1.0,1.0,0.0,0.0,0.0,1.0,0.0,0.0
1.06332833018686,0.3148483501864822,-1.2187967330157885,-0.20666365779240292,-0.31236736118044334,-1.2173010268556013,2.4715858220335605,2.157663700412206,-0.14055994389589488,0.4446499421194143,0.644418353928557,-0.745992448754727,0.5883342906406186,-0.4001289487608894,-0.42021438970220587,-0.13580140204880073,0.48168659598297736,-0.24125584386720003,0.1466596102776005,2.135205848115547,-0.35370733131359317,-0.4401564793249152,-0.4740703164758417,-0.19720461636903702,-0.6379478838003826,0.6369833925109255,0.014307083079346992,-1.1312656655012507,1.0,1.0,1.0,0.0,0.0,0.0,1.0,0.0,0.0
-1.8275955675086635,0.8186057104848538,-1.4414736609184218,-0.20666365779240292,-0.0007977251263620863,1.28440061286003,0.30236065131490447,-1.0715301117952327,-0.49204397126670735,-0.14248389649049722,1.744731907574014,-0.22166835932788131,-0.6722388063526726,0.6646540541248627,-0.37376637483207786,-0.573793560177504,-0.2323935049943995,0.2854874834190117,1.954752969835265,-0.005273950873966922,-0.3694548079715769,-0.3373398308347176,-0.4740703164758417,-0.19720461636903702,-0.6379478838003826,-2.2990460193275113,0.04308664904242647,-1.4715338603700787,1.0,1.0,1.0,0.0,0.0,0.0,0.0,1.0,0.0
-1.5385031777391112,1.3223630707832252,-0.3983293946362884,-0.20666365779240292,-0.0007977251263620863,1.28440061286003,-0.07923858178672438,-1.2303429222316644,0.34591432587095433,0.5346632357897432,0.18283714074178867,0.4751089885316785,0.5074938275697702,0.8638925914746508,-0.4488573322054515,0.08319467701555087,-0.34017918061362623,0.02211581977590584,-0.34645676051085356,0.31252329327364176,-0.3596126350603371,-0.23899347140931115,-0.4740703164758417,-0.19533559852944646,0.7671525184941308,-2.2990460193275113,1.8048966001735527,-0.27253619476649776,0.0,1.0,1.0,1.0,0.0,0.0,0.0,1.0,0.0
1.06332833018686,-0.44078769026107506,1.3793498385192957,-0.20666365779240292,-1.2090799722629206,-0.7209362712856655,1.3959369770491028,1.6282876656241005,-0.6652389992465281,-0.79707673722258,-0.8854295270128931,0.3397017814991546,-0.5614190803018559,2.6962338939866353,-0.4852416105203851,-0.40605188259629854,0.7376775755786406,-0.6509450984231425,-0.5108288841070049,-0.14314734543683463,-0.39110758837630466,-0.3552209870938824,-0.4740703164758417,-0.19610758415884258,0.7671525184941308,0.6369833925109255,0.04308664904242647,0.9640700607962697,0.0,1.0,1.0,1.0,0.0,0.0,0.0,0.0,1.0
1.3524207199564122,-0.9445450505594466,1.25456109033225,-0.20666365779240292,-1.2090799722629206,-0.7209362712856655,-0.5402309439229205,-0.8068420944011808,1.4334772221560044,1.4106937970158877,-1.3618027960637382,0.5209081742584746,-0.4108026860335035,1.063131128824439,-0.3157063562444178,-0.6390264347924173,-0.2728131333516095,-0.47536398932773866,-0.5108288841070049,0.0812457906533387,-0.33008611632661744,-0.27028549486284953,-0.31541366944882493,-0.1975702937724352,0.7671525184941308,0.6369833925109255,-0.1508625998391961,1.0885365847088144,1.0,1.0,0.0,1.0,1.0,0.0,0.0,0.0,1.0
-1.5385031777391112,-0.44078769026107506,0.10381455016428003,-0.20666365779240292,-1.5228688610667933,-0.7301618155384385,-1.0217118554873919,-1.9185317674562004,-0.5964703851957168,2.646045868882281,1.1977066427225203,-1.5623664623758335,0.3108747297886585,-1.2166803313419876,-0.1964897847444224,-0.6343669437484949,-0.4008086231494412,-0.41683695296260403,-0.5108288841070049,0.4502106238762356,-0.39110758837630466,-0.18087971356702556,-0.4740703164758417,-0.19765155541763477,0.7671525184941308,0.6369833925109255,0.04308664904242647,-0.8429331424808227,0.0,0.0,0.0,0.0,1.0,0.0,0.0,0.0,1.0
-1.2494107879695588,-0.44078769026107506,0.4550164163194398,-0.20666365779240292,-1.5228688610667933,-0.7301618155384385,0.8350629364500644,0.940098820399565,-0.9708772839167997,3.379136430446007,0.5555118170015912,-1.4926277786876643,0.16285101363345272,-1.0664348769470655,-0.2870634137411721,-0.5644745780896593,-0.14481764355377783,0.9292848834354928,0.1466596102776005,0.5356139816418987,-0.39110758837630466,-0.2926369401868055,-0.4740703164758417,-0.19748903212723556,0.7671525184941308,0.6369833925109255,0.6462062487904399,-0.5814638980026706,0.0,0.0,0.0,0.0,0.0,0.0,0.0,0.0,1.0
-0.9603183982000064,-0.44078769026107506,1.380844314545488,-0.20666365779240292,-1.5228688610667933,-0.7301618155384385,-1.0217118554873919,-0.5950916804859387,0.8756873526327588,3.568263906823256,-0.8854295270128931,-1.5481935164694516,1.4047899417526217,1.3440248044323364,-0.47053307247817794,-0.4875929758649401,-0.2593399238992062,-0.41683695296260403,-0.1820846369147022,0.5503130345035269,-0.39110758837630466,-0.31051809644597034,-0.4740703164758417,-0.1972858780142366,0.7671525184941308,0.6369833925109255,1.6084447803386188,0.758118258638821,1.0,1.0,1.0,0.0,0.0,0.0,0.0,0.0,1.0
-0.6712260084304541,-0.44078769026107506,1.0154449261415028,-0.20666365779240292,-1.5228688610667933,-0.7301618155384385,-0.9832958253093755,-1.4420933361469064,-0.9708772839167997,2.3892470015209217,-0.8661964974257057,-1.5434126107543515,-0.03772829863409622,1.5595943694337464,-0.2545498033320825,-0.6716428720998739,-0.2862863428040129,0.31475100160157904,-0.1820846369147022,0.3850882377804142,-0.38323385004731275,-0.27028549486284953,-0.4740703164758417,-0.19773281706283435,0.7671525184941308,0.6369833925109255,-0.5537765233223088,0.4438178996941929,1.0,0.0,1.0,1.0,0.0,0.0,0.0,0.0,1.0
-0.38213361866090173,-0.44078769026107506,0.8674917995484784,-0.20666365779240292,-1.5228688610667933,-0.7301618155384385,-0.9448797951313592,-0.1715908526554552,-0.9326724983330158,2.803106128928547,-0.4794222279387437,-1.6252376842365845,0.846148723996583,-0.15516353398655988,0.6062867389276241,-0.47827399377709534,-0.11787122464897112,-0.15346528931949807,-0.5108288841070049,0.37429652808453523,-0.39110758837630466,-0.32839925270513515,-0.4740703164758417,-0.19716398554643721,0.7671525184941308,0.6369833925109255,-0.1896524496155206,0.5064988829595033,0.0,1.0,0.0,0.0,0.0,0.0,0.0,0.0,1.0
-0.09304122889134941,-0.44078769026107506,0.7897790461864858,-0.20666365779240292,-1.5228688610667933,-0.7301618155384385,-0.7886546057407594,-0.27746605961307624,-0.8944677127492319,3.692617597918672,-0.23189918623352054,-1.5278467734688634,1.691083510860645,0.22698251306139408,-0.35441303530285784,-0.38974366394257026,-0.11787122464897112,0.08064285614104046,0.1466596102776005,0.10078250648208507,-0.3497704621490972,-0.31051809644597034,-0.4740703164758417,-0.19655452320744032,0.7671525184941308,0.6369833925109255,-0.07203161480989144,0.6211155380732138,0.0,1.0,1.0,1.0,0.0,0.0,0.0,0.0,1.0
0.1960511608782029,-0.44078769026107506,1.053554064809403,-0.20666365779240292,-1.5228688610667933,-0.7301618155384385,-0.9807347566308411,-0.8068420944011808,-0.7391015847085103,0.3470493952129851,-0.11740406976637574,1.0233936559350696,0.19184987916195081,0.44581828359312836,-0.4418901299749323,-0.7112485459732141,0.2728518494707256,1.426764692539137,-0.5108288841070049,-0.013274701165739266,-0.39110758837630466,-0.31051809644597034,-0.4740703164758417,-0.19785470953063375,0.7671525184941308,0.6369833925109255,0.49980584802173117,1.1100272075426352,0.0,1.0,1.0,1.0,0.0,0.0,0.0,0.0,1.0
0.4851435506477553,-0.44078769026107506,0.04926617520826612,-0.20666365779240292,-1.5228688610667933,-0.7301618155384385,-0.9371965890957559,-0.5950916804859387,-0.9301255126274302,-0.11594379246170948,1.6245068148271211,-0.7549813188383231,1.8727011342929631,-0.7920736123998166,-0.41634372179636187,-0.5947612698751548,-0.0909248057441645,-0.15346528931949807,-0.5108288841070049,0.2371673893627627,-0.39110758837630466,-0.34628040896429996,-0.4740703164758417,-0.1974484013046358,0.7671525184941308,0.6369833925109255,-1.623625605862872,-0.38088475155367724,0.0,1.0,1.0,1.0,0.0,0.0,0.0,0.0,1.0
0.7742359404173076,-0.44078769026107506,0.6410786815803649,-0.20666365779240292,-1.5228688610667933,-0.7301618155384385,-0.7143836140632611,-0.38334126657069667,-0.8868267556324749,-0.25854175926468803,1.4942183224321093,-0.16977829555505386,0.5494641643904975,-0.2498834943659673,-0.28087034509182174,-0.5458366139139698,0.15832956912529728,-0.6509450984231425,-0.5108288841070049,0.5897585940815673,-0.39110758837630466,-0.36416156522346477,-0.4740703164758417,-0.1974484013046358,0.7671525184941308,0.6369833925109255,1.0491201722735524,0.07310465581078547,1.0,1.0,1.0,1.0,0.0,0.0,0.0,0.0,1.0
1.06332833018686,-0.44078769026107506,0.9212929364913964,-0.20666365779240292,-1.5228688610667933,-0.7301618155384385,1.3959369770491028,1.6282876656241005,-0.6652389992465281,0.5144435431183036,0.8408396860338799,-0.21796778810304235,0.6721675444364458,1.588990219206666,-0.24216366603338166,-0.45963602960140587,-0.1785006671847862,1.1926565470785986,-0.1820846369147022,0.9432801186017409,-0.39110758837630466,-0.36416156522346477,-0.4740703164758417,-0.19736713965943622,0.7671525184941308,0.6369833925109255,0.5273341285081551,0.4151637359157653,1.0,1.0,1.0,1.0,0.0,0.0,0.0,0.0,1.0
1.3524207199564122,-0.44078769026107506,0.4079404214943863,-0.20666365779240292,-1.5228688610667933,-0.7301618155384385,-0.5402309439229205,-0.8068420944011808,1.4334772221560044,-0.5701475009013698,1.3229728475842157,-0.10873334996895435,0.8648617522006777,1.1382538560218995,-0.31260982191974257,-0.4386683199037552,0.0774903124108772,0.19769692887130969,-0.5108288841070049,0.9890518528290899,-0.39110758837630466,-0.4401564793249152,-0.4740703164758417,-0.19732650883683642,0.7671525184941308,0.6369833925109255,-0.8015310477001234,0.07400009842886134,0.0,1.0,0.0,1.0,0.0,0.0,0.0,0.0,1.0
0.7742359404173076,-0.44078769026107506,1.661805807469616,-0.20666365779240292,1.1446729441827597,-1.3281183752372459,-0.18680346628517022,0.4636603890902704,-0.9326724983330158,-0.9515579700598186,-1.549728246307203,-0.440807455304613,5.984233821638992,-1.651085666875132,-0.4999501485625924,-0.7112485459732141,-0.5692237413044829,0.8122308107052234,-0.5108288841070049,-0.6769648474622968,-0.39110758837630466,-0.4401564793249152,-0.4740703164758417,-0.19785470953063375,0.7671525184941308,0.6369833925109255,0.04308664904242647,2.7173467069888098,0.0,1.0,0.0,0.0,0.0,0.0,1.0,0.0,0.0
-1.5385031777391112,1.0704843906340396,1.1305195801583,-0.20666365779240292,-0.24646227951996436,1.2870186727155468,-0.07923858178672438,-1.2303429222316644,0.34591432587095433,1.0196406819090738,-0.6519224881016771,0.6952204978948224,-0.9941248256155659,2.0527914045127296,-0.2398412652898753,0.2742338098163683,0.5355794337925905,2.421724310746426,-0.34645676051085356,-0.7035719937814467,-0.3733916771360729,-0.39098329961221195,-0.4740703164758417,2.257425269352355,-0.6379478838003826,-0.8310313134082928,0.04308664904242647,1.5595394018167186,1.0,0.0,1.0,1.0,1.0,0.0,0.0,1.0,0.0
-1.2494107879695588,1.0704843906340396,0.6022223048993682,-0.20666365779240292,-0.24646227951996436,1.2870186727155468,1.6725323943308203,0.4636603890902704,-0.033586544261299665,-0.1639109530519924,0.0019662927702078317,0.23077776206441675,-0.9415561083829512,0.5797327103364286,-0.35983197037103937,0.09018391358143439,0.8858828795550774,2.0998256107381854,0.5575899192679789,-0.7048744415033631,-0.3615810696425851,-0.4222753230657504,-0.42118476746683614,-0.19192260943106373,-2.043048286094896,-0.8310313134082928,-0.826556757233236,1.1924079284056146,0.0,0.0,0.0,0.0,0.0,0.0,0.0,1.0,0.0
-0.9603183982000064,1.0704843906340396,-0.13305989998717824,-0.20666365779240292,-0.24646227951996436,1.2870186727155468,0.6942041591306712,0.41072278561145986,1.708551678359249,-0.06903583424645862,-0.6887002414504418,0.5481722030200828,-0.9759026225992187,2.4316712460303593,-0.15313830419896954,1.8048766177448687,1.2294497205913624,5.143231501725187,-0.1820846369147022,-0.7048744415033631,-0.3714232425538249,-0.2926369401868055,-0.4740703164758417,-0.19192260943106373,-2.043048286094896,-2.2990460193275113,-1.1731628342668454,0.6470833739974139,0.0,0.0,0.0,0.0,0.0,0.0,0.0,1.0,0.0
-0.6712260084304541,1.0704843906340396,0.34965585647289216,-0.20666365779240292,-0.24646227951996436,1.2870186727155468,-0.5837691114580057,-0.27746605961307624,0.7356031388255508,0.42033852764746893,-0.2965059496750991,1.2024753153688506,-1.0893826140016696,-0.3315386326240771,-0.38383011138727224,-0.2802456244103944,0.11790994076808724,4.236062438065599,-0.5108288841070049,-0.7045023135828156,-0.39110758837630466,-0.41333474493616795,-0.4740703164758417,3.560496380950368,-2.043048286094896,0.6369833925109255,0.8664324926818306,1.2335982888371044,0.0,1.0,1.0,0.0,0.0,0.0,0.0,1.0,0.0
-0.09304122889134941,1.0704843906340396,-0.13305989998717824,2.2733002357164342,-0.24646227951996436,1.2870186727155468,0.9938491945191986,0.7812860099631335,1.000489652206453,-0.25877367870372264,-0.22819154776221162,-0.1620987458502276,-0.28781305632009296,0.008146742529659766,-0.34976823381584504,-0.09852547369742182,1.1553470686031442,3.241102819858311,-0.5108288841070049,-0.704130185662268,-0.38717071921180873,-0.3954535886770032,-0.4740703164758417,2.473621876405862,-0.6379478838003826,0.6369833925109255,-0.7502283431572425,0.665887668977007,0.0,0.0,0.0,0.0,0.0,0.0,0.0,1.0,0.0
0.1960511608782029,1.0704843906340396,-0.3893625384791351,-0.20666365779240292,-0.24646227951996436,1.2870186727155468,-0.46339888356688774,0.5165979925690809,1.0336004663790659,-0.24626670926360938,-0.6368552623542134,0.23283672899368482,-0.5891481362750117,-0.6777564188384628,-0.4953053470755796,-0.5761233056994652,0.09096352186328055,2.948467638032638,-0.34645676051085356,-0.7048744415033631,-0.39110758837630466,-0.36416156522346477,-0.4740703164758417,-0.19192260943106373,-0.6379478838003826,-0.8310313134082928,-0.37108884373058687,0.3533781952685307,0.0,0.0,0.0,1.0,0.0,0.0,0.0,1.0,0.0
0.4851435506477553,1.0704843906340396,0.6881546764054178,-0.20666365779240292,-0.24646227951996436,1.2870186727155468,-0.7860935370622251,-0.012778042219023653,-0.4156344000991393,-0.8086233281899582,-1.0204495919101104,2.416247366243077,-0.8303592935714273,1.0696635398850876,-0.22435859366649924,0.7262044410768386,1.0475613929839174,2.7728865289372338,-0.5108288841070049,-0.7045023135828156,-0.34583359298460126,-0.36416156522346477,-0.4740703164758417,12.336754062506007,-0.6379478838003826,-2.2990460193275113,1.8624557320997115,1.3688101241665598,0.0,1.0,1.0,0.0,0.0,0.0,0.0,1.0,0.0
0.7742359404173076,1.0704843906340396,0.3959846132848492,-0.20666365779240292,-0.24646227951996436,1.2870186727155468,1.2064178948375555,1.0989116308359965,-0.7365545990029247,-0.5129822182058984,-0.9709273519869224,0.9913580928832274,-0.7708354830576057,-0.4817840870189992,-0.2677100742119521,-0.021643871472702605,1.074507811888724,1.5438187652694064,2.7766135878160223,-0.7048744415033631,-0.3418967238201053,-0.41333474493616795,-0.42118476746683614,-0.19192260943106373,-2.043048286094896,-2.2990460193275113,-0.4311505466100571,0.6775284230119932,0.0,1.0,0.0,0.0,1.0,0.0,0.0,1.0,0.0
1.06332833018686,-0.44078769026107506,0.8674917995484784,-0.20666365779240292,-0.24646227951996436,1.2870186727155468,1.8979064380418498,1.8400380795393425,1.24500027994267,-0.7546513885875414,-0.42158791348884955,0.7199056216446525,-0.5077645756618475,0.014679153590308414,-0.30177195178337934,0.633014620198391,1.0340881835315139,4.031217810787629,-0.1820846369147022,-0.7048744415033631,-0.38717071921180873,-0.36416156522346477,-0.4740703164758417,-0.19192260943106373,-3.4481486883894092,0.6369833925109255,0.8476632105319961,1.7063919911811603,0.0,0.0,0.0,0.0,0.0,0.0,0.0,1.0,0.0
1.3524207199564122,1.0704843906340396,1.346471365943068,-0.20666365779240292,-0.24646227951996436,1.2870186727155468,0.012959890640514787,0.6754108030055125,1.9326864204507819,-0.9515579700598186,-0.7022060987690145,2.3363712622999495,-0.9686760537182981,0.6907836983674579,-0.4287298590950627,0.7308639321207611,1.5528067474490423,4.177535401700465,-0.017712513318550883,-0.7002228424965188,-0.32614924716212146,-0.27028549486284953,-0.4740703164758417,0.8081644580402809,-2.043048286094896,0.6369833925109255,0.8601760652985525,2.1523224149829403,0.0,1.0,1.0,0.0,0.0,0.0,0.0,1.0,0.0
0.4851435506477553,0.8186057104848538,0.07317779162734084,9.713191916242947,-1.352524399999453,-0.7449420793788409,-0.9371965890957559,-0.5950916804859387,-0.9301255126274302,1.1495258644031479,-0.542311761274588,-0.70637671337056,1.3599210857402955,3.548713537401302,0.13871005590166838,-0.361786717679036,-0.2323935049943995,2.7728865289372338,-0.5108288841070049,1.397648309590301,-0.3576442004780891,-0.32839925270513515,-0.4740703164758417,-0.19732650883683642,0.7671525184941308,0.6369833925109255,0.04308664904242647,-0.6853352416994708,0.0,1.0,1.0,0.0,0.0,0.0,0.0,0.0,1.0
0.7742359404173076,0.8186057104848538,0.6082002090041368,-0.20666365779240292,-1.352524399999453,-0.7449420793788409,-0.7143836140632611,-0.38334126657069667,-0.8868267556324749,0.26211101397610703,1.6571102422816137,-1.5872496899888529,0.6247056541399498,2.4675995068639276,-0.42795572551389394,0.2835527919042129,-0.1246078293751728,0.49033211069698296,-0.34645676051085356,2.1266469059429536,-0.39110758837630466,-0.3775724324178384,-0.4740703164758417,-0.1967170464978395,0.7671525184941308,0.6369833925109255,0.9540224760477247,0.033705180615447486,1.0,1.0,1.0,1.0,0.0,0.0,0.0,0.0,1.0
1.06332833018686,0.8186057104848538,0.2555038668227852,-0.20666365779240292,-1.352524399999453,-0.7449420793788409,1.3959369770491028,1.6282876656241005,-0.6652389992465281,-0.28949748602946895,0.4557614927535078,-0.8095196041423723,0.017063239094218453,2.4251388349697107,-0.3203511577314305,-0.3780949363327643,-0.19871048136339114,0.22696044705387702,0.22884567207567613,2.1236698825785734,-0.3812654154650648,-0.24793404953889359,-0.4740703164758417,-0.19748903212723556,-0.6379478838003826,0.6369833925109255,-0.532504670219163,-0.382675636789829,1.0,1.0,1.0,1.0,0.0,0.0,0.0,0.0,1.0
1.3524207199564122,-0.44078769026107506,0.20020825385367536,-0.20666365779240292,-1.352524399999453,-0.7449420793788409,-0.5402309439229205,-0.8068420944011808,1.4334772221560044,-0.281423660213233,0.20730561318314902,-0.31746307496083204,-0.48230641265172225,2.810551087547989,-0.4380194620690883,0.02961053001044357,0.09096352186328055,0.40254155614928094,-0.09989857511662652,1.9934251103869305,-0.38717071921180873,-0.3775724324178384,-0.4740703164758417,-0.19696083143343826,0.7671525184941308,-0.8310313134082928,-0.034493050510222556,-0.17493294939622864,1.0,1.0,1.0,1.0,0.0,0.0,0.0,0.0,1.0
-1.8275955675086635,-0.44078769026107506,0.8166796146579448,-0.20666365779240292,0.21440254152009972,-0.783271029750341,-0.6452347597428318,-1.9185317674562004,-0.6346751707795009,-0.5661343804259927,-1.2513971765074254,-0.329019084612044,0.2840992362030097,-0.6973536520204092,-0.11907642662754232,1.0756662693710168,-0.1785006671847862,-0.41683695296260403,-0.5108288841070049,-0.6894311328006398,-0.23560125637871462,0.11862965377398492,0.2927701441547391,0.17761472211406829,-0.6379478838003826,0.6369833925109255,0.04308664904242647,-0.012857835524497409,0.0,0.0,0.0,0.0,1.0,0.0,0.0,0.0,1.0
-1.5385031777391112,-0.44078769026107506,0.6179143031743861,-0.20666365779240292,0.21440254152009972,-0.783271029750341,-1.0217118554873919,-1.9185317674562004,-0.5964703851957168,-0.46540533939953255,-0.6849434300186047,-0.8060688888628673,0.17925183636211856,-0.8606639285366289,-0.4805968090333724,0.7145557134670327,-0.2862863428040129,-0.6509450984231425,-0.5108288841070049,-0.6978040110129596,-0.2926858592639059,0.08286734125565529,0.39854124217275033,0.45650468843905856,-0.6379478838003826,0.6369833925109255,-0.2747398620281034,-0.22686862124462873,0.0,0.0,1.0,1.0,0.0,1.0,0.0,0.0,1.0
-1.2494107879695588,-0.44078769026107506,0.9997529278664851,-0.20666365779240292,0.21440254152009972,-0.783271029750341,0.8350629364500644,0.940098820399565,-0.9708772839167997,-0.27002652124078674,-0.9184221734641892,0.1828690080812718,-0.21154155879462472,-0.8606639285366289,-0.40008691659181705,-0.012324889384857846,-0.11787122464897112,-0.2705193620497674,0.1466596102776005,-0.6948269876485793,-0.21788534513848287,-0.06912248694724553,-0.13031424791730542,0.027890140833825145,-0.6379478838003826,0.6369833925109255,0.6975089533333207,0.07131377057463374,0.0,0.0,1.0,1.0,0.0,0.0,0.0,0.0,1.0
-0.9603183982000064,-0.44078769026107506,1.1237944380404352,-0.20666365779240292,0.21440254152009972,-0.783271029750341,-1.0217118554873919,-0.5950916804859387,0.8756873526327588,-0.5236123485481377,-1.0447956098934739,0.7524776120414989,-0.32192020553040873,-0.6287633358835969,0.03575028960621786,0.21133068072341615,-0.2593399238992062,-0.5338910256928733,-0.5108288841070049,-0.702455610019804,-0.24347499470770653,-0.19876086982619032,-0.13031424791730542,1.0398414085043097,-2.043048286094896,0.6369833925109255,0.26581546388712846,0.4500859980207239,1.0,0.0,0.0,1.0,0.0,0.0,0.0,0.0,1.0
-0.6712260084304541,-0.44078769026107506,0.5715855463624291,-0.20666365779240292,0.21440254152009972,-0.783271029750341,-0.9832958253093755,-1.4420933361469064,-0.9708772839167997,-0.1916332560998485,-1.017634566951295,0.144948389012588,0.5591557938858757,-0.3315386326240771,-0.39699038226714184,0.8030860433015579,-0.31323276170881953,-0.6509450984231425,-0.5108288841070049,-0.7009670983376138,-0.04663153648290898,2.0185025063102455,-0.2625281204398194,1.059750511578209,-3.4481486883894092,0.6369833925109255,-0.8665978924862161,-0.08807501544286993,1.0,1.0,1.0,1.0,0.0,0.0,0.0,0.0,1.0
-0.38213361866090173,-0.44078769026107506,0.4856531748563795,-0.20666365779240292,0.21440254152009972,-0.783271029750341,-0.9448797951313592,-0.1715908526554552,-0.9326724983330158,-0.09361177400106548,-0.8625136315699509,-0.8430574754016876,0.4377243609568922,-0.38379792110926747,-0.3288666271242874,0.9684979753608021,-0.45470146095905456,-0.41683695296260403,0.1466596102776005,-0.6940827318074841,-0.18639039182251524,-0.15852826824306954,0.08122794811871684,0.3072270462074131,-2.043048286094896,0.6369833925109255,-0.08579575505310334,0.04892770512273716,1.0,1.0,1.0,0.0,0.0,0.0,0.0,0.0,1.0
-0.09304122889134941,-0.44078769026107506,0.14341816485837258,-0.20666365779240292,0.21440254152009972,-0.783271029750341,-0.7886546057407594,-0.27746605961307624,-0.8944677127492319,-0.5238614879451264,-1.188484590242131,-0.5893418890392448,1.7928103371556772,-0.37073309898796986,-0.2870634137411721,0.45362421500737965,-0.2593399238992062,-0.5338910256928733,0.1466596102776005,-0.6978040110129596,-0.2769383826059221,-0.27028549486284953,0.5307551146952643,0.3367656542374638,-2.043048286094896,0.6369833925109255,-0.5149866735459843,-0.15344232656240794,1.0,1.0,1.0,1.0,0.0,1.0,0.0,0.0,1.0
0.1960511608782029,-0.44078769026107506,0.5327291696814325,-0.20666365779240292,0.21440254152009972,-0.783271029750341,-0.9807347566308411,-0.8068420944011808,-0.7391015847085103,-0.8718403775169589,-1.0861962305417345,-0.39231940089541956,2.3361154733592002,0.351098323213721,0.5706765941938593,1.734984252086033,-0.0639783868393578,-0.15346528931949807,0.8863341664602815,-0.704130185662268,0.028168977642514068,-0.2524043386036848,0.39854124217275033,10.467736222915454,-0.6379478838003826,0.6369833925109255,0.7100218080998769,0.48590370274375844,0.0,1.0,1.0,0.0,0.0,1.0,0.0,0.0,1.0
0.4851435506477553,-0.44078769026107506,0.9362376967533178,-0.20666365779240292,0.21440254152009972,-0.783271029750341,-0.9371965890957559,-0.5950916804859387,-0.9301255126274302,-0.7289028300664919,-0.6455918729993145,0.4239124974895218,-0.13515690583916815,-0.7659439681572214,0.01949348440167304,0.4443052329195349,-0.0909248057441645,-0.6509450984231425,-0.5108288841070049,-0.7048744415033631,-0.32614924716212146,-0.2524043386036848,0.7422973107312866,-0.19192260943106373,0.7671525184941308,0.6369833925109255,0.7337962321563339,0.6820056361023725,0.0,1.0,1.0,1.0,1.0,1.0,0.0,0.0,1.0
0.7742359404173076,-0.44078769026107506,0.46099432042420835,-0.20666365779240292,0.21440254152009972,-0.783271029750341,-0.7143836140632611,-0.38334126657069667,-0.8868267556324749,-0.7171330891883121,-0.8671837473620286,-0.6188701618616098,-0.05816212848497277,-0.8475991064153312,0.151870326781538,0.5514735269297495,-0.2054470860895928,-0.6509450984231425,-0.1820846369147022,-0.7017113541787089,0.14233818341289667,0.024753583413369723,0.5307551146952643,1.0975371765960182,0.7671525184941308,0.6369833925109255,-0.7377154883906863,-0.14269701514549757,1.0,1.0,1.0,1.0,0.0,1.0,0.0,0.0,1.0
1.06332833018686,-0.6926663704102608,0.10456178817737649,-0.20666365779240292,0.21440254152009972,-0.783271029750341,1.3959369770491028,1.6282876656241005,-0.6652389992465281,-0.8092798521355548,-0.8723527805700918,-0.11305227794186176,0.2914267111249038,-0.004918079591637817,0.17122366631075803,0.9382112835753068,0.1044367313156839,-0.6509450984231425,-0.5108288841070049,-0.6948269876485793,0.3962662445228855,-0.19876086982619032,0.08122794811871684,0.3348560055752735,-2.043048286094896,0.6369833925109255,-0.5387610976024412,-0.5635550456411533,0.0,1.0,1.0,1.0,1.0,0.0,0.0,0.0,1.0
1.3524207199564122,-0.44078769026107506,0.8824365598103998,-0.20666365779240292,0.21440254152009972,-0.783271029750341,-0.5402309439229205,-0.8068420944011808,1.4334772221560044,-0.7326889528756028,-0.8472471283212302,0.16138797137629435,0.2616004854364663,0.08980188078776959,-0.4194402561210371,1.5788913021146334,-0.4277550420542479,-0.2705193620497674,-0.5108288841070049,-0.702455610019804,0.42185589409210916,-0.2524043386036848,-0.02454314989929426,2.8744449413528357,-0.6379478838003826,0.6369833925109255,1.360690255960804,0.6426061609070346,1.0,1.0,1.0,1.0,1.0,0.0,0.0,0.0,1.0
-1.2494107879695588,-0.44078769026107506,-1.1724679762038315,-0.20666365779240292,0.8364658122950294,0.873226693858485,1.6725323943308203,0.4636603890902704,-0.033586544261299665,-0.07119190544350329,0.0036399481490043805,1.407347935643898,-0.9085416563624259,-1.1350251930838777,-0.20655352129961682,-0.33150002589354055,-0.2862863428040129,2.392460792563859,-0.5108288841070049,-0.6931524120061152,-0.33402298549111337,-0.10488479946557512,-0.4740703164758417,-0.09274277146496507,-0.6379478838003826,-0.8310313134082928,0.04308664904242647,-0.9342682895245608,0.0,1.0,1.0,1.0,0.0,0.0,0.0,1.0,0.0
-0.9603183982000064,-0.44078769026107506,-0.13754332806575492,-0.20666365779240292,0.8364658122950294,0.873226693858485,0.6942041591306712,0.41072278561145986,1.708551678359249,0.14742477673566232,0.41951624628283224,1.249047729787407,-0.16900644361203224,-1.0794996990683632,-0.1035937550041663,0.16240602476223123,-0.4008086231494412,-0.5338910256928733,-0.5108288841070049,-0.6605912189582045,-0.3005595975928978,-0.10488479946557512,-0.4740703164758417,-0.13382053311335743,0.7671525184941308,0.6369833925109255,1.7911324599303406,0.6417107182889586,1.0,1.0,0.0,0.0,0.0,0.0,0.0,1.0,0.0
-0.09304122889134941,-0.18890901011188932,-0.7203889782807004,4.753264129225272,0.8364658122950294,0.873226693858485,0.9938491945191986,0.7812860099631335,1.000489652206453,-0.27795793366162636,-0.9106881495810035,2.6210698221040807,-0.7539384822058705,0.1061329084393915,0.028783087375698662,-0.1684178393562574,-0.2323935049943995,-0.15346528931949807,-0.5108288841070049,-0.6909196444828299,-0.3163070742508816,-0.15852826824306954,-0.4740703164758417,-0.07161474371307186,0.7671525184941308,0.6369833925109255,-0.9179005970290969,-0.04867554024753194,0.0,0.0,0.0,0.0,0.0,0.0,0.0,1.0,0.0
0.1960511608782029,-0.18890901011188932,-1.2217856850681728,-0.20666365779240292,0.8364658122950294,0.873226693858485,-0.46339888356688774,0.5165979925690809,1.0336004663790659,-0.771068129130853,-0.9926122749047045,1.1184397727033248,0.23736486070630114,-0.5895688695197042,0.0473622933237499,-0.436338574381794,-0.4277550420542479,-0.4461004711451713,0.06447354847952486,-0.6684059052897031,-0.3497704621490972,0.024753583413369723,-0.4740703164758417,-0.17339495432555738,-0.6379478838003826,-0.8310313134082928,-0.7815104800736333,-0.6441448812679811,0.0,1.0,1.0,1.0,0.0,0.0,0.0,1.0,0.0
0.4851435506477553,-0.18890901011188932,-0.12633475786931375,-0.20666365779240292,0.8364658122950294,0.873226693858485,-0.7860935370622251,-0.012778042219023653,-0.4156344000991393,-0.9515579700598186,-0.7727130346423102,2.173907319870235,-0.6865546145149546,-0.6254971303532725,0.031105488119205084,0.46993243366110804,-0.3738622042446346,0.08064285614104046,-0.5108288841070049,-0.7015252902184351,-0.39110758837630466,-0.055711619752871915,-0.4740703164758417,0.9465936706377813,0.7671525184941308,-0.8310313134082928,1.8924865835394467,0.3927776704638687,0.0,0.0,0.0,0.0,0.0,0.0,0.0,1.0,0.0
0.7742359404173076,-0.18890901011188932,-0.8877702932142233,-0.20666365779240292,0.8364658122950294,0.873226693858485,1.2064178948375555,1.0989116308359965,-0.7365545990029247,-0.8050719570400615,-0.4909064968341661,0.30038399659670834,-0.0785145716866842,-0.22702005565369646,0.346177855654907,1.4437660618408845,0.1044367313156839,0.2854874834190117,-0.1820846369147022,-0.6989203947746023,-0.3143386396686336,-0.02441959629933348,-0.4740703164758417,0.9766198485390295,0.7671525184941308,-0.8310313134082928,-1.2169578259497924,-0.8608419948423399,0.0,0.0,0.0,1.0,0.0,0.0,0.0,1.0,0.0
1.06332833018686,-0.44078769026107506,-0.8877702932142233,-0.20666365779240292,0.8364658122950294,0.873226693858485,1.8979064380418498,1.8400380795393425,1.24500027994267,-0.9515579700598186,0.03874285126935085,0.29105528465426833,-0.1661544271028385,-0.0179829017129354,0.622543544132169,2.1007542990339396,-0.30649615698261784,1.6608728379996758,-0.5108288841070049,-0.6284021538308414,-0.3694548079715769,0.11862965377398492,-0.4740703164758417,-0.07852198355503696,0.7671525184941308,-0.8310313134082928,0.058102074762294016,-0.39700271867904285,0.0,0.0,0.0,1.0,0.0,0.0,0.0,1.0,0.0
1.3524207199564122,-0.18890901011188932,-1.6888094432532255,-0.20666365779240292,0.8364658122950294,0.873226693858485,0.012959890640514787,0.6754108030055125,1.9326864204507819,-0.785655760138302,-0.6501469987973814,-0.3361054131895488,-0.08694005570807861,-0.6940874464900847,0.24399222294062528,1.3016515850012522,-0.037031967934551116,1.221920065261166,1.215078413652584,-0.6870123013170807,-0.3694548079715769,0.45390133363332497,-0.4740703164758417,0.1678226938675178,0.7671525184941308,-0.8310313134082928,-1.2832759562125409,-1.4849654996412167,0.0,0.0,1.0,1.0,0.0,0.0,0.0,1.0,0.0
-1.5385031777391112,-0.9445450505594466,1.2411108060965206,-0.20666365779240292,-1.4668495416553862,-0.7232357312645862,-1.0217118554873919,-1.9185317674562004,-0.5964703851957168,0.16207707569146787,0.07000102418774397,-1.5219139130595978,1.537214122252765,-1.4453147184646953,0.02259001872634825,-0.5807827967433876,-0.4008086231494412,0.08064285614104046,-0.5108288841070049,0.6569276837404003,-0.3163070742508816,-0.3820427214826296,-0.4740703164758417,-0.1975296629498354,0.7671525184941308,0.6369833925109255,0.04308664904242647,0.5199305222306413,0.0,0.0,0.0,0.0,1.0,0.0,0.0,0.0,1.0
-1.2494107879695588,-0.9445450505594466,1.8478680727305408,-0.20666365779240292,-1.4668495416553862,-0.7232357312645862,0.8350629364500644,0.940098820399565,-0.9708772839167997,-0.006245276527030284,0.3059943211851728,-1.4048367227374472,0.4818471511140012,-0.7724763792178703,-0.08888521696195911,-0.4922524669088625,0.02359747460126388,-0.2705193620497674,1.5438226608448868,0.37206376056124996,-0.3418967238201053,-0.3820427214826296,-0.4740703164758417,-0.19720461636903702,0.7671525184941308,0.6369833925109255,1.074145881806665,1.0876411420907386,0.0,0.0,0.0,0.0,1.0,0.0,0.0,0.0,1.0
-0.9603183982000064,-0.9445450505594466,1.415964501161004,-0.20666365779240292,-1.4668495416553862,-0.7232357312645862,-1.0217118554873919,-0.5950916804859387,0.8756873526327588,-0.25877367870372264,-0.22819154776221162,-0.1620987458502276,-0.28781305632009296,0.1061329084393915,-0.4953053470755796,-0.2732563878445109,-0.31323276170881953,-0.6509450984231425,-0.5108288841070049,0.6813020625362649,-0.365517938807081,-0.41333474493616795,0.028342399109711286,-0.19683893896563887,0.7671525184941308,0.6369833925109255,-0.6651409307446599,0.8002040616883866,1.0,1.0,1.0,0.0,0.0,0.0,0.0,0.0,1.0
-0.6712260084304541,-0.9445450505594466,1.4391288795669828,-0.20666365779240292,-1.4668495416553862,-0.7232357312645862,-0.9832958253093755,-1.4420933361469064,-0.9708772839167997,0.08286734246286795,-0.446568240214215,-0.8396533282800291,0.36535371269677014,0.9422815242024363,-0.40318345091649227,-0.25927791471274375,0.06401710295847385,1.9242445016427816,-0.5108288841070049,0.7754504264347954,-0.39110758837630466,-0.4401564793249152,-0.4740703164758417,-0.19687956978823867,0.7671525184941308,0.6369833925109255,0.09689192453861853,0.9515338641432075,0.0,0.0,1.0,1.0,0.0,0.0,0.0,0.0,1.0
-0.38213361866090173,-0.9445450505594466,1.1477060544595101,-0.20666365779240292,-1.4668495416553862,-0.7232357312645862,-0.9448797951313592,-0.1715908526554552,-0.9326724983330158,0.5534540360989259,0.09443436307858112,-1.614565308100868,-0.2655890027073212,0.5960637379880505,0.10000337684322834,-0.7112485459732141,-0.2323935049943995,-0.2705193620497674,-0.5108288841070049,0.3685285453160482,-0.3418967238201053,-0.4401564793249152,-0.4740703164758417,-0.19785470953063375,0.7671525184941308,0.6369833925109255,-0.42989926113340143,0.8422898647379521,0.0,0.0,1.0,0.0,0.0,0.0,0.0,0.0,1.0
-0.09304122889134941,-0.9445450505594466,0.9952694997879089,-0.20666365779240292,-1.4668495416553862,-0.7232357312645862,-0.7886546057407594,-0.27746605961307624,-0.8944677127492319,0.2748862797863665,-0.3139362270592996,-1.5449809760733377,2.363919297143252,-0.28254554966921114,-0.18565191460805924,-0.6530049079241844,0.06401710295847385,-0.2705193620497674,-0.5108288841070049,0.3463869340434689,-0.3792969808828168,-0.41333474493616795,-0.4740703164758417,-0.19769218624023457,0.7671525184941308,0.6369833925109255,-0.19716016247545437,0.8673622580440764,0.0,1.0,1.0,1.0,0.0,0.0,0.0,0.0,1.0
0.1960511608782029,-0.9445450505594466,-0.008271151800132593,-0.20666365779240292,-1.4668495416553862,-0.7232357312645862,-0.9807347566308411,-0.8068420944011808,-0.7391015847085103,-0.6418358380795374,-0.9189913906822146,-0.2077364356112907,0.2003494771121509,-0.40666135982153817,-0.47053307247817794,-0.5807827967433876,0.14485635967289395,1.5438187652694064,-0.5108288841070049,0.3463869340434689,-0.39110758837630466,-0.3820427214826296,-0.4740703164758417,-0.1974484013046358,0.7671525184941308,0.6369833925109255,-1.6223743203862164,-0.1623967527431666,0.0,1.0,1.0,1.0,0.0,0.0,0.0,0.0,1.0
0.4851435506477553,-0.9445450505594466,0.21365853808940485,-0.20666365779240292,-1.4668495416553862,-0.7232357312645862,-0.9371965890957559,-0.5950916804859387,-0.9301255126274302,-0.6241647218370232,-0.06956519043946949,-0.9966705402568711,2.7751678395019486,-0.8345342842940336,-0.16087964001065758,-0.4922524669088625,-0.10439801519656786,-0.2705193620497674,-0.017712513318550883,0.5289156790720427,-0.39110758837630466,-0.3820427214826296,-0.4740703164758417,-0.1972858780142366,0.7671525184941308,0.6369833925109255,0.429733861329016,-0.18388737557698728,1.0,1.0,1.0,0.0,0.0,0.0,0.0,0.0,1.0
0.7742359404173076,-0.9445450505594466,0.224867108285846,-0.20666365779240292,-1.4668495416553862,-0.7232357312645862,-0.7143836140632611,-0.38334126657069667,-0.8868267556324749,-0.787354937211804,-0.4431576270034646,-0.9734398435545809,0.2781523410772538,-0.8345342842940336,-0.2530015361697449,-0.5947612698751548,-0.19197387663718948,0.08064285614104046,-0.5108288841070049,0.9708175847222598,-0.39110758837630466,-0.24346376047410237,-0.4740703164758417,-0.19761092459503496,0.7671525184941308,0.6369833925109255,0.07687135691212846,-0.4256568824574704,1.0,1.0,1.0,1.0,0.0,0.0,0.0,0.0,1.0
1.06332833018686,-0.9445450505594466,0.35339204653837236,-0.20666365779240292,-1.4668495416553862,-0.7232357312645862,1.3959369770491028,1.6282876656241005,-0.6652389992465281,-0.7239755587219466,-0.22448390929090267,-0.49820274296841593,0.5904642983833388,-0.16169594504720883,0.10000337684322834,-0.5062309400406296,-0.4008086231494412,-0.47536398932773866,-0.5108288841070049,1.0731527628728363,-0.39110758837630466,-0.4401564793249152,-0.4740703164758417,-0.19748903212723556,0.7671525184941308,0.6369833925109255,0.27332317674706225,-0.26537265382189085,1.0,1.0,1.0,1.0,0.0,0.0,0.0,0.0,1.0
1.3524207199564122,-0.9445450505594466,0.8555359913389409,-0.20666365779240292,-1.4668495416553862,-0.7232357312645862,-0.5402309439229205,-0.8068420944011808,1.4334772221560044,-0.8847582621988888,0.08430170990564069,-0.809531497365171,0.7147928549414181,0.40989002275955994,-0.07417667891975187,-0.5504961049578921,-0.4008086231494412,0.8122308107052234,-0.5108288841070049,2.396625712300202,-0.39110758837630466,-0.4401564793249152,-0.4740703164758417,-0.19769218624023457,-0.6379478838003826,0.6369833925109255,0.898965915074877,0.6103702266563035,0.0,1.0,1.0,1.0,0.0,0.0,0.0,0.0,1.0
-2.1166879572782156,-0.44078769026107506,0.7875373321471975,-0.20666365779240292,-1.141829888935901,-0.7163096469907317,-0.683650789920848,-1.018592508316423,-0.9326724983330158,0.24731540533291066,-0.7440759368617953,0.12264494297627972,-0.6029640095024861,-0.1290338897439647,-0.41402132105285544,-0.31053231619588983,0.02359747460126388,-0.5338910256928733,0.22884567207567613,0.6385073516732966,0.9690807079570464,0.520955669605193,0.13411349712772244,-0.19687956978823867,-2.043048286094896,-0.8310313134082928,0.04308664904242647,-0.04778009762945608,1.0,0.0,1.0,0.0,0.0,0.0,0.0,0.0,1.0
-1.8275955675086635,2.83363515167834,0.7875373321471975,-0.20666365779240292,-1.141829888935901,-0.7163096469907317,-0.6452347597428318,-1.9185317674562004,-0.6346751707795009,-0.25877367870372264,-0.22819154776221162,-0.1620987458502276,-0.28781305632009296,-0.1290338897439647,-0.41402132105285544,-0.31053231619588983,0.02359747460126388,-0.5338910256928733,0.22884567207567613,0.6385073516732966,0.9690807079570464,0.520955669605193,0.13411349712772244,-0.19687956978823867,-2.043048286094896,-0.8310313134082928,0.058102074762294016,-0.04778009762945608,1.0,0.0,1.0,0.0,0.0,0.0,0.0,0.0,1.0
-1.5385031777391112,2.581756471529154,1.1305195801583,-0.20666365779240292,-1.141829888935901,-0.7163096469907317,-1.0217118554873919,-1.9185317674562004,-0.5964703851957168,0.3622426967409575,0.0338056074276313,0.10709787106673649,-0.6822583778016323,0.19758666328847457,-0.22668099441000567,-0.33150002589354055,-0.4210184373280462,-0.6216815802405752,-0.09989857511662652,1.4810049637929525,1.00451253043751,0.5433071149291491,-0.10387147341280262,-0.1972858780142366,-2.043048286094896,-0.8310313134082928,0.6324421085472279,0.38740501475541345,1.0,1.0,1.0,1.0,0.0,0.0,0.0,0.0,1.0
-1.2494107879695588,2.581756471529154,1.2044961434548123,-0.20666365779240292,-1.141829888935901,-0.7163096469907317,0.8350629364500644,0.940098820399565,-0.9708772839167997,0.2652313212790037,-0.6738201895213238,0.2012241370682989,-0.15634478929675755,0.06367223654517443,-0.21429485711130483,-0.32684053484961817,-0.32670597116122285,-0.6216815802405752,-0.1820846369147022,0.39532175559547195,1.085218348309677,0.46731220082769853,-0.28897089494432215,-0.1967170464978395,-0.6379478838003826,0.6369833925109255,0.18197933695120133,0.31666504792742034,1.0,1.0,0.0,0.0,0.0,0.0,0.0,0.0,1.0
-0.9603183982000064,2.3298777913799684,1.0617736829534599,-0.20666365779240292,-1.141829888935901,-0.7163096469907317,-1.0217118554873919,-0.5950916804859387,0.8756873526327588,-0.22486186368178085,-0.394385420850181,0.8102433499994949,0.04376906412791671,0.3053714457891796,-0.466662404572334,-0.11483369235115008,-0.07071499156555948,-0.47536398932773866,-0.26427069871277786,0.5845488031939016,1.8332234895639077,0.2035651460050177,-0.2625281204398194,-0.19635136909444134,-0.6379478838003826,-0.8310313134082928,-0.1808934512789312,0.3757642607204273,1.0,1.0,1.0,1.0,0.0,0.0,0.0,0.0,1.0
-0.6712260084304541,2.581756471529154,1.5766206739766624,-0.20666365779240292,-1.141829888935901,-0.7163096469907317,-0.9832958253093755,-1.4420933361469064,-0.9708772839167997,-0.102879993166751,-0.4871299170137511,1.470792445377891,-0.7277484833598952,-0.04084634042520625,-0.42795572551389394,-0.16608809383429626,0.043807288779868905,-0.21199232568463278,-0.017712513318550883,-0.026857370265724958,1.6757487229840695,0.25720861478251217,0.186999046136728,-0.1952543368842469,-2.043048286094896,0.6369833925109255,0.9202377681780226,1.1162953058691663,1.0,1.0,1.0,1.0,0.0,0.0,0.0,0.0,1.0
-0.38213361866090173,2.581756471529154,1.2949119430394385,-0.20666365779240292,-1.141829888935901,-0.7163096469907317,-0.9448797951313592,-0.1715908526554552,-0.9326724983330158,-0.11089972142602632,-0.8515780010455171,0.5717975342848318,-0.4413494830103237,0.5960637379880505,0.031105488119205084,-0.10551471026330533,-0.2593399238992062,-0.5338910256928733,-0.26427069871277786,-0.003227247310955401,1.6068535126053904,0.23038688039376495,0.2927701441547391,-0.19505118277124792,-0.6379478838003826,-0.8310313134082928,-0.41363254993687826,1.0186920604988972,0.0,1.0,1.0,0.0,0.0,0.0,0.0,0.0,1.0
-0.09304122889134941,2.581756471529154,1.3860749806371606,-0.20666365779240292,-1.141829888935901,-0.7163096469907317,-0.7886546057407594,-0.27746605961307624,-0.8944677127492319,-0.01289194531272706,-0.42089841020625235,-0.5456921476720127,0.5106007860640096,0.4752141333660479,-0.4496314657866203,-0.21501274979548118,0.03707068405366723,-0.5631545438754406,-0.4286428223089292,1.1187384331399115,1.085218348309677,0.22591659132897374,0.028342399109711286,-0.19696083143343826,-2.043048286094896,-0.8310313134082928,0.21075890291428082,1.3356787472977527,1.0,1.0,1.0,1.0,0.0,0.0,0.0,0.0,1.0
0.1960511608782029,2.581756471529154,1.3748664104407196,-0.20666365779240292,-1.141829888935901,-0.7163096469907317,-0.9807347566308411,-0.8068420944011808,-0.7391015847085103,-0.2799284734156819,-0.5628846977477819,-0.08051152204870565,-0.4220797753707132,0.26944318495561115,-0.3590578367898706,-0.11949318339507246,-0.2728131333516095,-0.5631545438754406,-0.017712513318550883,0.017611916239707415,1.3607991898243936,0.08733763032044649,1.324038349830348,-0.1952137060616471,-2.043048286094896,-0.8310313134082928,0.03933279261245958,1.4950675333152565,1.0,1.0,1.0,1.0,0.0,1.0,0.0,0.0,1.0
0.4851435506477553,2.581756471529154,1.1447171024071257,-0.20666365779240292,-1.141829888935901,-0.7163096469907317,-0.9371965890957559,-0.5950916804859387,-0.9301255126274302,-0.4884771736592773,-0.801616975274148,-0.2671400644928249,0.02572086465971173,0.6450568209429165,-0.29790128387753534,-0.19404504009783044,0.326744687280339,0.08064285614104046,-0.1820846369147022,0.10059644252181134,1.002544095855262,0.11862965377398492,4.259186319830157,-0.1957825375780442,-0.6379478838003826,0.6369833925109255,-0.32729385204763983,0.9318341265455384,1.0,1.0,1.0,1.0,1.0,1.0,0.0,0.0,1.0
0.7742359404173076,2.581756471529154,1.3524492700478368,-0.20666365779240292,-1.141829888935901,-0.7163096469907317,-0.7143836140632611,-0.38334126657069667,-0.8868267556324749,-0.6605151260503975,-0.8184896883898626,-0.5355931408840321,-0.3736619336952696,0.7299781647313506,-0.1097868236535167,-0.31053231619588983,-0.13134443410137447,-0.47536398932773866,-0.017712513318550883,0.14487966506696998,0.7683003805677528,-0.011008729104959916,2.0644360359564256,-0.19631073827184153,-3.4481486883894092,0.6369833925109255,0.40595943727255895,0.9255660282190074,1.0,1.0,1.0,0.0,1.0,1.0,0.0,0.0,1.0
1.06332833018686,-0.44078769026107506,1.4458540216848477,-0.20666365779240292,-1.141829888935901,-0.7163096469907317,1.3959369770491028,1.6282876656241005,-0.6652389992465281,-0.7217983080261458,-0.6131823048328412,0.18287729847059925,-0.09010445807228386,0.4033576116989113,-0.3946679815236354,-0.21967224083940357,0.05728049823227225,-0.5631545438754406,-0.1820846369147022,-0.043230998769817126,1.3509570169131535,-0.10488479946557512,1.2447100263168396,-0.19545749099724585,-2.043048286094896,-0.8310313134082928,0.2145127593442477,1.0437644538050215,1.0,1.0,1.0,1.0,1.0,1.0,0.0,0.0,1.0
1.3524207199564122,2.581756471529154,0.9728523593950261,-0.20666365779240292,-1.141829888935901,-0.7163096469907317,-0.5402309439229205,-0.8068420944011808,1.4334772221560044,-0.691754649047863,-0.29831108010604995,-0.19747493765860402,-0.08825133548517176,0.3870265840472894,-0.4589210687606459,-0.2685968968005885,0.1920125927563055,-0.4461004711451713,0.06447354847952486,0.13576253101355493,1.3942625777226092,0.09180791938523769,0.8216256342447948,-0.1961482149814424,0.7671525184941308,0.6369833925109255,-0.7339616319607194,0.7509547176942141,1.0,1.0,1.0,1.0,1.0,1.0,0.0,0.0,1.0
0.7742359404173076,2.581756471529154,0.023860082762999536,-0.20666365779240292,1.7611544580415466,1.0821589520635293,1.2064178948375555,1.0989116308359965,-0.7365545990029247,-0.6992117013709184,-0.9282874143979273,0.613967759976376,0.9329286806715584,-0.779008790278519,-0.3582837032087018,-0.15210962070252912,-0.4681746704114579,-0.41683695296260403,-0.5108288841070049,-0.12714584485328995,-0.3792969808828168,-0.10935508853036632,-0.44762754197133886,-0.19472613619044957,0.7671525184941308,-0.8310313134082928,0.04308664904242647,0.2315979992102133,1.0,1.0,1.0,1.0,1.0,0.0,0.0,1.0,0.0
1.06332833018686,2.581756471529154,-0.2302008416896695,-0.20666365779240292,1.7611544580415466,1.0821589520635293,1.8979064380418498,1.8400380795393425,1.24500027994267,-0.17028328239199103,-0.9298362075026686,-0.6176757796010949,-0.3244372019374744,-0.1714945616381818,-0.2591946048190953,0.8170645164333249,-0.3805988089708362,0.6366497016098196,-0.1820846369147022,-0.0990501868519498,-0.35567576589584116,0.0068724271542049045,-0.07742869890829988,-0.18968791418807504,0.7671525184941308,-3.7670607252467296,-0.36733498730062,0.3909867852277169,1.0,1.0,1.0,1.0,1.0,0.0,0.0,1.0,0.0
1.3524207199564122,2.581756471529154,-0.032930006232303244,-0.20666365779240292,1.7611544580415466,1.0821589520635293,0.012959890640514787,0.6754108030055125,1.9326864204507819,-0.5978355365906861,-0.8284575734817095,0.04142605471323387,-0.3064972340845571,-0.28254554966921114,-0.20732765488078564,1.6045185028562063,-0.057241782113156135,0.8122308107052234,-0.26427069871277786,-0.41517285535709453,-0.35567576589584116,-0.02441959629933348,-0.3682992184578305,-0.17193224471196478,-0.6379478838003826,-2.2990460193275113,0.3884414405993802,0.4993353420148964,1.0,1.0,1.0,1.0,1.0,0.0,0.0,1.0,0.0
-1.8275955675086635,1.574241750932411,-0.15472980236696462,-0.20666365779240292,0.07990237486606071,1.3084064209532036,0.30236065131490447,-1.0715301117952327,-0.49204397126670735,-0.6546067682921068,1.5149438732122182,0.25345315504994603,-0.59444273912685,-0.23028626118402107,0.7154395738724251,-0.40605188259629854,-0.4008086231494412,-0.21199232568463278,-0.5108288841070049,-0.6090515019623687,-0.3792969808828168,-0.21664202608535513,-0.2625281204398194,-0.18753448059028593,-0.6379478838003826,-2.2990460193275113,0.04308664904242647,0.07041832795655788,1.0,0.0,1.0,1.0,0.0,0.0,0.0,1.0,0.0
-1.5385031777391112,1.0704843906340396,0.38328156706221567,-0.20666365779240292,0.07990237486606071,1.3084064209532036,-0.07923858178672438,-1.2303429222316644,0.34591432587095433,-0.23388534257047225,0.5831785097129276,1.1478106994631674,-1.0133300248869577,0.30210524025885527,-0.060242274458713475,-0.11250394682918895,-0.31323276170881953,-0.5338910256928733,-0.5108288841070049,-0.46727076423375175,-0.39110758837630466,0.24826803665292976,0.42498401667725316,-0.18968791418807504,-0.6379478838003826,-0.8310313134082928,0.9590276179543472,0.6640967837408552,0.0,0.0,0.0,1.0,0.0,1.0,0.0,1.0,0.0
-1.2494107879695588,1.574241750932411,0.6605068699208629,-0.20666365779240292,0.07990237486606071,1.3084064209532036,1.6725323943308203,0.4636603890902704,-0.033586544261299665,-0.41605401434225797,0.3419964760298742,0.6966157311237351,-0.4995897307124211,0.03101018124193061,-0.22590686082883685,0.43032675978776785,-0.13134443410137447,-0.2705193620497674,-0.5108288841070049,-0.6451479102554811,-0.3792969808828168,-0.10488479946557512,-0.20964257143081377,-0.13585207424334717,-0.6379478838003826,-0.8310313134082928,0.5223289866015325,1.2622524526155319,0.0,0.0,0.0,0.0,0.0,0.0,0.0,1.0,0.0
-0.9603183982000064,1.0704843906340396,0.17330768538221636,-0.20666365779240292,0.07990237486606071,1.3084064209532036,0.6942041591306712,0.41072278561145986,1.708551678359249,-0.16563557734425502,0.994114610714587,0.5323001663985333,-0.9040824102296171,-0.07024219019812573,-0.376862909156753,0.12978958745477456,-0.4277550420542479,-0.24125584386720003,-0.5108288841070049,-0.42670882089406864,-0.38323385004731275,0.26167890384730336,0.054785173614214096,-0.18806268128408327,-0.6379478838003826,0.6369833925109255,-0.7577360560171763,1.014214847408518,0.0,0.0,0.0,0.0,0.0,0.0,0.0,1.0,0.0
-0.6712260084304541,1.0704843906340396,0.40345699341581015,-0.20666365779240292,0.07990237486606071,1.3084064209532036,-0.5837691114580057,-0.27746605961307624,0.7356031388255508,0.38813371313726724,0.2645383502895084,2.3633910597465926,-0.6009034614915769,-0.563439225277109,-0.19803805190676002,-0.11949318339507246,-0.5288041129472729,-0.09493825295436346,-0.34645676051085356,-0.6308209853144006,-0.38717071921180873,-0.31945867457555277,-0.42118476746683614,-0.17193224471196478,-0.6379478838003826,-2.2990460193275113,0.4434980015722279,1.2980701573385665,0.0,0.0,0.0,0.0,0.0,0.0,0.0,1.0,0.0
-0.09304122889134941,1.0704843906340396,0.6806822962744574,2.2733002357164342,0.07990237486606071,1.3084064209532036,0.9938491945191986,0.7812860099631335,1.000489652206453,1.6467485973462028,-0.05442532078146307,1.4296729529435348,-1.025299722165424,-0.5569068142164603,0.19831834165166604,-0.312862061717851,-0.48164787986386126,-0.35830991659746936,-0.5108288841070049,-0.6844074058732478,-0.38717071921180873,-0.20770144795577272,-0.13031424791730542,-0.13467378038795313,0.7671525184941308,0.6369833925109255,0.5223289866015325,1.6410246800616222,1.0,0.0,0.0,0.0,0.0,0.0,0.0,1.0,0.0
0.1960511608782029,1.0704843906340396,-0.8922537212928,-0.20666365779240292,0.07990237486606071,1.3084064209532036,-0.46339888356688774,0.5165979925690809,1.0336004663790659,-0.8106031709641331,0.309046936905075,1.035531257923064,-0.905469062167113,-1.3309975249033412,-0.4999501485625924,-0.29888358858608394,-0.5692237413044829,-0.5338910256928733,-0.5108288841070049,-0.46336342106800243,-0.39110758837630466,0.12757023190356734,-0.4740703164758417,-0.19232891765706167,0.7671525184941308,0.6369833925109255,-2.575853853597806,-0.2492546866965253,0.0,0.0,1.0,1.0,0.0,0.0,0.0,1.0,0.0
0.4851435506477553,1.0704843906340396,-0.6890049817306652,-0.20666365779240292,0.07990237486606071,1.3084064209532036,-0.7860935370622251,-0.012778042219023653,-0.4156344000991393,-0.9233025815119195,0.06690080674107403,1.041313756677477,-0.8283658468570732,-0.27601313860856247,-0.36912157334506507,0.45362421500737965,-0.01008554902974449,-0.21199232568463278,-0.34645676051085356,-0.6269136421486512,-0.38323385004731275,-0.36416156522346477,-0.13031424791730542,-0.14938213816907878,-0.6379478838003826,0.6369833925109255,0.3984517244126253,-0.2814906209472564,0.0,1.0,1.0,1.0,1.0,0.0,0.0,1.0,0.0
0.7742359404173076,1.0704843906340396,0.46996117658136166,-0.20666365779240292,0.07990237486606071,1.3084064209532036,1.2064178948375555,1.0989116308359965,-0.7365545990029247,-0.9329028792314256,0.21095003839453805,0.8184577113514998,-0.795348197610205,0.03101018124193061,-0.4078282524035051,1.0407200865415989,-0.36038899479223124,-0.09493825295436346,-0.017712513318550883,-0.6568699397527291,-0.39110758837630466,-0.1898202916966079,-0.42118476746683614,-0.07941586165223244,-0.6379478838003826,0.6369833925109255,1.998845849055175,0.7661772422015037,0.0,1.0,1.0,0.0,1.0,0.0,0.0,1.0,0.0
1.06332833018686,1.0704843906340396,0.04179379507730517,-0.20666365779240292,0.07990237486606071,1.3084064209532036,1.8979064380418498,1.8400380795393425,1.24500027994267,-0.8815089132933406,0.49750673744136936,0.8215154673056798,-0.5270679935064813,-0.4458558261854309,0.04658815974258105,0.4396457418756126,-0.2862863428040129,0.08064285614104046,-0.34645676051085356,-0.6146334207705819,-0.39110758837630466,-0.12276595572473993,0.795182859740292,-0.156451901301443,-0.6379478838003826,0.6369833925109255,-0.6588845033613817,0.7169278982073312,1.0,0.0,1.0,1.0,1.0,1.0,0.0,1.0,0.0
1.3524207199564122,1.0704843906340396,0.7852956181079092,-0.20666365779240292,0.07990237486606071,1.3084064209532036,0.012959890640514787,0.6754108030055125,1.9326864204507819,-0.7595484548235693,-0.21002261570433778,1.4896485041006213,-0.6672159470461184,-0.021249107243259725,-0.11597989230286712,0.8263834985211695,0.1920125927563055,-0.5338910256928733,-0.017712513318550883,-0.6490552534212305,-0.38717071921180873,-0.27028549486284953,-0.4740703164758417,-0.10846689981108558,-2.043048286094896,0.6369833925109255,1.303131124034645,1.4798450088079667,1.0,1.0,1.0,1.0,1.0,0.0,0.0,1.0,0.0
-1.8275955675086635,1.3223630707832252,-0.39384596655771176,-0.20666365779240292,0.9990092636964358,0.9205457016174472,0.30236065131490447,-1.0715301117952327,-0.49204397126670735,0.2530634283656156,-0.26506309635458025,0.5654355258513268,0.010844841857826871,-0.7430805294449507,-0.13533323183208715,-0.26160766023470494,-0.31323276170881953,-0.329046398414902,0.1466596102776005,-0.6559396199513601,-0.29071742468165795,-0.16746884637265194,-0.44762754197133886,-0.1680316857423845,0.7671525184941308,-0.8310313134082928,0.04308664904242647,-0.2161233098277184,1.0,1.0,1.0,0.0,1.0,0.0,0.0,1.0,0.0
-1.5385031777391112,1.3223630707832252,-0.5089206205745086,-0.20666365779240292,0.9990092636964358,0.9205457016174472,-0.07923858178672438,-1.2303429222316644,0.34591432587095433,-0.18814824405084996,-0.23301953110958082,0.037283378216844965,-0.5959429360406343,-0.9096570114914947,-0.15623483852364473,-0.29422409754216156,-0.4883844845900629,-0.35830991659746936,-0.34645676051085356,-0.6043999029555244,-0.32221237799762553,-0.0959442213359927,0.13411349712772244,-0.1844059072501017,-0.6379478838003826,-0.8310313134082928,-0.1345958886426729,-0.4050617022417256,0.0,1.0,1.0,0.0,1.0,0.0,0.0,1.0,0.0
-1.2494107879695588,0.06296967003729644,-0.939329716117853,-0.20666365779240292,0.9990092636964358,0.9205457016174472,1.6725323943308203,0.4636603890902704,-0.033586544261299665,-0.5649910081523847,-0.5176636499071425,0.4098966597367039,-0.15347590451573856,-0.5144461423222432,-0.30177195178337934,-0.016984380428780223,-0.4277550420542479,-0.41683695296260403,-0.5108288841070049,-0.6168661882938672,-0.26906464427693016,-0.1406471119839047,0.9538395067673089,-0.17225729129276313,-0.6379478838003826,-2.2990460193275113,-0.6626383597913484,-0.6548901926848915,1.0,1.0,1.0,1.0,1.0,1.0,0.0,1.0,0.0
-0.9603183982000064,0.06296967003729644,0.37132575885267854,-0.20666365779240292,0.9990092636964358,0.9205457016174472,0.6942041591306712,0.41072278561145986,1.708551678359249,-0.1566240018341152,1.1270875969799763,1.1442709392005308,-0.9264607959383336,-0.7430805294449507,-0.32809249354311854,0.29287177399205766,-0.023558758482147765,1.3682376561740024,0.22884567207567613,-0.6298906655130315,-0.1883588264047632,-0.17640942450223435,0.3456556931637447,-0.1544203601714533,-0.6379478838003826,-0.8310313134082928,2.252856800816268,1.2515071411986216,0.0,0.0,0.0,0.0,1.0,1.0,0.0,1.0,0.0
-0.09304122889134941,0.06296967003729644,-0.557491091425754,4.753264129225272,0.9990092636964358,0.9205457016174472,0.9938491945191986,0.7812860099631335,1.000489652206453,-0.6784407210198022,-0.2421337135527245,2.257293973120369,-1.0893826140016696,-1.0794996990683632,0.27031276470036447,-0.07056852743388753,-0.5692237413044829,-0.6509450984231425,-0.5108288841070049,-0.6471946138184926,-0.39110758837630466,-0.23899347140931115,-0.20964257143081377,-0.16181516988461592,0.7671525184941308,0.6369833925109255,-1.4972457727206534,0.1465309504930063,0.0,0.0,0.0,0.0,1.0,0.0,0.0,1.0,0.0
0.1960511608782029,0.06296967003729644,0.10755074022976077,-0.20666365779240292,0.9990092636964358,0.9205457016174472,-0.46339888356688774,0.5165979925690809,1.0336004663790659,-0.7921925945878855,0.046761705946736364,0.5315016306150848,-0.6469674774739789,0.1061329084393915,0.35856399295360786,-0.04028183564839212,0.08422691713707887,-0.007147698406661505,-0.26427069871277786,-0.05309238866432725,-0.33599142007336136,0.41366873205020416,0.42498401667725316,-0.19452298207745058,0.7671525184941308,0.6369833925109255,1.171746148985804,0.9488475362889798,0.0,1.0,1.0,1.0,0.0,1.0,0.0,1.0,0.0
0.4851435506477553,0.06296967003729644,0.2300977743775186,-0.20666365779240292,0.9990092636964358,0.9205457016174472,-0.7860935370622251,-0.012778042219023653,-0.4156344000991393,-0.9515579700598186,-0.3539823201896361,1.2527640063862893,-0.8045498388158063,-0.18129317822915506,0.3423071877490631,0.5118678530564094,-0.043768572660752784,-0.47536398932773866,-0.5108288841070049,-0.5675592388213168,-0.3596126350603371,0.15886225535710577,0.9273967322628061,-0.16896619466217977,0.7671525184941308,0.6369833925109255,0.2633128929338172,0.8199037992860555,0.0,1.0,1.0,0.0,1.0,1.0,0.0,1.0,0.0
0.7742359404173076,0.06296967003729644,-1.8830913266582074,-0.20666365779240292,0.9990092636964358,0.9205457016174472,1.2064178948375555,1.0989116308359965,-0.7365545990029247,-0.9515579700598186,-0.9566575089964088,1.2009916517201056,-0.7389679071435933,-0.9553838889160362,0.24012155503478136,-0.5947612698751548,-0.4210184373280462,-0.6509450984231425,-0.5108288841070049,0.03417160870407345,-0.3733916771360729,0.9724548651491044,-0.4740703164758417,-0.19732650883683642,-0.6379478838003826,0.6369833925109255,-3.4805332532198263,-2.05357156211939,0.0,1.0,1.0,1.0,0.0,0.0,0.0,1.0,0.0
1.06332833018686,-0.44078769026107506,-1.8068730493224068,-0.20666365779240292,0.9990092636964358,0.9205457016174472,1.8979064380418498,1.8400380795393425,1.24500027994267,-0.9332390538500793,0.32940589300697126,-0.40007080737977896,-0.6603423076994889,-0.2923441662601844,0.9492279153854029,0.5118678530564094,-0.3805988089708362,-0.1827288075020654,-0.26427069871277786,-0.37051750489138846,-0.39110758837630466,0.10521878657961131,-0.4740703164758417,-0.18599050933149372,0.7671525184941308,0.6369833925109255,0.18573319338116823,-1.4983971389123545,0.0,1.0,1.0,1.0,1.0,0.0,0.0,1.0,0.0
1.3524207199564122,-0.44078769026107506,-2.3381592766337227,-0.20666365779240292,0.9990092636964358,0.9205457016174472,0.012959890640514787,0.6754108030055125,1.9326864204507819,-0.9179484448770583,-1.3481125810623718,2.6604725639106497,-0.8328443757137742,-1.0272404105831727,-0.46588827099116514,-0.1800665669660634,-0.31323276170881953,-0.5631545438754406,-0.26427069871277786,0.20162917295047147,-0.39110758837630466,0.23038688039376495,-0.31541366944882493,-0.1959450608684434,0.7671525184941308,-0.8310313134082928,-0.8315618991398586,-2.263105134749142,1.0,1.0,1.0,1.0,1.0,0.0,0.0,1.0,0.0
-1.5385031777391112,-0.6926663704102608,-0.5104150966007011,-0.20666365779240292,1.2791731108367987,0.9805810001032041,-0.07923858178672438,-1.2303429222316644,0.34591432587095433,-0.1855854550629736,-0.13194366064404384,-0.4980831449571547,-0.881074856517424,-1.3375299359639903,-0.31260982191974257,-0.38974366394257026,-0.5422773223996762,-0.15346528931949807,-0.5108288841070049,-0.702455610019804,-0.38323385004731275,-0.4222753230657504,-0.4740703164758417,0.23344147236618612,0.7671525184941308,0.6369833925109255,0.04308664904242647,-0.4068525874778773,1.0,1.0,1.0,1.0,0.0,0.0,0.0,1.0,0.0
-1.2494107879695588,-0.44078769026107506,-0.7203889782807004,-0.20666365779240292,1.2791731108367987,0.9805810001032041,1.6725323943308203,0.4636603890902704,-0.033586544261299665,-0.4239865546910153,-0.9137800920170982,-0.6222276469047263,1.3286621528752132,-1.3734581967975585,-0.30254608536454813,-0.05891979982408164,-0.5018576940424663,-0.06567473477179611,-0.5108288841070049,-0.5867238267295156,-0.32221237799762553,-0.3954535886770032,-0.4740703164758417,-0.17993651676412434,0.7671525184941308,-0.8310313134082928,-0.29350914417793783,-0.39252550558866356,1.0,1.0,1.0,1.0,0.0,0.0,0.0,1.0,0.0
-0.9603183982000064,-1.1964237307086323,-0.9154180996987783,-0.20666365779240292,1.2791731108367987,0.9805810001032041,0.6942041591306712,0.41072278561145986,1.708551678359249,0.3431537882120317,-0.8449746373990245,-0.3381577113644705,1.8725245795603294,-1.3244651138426926,-0.47053307247817794,-0.5458366139139698,-0.5692237413044829,-0.03641121658922885,-0.5108288841070049,-0.6708247367732623,-0.39110758837630466,-0.4222753230657504,-0.4740703164758417,-0.18208995036191344,0.7671525184941308,0.6369833925109255,-0.2684834346448252,-0.290445047128015,1.0,0.0,1.0,1.0,0.0,0.0,0.0,1.0,0.0
-0.6712260084304541,-0.44078769026107506,-1.4519349931017669,-0.20666365779240292,1.2791731108367987,0.9805810001032041,-0.5837691114580057,-0.27746605961307624,0.7356031388255508,-0.6981928114318454,-0.575447341833224,-0.4502247672561221,1.0568651320922418,-1.2166803313419876,-0.4674365381535028,-0.5178796676504356,-0.5153309034948697,-0.6509450984231425,-0.5108288841070049,-0.6661731377664178,-0.32614924716212146,0.342144107013545,-0.4740703164758417,-0.1816430113133157,0.7671525184941308,0.6369833925109255,-0.8403208974764479,-0.9253138633438022,1.0,1.0,1.0,1.0,0.0,0.0,0.0,1.0,0.0
-0.38213361866090173,-0.44078769026107506,-0.8294857281927287,-0.20666365779240292,1.2791731108367987,0.9805810001032041,0.9605553016982511,-0.06571564569783417,-0.5353427282616625,-0.550871326294372,0.7375571759770649,-0.2885288267019781,-0.3144871267338503,-1.0794996990683632,-0.4418901299749323,-0.5551555960018145,-0.1785006671847862,-0.6509450984231425,-0.5108288841070049,-0.6994785866554236,-0.3084333359218897,-0.23452318234451996,-0.4740703164758417,-0.10399750932510818,0.7671525184941308,-0.8310313134082928,1.1004228768164332,-0.1686648510696976,1.0,1.0,1.0,1.0,0.0,0.0,0.0,1.0,0.0
-0.09304122889134941,-0.6926663704102608,0.57905792649339,-0.20666365779240292,1.2791731108367987,0.9805810001032041,0.9938491945191986,0.7812860099631335,1.000489652206453,-0.25877367870372264,-0.22819154776221162,-0.1620987458502276,-0.28781305632009296,-1.4322498963433976,-0.38073357706259703,-0.4479873019916,-0.5422773223996762,0.19769692887130969,-0.5108288841070049,-0.6948269876485793,-0.33402298549111337,-0.3820427214826296,-0.4740703164758417,-0.11281439782926361,0.7671525184941308,-0.8310313134082928,2.4167751982581556,1.945475170207416,0.0,0.0,1.0,1.0,0.0,0.0,0.0,1.0,0.0
0.1960511608782029,-0.44078769026107506,-0.7682122111188497,-0.20666365779240292,1.2791731108367987,0.9805810001032041,-0.46339888356688774,0.5165979925690809,1.0336004663790659,-0.6736539255138094,0.28480203934491943,-1.3879926471338992,3.335797288218293,-1.3734581967975585,-0.4999501485625924,-0.40838162811825973,-0.5692237413044829,-0.6509450984231425,-0.09989857511662652,-0.6974318830924121,-0.23363282179646663,-0.26134491673326715,-0.4740703164758417,-0.06580453608130124,0.7671525184941308,0.6369833925109255,-2.1979656396478062,-0.10061121209593202,0.0,1.0,0.0,1.0,1.0,0.0,0.0,1.0,0.0
0.4851435506477553,-0.44078769026107506,-0.705444218018779,-0.20666365779240292,1.2791731108367987,0.9805810001032041,-0.7860935370622251,-0.012778042219023653,-0.4156344000991393,-0.8333106218192415,1.7500076522544954,0.01674451492681636,-0.5839137387637227,-1.311400291721395,-0.06411294236455746,-0.6926105817975245,-0.5422773223996762,-0.6509450984231425,-0.5108288841070049,-0.6885008129992708,-0.365517938807081,-0.31051809644597034,-0.4740703164758417,-0.19415730467405243,0.7671525184941308,0.6369833925109255,0.16321005480136688,-0.3011903585449254,0.0,0.0,0.0,1.0,1.0,0.0,0.0,1.0,0.0
0.7742359404173076,-0.44078769026107506,-1.1485563597847568,-0.20666365779240292,1.2791731108367987,0.9805810001032041,1.2064178948375555,1.0989116308359965,-0.7365545990029247,-0.8974273366070352,0.45423943054471305,0.42423342597709196,-0.41673489287297794,-1.0239742050528484,-0.4387935956502571,-0.622718216138689,-0.5422773223996762,-0.6509450984231425,-0.5108288841070049,-0.7017113541787089,-0.39110758837630466,-0.4043941668065856,-0.4740703164758417,-0.10704482102009279,0.7671525184941308,-0.8310313134082928,-0.6839102128944942,-1.1733514685508162,0.0,0.0,0.0,0.0,1.0,0.0,0.0,1.0,0.0
1.06332833018686,-0.44078769026107506,-1.460154611245824,-0.20666365779240292,1.2791731108367987,0.9805810001032041,1.8979064380418498,1.8400380795393425,1.24500027994267,-0.9272287375616611,-0.7116775324899881,1.8103950014070143,-0.46719932133842934,-0.8084046400514385,-0.44808319862428275,-0.536517631826125,-0.45470146095905456,0.31475100160157904,-0.1820846369147022,-0.7048744415033631,-0.365517938807081,-0.4401564793249152,-0.4740703164758417,-0.19192260943106373,0.7671525184941308,-0.8310313134082928,-0.46368396900310344,-1.082911764125154,0.0,1.0,1.0,1.0,0.0,0.0,0.0,1.0,0.0
1.3524207199564122,-0.44078769026107506,-0.9587579044583515,-0.20666365779240292,1.2791731108367987,0.9805810001032041,0.012959890640514787,0.6754108030055125,1.9326864204507819,-0.33106026927229476,1.1413942425478139,-0.11816397535764046,0.06640060529757298,-1.3244651138426926,-0.47440374038402194,-0.4200303557280657,-0.037031967934551116,-0.6509450984231425,-0.1820846369147022,-0.6907335805225562,-0.37536011171832084,-0.4401564793249152,-0.4740703164758417,-0.1310170063539716,0.7671525184941308,-0.8310313134082928,0.8977146295982213,-0.6101180617810983,1.0,0.0,1.0,1.0,0.0,0.0,0.0,1.0,0.0
