Name:
Sabah, Malaysia
 
Polygon Middle Longitude:
117.2000 
 
Polygon Middle Latitude:
5.8000  
 
Averaged Maximum Monthly Mean:
29.4999
 
Averaged Monthly Mean (Jan-Dec):
27.3668 27.1297 27.6964 28.8982 29.3411 29.4999 29.1323 29.1668 29.1567 29.1207 28.9728 28.2562
 
First Valid DHW Date:
1985 25 03
 
First Valid BAA Date:
1985 31 03
 
YYYY MM DD SST_MIN SST_MAX SST@90th_HS SSTA@90th_HS 90th_HS>0 DHW_from_90th_HS>1 BAA_7day_max
2012 01 01 29.8339 30.7139 30.2839      0.9400       0.9400    0.4565            1
2012 01 02 29.8330 30.7147 30.2847      0.9400       0.9400    0.4711            1
2012 01 03 29.8431 30.7265 30.2965      0.9510       0.9510    0.4861            1
2012 01 04 29.8203 30.7053 30.2754      0.9290       0.9290    0.5014            1
2012 01 05 29.8524 30.7391 30.3093      0.9619       0.9619    0.5171            1
2012 01 06 29.8079 30.6961 30.2664      0.9181       0.9181    0.5332            1
2012 01 07 29.8619 30.7517 30.3222      0.9728       0.9728    0.5497            1
2012 01 08 29.7957 30.6871 30.2576      0.9072       0.9072    0.5667            1
2012 01 09 29.8715 30.7644 30.3352      0.9836       0.9836    0.5840            1
2012 01 10 29.7837 30.6782 30.2491      0.8964       0.8964    0.6017            1
2012 01 11 29.8811 30.7771 30.3482      0.9943       0.9943    0.6199            1
2012 01 12 29.7721 30.6695 30.2409      0.8857       0.8857    0.6385            1
2012 01 13 29.8909 30.7897 30.3614      1.0049       1.0049    0.6575            1
2012 01 14 29.7608 30.6609 30.2329      0.8751       0.8751    0.6770            1
2012 01 15 29.9006 30.8021 30.3744      1.0152       1.0152    0.6969            1
2012 01 16 29.7499 30.6527 30.2254      0.8648       0.8648    0.7173            1
2012 01 17 29.9103 30.8144 30.3874      1.0254       1.0254    0.7381            1
2012 01 18 29.7394 30.6448 30.2181      0.8546       0.8546    0.7594            1
2012 01 19 29.9200 30.8266 30.4004      1.0353       1.0353    0.7811            1
2012 01 20 29.7293 30.6371 30.2114      0.8447       0.8447    0.8034            1
2012 01 21 29.9296 30.8386 30.4133      1.0450       1.0450    0.8261            1
2012 01 22 29.7197 30.6298 30.2049      0.8350       0.8350    0.8492            1
2012 01 23 29.9391 30.8504 30.4260      1.0544       1.0544    0.8729            1
2012 01 24 29.7105 30.6228 30.1990      0.8256       0.8256    0.8971            1
2012 01 25 29.9486 30.8619 30.4386      1.0635       1.0635    0.9217            1
2012 01 26 29.7018 30.6162 30.1934      0.8165       0.8165    0.9469            1
2012 01 27 29.9578 30.8731 30.4510      1.0722       1.0722    0.9726            1
2012 01 28 29.6937 30.6100 30.1884      0.8078       0.8078    0.9987            1
2012 01 29 29.9669 30.8841 30.4632      1.0806       1.0806    1.0254            2
2012 01 30 29.6861 30.6042 30.1839      0.7994       0.7994    1.0526            2
2012 01 31 29.9759 30.8948 30.4752      1.0887       1.0887    1.0803            2
2012 02 01 29.6791 30.5987 30.1798      0.7913       0.7913    1.1086            2
2012 02 02 29.9846 30.9051 30.4868      1.0963       1.0963    1.1373            2
2012 02 03 29.6727 30.5938 30.1763      0.7837       0.7837    1.1666            2
2012 02 04 29.9932 30.9151 30.4983      1.1036       1.1036    1.1964            2
2012 02 05 29.6667 30.5893 30.1733      0.7764       0.7764    1.2268            2
2012 02 06 30.0015 30.9247 30.5095      1.1104       1.1104    1.2577            2
2012 02 07 29.6615 30.5853 30.1709      0.7696       0.7696    1.2891            2
2012 02 08 30.0096 30.9339 30.5203      1.1168       1.1168    1.3210            2
2012 02 09 29.6569 30.5817 30.1689      0.7632       0.7632    1.3535            2
2012 02 10 30.0174 30.9427 30.5308      1.1228       1.1228    1.3866            2
2012 02 11 29.6528 30.5785 30.1675      0.7572       0.7572    1.4201            2
2012 02 12 30.0249 30.9510 30.5409      1.1282       1.1282    1.4543            2
2012 02 13 29.6496 30.5760 30.1669      0.7518       0.7518    1.4889            2
2012 02 14 30.0322 30.9590 30.5507      1.1333       1.1333    1.5241            2
2012 02 15 29.6468 30.5739 30.1666      0.7467       0.7467    1.5598            2
2012 02 16 30.0391 30.9664 30.5601      1.1378       1.1378    1.5961            2
2012 02 17 29.6448 30.5723 30.1670      0.7422       0.7422    1.6329            2
2012 02 18 30.0458 30.9735 30.5691      1.1419       1.1419    1.6703            2
2012 02 19 29.6433 30.5712 30.1679      0.7381       0.7381    1.7081            2
2012 02 20 30.0521 30.9801 30.5778      1.1455       1.1455    1.7466            2
2012 02 21 29.6425 30.5706 30.1693      0.7345       0.7345    1.7855            2
2012 02 22 30.0581 30.9862 30.5860      1.1486       1.1486    1.8250            2
2012 02 23 29.6424 30.5705 30.1714      0.7314       0.7314    1.8649            2
2012 02 24 30.0638 30.9918 30.5938      1.1512       1.1512    1.9054            2
2012 02 25 29.6430 30.5709 30.1740      0.7288       0.7288    1.9465            2
2012 02 26 30.0691 30.9969 30.6011      1.1533       1.1533    1.9880            2
2012 02 27 29.6442 30.5718 30.1772      0.7267       0.7267    2.0300            2
2012 02 28 30.0741 31.0016 30.6080      1.1549       1.1549    2.0726            2
2012 02 29 29.6461 30.5733 30.1809      0.7251       0.7251    2.1156            2
2012 03 01 30.0789 31.0058 30.6146      1.1561       1.1561    2.1591            2
2012 03 02 29.6485 30.5751 30.1851      0.7239       0.7239    2.2031            2
2012 03 03 30.0833 31.0095 30.6207      1.1568       1.1568    2.2476            2
2012 03 04 29.6516 30.5775 30.1899      0.7232       0.7232    2.2925            2
2012 03 05 30.0873 31.0128 30.6264      1.1570       1.1570    2.3379            2
2012 03 06 29.6553 30.5803 30.1951      0.7230       0.7230    2.3838            2
2012 03 07 30.0911 31.0156 30.6317      1.1568       1.1568    2.4301            2
2012 03 08 29.6596 30.5835 30.2009      0.7232       0.7232    2.4768            2
2012 03 09 30.0945 31.0179 30.6365      1.1561       1.1561    2.5239            2
2012 03 10 29.6645 30.5872 30.2071      0.7239       0.7239    2.5715            2
2012 03 11 30.0977 31.0198 30.6410      1.1550       1.1550    2.6195            2
2012 03 12 29.6699 30.5913 30.2138      0.7250       0.7250    2.6678            2
2012 03 13 30.1006 31.0213 30.6450      1.1535       1.1535    2.7166            2
2012 03 14 29.6758 30.5958 30.2208      0.7265       0.7265    2.7657            2
2012 03 15 30.1031 31.0223 30.6486      1.1515       1.1515    2.8152            2
2012 03 16 29.6824 30.6008 30.2284      0.7285       0.7285    2.8650            2
2012 03 17 30.1054 31.0229 30.6519      1.1492       1.1492    2.9152            2
2012 03 18 29.6894 30.6060 30.2363      0.7308       0.7308    2.9657            2
2012 03 19 30.1074 31.0231 30.6548      1.1465       1.1465    3.0165            2
2012 03 20 29.6968 30.6116 30.2445      0.7335       0.7335    3.0676            2
2012 03 21 30.1092 31.0229 30.6572      1.1434       1.1434    3.1189            2
2012 03 22 29.7048 30.6176 30.2532      0.7366       0.7366    3.1706            2
2012 03 23 30.1107 31.0224 30.6594      1.1400       1.1400    3.2224            2
2012 03 24 29.7132 30.6238 30.2621      0.7400       0.7400    3.2746            2
2012 03 25 30.1120 31.0215 30.6612      1.1363       1.1363    3.3269            2
2012 03 26 29.7220 30.6303 30.2714      0.7437       0.7437    3.3794            2
2012 03 27 30.1131 31.0202 30.6627      1.1323       1.1323    3.4322            2
2012 03 28 29.7311 30.6370 30.2808      0.7477       0.7477    3.4851            2
2012 03 29 30.1141 31.0188 30.6640      1.1281       1.1281    3.5381            2
2012 03 30 29.7406 30.6439 30.2905      0.7519       0.7519    3.5913            2
2012 03 31 30.1148 31.0168 30.6648      1.1235       1.1235    3.6446            2
2012 04 01 29.7505 30.6512 30.3005      0.7565       0.7565    3.6980            2
2012 04 02 30.1155 31.0148 30.6655      1.1188       1.1188    3.7514            2
2012 04 03 29.7606 30.6585 30.3105      0.7612       0.7612    3.8050            2
2012 04 04 30.1159 31.0123 30.6658      1.1138       1.1138    3.8585            2
2012 04 05 29.7710 30.6660 30.3208      0.7662       0.7662    3.9121            2
2012 04 06 30.1162 31.0097 30.6659      1.1087       1.1087    3.9657            2
2012 04 07 29.7816 30.6736 30.3311      0.7713       0.7713    4.0193            3
2012 04 08 30.1164 31.0069 30.6658      1.1034       1.1034    4.0728            3
2012 04 09 29.7924 30.6813 30.3416      0.7766       0.7766    4.1263            3
2012 04 10 30.1165 31.0038 30.6654      1.0979       1.0979    4.1797            3
2012 04 11 29.8035 30.6892 30.3521      0.7821       0.7821    4.2329            3
2012 04 12 30.1166 31.0006 30.6650      1.0924       1.0924    4.2861            3
2012 04 13 29.8146 30.6969 30.3626      0.7876       0.7876    4.3391            3
2012 04 14 30.1165 30.9972 30.6642      1.0867       1.0867    4.3919            3
2012 04 15 29.8259 30.7049 30.3732      0.7933       0.7933    4.4446            3
2012 04 16 30.1164 30.9936 30.6634      1.0810       1.0810    4.4970            3
2012 04 17 29.8373 30.7127 30.3837      0.7990       0.7990    4.5492            3
2012 04 18 30.1164 30.9901 30.6624      1.0753       1.0753    4.6011            3
2012 04 19 29.8486 30.7205 30.3942      0.8047       0.8047    4.6528            3
2012 04 20 30.1163 30.9863 30.6613      1.0695       1.0695    4.7042            3
2012 04 21 29.8601 30.7283 30.4046      0.8105       0.8105    4.7552            3
2012 04 22 30.1161 30.9824 30.6600      1.0637       1.0637    4.8059            3
2012 04 23 29.8716 30.7360 30.4148      0.8163       0.8163    4.8562            3
2012 04 24 30.1160 30.9785 30.6586      1.0579       1.0579    4.9061            3
2012 04 25 29.8830 30.7436 30.4250      0.8221       0.8221    4.9556            3
2012 04 26 30.1159 30.9745 30.6572      1.0521       1.0521    5.0047            3
2012 04 27 29.8945 30.7512 30.4351      0.8279       0.8279    5.0533            3
2012 04 28 30.1158 30.9705 30.6557      1.0464       1.0464    5.1014            3
2012 04 29 29.9058 30.7585 30.4449      0.8336       0.8336    5.1490            3
2012 04 30 30.1158 30.9665 30.6541      1.0408       1.0408    5.1961            3
2012 05 01 29.9170 30.7657 30.4545      0.8392       0.8392    5.2426            3
2012 05 02 30.1159 30.9625 30.6525      1.0353       1.0353    5.2885            3
2012 05 03 29.9281 30.7727 30.4639      0.8447       0.8447    5.3339            3
2012 05 04 30.1160 30.9585 30.6508      1.0298       1.0298    5.3786            3
2012 05 05 29.9392 30.7796 30.4731      0.8502       0.8502    5.4227            3
2012 05 06 30.1162 30.9545 30.6492      1.0245       1.0245    5.4661            3
2012 05 07 29.9500 30.7862 30.4819      0.8555       0.8555    5.5089            3
2012 05 08 30.1165 30.9506 30.6475      1.0193       1.0193    5.5509            3
2012 05 09 29.9606 30.7926 30.4906      0.8607       0.8607    5.5922            3
2012 05 10 30.1169 30.9467 30.6458      1.0143       1.0143    5.6327            3
2012 05 11 29.9710 30.7987 30.4988      0.8657       0.8657    5.6725            3
2012 05 12 30.1173 30.9429 30.6441      1.0094       1.0094    5.7115            3
2012 05 13 29.9812 30.8046 30.5069      0.8706       0.8706    5.7497            3
2012 05 14 30.1178 30.9390 30.6424      1.0046       1.0046    5.7870            3
2012 05 15 29.9912 30.8103 30.5146      0.8754       0.8754    5.8235            3
2012 05 16 30.1184 30.9353 30.6406      1.0000       1.0000    5.8591            3
2012 05 17 30.0010 30.8157 30.5220      0.8800       0.8800    5.8939            3
2012 05 18 30.1192 30.9317 30.6390      0.9957       0.9957    5.9277            3
2012 05 19 30.0104 30.8207 30.5289      0.8843       0.8843    5.9606            3
2012 05 20 30.1200 30.9281 30.6373      0.9914       0.9914    5.9926            3
2012 05 21 30.0197 30.8256 30.5357      0.8886       0.8886    6.0236            3
2012 05 22 30.1209 30.9246 30.6356      0.9874       0.9874    6.0536            3
2012 05 23 30.0286 30.8301 30.5420      0.8926       0.8926    6.0826            3
2012 05 24 30.1220 30.9213 30.6340      0.9836       0.9836    6.1107            3
2012 05 25 30.0372 30.8343 30.5479      0.8964       0.8964    6.1377            3
2012 05 26 30.1230 30.9179 30.6323      0.9799       0.9799    6.1636            3
2012 05 27 30.0455 30.8383 30.5535      0.9001       0.9001    6.1886            3
2012 05 28 30.1242 30.9148 30.6308      0.9765       0.9765    6.2124            3
2012 05 29 30.0535 30.8419 30.5586      0.9035       0.9035    6.2352            3
2012 05 30 30.1255 30.9116 30.6291      0.9732       0.9732    6.2569            3
2012 05 31 30.0613 30.8453 30.5635      0.9068       0.9068    6.2775            3
2012 06 01 30.1267 30.9086 30.6275      0.9701       0.9701    6.2969            3
2012 06 02 30.0687 30.8483 30.5680      0.9099       0.9099    6.3153            3
2012 06 03 30.1281 30.9056 30.6259      0.9672       0.9672    6.3325            3
2012 06 04 30.0758 30.8511 30.5720      0.9128       0.9128    6.3485            3
2012 06 05 30.1296 30.9027 30.6243      0.9645       0.9645    6.3634            3
2012 06 06 30.0826 30.8536 30.5757      0.9155       0.9155    6.3772            3
2012 06 07 30.1310 30.8998 30.6226      0.9619       0.9619    6.3898            3
2012 06 08 30.0891 30.8558 30.5792      0.9181       0.9181    6.4012            3
2012 06 09 30.1324 30.8970 30.6209      0.9595       0.9595    6.4114            3
2012 06 10 30.0953 30.8578 30.5822      0.9205       0.9205    6.4204            3
2012 06 11 30.1339 30.8944 30.6192      0.9573       0.9573    6.4283            3
2012 06 12 30.1011 30.8595 30.5848      0.9227       0.9227    6.4349            3
2012 06 13 30.1354 30.8917 30.6175      0.9552       0.9552    6.4403            3
2012 06 14 30.1067 30.8609 30.5871      0.9248       0.9248    6.4446            3
2012 06 15 30.1368 30.8890 30.6156      0.9532       0.9532    6.4476            3
2012 06 16 30.1121 30.8622 30.5892      0.9268       0.9268    6.4494            3
2012 06 17 30.1383 30.8864 30.6137      0.9514       0.9514    6.4500            3
2012 06 18 30.1170 30.8631 30.5909      0.9286       0.9286    6.4494            3
2012 06 19 30.1396 30.8837 30.6117      0.9496       0.9496    6.4476            3
2012 06 20 30.1219 30.8640 30.5923      0.9304       0.9304    6.4446            3
2012 06 21 30.1409 30.8811 30.6097      0.9480       0.9480    6.4403            3
2012 06 22 30.1263 30.8646 30.5934      0.9320       0.9320    6.4349            3
2012 06 23 30.1421 30.8784 30.6075      0.9464       0.9464    6.4283            3
2012 06 24 30.1306 30.8650 30.5943      0.9336       0.9336    6.4204            3
2012 06 25 30.1432 30.8757 30.6051      0.9449       0.9449    6.4114            3
2012 06 26 30.1346 30.8653 30.5949      0.9351       0.9351    6.4012            3
2012 06 27 30.1442 30.8730 30.6027      0.9435       0.9435    6.3898            3
2012 06 28 30.1383 30.8654 30.5952      0.9365       0.9365    6.3772            3
2012 06 29 30.1450 30.8703 30.6002      0.9421       0.9421    6.3634            3
2012 06 30 30.1419 30.8653 30.5953      0.9379       0.9379    6.3485            3
2012 07 01 30.1457 30.8674 30.5974      0.9407       0.9407    6.3325            3
2012 07 02 30.1452 30.8652 30.5952      0.9393       0.9393    6.3153            3
2012 07 03 30.1461 30.8644 30.5944      0.9393       0.9393    6.2969            3
2012 07 04 30.1484 30.8650 30.5950      0.9407       0.9407    6.2775            3
2012 07 05 30.1464 30.8614 30.5913      0.9379       0.9379    6.2569            3
2012 07 06 30.1514 30.8647 30.5945      0.9421       0.9421    6.2352            3
2012 07 07 30.1465 30.8583 30.5880      0.9365       0.9365    6.2124            3
2012 07 08 30.1542 30.8644 30.5939      0.9435       0.9435    6.1886            3
2012 07 09 30.1464 30.8550 30.5845      0.9351       0.9351    6.1636            3
2012 07 10 30.1568 30.8639 30.5931      0.9449       0.9449    6.1377            3
2012 07 11 30.1461 30.8516 30.5807      0.9336       0.9336    6.1107            3
2012 07 12 30.1594 30.8634 30.5923      0.9464       0.9464    6.0826            3
2012 07 13 30.1454 30.8480 30.5766      0.9320       0.9320    6.0536            3
2012 07 14 30.1618 30.8630 30.5913      0.9480       0.9480    6.0236            3
2012 07 15 30.1445 30.8444 30.5724      0.9304       0.9304    5.9926            3
2012 07 16 30.1640 30.8625 30.5902      0.9496       0.9496    5.9606            3
2012 07 17 30.1433 30.8405 30.5678      0.9286       0.9286    5.9277            3
2012 07 18 30.1663 30.8622 30.5892      0.9514       0.9514    5.8939            3
2012 07 19 30.1418 30.8364 30.5631      0.9268       0.9268    5.8591            3
2012 07 20 30.1683 30.8617 30.5879      0.9532       0.9532    5.8235            3
2012 07 21 30.1400 30.8322 30.5579      0.9248       0.9248    5.7870            3
2012 07 22 30.1704 30.8614 30.5867      0.9552       0.9552    5.7497            3
2012 07 23 30.1378 30.8277 30.5526      0.9227       0.9227    5.7115            3
2012 07 24 30.1724 30.8611 30.5855      0.9573       0.9573    5.6725            3
2012 07 25 30.1354 30.8231 30.5469      0.9205       0.9205    5.6327            3
2012 07 26 30.1742 30.8609 30.5842      0.9595       0.9595    5.5922            3
2012 07 27 30.1326 30.8182 30.5410      0.9181       0.9181    5.5509            3
2012 07 28 30.1761 30.8608 30.5829      0.9619       0.9619    5.5089            3
2012 07 29 30.1294 30.8131 30.5347      0.9155       0.9155    5.4661            3
2012 07 30 30.1780 30.8608 30.5817      0.9645       0.9645    5.4227            3
2012 07 31 30.1259 30.8078 30.5281      0.9128       0.9128    5.3786            3
2012 08 01 30.1798 30.8609 30.5805      0.9672       0.9672    5.3339            3
2012 08 02 30.1219 30.8023 30.5212      0.9099       0.9099    5.2885            3
2012 08 03 30.1816 30.8611 30.5794      0.9701       0.9701    5.2426            3
2012 08 04 30.1176 30.7965 30.5140      0.9068       0.9068    5.1961            3
2012 08 05 30.1834 30.8615 30.5783      0.9732       0.9732    5.1490            3
2012 08 06 30.1130 30.7904 30.5064      0.9035       0.9035    5.1014            3
2012 08 07 30.1852 30.8620 30.5772      0.9765       0.9765    5.0533            3
2012 08 08 30.1080 30.7842 30.4986      0.9001       0.9001    5.0047            3
2012 08 09 30.1869 30.8626 30.5762      0.9799       0.9799    4.9556            3
2012 08 10 30.1025 30.7777 30.4905      0.8964       0.8964    4.9061            3
2012 08 11 30.1888 30.8635 30.5754      0.9836       0.9836    4.8562            3
2012 08 12 30.0968 30.7711 30.4821      0.8926       0.8926    4.8059            3
2012 08 13 30.1905 30.8644 30.5745      0.9874       0.9874    4.7552            3
2012 08 14 30.0906 30.7642 30.4733      0.8886       0.8886    4.7042            3
2012 08 15 30.1923 30.8655 30.5738      0.9914       0.9914    4.6528            3
2012 08 16 30.0840 30.7569 30.4642      0.8843       0.8843    4.6011            3
2012 08 17 30.1942 30.8669 30.5732      0.9957       0.9957    4.5492            3
2012 08 18 30.0772 30.7497 30.4550      0.8800       0.8800    4.4970            3
2012 08 19 30.1959 30.8682 30.5726      1.0000       1.0000    4.4446            3
2012 08 20 30.0700 30.7421 30.4454      0.8754       0.8754    4.3919            3
2012 08 21 30.1978 30.8698 30.5721      1.0046       1.0046    4.3391            3
2012 08 22 30.0624 30.7343 30.4356      0.8706       0.8706    4.2861            3
2012 08 23 30.1997 30.8716 30.5718      1.0094       1.0094    4.2329            3
2012 08 24 30.0545 30.7264 30.4255      0.8657       0.8657    4.1797            3
2012 08 25 30.2015 30.8735 30.5715      1.0143       1.0143    4.1263            3
2012 08 26 30.0463 30.7184 30.4153      0.8607       0.8607    4.0728            3
2012 08 27 30.2033 30.8755 30.5713      1.0193       1.0193    4.0193            3
2012 08 28 30.0378 30.7102 30.4048      0.8555       0.8555    3.9657            2
2012 08 29 30.2051 30.8776 30.5712      1.0245       1.0245    3.9121            2
2012 08 30 30.0290 30.7018 30.3942      0.8502       0.8502    3.8585            2
2012 08 31 30.2068 30.8799 30.5711      1.0298       1.0298    3.8050            2
2012 09 01 30.0199 30.6933 30.3833      0.8447       0.8447    3.7514            2
2012 09 02 30.2086 30.8824 30.5712      1.0353       1.0353    3.6980            2
2012 09 03 30.0106 30.6847 30.3723      0.8392       0.8392    3.6446            2
2012 09 04 30.2103 30.8848 30.5712      1.0408       1.0408    3.5913            2
2012 09 05 30.0011 30.6761 30.3613      0.8336       0.8336    3.5381            2
2012 09 06 30.2119 30.8874 30.5713      1.0464       1.0464    3.4851            2
2012 09 07 29.9913 30.6674 30.3500      0.8279       0.8279    3.4322            2
2012 09 08 30.2135 30.8901 30.5715      1.0521       1.0521    3.3794            2
2012 09 09 29.9813 30.6586 30.3387      0.8221       0.8221    3.3269            2
2012 09 10 30.2150 30.8929 30.5717      1.0579       1.0579    3.2746            2
2012 09 11 29.9712 30.6498 30.3273      0.8163       0.8163    3.2224            2
2012 09 12 30.2164 30.8957 30.5720      1.0637       1.0637    3.1706            2
2012 09 13 29.9610 30.6410 30.3160      0.8105       0.8105    3.1189            2
2012 09 14 30.2177 30.8985 30.5722      1.0695       1.0695    3.0676            2
2012 09 15 29.9506 30.6322 30.3046      0.8047       0.8047    3.0165            2
2012 09 16 30.2189 30.9014 30.5724      1.0753       1.0753    2.9657            2
2012 09 17 29.9402 30.6236 30.2933      0.7990       0.7990    2.9152            2
2012 09 18 30.2199 30.9042 30.5725      1.0810       1.0810    2.8650            2
2012 09 19 29.9298 30.6150 30.2821      0.7933       0.7933    2.8152            2
2012 09 20 30.2207 30.9070 30.5727      1.0867       1.0867    2.7657            2
2012 09 21 29.9192 30.6064 30.2708      0.7876       0.7876    2.7166            2
2012 09 22 30.2215 30.9098 30.5728      1.0924       1.0924    2.6678            2
2012 09 23 29.9087 30.5981 30.2598      0.7821       0.7821    2.6195            2
2012 09 24 30.2220 30.9125 30.5728      1.0979       1.0979    2.5715            2
2012 09 25 29.8981 30.5898 30.2487      0.7766       0.7766    2.5239            2
2012 09 26 30.2224 30.9153 30.5728      1.1034       1.1034    2.4768            2
2012 09 27 29.8877 30.5818 30.2380      0.7713       0.7713    2.4301            2
2012 09 28 30.2225 30.9178 30.5726      1.1087       1.1087    2.3838            2
2012 09 29 29.8773 30.5740 30.2274      0.7662       0.7662    2.3379            2
2012 09 30 30.2223 30.9203 30.5723      1.1138       1.1138    2.2925            2
2012 10 01 29.8670 30.5663 30.2170      0.7612       0.7612    2.2476            2
2012 10 02 30.2219 30.9226 30.5719      1.1188       1.1188    2.2031            2
2012 10 03 29.8569 30.5590 30.2070      0.7565       0.7565    2.1591            2
2012 10 04 30.2212 30.9248 30.5713      1.1235       1.1235    2.1156            2
2012 10 05 29.8469 30.5519 30.1971      0.7519       0.7519    2.0726            2
2012 10 06 30.2204 30.9269 30.5707      1.1281       1.1281    2.0300            2
2012 10 07 29.8372 30.5452 30.1877      0.7477       0.7477    1.9880            2
2012 10 08 30.2191 30.9286 30.5697      1.1323       1.1323    1.9465            2
2012 10 09 29.8277 30.5388 30.1785      0.7437       0.7437    1.9054            2
2012 10 10 30.2175 30.9302 30.5686      1.1363       1.1363    1.8649            2
2012 10 11 29.8184 30.5327 30.1698      0.7400       0.7400    1.8250            2
2012 10 12 30.2156 30.9316 30.5672      1.1400       1.1400    1.7855            2
2012 10 13 29.8094 30.5271 30.1614      0.7366       0.7366    1.7466            2
2012 10 14 30.2134 30.9327 30.5657      1.1434       1.1434    1.7081            2
2012 10 15 29.8007 30.5217 30.1534      0.7335       0.7335    1.6703            2
2012 10 16 30.2109 30.9337 30.5639      1.1465       1.1465    1.6329            2
2012 10 17 29.7923 30.5169 30.1459      0.7308       0.7308    1.5961            2
2012 10 18 30.2079 30.9342 30.5619      1.1492       1.1492    1.5598            2
2012 10 19 29.7844 30.5125 30.1388      0.7285       0.7285    1.5241            2
2012 10 20 30.2045 30.9345 30.5595      1.1515       1.1515    1.4889            2
2012 10 21 29.7767 30.5085 30.1322      0.7265       0.7265    1.4543            2
2012 10 22 30.2009 30.9346 30.5570      1.1535       1.1535    1.4201            2
2012 10 23 29.7695 30.5051 30.1263      0.7250       0.7250    1.3866            2
2012 10 24 30.1967 30.9342 30.5541      1.1550       1.1550    1.3535            2
2012 10 25 29.7628 30.5022 30.1208      0.7239       0.7239    1.3210            2
2012 10 26 30.1921 30.9335 30.5508      1.1561       1.1561    1.2891            2
2012 10 27 29.7564 30.4997 30.1158      0.7232       0.7232    1.2577            2
2012 10 28 30.1872 30.9325 30.5473      1.1568       1.1568    1.2268            2
2012 10 29 29.7506 30.4979 30.1115      0.7230       0.7230    1.1964            2
2012 10 30 30.1818 30.9311 30.5435      1.1570       1.1570    1.1666            2
2012 10 31 29.7452 30.4965 30.1077      0.7232       0.7232    1.1373            2
2012 11 01 30.1760 30.9294 30.5394      1.1568       1.1568    1.1086            2
2012 11 02 29.7403 30.4957 30.1045      0.7239       0.7239    1.0803            2
2012 11 03 30.1697 30.9272 30.5349      1.1561       1.1561    1.0526            2
2012 11 04 29.7359 30.4955 30.1020      0.7251       0.7251    1.0254            2
2012 11 05 30.1630 30.9247 30.5300      1.1549       1.1549    0.9987            1
2012 11 06 29.7320 30.4958 30.1001      0.7267       0.7267    0.9726            1
2012 11 07 30.1559 30.9218 30.5249      1.1533       1.1533    0.9469            1
2012 11 08 29.7287 30.4967 30.0987      0.7288       0.7288    0.9217            1
2012 11 09 30.1484 30.9186 30.5195      1.1512       1.1512    0.8971            1
2012 11 10 29.7259 30.4982 30.0981      0.7314       0.7314    0.8729            1
2012 11 11 30.1405 30.9149 30.5137      1.1486       1.1486    0.8492            1
2012 11 12 29.7237 30.5003 30.0980      0.7345       0.7345    0.8261            1
2012 11 13 30.1321 30.9109 30.5075      1.1455       1.1455    0.8034            1
2012 11 14 29.7221 30.5030 30.0987      0.7381       0.7381    0.7811            1
2012 11 15 30.1233 30.9064 30.5011      1.1419       1.1419    0.7594            1
2012 11 16 29.7210 30.5063 30.1000      0.7422       0.7422    0.7381            1
2012 11 17 30.1141 30.9016 30.4943      1.1378       1.1378    0.7173            1
2012 11 18 29.7204 30.5101 30.1019      0.7467       0.7467    0.6969            1
2012 11 19 30.1045 30.8964 30.4872      1.1333       1.1333    0.6770            1
2012 11 20 29.7205 30.5146 30.1045      0.7518       0.7518    0.6575            1
2012 11 21 30.0945 30.8908 30.4798      1.1282       1.1282    0.6385            1
2012 11 22 29.7210 30.5195 30.1076      0.7572       0.7572    0.6199            1
2012 11 23 30.0842 30.8849 30.4722      1.1228       1.1228    0.6017            1
2012 11 24 29.7222 30.5251 30.1115      0.7632       0.7632    0.5840            1
2012 11 25 30.0735 30.8786 30.4642      1.1168       1.1168    0.5667            1
2012 11 26 29.7240 30.5312 30.1160      0.7696       0.7696    0.5497            1
2012 11 27 30.0625 30.8719 30.4559      1.1104       1.1104    0.5332            1
2012 11 28 29.7262 30.5378 30.1211      0.7764       0.7764    0.5171            1
2012 11 29 30.0511 30.8650 30.4475      1.1036       1.1036    0.5014            1
2012 11 30 29.7290 30.5450 30.1268      0.7837       0.7837    0.4861            1
2012 12 01 30.0395 30.8576 30.4387      1.0963       1.0963    0.4711            1
2012 12 02 29.7323 30.5527 30.1330      0.7913       0.7913    0.4565            1
2012 12 03 30.0276 30.8501 30.4298      1.0887       1.0887    0.4423            1
2012 12 04 29.7362 30.5609 30.1400      0.7994       0.7994    0.4285            1
2012 12 05 30.0153 30.8422 30.4206      1.0806       1.0806    0.4150            1
2012 12 06 29.7405 30.5695 30.1474      0.8078       0.8078    0.4019            1
2012 12 07 30.0029 30.8341 30.4113      1.0722       1.0722    0.3891            1
2012 12 08 29.7453 30.5786 30.1552      0.8165       0.8165    0.3766            1
2012 12 09 29.9904 30.8258 30.4019      1.0635       1.0635    0.3645            1
2012 12 10 29.7506 30.5881 30.1637      0.8256       0.8256    0.3526            1
2012 12 11 29.9776 30.8171 30.3923      1.0544       1.0544    0.3412            1
2012 12 12 29.7564 30.5980 30.1727      0.8350       0.8350    0.3300            1
2012 12 13 29.9646 30.8083 30.3825      1.0450       1.0450    0.3191            1
2012 12 14 29.7626 30.6084 30.1822      0.8447       0.8447    0.3085            1
2012 12 15 29.9515 30.7993 30.3727      1.0353       1.0353    0.2983            1
2012 12 16 29.7691 30.6190 30.1920      0.8546       0.8546    0.2883            1
2012 12 17 29.9383 30.7902 30.3629      1.0254       1.0254    0.2786            1
2012 12 18 29.7762 30.6301 30.2023      0.8648       0.8648    0.2691            1
2012 12 19 29.9250 30.7809 30.3529      1.0152       1.0152    0.2600            1
2012 12 20 29.7834 30.6413 30.2130      0.8751       0.8751    0.2511            1
2012 12 21 29.9118 30.7716 30.3430      1.0049       1.0049    0.2425            1
2012 12 22 29.7912 30.6529 30.2241      0.8857       0.8857    0.2341            1
2012 12 23 29.8984 30.7621 30.3330      0.9943       0.9943    0.2259            1
2012 12 24 29.7992 30.6648 30.2355      0.8964       0.8964    0.2180            1
2012 12 25 29.8851 30.7526 30.3232      0.9836       0.9836    0.2104            1
2012 12 26 29.8075 30.6768 30.2472      0.9072       0.9072    0.2030            1
2012 12 27 29.8719 30.7431 30.3134      0.9728       0.9728    0.1958            1
2012 12 28 29.8161 30.6890 30.2592      0.9181       0.9181    0.1888            1
2012 12 29 29.8588 30.7335 30.3036      0.9619       0.9619    0.1820            1
2012 12 30 29.8248 30.7014 30.2714      0.9290       0.9290    0.1755            1
2012 12 31 29.8458 30.7241 30.2941      0.9510       0.9510    0.1691            1
2013 01 01 29.8237 30.7037 30.2737      0.9300       0.9300    0.3367            1
2013 01 02 29.8228 30.7045 30.2745      0.9300       0.9300    0.3474            1
2013 01 03 29.8329 30.7163 30.2864      0.9410       0.9410    0.3584            1
2013 01 04 29.8101 30.6951 30.2652      0.9190       0.9190    0.3696            1
2013 01 05 29.8423 30.7290 30.2992      0.9520       0.9520    0.3811            1
2013 01 06 29.7976 30.6859 30.2562      0.9080       0.9080    0.3929            1
2013 01 07 29.8518 30.7416 30.3121      0.9629       0.9629    0.4050            1
2013 01 08 29.7853 30.6768 30.2473      0.8971       0.8971    0.4174            1
2013 01 09 29.8613 30.7543 30.3251      0.9737       0.9737    0.4301            1
2013 01 10 29.7734 30.6679 30.2388      0.8863       0.8863    0.4431            1
2013 01 11 29.8711 30.7670 30.3382      0.9845       0.9845    0.4564            1
2013 01 12 29.7616 30.6590 30.2305      0.8755       0.8755    0.4700            1
2013 01 13 29.8807 30.7795 30.3512      0.9950       0.9950    0.4839            1
2013 01 14 29.7504 30.6506 30.2226      0.8650       0.8650    0.4981            1
2013 01 15 29.8905 30.7920 30.3643      1.0054       1.0054    0.5127            1
2013 01 16 29.7394 30.6423 30.2150      0.8546       0.8546    0.5275            1
2013 01 17 29.9002 30.8044 30.3774      1.0156       1.0156    0.5428            1
2013 01 18 29.7289 30.6343 30.2077      0.8444       0.8444    0.5583            1
2013 01 19 29.9098 30.8165 30.3903      1.0255       1.0255    0.5742            1
2013 01 20 29.7188 30.6267 30.2009      0.8345       0.8345    0.5904            1
2013 01 21 29.9195 30.8285 30.4032      1.0352       1.0352    0.6070            1
2013 01 22 29.7091 30.6193 30.1945      0.8248       0.8248    0.6239            1
2013 01 23 29.9290 30.8403 30.4160      1.0446       1.0446    0.6412            1
2013 01 24 29.6999 30.6123 30.1885      0.8154       0.8154    0.6588            1
2013 01 25 29.9384 30.8518 30.4286      1.0537       1.0537    0.6768            1
2013 01 26 29.6913 30.6057 30.1830      0.8063       0.8063    0.6951            1
2013 01 27 29.9477 30.8631 30.4410      1.0625       1.0625    0.7138            1
2013 01 28 29.6831 30.5994 30.1779      0.7975       0.7975    0.7329            1
2013 01 29 29.9569 30.8741 30.4532      1.0709       1.0709    0.7523            1
2013 01 30 29.6755 30.5936 30.1734      0.7891       0.7891    0.7721            1
2013 01 31 29.9659 30.8848 30.4652      1.0790       1.0790    0.7923            1
2013 02 01 29.6684 30.5881 30.1693      0.7810       0.7810    0.8129            1
2013 02 02 29.9747 30.8952 30.4770      1.0867       1.0867    0.8338            1
2013 02 03 29.6619 30.5831 30.1657      0.7733       0.7733    0.8551            1
2013 02 04 29.9832 30.9051 30.4884      1.0939       1.0939    0.8768            1
2013 02 05 29.6561 30.5787 30.1627      0.7661       0.7661    0.8989            1
2013 02 06 29.9914 30.9146 30.4995      1.1007       1.1007    0.9213            1
2013 02 07 29.6508 30.5746 30.1603      0.7593       0.7593    0.9442            1
2013 02 08 29.9995 30.9238 30.5104      1.1071       1.1071    0.9674            1
2013 02 09 29.6462 30.5711 30.1584      0.7529       0.7529    0.9910            1
2013 02 10 30.0074 30.9327 30.5209      1.1131       1.1131    1.0150            2
2013 02 11 29.6422 30.5679 30.1570      0.7469       0.7469    1.0394            2
2013 02 12 30.0148 30.9410 30.5310      1.1185       1.1185    1.0642            2
2013 02 13 29.6389 30.5654 30.1563      0.7415       0.7415    1.0893            2
2013 02 14 30.0221 30.9490 30.5408      1.1236       1.1236    1.1149            2
2013 02 15 29.6361 30.5632 30.1561      0.7364       0.7364    1.1408            2
2013 02 16 30.0290 30.9564 30.5502      1.1281       1.1281    1.1671            2
2013 02 17 29.6341 30.5617 30.1565      0.7319       0.7319    1.1938            2
2013 02 18 30.0356 30.9634 30.5592      1.1321       1.1321    1.2209            2
2013 02 19 29.6328 30.5607 30.1575      0.7279       0.7279    1.2483            2
2013 02 20 30.0420 30.9700 30.5678      1.1357       1.1357    1.2761            2
2013 02 21 29.6320 30.5601 30.1590      0.7243       0.7243    1.3043            2
2013 02 22 30.0480 30.9761 30.5760      1.1388       1.1388    1.3329            2
2013 02 23 29.6319 30.5600 30.1610      0.7212       0.7212    1.3619            2
2013 02 24 30.0537 30.9817 30.5838      1.1414       1.1414    1.3912            2
2013 02 25 29.6325 30.5604 30.1637      0.7186       0.7186    1.4209            2
2013 02 26 30.0589 30.9867 30.5911      1.1434       1.1434    1.4509            2
2013 02 27 29.6338 30.5614 30.1670      0.7166       0.7166    1.4813            2
2013 02 28 30.0641 30.9915 30.5981      1.1451       1.1451    1.5121            2
2013 03 01 29.6356 30.5628 30.1706      0.7149       0.7149    1.5432            2
2013 03 02 30.0687 30.9956 30.6046      1.1462       1.1462    1.5746            2
2013 03 03 29.6382 30.5647 30.1749      0.7138       0.7138    1.6064            2
2013 03 04 30.0730 30.9992 30.6106      1.1468       1.1468    1.6385            2
2013 03 05 29.6414 30.5672 30.1798      0.7132       0.7132    1.6710            2
2013 03 06 30.0771 31.0025 30.6163      1.1470       1.1470    1.7037            2
2013 03 07 29.6451 30.5700 30.1851      0.7130       0.7130    1.7368            2
2013 03 08 30.0808 31.0052 30.6215      1.1467       1.1467    1.7702            2
2013 03 09 29.6495 30.5733 30.1909      0.7133       0.7133    1.8039            2
2013 03 10 30.0843 31.0075 30.6264      1.1460       1.1460    1.8379            2
2013 03 11 29.6544 30.5770 30.1971      0.7140       0.7140    1.8722            2
2013 03 12 30.0874 31.0094 30.6308      1.1449       1.1449    1.9068            2
2013 03 13 29.6598 30.5811 30.2038      0.7151       0.7151    1.9416            2
2013 03 14 30.0903 31.0108 30.6348      1.1433       1.1433    1.9767            2
2013 03 15 29.6659 30.5857 30.2110      0.7167       0.7167    2.0121            2
2013 03 16 30.0928 31.0118 30.6384      1.1413       1.1413    2.0477            2
2013 03 17 29.6725 30.5907 30.2186      0.7187       0.7187    2.0836            2
2013 03 18 30.0950 31.0124 30.6416      1.1389       1.1389    2.1197            2
2013 03 19 29.6796 30.5960 30.2266      0.7211       0.7211    2.1560            2
2013 03 20 30.0971 31.0126 30.6445      1.1362       1.1362    2.1925            2
2013 03 21 29.6871 30.6016 30.2349      0.7238       0.7238    2.2292            2
2013 03 22 30.0988 31.0124 30.6470      1.1331       1.1331    2.2661            2
2013 03 23 29.6951 30.6076 30.2436      0.7269       0.7269    2.3032            2
2013 03 24 30.1003 31.0117 30.6490      1.1296       1.1296    2.3404            2
2013 03 25 29.7036 30.6139 30.2526      0.7304       0.7304    2.3778            2
2013 03 26 30.1017 31.0108 30.6509      1.1259       1.1259    2.4154            2
2013 03 27 29.7124 30.6204 30.2618      0.7341       0.7341    2.4531            2
2013 03 28 30.1027 31.0095 30.6523      1.1218       1.1218    2.4909            2
2013 03 29 29.7217 30.6273 30.2714      0.7382       0.7382    2.5288            2
2013 03 30 30.1036 31.0079 30.6535      1.1175       1.1175    2.5668            2
2013 03 31 29.7313 30.6343 30.2812      0.7425       0.7425    2.6049            2
2013 04 01 30.1044 31.0061 30.6544      1.1130       1.1130    2.6430            2
2013 04 02 29.7411 30.6414 30.2911      0.7470       0.7470    2.6813            2
2013 04 03 30.1050 31.0039 30.6550      1.1082       1.1082    2.7195            2
2013 04 04 29.7513 30.6488 30.3012      0.7518       0.7518    2.7578            2
2013 04 05 30.1054 31.0015 30.6553      1.1032       1.1032    2.7961            2
2013 04 06 29.7618 30.6564 30.3115      0.7568       0.7568    2.8344            2
2013 04 07 30.1057 30.9988 30.6554      1.0980       1.0980    2.8727            2
2013 04 08 29.7725 30.6641 30.3220      0.7620       0.7620    2.9109            2
2013 04 09 30.1059 30.9960 30.6553      1.0927       1.0927    2.9492            2
2013 04 10 29.7833 30.6718 30.3324      0.7673       0.7673    2.9873            2
2013 04 11 30.1060 30.9929 30.6549      1.0872       1.0872    3.0254            2
2013 04 12 29.7944 30.6797 30.3430      0.7728       0.7728    3.0634            2
2013 04 13 30.1060 30.9896 30.6543      1.0816       1.0816    3.1013            2
2013 04 14 29.8057 30.6876 30.3536      0.7784       0.7784    3.1390            2
2013 04 15 30.1060 30.9862 30.6536      1.0759       1.0759    3.1767            2
2013 04 16 29.8170 30.6955 30.3642      0.7841       0.7841    3.2141            2
2013 04 17 30.1060 30.9827 30.6528      1.0702       1.0702    3.2514            2
2013 04 18 29.8284 30.7033 30.3748      0.7898       0.7898    3.2886            2
2013 04 19 30.1059 30.9790 30.6517      1.0644       1.0644    3.3255            2
2013 04 20 29.8399 30.7112 30.3853      0.7956       0.7956    3.3622            2
2013 04 21 30.1058 30.9752 30.6506      1.0586       1.0586    3.3987            2
2013 04 22 29.8514 30.7190 30.3957      0.8014       0.8014    3.4349            2
2013 04 23 30.1057 30.9714 30.6493      1.0528       1.0528    3.4709            2
2013 04 24 29.8629 30.7267 30.4060      0.8072       0.8072    3.5065            2
2013 04 25 30.1056 30.9674 30.6480      1.0470       1.0470    3.5419            2
2013 04 26 29.8744 30.7344 30.4162      0.8130       0.8130    3.5770            2
2013 04 27 30.1054 30.9634 30.6465      1.0412       1.0412    3.6117            2
2013 04 28 29.8859 30.7419 30.4262      0.8188       0.8188    3.6461            2
2013 04 29 30.1054 30.9594 30.6450      1.0355       1.0355    3.6801            2
2013 04 30 29.8972 30.7493 30.4360      0.8245       0.8245    3.7138            2
2013 05 01 30.1055 30.9555 30.6435      1.0299       1.0299    3.7470            2
2013 05 02 29.9085 30.7564 30.4456      0.8301       0.8301    3.7799            2
2013 05 03 30.1055 30.9514 30.6418      1.0243       1.0243    3.8123            2
2013 05 04 29.9197 30.7635 30.4551      0.8357       0.8357    3.8443            2
2013 05 05 30.1057 30.9474 30.6402      1.0189       1.0189    3.8758            2
2013 05 06 29.9306 30.7703 30.4642      0.8411       0.8411    3.9068            2
2013 05 07 30.1059 30.9435 30.6385      1.0136       1.0136    3.9373            2
2013 05 08 29.9414 30.7769 30.4731      0.8464       0.8464    3.9674            2
2013 05 09 30.1062 30.9395 30.6368      1.0084       1.0084    3.9969            2
2013 05 10 29.9521 30.7833 30.4817      0.8516       0.8516    4.0259            3
2013 05 11 30.1066 30.9357 30.6352      1.0034       1.0034    4.0543            3
2013 05 12 29.9625 30.7894 30.4900      0.8566       0.8566    4.0822            3
2013 05 13 30.1071 30.9318 30.6335      0.9985       0.9985    4.1095            3
2013 05 14 29.9727 30.7953 30.4980      0.8615       0.8615    4.1361            3
2013 05 15 30.1077 30.9281 30.6318      0.9938       0.9938    4.1622            3
2013 05 16 29.9827 30.8009 30.5056      0.8662       0.8662    4.1877            3
2013 05 17 30.1083 30.9244 30.6301      0.9892       0.9892    4.2125            3
2013 05 18 29.9925 30.8063 30.5130      0.8708       0.8708    4.2367            3
2013 05 19 30.1090 30.9207 30.6284      0.9848       0.9848    4.2602            3
2013 05 20 30.0020 30.8114 30.5200      0.8752       0.8752    4.2831            3
2013 05 21 30.1100 30.9173 30.6268      0.9807       0.9807    4.3052            3
2013 05 22 30.0111 30.8162 30.5266      0.8793       0.8793    4.3267            3
2013 05 23 30.1109 30.9138 30.6251      0.9767       0.9767    4.3474            3
2013 05 24 30.0200 30.8207 30.5329      0.8833       0.8833    4.3675            3
2013 05 25 30.1119 30.9104 30.6234      0.9728       0.9728    4.3868            3
2013 05 26 30.0287 30.8249 30.5388      0.8872       0.8872    4.4053            3
2013 05 27 30.1130 30.9071 30.6218      0.9692       0.9692    4.4231            3
2013 05 28 30.0370 30.8288 30.5444      0.8908       0.8908    4.4402            3
2013 05 29 30.1143 30.9039 30.6202      0.9658       0.9658    4.4565            3
2013 05 30 30.0450 30.8324 30.5495      0.8942       0.8942    4.4720            3
2013 05 31 30.1156 30.9009 30.6187      0.9626       0.9626    4.4867            3
2013 06 01 30.0526 30.8357 30.5542      0.8974       0.8974    4.5006            3
2013 06 02 30.1169 30.8978 30.6170      0.9595       0.9595    4.5137            3
2013 06 03 30.0601 30.8388 30.5587      0.9005       0.9005    4.5260            3
2013 06 04 30.1183 30.8948 30.6154      0.9566       0.9566    4.5375            3
2013 06 05 30.0672 30.8416 30.5628      0.9034       0.9034    4.5481            3
2013 06 06 30.1197 30.8920 30.6138      0.9539       0.9539    4.5580            3
2013 06 07 30.0739 30.8440 30.5664      0.9061       0.9061    4.5669            3
2013 06 08 30.1212 30.8892 30.6122      0.9514       0.9514    4.5751            3
2013 06 09 30.0804 30.8462 30.5697      0.9086       0.9086    4.5824            3
2013 06 10 30.1227 30.8864 30.6105      0.9490       0.9490    4.5889            3
2013 06 11 30.0866 30.8482 30.5727      0.9110       0.9110    4.5945            3
2013 06 12 30.1242 30.8837 30.6088      0.9468       0.9468    4.5992            3
2013 06 13 30.0924 30.8498 30.5753      0.9132       0.9132    4.6031            3
2013 06 14 30.1257 30.8810 30.6070      0.9447       0.9447    4.6061            3
2013 06 15 30.0980 30.8513 30.5777      0.9153       0.9153    4.6083            3
2013 06 16 30.1272 30.8784 30.6052      0.9428       0.9428    4.6096            3
2013 06 17 30.1032 30.8524 30.5796      0.9172       0.9172    4.6100            3
2013 06 18 30.1286 30.8758 30.6033      0.9410       0.9410    4.6096            3
2013 06 19 30.1082 30.8534 30.5812      0.9190       0.9190    4.6083            3
2013 06 20 30.1299 30.8731 30.6013      0.9392       0.9392    4.6061            3
2013 06 21 30.1130 30.8542 30.5827      0.9208       0.9208    4.6031            3
2013 06 22 30.1312 30.8705 30.5992      0.9376       0.9376    4.5992            3
2013 06 23 30.1174 30.8548 30.5837      0.9224       0.9224    4.5945            3
2013 06 24 30.1325 30.8679 30.5971      0.9361       0.9361    4.5889            3
2013 06 25 30.1216 30.8551 30.5845      0.9239       0.9239    4.5824            3
2013 06 26 30.1336 30.8652 30.5947      0.9346       0.9346    4.5751            3
2013 06 27 30.1256 30.8554 30.5850      0.9254       0.9254    4.5669            3
2013 06 28 30.1344 30.8624 30.5922      0.9331       0.9331    4.5580            3
2013 06 29 30.1294 30.8555 30.5854      0.9269       0.9269    4.5481            3
2013 06 30 30.1353 30.8596 30.5896      0.9317       0.9317    4.5375            3
2013 07 01 30.1329 30.8555 30.5855      0.9283       0.9283    4.5260            3
2013 07 02 30.1359 30.8568 30.5868      0.9303       0.9303    4.5137            3
2013 07 03 30.1363 30.8554 30.5854      0.9297       0.9297    4.5006            3
2013 07 04 30.1365 30.8539 30.5839      0.9290       0.9290    4.4867            3
2013 07 05 30.1393 30.8551 30.5850      0.9310       0.9310    4.4720            3
2013 07 06 30.1367 30.8508 30.5807      0.9276       0.9276    4.4565            3
2013 07 07 30.1423 30.8548 30.5845      0.9324       0.9324    4.4402            3
2013 07 08 30.1368 30.8477 30.5773      0.9262       0.9262    4.4231            3
2013 07 09 30.1451 30.8544 30.5839      0.9338       0.9338    4.4053            3
2013 07 10 30.1366 30.8444 30.5737      0.9247       0.9247    4.3868            3
2013 07 11 30.1478 30.8540 30.5832      0.9353       0.9353    4.3675            3
2013 07 12 30.1362 30.8410 30.5699      0.9232       0.9232    4.3474            3
2013 07 13 30.1503 30.8536 30.5823      0.9368       0.9368    4.3267            3
2013 07 14 30.1355 30.8374 30.5658      0.9216       0.9216    4.3052            3
2013 07 15 30.1527 30.8531 30.5813      0.9384       0.9384    4.2831            3
2013 07 16 30.1345 30.8336 30.5615      0.9199       0.9199    4.2602            3
2013 07 17 30.1550 30.8527 30.5803      0.9401       0.9401    4.2367            3
2013 07 18 30.1332 30.8297 30.5568      0.9181       0.9181    4.2125            3
2013 07 19 30.1572 30.8524 30.5792      0.9419       0.9419    4.1877            3
2013 07 20 30.1317 30.8256 30.5520      0.9163       0.9163    4.1622            3
2013 07 21 30.1592 30.8519 30.5779      0.9437       0.9437    4.1361            3
2013 07 22 30.1297 30.8213 30.5468      0.9142       0.9142    4.1095            3
2013 07 23 30.1613 30.8517 30.5768      0.9458       0.9458    4.0822            3
2013 07 24 30.1276 30.8168 30.5414      0.9121       0.9121    4.0543            3
2013 07 25 30.1632 30.8514 30.5755      0.9479       0.9479    4.0259            3
2013 07 26 30.1250 30.8121 30.5356      0.9098       0.9098    3.9969            2
2013 07 27 30.1652 30.8512 30.5742      0.9502       0.9502    3.9674            2
2013 07 28 30.1221 30.8072 30.5296      0.9074       0.9074    3.9373            2
2013 07 29 30.1670 30.8511 30.5729      0.9526       0.9526    3.9068            2
2013 07 30 30.1187 30.8020 30.5232      0.9047       0.9047    3.8758            2
2013 07 31 30.1689 30.8513 30.5718      0.9553       0.9553    3.8443            2
2013 08 01 30.1152 30.7967 30.5166      0.9020       0.9020    3.8123            2
2013 08 02 30.1707 30.8513 30.5706      0.9580       0.9580    3.7799            2
2013 08 03 30.1111 30.7910 30.5095      0.8990       0.8990    3.7470            2
2013 08 04 30.1725 30.8517 30.5695      0.9610       0.9610    3.7138            2
2013 08 05 30.1067 30.7851 30.5022      0.8958       0.8958    3.6801            2
2013 08 06 30.1744 30.8521 30.5684      0.9642       0.9642    3.6461            2
2013 08 07 30.1020 30.7791 30.4946      0.8925       0.8925    3.6117            2
2013 08 08 30.1762 30.8527 30.5674      0.9675       0.9675    3.5770            2
2013 08 09 30.0968 30.7728 30.4867      0.8890       0.8890    3.5419            2
2013 08 10 30.1779 30.8534 30.5664      0.9710       0.9710    3.5065            2
2013 08 11 30.0913 30.7662 30.4784      0.8853       0.8853    3.4709            2
2013 08 12 30.1797 30.8542 30.5655      0.9747       0.9747    3.4349            2
2013 08 13 30.0854 30.7595 30.4699      0.8814       0.8814    3.3987            2
2013 08 14 30.1816 30.8552 30.5647      0.9786       0.9786    3.3622            2
2013 08 15 30.0791 30.7525 30.4611      0.8773       0.8773    3.3255            2
2013 08 16 30.1834 30.8564 30.5641      0.9827       0.9827    3.2886            2
2013 08 17 30.0725 30.7452 30.4519      0.8730       0.8730    3.2514            2
2013 08 18 30.1852 30.8578 30.5635      0.9870       0.9870    3.2141            2
2013 08 19 30.0654 30.7378 30.4425      0.8685       0.8685    3.1767            2
2013 08 20 30.1871 30.8593 30.5630      0.9915       0.9915    3.1390            2
2013 08 21 30.0581 30.7302 30.4329      0.8639       0.8639    3.1013            2
2013 08 22 30.1889 30.8609 30.5625      0.9961       0.9961    3.0634            2
2013 08 23 30.0504 30.7224 30.4230      0.8591       0.8591    3.0254            2
2013 08 24 30.1907 30.8627 30.5622      1.0009       1.0009    2.9873            2
2013 08 25 30.0424 30.7144 30.4128      0.8541       0.8541    2.9492            2
2013 08 26 30.1926 30.8647 30.5620      1.0059       1.0059    2.9109            2
2013 08 27 30.0341 30.7062 30.4024      0.8490       0.8490    2.8727            2
2013 08 28 30.1944 30.8667 30.5618      1.0110       1.0110    2.8344            2
2013 08 29 30.0255 30.6980 30.3919      0.8438       0.8438    2.7961            2
2013 08 30 30.1962 30.8689 30.5616      1.0162       1.0162    2.7578            2
2013 08 31 30.0166 30.6896 30.3811      0.8384       0.8384    2.7195            2
2013 09 01 30.1980 30.8712 30.5616      1.0216       1.0216    2.6813            2
2013 09 02 30.0074 30.6810 30.3702      0.8329       0.8329    2.6430            2
2013 09 03 30.1997 30.8737 30.5617      1.0271       1.0271    2.6049            2
2013 09 04 29.9980 30.6724 30.3592      0.8273       0.8273    2.5668            2
2013 09 05 30.2014 30.8763 30.5618      1.0327       1.0327    2.5288            2
2013 09 06 29.9883 30.6636 30.3480      0.8216       0.8216    2.4909            2
2013 09 07 30.2031 30.8789 30.5620      1.0384       1.0384    2.4531            2
2013 09 08 29.9785 30.6549 30.3367      0.8159       0.8159    2.4154            2
2013 09 09 30.2046 30.8816 30.5621      1.0441       1.0441    2.3778            2
2013 09 10 29.9684 30.6461 30.3254      0.8101       0.8101    2.3404            2
2013 09 11 30.2061 30.8844 30.5624      1.0499       1.0499    2.3032            2
2013 09 12 29.9583 30.6373 30.3140      0.8043       0.8043    2.2661            2
2013 09 13 30.2074 30.8872 30.5626      1.0557       1.0557    2.2292            2
2013 09 14 29.9480 30.6285 30.3026      0.7985       0.7985    2.1925            2
2013 09 15 30.2087 30.8900 30.5628      1.0615       1.0615    2.1560            2
2013 09 16 29.9375 30.6198 30.2912      0.7927       0.7927    2.1197            2
2013 09 17 30.2098 30.8929 30.5630      1.0673       1.0673    2.0836            2
2013 09 18 29.9270 30.6110 30.2798      0.7869       0.7869    2.0477            2
2013 09 19 30.2108 30.8958 30.5632      1.0731       1.0731    2.0121            2
2013 09 20 29.9165 30.6025 30.2685      0.7812       0.7812    1.9767            2
2013 09 21 30.2116 30.8986 30.5633      1.0788       1.0788    1.9416            2
2013 09 22 29.9060 30.5940 30.2574      0.7756       0.7756    1.9068            2
2013 09 23 30.2122 30.9014 30.5634      1.0844       1.0844    1.8722            2
2013 09 24 29.8954 30.5857 30.2463      0.7701       0.7701    1.8379            2
2013 09 25 30.2127 30.9041 30.5633      1.0899       1.0899    1.8039            2
2013 09 26 29.8848 30.5774 30.2353      0.7646       0.7646    1.7702            2
2013 09 27 30.2130 30.9068 30.5633      1.0954       1.0954    1.7368            2
2013 09 28 29.8744 30.5694 30.2246      0.7594       0.7594    1.7037            2
2013 09 29 30.2130 30.9093 30.5631      1.1006       1.1006    1.6710            2
2013 09 30 29.8640 30.5616 30.2141      0.7543       0.7543    1.6385            2
2013 10 01 30.2127 30.9117 30.5628      1.1057       1.1057    1.6064            2
2013 10 02 29.8538 30.5541 30.2038      0.7494       0.7494    1.5746            2
2013 10 03 30.2123 30.9140 30.5623      1.1106       1.1106    1.5432            2
2013 10 04 29.8436 30.5468 30.1937      0.7447       0.7447    1.5121            2
2013 10 05 30.2115 30.9161 30.5617      1.1153       1.1153    1.4813            2
2013 10 06 29.8338 30.5399 30.1840      0.7403       0.7403    1.4509            2
2013 10 07 30.2104 30.9180 30.5608      1.1197       1.1197    1.4209            2
2013 10 08 29.8240 30.5332 30.1746      0.7361       0.7361    1.3912            2
2013 10 09 30.2091 30.9198 30.5598      1.1239       1.1239    1.3619            2
2013 10 10 29.8146 30.5269 30.1656      0.7322       0.7322    1.3329            2
2013 10 11 30.2074 30.9213 30.5586      1.1278       1.1278    1.3043            2
2013 10 12 29.8054 30.5210 30.1569      0.7286       0.7286    1.2761            2
2013 10 13 30.2053 30.9226 30.5572      1.1314       1.1314    1.2483            2
2013 10 14 29.7964 30.5154 30.1486      0.7253       0.7253    1.2209            2
2013 10 15 30.2030 30.9237 30.5556      1.1347       1.1347    1.1938            2
2013 10 16 29.7879 30.5103 30.1408      0.7224       0.7224    1.1671            2
2013 10 17 30.2002 30.9244 30.5536      1.1376       1.1376    1.1408            2
2013 10 18 29.7796 30.5055 30.1335      0.7198       0.7198    1.1149            2
2013 10 19 30.1971 30.9249 30.5515      1.1402       1.1402    1.0893            2
2013 10 20 29.7718 30.5014 30.1267      0.7177       0.7177    1.0642            2
2013 10 21 30.1935 30.9250 30.5490      1.1423       1.1423    1.0394            2
2013 10 22 29.7643 30.4976 30.1203      0.7159       0.7159    1.0150            2
2013 10 23 30.1896 30.9249 30.5462      1.1441       1.1441    0.9910            1
2013 10 24 29.7572 30.4943 30.1144      0.7145       0.7145    0.9674            1
2013 10 25 30.1853 30.9244 30.5432      1.1455       1.1455    0.9442            1
2013 10 26 29.7506 30.4916 30.1092      0.7136       0.7136    0.9213            1
2013 10 27 30.1805 30.9235 30.5398      1.1464       1.1464    0.8989            1
2013 10 28 29.7444 30.4894 30.1044      0.7131       0.7131    0.8768            1
2013 10 29 30.1754 30.9223 30.5362      1.1469       1.1469    0.8551            1
2013 10 30 29.7386 30.4876 30.1002      0.7130       0.7130    0.8338            1
2013 10 31 30.1698 30.9208 30.5322      1.1470       1.1470    0.8129            1
2013 11 01 29.7334 30.4865 30.0967      0.7134       0.7134    0.7923            1
2013 11 02 30.1638 30.9189 30.5279      1.1466       1.1466    0.7721            1
2013 11 03 29.7287 30.4859 30.0938      0.7143       0.7143    0.7523            1
2013 11 04 30.1574 30.9166 30.5233      1.1457       1.1457    0.7329            1
2013 11 05 29.7246 30.4859 30.0915      0.7157       0.7157    0.7138            1
2013 11 06 30.1504 30.9139 30.5183      1.1443       1.1443    0.6951            1
2013 11 07 29.7209 30.4865 30.0897      0.7175       0.7175    0.6768            1
2013 11 08 30.1432 30.9109 30.5130      1.1425       1.1425    0.6588            1
2013 11 09 29.7178 30.4877 30.0887      0.7199       0.7199    0.6412            1
2013 11 10 30.1353 30.9073 30.5073      1.1401       1.1401    0.6239            1
2013 11 11 29.7153 30.4894 30.0883      0.7227       0.7227    0.6070            1
2013 11 12 30.1272 30.9035 30.5014      1.1373       1.1373    0.5904            1
2013 11 13 29.7132 30.4917 30.0885      0.7260       0.7260    0.5742            1
2013 11 14 30.1186 30.8993 30.4951      1.1340       1.1340    0.5583            1
2013 11 15 29.7118 30.4947 30.0894      0.7298       0.7298    0.5428            1
2013 11 16 30.1096 30.8946 30.4884      1.1302       1.1302    0.5275            1
2013 11 17 29.7109 30.4982 30.0910      0.7341       0.7341    0.5127            1
2013 11 18 30.1002 30.8896 30.4815      1.1259       1.1259    0.4981            1
2013 11 19 29.7107 30.5023 30.0932      0.7389       0.7389    0.4839            1
2013 11 20 30.0904 30.8842 30.4742      1.1211       1.1211    0.4700            1
2013 11 21 29.7109 30.5069 30.0960      0.7441       0.7441    0.4564            1
2013 11 22 30.0802 30.8785 30.4667      1.1159       1.1159    0.4431            1
2013 11 23 29.7117 30.5121 30.0995      0.7498       0.7498    0.4301            1
2013 11 24 30.0697 30.8723 30.4589      1.1102       1.1102    0.4174            1
2013 11 25 29.7131 30.5180 30.1037      0.7560       0.7560    0.4050            1
2013 11 26 30.0588 30.8658 30.4507      1.1040       1.1040    0.3929            1
2013 11 27 29.7151 30.5243 30.1084      0.7626       0.7626    0.3811            1
2013 11 28 30.0476 30.8590 30.4423      1.0974       1.0974    0.3696            1
2013 11 29 29.7176 30.5312 30.1138      0.7697       0.7697    0.3584            1
2013 11 30 30.0360 30.8518 30.4336      1.0903       1.0903    0.3474            1
2013 12 01 29.7206 30.5386 30.1197      0.7771       0.7771    0.3367            1
2013 12 02 30.0242 30.8444 30.4248      1.0829       1.0829    0.3263            1
2013 12 03 29.7242 30.5465 30.1263      0.7850       0.7850    0.3161            1
2013 12 04 30.0121 30.8366 30.4157      1.0750       1.0750    0.3063            1
2013 12 05 29.7282 30.5549 30.1334      0.7932       0.7932    0.2966            1
2013 12 06 29.9998 30.8286 30.4065      1.0668       1.0668    0.2872            1
2013 12 07 29.7328 30.5637 30.1410      0.8018       0.8018    0.2781            1
2013 12 08 29.9872 30.8203 30.3970      1.0582       1.0582    0.2692            1
2013 12 09 29.7379 30.5731 30.1493      0.8108       0.8108    0.2605            1
2013 12 10 29.9744 30.8117 30.3874      1.0492       1.0492    0.2520            1
2013 12 11 29.7433 30.5828 30.1579      0.8200       0.8200    0.2438            1
2013 12 12 29.9615 30.8030 30.3777      1.0400       1.0400    0.2358            1
2013 12 13 29.7493 30.5929 30.1672      0.8296       0.8296    0.2281            1
2013 12 14 29.9484 30.7941 30.3679      1.0304       1.0304    0.2205            1
2013 12 15 29.7557 30.6034 30.1768      0.8394       0.8394    0.2132            1
2013 12 16 29.9352 30.7850 30.3580      1.0206       1.0206    0.2060            1
2013 12 17 29.7625 30.6143 30.1869      0.8495       0.8495    0.1991            1
2013 12 18 29.9219 30.7757 30.3480      1.0105       1.0105    0.1924            1
2013 12 19 29.7696 30.6255 30.1975      0.8598       0.8598    0.1858            1
2013 12 20 29.9085 30.7663 30.3380      1.0002       1.0002    0.1795            1
2013 12 21 29.7771 30.6368 30.2083      0.8702       0.8702    0.1733            1
2013 12 22 29.8953 30.7570 30.3281      0.9898       0.9898    0.1673            1
2013 12 23 29.7850 30.6486 30.2196      0.8809       0.8809    0.1615            1
2013 12 24 29.8819 30.7474 30.3181      0.9791       0.9791    0.1558            1
2013 12 25 29.7932 30.6606 30.2312      0.8917       0.8917    0.1504            1
2013 12 26 29.8685 30.7378 30.3082      0.9683       0.9683    0.1451            1
2013 12 27 29.8015 30.6726 30.2429      0.9025       0.9025    0.1399            1
2013 12 28 29.8554 30.7283 30.2985      0.9575       0.9575    0.1349            1
2013 12 29 29.8103 30.6850 30.2551      0.9135       0.9135    0.1301            1
2013 12 30 29.8422 30.7187 30.2888      0.9465       0.9465    0.1254            1
2013 12 31 29.8247 30.7030 30.2730      0.9300       0.9300    0.1209            1
2014 01 01 29.8337 30.7137 30.2837      0.9400       0.9400    0.3762            1
2014 01 02 29.8328 30.7145 30.2845      0.9400       0.9400    0.3881            1
2014 01 03 29.8429 30.7263 30.2964      0.9510       0.9510    0.4003            1
2014 01 04 29.8201 30.7051 30.2752      0.9290       0.9290    0.4129            1
2014 01 05 29.8523 30.7390 30.3092      0.9620       0.9620    0.4258            1
2014 01 06 29.8076 30.6959 30.2662      0.9180       0.9180    0.4389            1
2014 01 07 29.8618 30.7516 30.3221      0.9729       0.9729    0.4525            1
2014 01 08 29.7953 30.6868 30.2573      0.9071       0.9071    0.4663            1
2014 01 09 29.8713 30.7643 30.3351      0.9837       0.9837    0.4805            1
2014 01 10 29.7834 30.6779 30.2488      0.8963       0.8963    0.4950            1
2014 01 11 29.8811 30.7770 30.3482      0.9945       0.9945    0.5098            1
2014 01 12 29.7716 30.6690 30.2405      0.8855       0.8855    0.5250            1
2014 01 13 29.8907 30.7895 30.3612      1.0050       1.0050    0.5405            1
2014 01 14 29.7604 30.6606 30.2326      0.8750       0.8750    0.5564            1
2014 01 15 29.9005 30.8020 30.3743      1.0154       1.0154    0.5727            1
2014 01 16 29.7494 30.6523 30.2250      0.8646       0.8646    0.5893            1
2014 01 17 29.9102 30.8144 30.3874      1.0256       1.0256    0.6063            1
2014 01 18 29.7389 30.6443 30.2177      0.8544       0.8544    0.6237            1
2014 01 19 29.9198 30.8265 30.4003      1.0355       1.0355    0.6414            1
2014 01 20 29.7288 30.6367 30.2109      0.8445       0.8445    0.6596            1
2014 01 21 29.9295 30.8385 30.4132      1.0452       1.0452    0.6781            1
2014 01 22 29.7191 30.6293 30.2045      0.8348       0.8348    0.6970            1
2014 01 23 29.9390 30.8503 30.4260      1.0546       1.0546    0.7163            1
2014 01 24 29.7099 30.6223 30.1985      0.8254       0.8254    0.7360            1
2014 01 25 29.9484 30.8618 30.4386      1.0637       1.0637    0.7560            1
2014 01 26 29.7013 30.6157 30.1930      0.8163       0.8163    0.7765            1
2014 01 27 29.9577 30.8731 30.4510      1.0725       1.0725    0.7974            1
2014 01 28 29.6931 30.6094 30.1879      0.8075       0.8075    0.8187            1
2014 01 29 29.9669 30.8841 30.4632      1.0809       1.0809    0.8404            1
2014 01 30 29.6855 30.6036 30.1834      0.7991       0.7991    0.8626            1
2014 01 31 29.9759 30.8948 30.4752      1.0890       1.0890    0.8851            1
2014 02 01 29.6784 30.5981 30.1793      0.7910       0.7910    0.9081            1
2014 02 02 29.9847 30.9052 30.4870      1.0967       1.0967    0.9315            1
2014 02 03 29.6719 30.5931 30.1757      0.7833       0.7833    0.9553            1
2014 02 04 29.9932 30.9151 30.4984      1.1039       1.1039    0.9795            1
2014 02 05 29.6661 30.5887 30.1727      0.7761       0.7761    1.0042            2
2014 02 06 30.0014 30.9246 30.5095      1.1107       1.1107    1.0293            2
2014 02 07 29.6608 30.5846 30.1703      0.7693       0.7693    1.0548            2
2014 02 08 30.0095 30.9338 30.5204      1.1171       1.1171    1.0807            2
2014 02 09 29.6562 30.5811 30.1684      0.7629       0.7629    1.1071            2
2014 02 10 30.0174 30.9427 30.5309      1.1231       1.1231    1.1339            2
2014 02 11 29.6522 30.5779 30.1670      0.7569       0.7569    1.1612            2
2014 02 12 30.0248 30.9510 30.5410      1.1285       1.1285    1.1888            2
2014 02 13 29.6489 30.5754 30.1663      0.7515       0.7515    1.2169            2
2014 02 14 30.0321 30.9590 30.5508      1.1336       1.1336    1.2455            2
2014 02 15 29.6461 30.5732 30.1661      0.7464       0.7464    1.2744            2
2014 02 16 30.0390 30.9664 30.5602      1.1381       1.1381    1.3038            2
2014 02 17 29.6441 30.5717 30.1665      0.7419       0.7419    1.3336            2
2014 02 18 30.0456 30.9734 30.5692      1.1421       1.1421    1.3639            2
2014 02 19 29.6428 30.5707 30.1675      0.7379       0.7379    1.3945            2
2014 02 20 30.0520 30.9800 30.5778      1.1457       1.1457    1.4256            2
2014 02 21 29.6420 30.5701 30.1690      0.7343       0.7343    1.4571            2
2014 02 22 30.0580 30.9861 30.5860      1.1488       1.1488    1.4891            2
2014 02 23 29.6419 30.5700 30.1710      0.7312       0.7312    1.5214            2
2014 02 24 30.0637 30.9917 30.5938      1.1514       1.1514    1.5542            2
2014 02 25 29.6425 30.5704 30.1737      0.7286       0.7286    1.5873            2
2014 02 26 30.0689 30.9967 30.6011      1.1534       1.1534    1.6209            2
2014 02 27 29.6438 30.5714 30.1770      0.7266       0.7266    1.6548            2
2014 02 28 30.0741 31.0015 30.6081      1.1551       1.1551    1.6892            2
2014 03 01 29.6456 30.5728 30.1806      0.7249       0.7249    1.7239            2
2014 03 02 30.0787 31.0056 30.6146      1.1562       1.1562    1.7591            2
2014 03 03 29.6482 30.5747 30.1849      0.7238       0.7238    1.7946            2
2014 03 04 30.0830 31.0092 30.6206      1.1568       1.1568    1.8305            2
2014 03 05 29.6514 30.5772 30.1898      0.7232       0.7232    1.8667            2
2014 03 06 30.0871 31.0125 30.6263      1.1570       1.1570    1.9033            2
2014 03 07 29.6551 30.5800 30.1951      0.7230       0.7230    1.9403            2
2014 03 08 30.0908 31.0152 30.6315      1.1567       1.1567    1.9776            2
2014 03 09 29.6595 30.5833 30.2009      0.7233       0.7233    2.0152            2
2014 03 10 30.0943 31.0175 30.6364      1.1560       1.1560    2.0532            2
2014 03 11 29.6644 30.5870 30.2071      0.7240       0.7240    2.0915            2
2014 03 12 30.0974 31.0194 30.6408      1.1549       1.1549    2.1301            2
2014 03 13 29.6698 30.5911 30.2138      0.7251       0.7251    2.1691            2
2014 03 14 30.1003 31.0208 30.6448      1.1533       1.1533    2.2083            2
2014 03 15 29.6759 30.5957 30.2210      0.7267       0.7267    2.2478            2
2014 03 16 30.1028 31.0218 30.6484      1.1513       1.1513    2.2876            2
2014 03 17 29.6825 30.6007 30.2286      0.7287       0.7287    2.3276            2
2014 03 18 30.1050 31.0224 30.6516      1.1489       1.1489    2.3679            2
2014 03 19 29.6896 30.6060 30.2366      0.7311       0.7311    2.4085            2
2014 03 20 30.1071 31.0226 30.6545      1.1462       1.1462    2.4493            2
2014 03 21 29.6971 30.6116 30.2449      0.7338       0.7338    2.4903            2
2014 03 22 30.1088 31.0224 30.6570      1.1431       1.1431    2.5315            2
2014 03 23 29.7051 30.6176 30.2536      0.7369       0.7369    2.5730            2
2014 03 24 30.1103 31.0217 30.6590      1.1396       1.1396    2.6146            2
2014 03 25 29.7136 30.6239 30.2626      0.7404       0.7404    2.6564            2
2014 03 26 30.1117 31.0208 30.6609      1.1359       1.1359    2.6983            2
2014 03 27 29.7224 30.6304 30.2718      0.7441       0.7441    2.7404            2
2014 03 28 30.1127 31.0195 30.6623      1.1318       1.1318    2.7826            2
2014 03 29 29.7317 30.6373 30.2814      0.7482       0.7482    2.8250            2
2014 03 30 30.1136 31.0179 30.6635      1.1275       1.1275    2.8675            2
2014 03 31 29.7413 30.6443 30.2912      0.7525       0.7525    2.9100            2
2014 04 01 30.1144 31.0161 30.6644      1.1230       1.1230    2.9526            2
2014 04 02 29.7511 30.6514 30.3011      0.7570       0.7570    2.9953            2
2014 04 03 30.1150 31.0139 30.6650      1.1182       1.1182    3.0381            2
2014 04 04 29.7613 30.6588 30.3112      0.7618       0.7618    3.0808            2
2014 04 05 30.1154 31.0115 30.6653      1.1132       1.1132    3.1236            2
2014 04 06 29.7718 30.6664 30.3215      0.7668       0.7668    3.1664            2
2014 04 07 30.1157 31.0088 30.6654      1.1080       1.1080    3.2092            2
2014 04 08 29.7825 30.6741 30.3320      0.7720       0.7720    3.2519            2
2014 04 09 30.1159 31.0060 30.6653      1.1027       1.1027    3.2946            2
2014 04 10 29.7933 30.6818 30.3424      0.7773       0.7773    3.3372            2
2014 04 11 30.1160 31.0029 30.6649      1.0972       1.0972    3.3798            2
2014 04 12 29.8044 30.6897 30.3530      0.7828       0.7828    3.4222            2
2014 04 13 30.1160 30.9996 30.6643      1.0916       1.0916    3.4645            2
2014 04 14 29.8157 30.6976 30.3636      0.7884       0.7884    3.5067            2
2014 04 15 30.1160 30.9962 30.6636      1.0859       1.0859    3.5488            2
2014 04 16 29.8270 30.7055 30.3742      0.7941       0.7941    3.5906            2
2014 04 17 30.1160 30.9927 30.6628      1.0802       1.0802    3.6323            2
2014 04 18 29.8384 30.7133 30.3848      0.7998       0.7998    3.6738            2
2014 04 19 30.1159 30.9890 30.6617      1.0744       1.0744    3.7150            2
2014 04 20 29.8499 30.7212 30.3953      0.8056       0.8056    3.7560            2
2014 04 21 30.1158 30.9852 30.6606      1.0686       1.0686    3.7968            2
2014 04 22 29.8614 30.7290 30.4057      0.8114       0.8114    3.8373            2
2014 04 23 30.1157 30.9814 30.6593      1.0628       1.0628    3.8774            2
2014 04 24 29.8729 30.7367 30.4160      0.8172       0.8172    3.9173            2
2014 04 25 30.1156 30.9774 30.6580      1.0570       1.0570    3.9568            2
2014 04 26 29.8844 30.7444 30.4262      0.8230       0.8230    3.9960            2
2014 04 27 30.1154 30.9734 30.6565      1.0512       1.0512    4.0348            3
2014 04 28 29.8959 30.7519 30.4362      0.8288       0.8288    4.0732            3
2014 04 29 30.1154 30.9694 30.6550      1.0455       1.0455    4.1112            3
2014 04 30 29.9072 30.7593 30.4460      0.8345       0.8345    4.1488            3
2014 05 01 30.1155 30.9655 30.6535      1.0399       1.0399    4.1860            3
2014 05 02 29.9185 30.7664 30.4556      0.8401       0.8401    4.2226            3
2014 05 03 30.1155 30.9614 30.6518      1.0343       1.0343    4.2588            3
2014 05 04 29.9297 30.7735 30.4651      0.8457       0.8457    4.2946            3
2014 05 05 30.1157 30.9574 30.6502      1.0289       1.0289    4.3298            3
2014 05 06 29.9406 30.7803 30.4742      0.8511       0.8511    4.3644            3
2014 05 07 30.1159 30.9535 30.6485      1.0236       1.0236    4.3985            3
2014 05 08 29.9514 30.7869 30.4831      0.8564       0.8564    4.4321            3
2014 05 09 30.1162 30.9495 30.6468      1.0184       1.0184    4.4651            3
2014 05 10 29.9621 30.7933 30.4917      0.8616       0.8616    4.4975            3
2014 05 11 30.1166 30.9457 30.6452      1.0134       1.0134    4.5292            3
2014 05 12 29.9725 30.7994 30.5000      0.8666       0.8666    4.5603            3
2014 05 13 30.1171 30.9418 30.6435      1.0085       1.0085    4.5908            3
2014 05 14 29.9827 30.8053 30.5080      0.8715       0.8715    4.6206            3
2014 05 15 30.1177 30.9381 30.6418      1.0038       1.0038    4.6498            3
2014 05 16 29.9927 30.8109 30.5156      0.8762       0.8762    4.6782            3
2014 05 17 30.1183 30.9344 30.6401      0.9992       0.9992    4.7060            3
2014 05 18 30.0025 30.8163 30.5230      0.8808       0.8808    4.7330            3
2014 05 19 30.1190 30.9307 30.6384      0.9948       0.9948    4.7592            3
2014 05 20 30.0120 30.8214 30.5300      0.8852       0.8852    4.7848            3
2014 05 21 30.1200 30.9273 30.6368      0.9907       0.9907    4.8095            3
2014 05 22 30.0211 30.8262 30.5366      0.8893       0.8893    4.8335            3
2014 05 23 30.1209 30.9238 30.6351      0.9867       0.9867    4.8567            3
2014 05 24 30.0300 30.8307 30.5429      0.8933       0.8933    4.8791            3
2014 05 25 30.1219 30.9204 30.6334      0.9828       0.9828    4.9006            3
2014 05 26 30.0387 30.8349 30.5488      0.8972       0.8972    4.9214            3
2014 05 27 30.1230 30.9171 30.6318      0.9792       0.9792    4.9413            3
2014 05 28 30.0470 30.8388 30.5544      0.9008       0.9008    4.9603            3
2014 05 29 30.1243 30.9139 30.6302      0.9758       0.9758    4.9785            3
2014 05 30 30.0550 30.8424 30.5595      0.9042       0.9042    4.9958            3
2014 05 31 30.1256 30.9109 30.6287      0.9726       0.9726    5.0122            3
2014 06 01 30.0626 30.8457 30.5642      0.9074       0.9074    5.0278            3
2014 06 02 30.1269 30.9078 30.6270      0.9695       0.9695    5.0424            3
2014 06 03 30.0701 30.8488 30.5687      0.9105       0.9105    5.0562            3
2014 06 04 30.1283 30.9048 30.6254      0.9666       0.9666    5.0690            3
2014 06 05 30.0772 30.8516 30.5728      0.9134       0.9134    5.0809            3
2014 06 06 30.1297 30.9020 30.6238      0.9639       0.9639    5.0919            3
2014 06 07 30.0839 30.8540 30.5764      0.9161       0.9161    5.1019            3
2014 06 08 30.1312 30.8992 30.6222      0.9614       0.9614    5.1110            3
2014 06 09 30.0904 30.8562 30.5797      0.9186       0.9186    5.1192            3
2014 06 10 30.1327 30.8964 30.6205      0.9590       0.9590    5.1264            3
2014 06 11 30.0966 30.8582 30.5827      0.9210       0.9210    5.1326            3
2014 06 12 30.1342 30.8937 30.6188      0.9568       0.9568    5.1379            3
2014 06 13 30.1024 30.8598 30.5853      0.9232       0.9232    5.1423            3
2014 06 14 30.1357 30.8910 30.6170      0.9547       0.9547    5.1457            3
2014 06 15 30.1080 30.8613 30.5877      0.9253       0.9253    5.1481            3
2014 06 16 30.1372 30.8884 30.6152      0.9528       0.9528    5.1495            3
2014 06 17 30.1132 30.8624 30.5896      0.9272       0.9272    5.1500            3
2014 06 18 30.1386 30.8858 30.6133      0.9510       0.9510    5.1495            3
2014 06 19 30.1182 30.8634 30.5912      0.9290       0.9290    5.1481            3
2014 06 20 30.1399 30.8831 30.6113      0.9492       0.9492    5.1457            3
2014 06 21 30.1230 30.8642 30.5927      0.9308       0.9308    5.1423            3
2014 06 22 30.1412 30.8805 30.6092      0.9476       0.9476    5.1379            3
2014 06 23 30.1274 30.8648 30.5937      0.9324       0.9324    5.1326            3
2014 06 24 30.1425 30.8779 30.6071      0.9461       0.9461    5.1264            3
2014 06 25 30.1316 30.8651 30.5945      0.9339       0.9339    5.1192            3
2014 06 26 30.1436 30.8752 30.6047      0.9446       0.9446    5.1110            3
2014 06 27 30.1356 30.8654 30.5950      0.9354       0.9354    5.1019            3
2014 06 28 30.1444 30.8724 30.6022      0.9431       0.9431    5.0919            3
2014 06 29 30.1394 30.8655 30.5954      0.9369       0.9369    5.0809            3
2014 06 30 30.1453 30.8696 30.5996      0.9417       0.9417    5.0690            3
2014 07 01 30.1429 30.8655 30.5955      0.9383       0.9383    5.0562            3
2014 07 02 30.1459 30.8668 30.5968      0.9403       0.9403    5.0424            3
2014 07 03 30.1463 30.8654 30.5954      0.9397       0.9397    5.0278            3
2014 07 04 30.1465 30.8639 30.5939      0.9390       0.9390    5.0122            3
2014 07 05 30.1493 30.8651 30.5950      0.9410       0.9410    4.9958            3
2014 07 06 30.1467 30.8608 30.5907      0.9376       0.9376    4.9785            3
2014 07 07 30.1523 30.8648 30.5945      0.9424       0.9424    4.9603            3
2014 07 08 30.1468 30.8577 30.5873      0.9362       0.9362    4.9413            3
2014 07 09 30.1551 30.8644 30.5939      0.9438       0.9438    4.9214            3
2014 07 10 30.1466 30.8544 30.5837      0.9347       0.9347    4.9006            3
2014 07 11 30.1578 30.8640 30.5932      0.9453       0.9453    4.8791            3
2014 07 12 30.1462 30.8510 30.5799      0.9332       0.9332    4.8567            3
2014 07 13 30.1603 30.8636 30.5923      0.9468       0.9468    4.8335            3
2014 07 14 30.1455 30.8474 30.5758      0.9316       0.9316    4.8095            3
2014 07 15 30.1627 30.8631 30.5913      0.9484       0.9484    4.7848            3
2014 07 16 30.1445 30.8436 30.5715      0.9299       0.9299    4.7592            3
2014 07 17 30.1650 30.8627 30.5903      0.9501       0.9501    4.7330            3
2014 07 18 30.1432 30.8397 30.5668      0.9281       0.9281    4.7060            3
2014 07 19 30.1672 30.8624 30.5892      0.9519       0.9519    4.6782            3
2014 07 20 30.1417 30.8356 30.5620      0.9263       0.9263    4.6498            3
2014 07 21 30.1692 30.8619 30.5879      0.9537       0.9537    4.6206            3
2014 07 22 30.1397 30.8313 30.5568      0.9242       0.9242    4.5908            3
2014 07 23 30.1713 30.8617 30.5868      0.9558       0.9558    4.5603            3
2014 07 24 30.1376 30.8268 30.5514      0.9221       0.9221    4.5292            3
2014 07 25 30.1732 30.8614 30.5855      0.9579       0.9579    4.4975            3
2014 07 26 30.1350 30.8221 30.5456      0.9198       0.9198    4.4651            3
2014 07 27 30.1752 30.8612 30.5842      0.9602       0.9602    4.4321            3
2014 07 28 30.1321 30.8172 30.5396      0.9174       0.9174    4.3985            3
2014 07 29 30.1770 30.8611 30.5829      0.9626       0.9626    4.3644            3
2014 07 30 30.1287 30.8120 30.5332      0.9147       0.9147    4.3298            3
2014 07 31 30.1789 30.8613 30.5818      0.9653       0.9653    4.2946            3
2014 08 01 30.1252 30.8067 30.5266      0.9120       0.9120    4.2588            3
2014 08 02 30.1807 30.8613 30.5806      0.9680       0.9680    4.2226            3
2014 08 03 30.1211 30.8010 30.5195      0.9090       0.9090    4.1860            3
2014 08 04 30.1825 30.8617 30.5795      0.9710       0.9710    4.1488            3
2014 08 05 30.1167 30.7951 30.5122      0.9058       0.9058    4.1112            3
2014 08 06 30.1844 30.8621 30.5784      0.9742       0.9742    4.0732            3
2014 08 07 30.1120 30.7891 30.5046      0.9025       0.9025    4.0348            3
2014 08 08 30.1862 30.8627 30.5774      0.9775       0.9775    3.9960            2
2014 08 09 30.1068 30.7828 30.4967      0.8990       0.8990    3.9568            2
2014 08 10 30.1879 30.8634 30.5764      0.9810       0.9810    3.9173            2
2014 08 11 30.1013 30.7762 30.4884      0.8953       0.8953    3.8774            2
2014 08 12 30.1897 30.8642 30.5755      0.9847       0.9847    3.8373            2
2014 08 13 30.0954 30.7695 30.4799      0.8914       0.8914    3.7968            2
2014 08 14 30.1916 30.8652 30.5747      0.9886       0.9886    3.7560            2
2014 08 15 30.0891 30.7625 30.4711      0.8873       0.8873    3.7150            2
2014 08 16 30.1934 30.8664 30.5741      0.9927       0.9927    3.6738            2
2014 08 17 30.0825 30.7552 30.4619      0.8830       0.8830    3.6323            2
2014 08 18 30.1952 30.8678 30.5735      0.9970       0.9970    3.5906            2
2014 08 19 30.0754 30.7478 30.4525      0.8785       0.8785    3.5488            2
2014 08 20 30.1971 30.8693 30.5730      1.0015       1.0015    3.5067            2
2014 08 21 30.0681 30.7402 30.4429      0.8739       0.8739    3.4645            2
2014 08 22 30.1989 30.8709 30.5725      1.0061       1.0061    3.4222            2
2014 08 23 30.0604 30.7324 30.4330      0.8691       0.8691    3.3798            2
2014 08 24 30.2007 30.8727 30.5722      1.0109       1.0109    3.3372            2
2014 08 25 30.0524 30.7244 30.4228      0.8641       0.8641    3.2946            2
2014 08 26 30.2026 30.8747 30.5720      1.0159       1.0159    3.2519            2
2014 08 27 30.0441 30.7162 30.4124      0.8590       0.8590    3.2092            2
2014 08 28 30.2044 30.8767 30.5718      1.0210       1.0210    3.1664            2
2014 08 29 30.0355 30.7080 30.4019      0.8538       0.8538    3.1236            2
2014 08 30 30.2062 30.8789 30.5716      1.0262       1.0262    3.0808            2
2014 08 31 30.0266 30.6996 30.3911      0.8484       0.8484    3.0381            2
2014 09 01 30.2080 30.8812 30.5716      1.0316       1.0316    2.9953            2
2014 09 02 30.0174 30.6910 30.3802      0.8429       0.8429    2.9526            2
2014 09 03 30.2097 30.8837 30.5717      1.0371       1.0371    2.9100            2
2014 09 04 30.0080 30.6824 30.3692      0.8373       0.8373    2.8675            2
2014 09 05 30.2114 30.8863 30.5718      1.0427       1.0427    2.8250            2
2014 09 06 29.9983 30.6736 30.3580      0.8316       0.8316    2.7826            2
2014 09 07 30.2131 30.8889 30.5720      1.0484       1.0484    2.7404            2
2014 09 08 29.9885 30.6649 30.3467      0.8259       0.8259    2.6983            2
2014 09 09 30.2146 30.8916 30.5721      1.0541       1.0541    2.6564            2
2014 09 10 29.9784 30.6561 30.3354      0.8201       0.8201    2.6146            2
2014 09 11 30.2161 30.8944 30.5724      1.0599       1.0599    2.5730            2
2014 09 12 29.9683 30.6473 30.3240      0.8143       0.8143    2.5315            2
2014 09 13 30.2174 30.8972 30.5726      1.0657       1.0657    2.4903            2
2014 09 14 29.9580 30.6385 30.3126      0.8085       0.8085    2.4493            2
2014 09 15 30.2187 30.9000 30.5728      1.0715       1.0715    2.4085            2
2014 09 16 29.9475 30.6298 30.3012      0.8027       0.8027    2.3679            2
2014 09 17 30.2198 30.9029 30.5730      1.0773       1.0773    2.3276            2
2014 09 18 29.9370 30.6210 30.2898      0.7969       0.7969    2.2876            2
2014 09 19 30.2208 30.9058 30.5732      1.0831       1.0831    2.2478            2
2014 09 20 29.9265 30.6125 30.2785      0.7912       0.7912    2.2083            2
2014 09 21 30.2216 30.9086 30.5733      1.0888       1.0888    2.1691            2
2014 09 22 29.9160 30.6040 30.2674      0.7856       0.7856    2.1301            2
2014 09 23 30.2222 30.9114 30.5734      1.0944       1.0944    2.0915            2
2014 09 24 29.9054 30.5957 30.2563      0.7801       0.7801    2.0532            2
2014 09 25 30.2227 30.9141 30.5733      1.0999       1.0999    2.0152            2
2014 09 26 29.8948 30.5874 30.2453      0.7746       0.7746    1.9776            2
2014 09 27 30.2230 30.9168 30.5733      1.1054       1.1054    1.9403            2
2014 09 28 29.8844 30.5794 30.2346      0.7694       0.7694    1.9033            2
2014 09 29 30.2230 30.9193 30.5731      1.1106       1.1106    1.8667            2
2014 09 30 29.8740 30.5716 30.2241      0.7643       0.7643    1.8305            2
2014 10 01 30.2227 30.9217 30.5728      1.1157       1.1157    1.7946            2
2014 10 02 29.8638 30.5641 30.2138      0.7594       0.7594    1.7591            2
2014 10 03 30.2223 30.9240 30.5723      1.1206       1.1206    1.7239            2
2014 10 04 29.8536 30.5568 30.2037      0.7547       0.7547    1.6892            2
2014 10 05 30.2215 30.9261 30.5717      1.1253       1.1253    1.6548            2
2014 10 06 29.8438 30.5499 30.1940      0.7503       0.7503    1.6209            2
2014 10 07 30.2204 30.9280 30.5708      1.1297       1.1297    1.5873            2
2014 10 08 29.8340 30.5432 30.1846      0.7461       0.7461    1.5542            2
2014 10 09 30.2191 30.9298 30.5698      1.1339       1.1339    1.5214            2
2014 10 10 29.8246 30.5369 30.1756      0.7422       0.7422    1.4891            2
2014 10 11 30.2174 30.9313 30.5686      1.1378       1.1378    1.4571            2
2014 10 12 29.8154 30.5310 30.1669      0.7386       0.7386    1.4256            2
2014 10 13 30.2153 30.9326 30.5672      1.1414       1.1414    1.3945            2
2014 10 14 29.8064 30.5254 30.1586      0.7353       0.7353    1.3639            2
2014 10 15 30.2130 30.9337 30.5656      1.1447       1.1447    1.3336            2
2014 10 16 29.7979 30.5203 30.1508      0.7324       0.7324    1.3038            2
2014 10 17 30.2102 30.9344 30.5636      1.1476       1.1476    1.2744            2
2014 10 18 29.7896 30.5155 30.1435      0.7298       0.7298    1.2455            2
2014 10 19 30.2071 30.9349 30.5615      1.1502       1.1502    1.2169            2
2014 10 20 29.7818 30.5114 30.1367      0.7277       0.7277    1.1888            2
2014 10 21 30.2035 30.9350 30.5590      1.1523       1.1523    1.1612            2
2014 10 22 29.7743 30.5076 30.1303      0.7259       0.7259    1.1339            2
2014 10 23 30.1996 30.9349 30.5562      1.1541       1.1541    1.1071            2
2014 10 24 29.7672 30.5043 30.1244      0.7245       0.7245    1.0807            2
2014 10 25 30.1953 30.9344 30.5532      1.1555       1.1555    1.0548            2
2014 10 26 29.7606 30.5016 30.1192      0.7236       0.7236    1.0293            2
2014 10 27 30.1905 30.9335 30.5498      1.1564       1.1564    1.0042            2
2014 10 28 29.7544 30.4994 30.1144      0.7231       0.7231    0.9795            1
2014 10 29 30.1854 30.9323 30.5462      1.1569       1.1569    0.9553            1
2014 10 30 29.7486 30.4976 30.1102      0.7230       0.7230    0.9315            1
2014 10 31 30.1798 30.9308 30.5422      1.1570       1.1570    0.9081            1
2014 11 01 29.7434 30.4965 30.1067      0.7234       0.7234    0.8851            1
2014 11 02 30.1738 30.9289 30.5379      1.1566       1.1566    0.8626            1
2014 11 03 29.7387 30.4959 30.1038      0.7243       0.7243    0.8404            1
2014 11 04 30.1674 30.9266 30.5333      1.1557       1.1557    0.8187            1
2014 11 05 29.7346 30.4959 30.1015      0.7257       0.7257    0.7974            1
2014 11 06 30.1604 30.9239 30.5283      1.1543       1.1543    0.7765            1
2014 11 07 29.7309 30.4965 30.0997      0.7275       0.7275    0.7560            1
2014 11 08 30.1532 30.9209 30.5230      1.1525       1.1525    0.7360            1
2014 11 09 29.7278 30.4977 30.0987      0.7299       0.7299    0.7163            1
2014 11 10 30.1453 30.9173 30.5173      1.1501       1.1501    0.6970            1
2014 11 11 29.7253 30.4994 30.0983      0.7327       0.7327    0.6781            1
2014 11 12 30.1372 30.9135 30.5114      1.1473       1.1473    0.6596            1
2014 11 13 29.7232 30.5017 30.0985      0.7360       0.7360    0.6414            1
2014 11 14 30.1286 30.9093 30.5051      1.1440       1.1440    0.6237            1
2014 11 15 29.7218 30.5047 30.0994      0.7398       0.7398    0.6063            1
2014 11 16 30.1196 30.9046 30.4984      1.1402       1.1402    0.5893            1
2014 11 17 29.7209 30.5082 30.1010      0.7441       0.7441    0.5727            1
2014 11 18 30.1102 30.8996 30.4915      1.1359       1.1359    0.5564            1
2014 11 19 29.7207 30.5123 30.1032      0.7489       0.7489    0.5405            1
2014 11 20 30.1004 30.8942 30.4842      1.1311       1.1311    0.5250            1
2014 11 21 29.7209 30.5169 30.1060      0.7541       0.7541    0.5098            1
2014 11 22 30.0902 30.8885 30.4767      1.1259       1.1259    0.4950            1
2014 11 23 29.7217 30.5221 30.1095      0.7598       0.7598    0.4805            1
2014 11 24 30.0797 30.8823 30.4689      1.1202       1.1202    0.4663            1
2014 11 25 29.7231 30.5280 30.1137      0.7660       0.7660    0.4525            1
2014 11 26 30.0688 30.8758 30.4607      1.1140       1.1140    0.4389            1
2014 11 27 29.7251 30.5343 30.1184      0.7726       0.7726    0.4258            1
2014 11 28 30.0576 30.8690 30.4523      1.1074       1.1074    0.4129            1
2014 11 29 29.7276 30.5412 30.1238      0.7797       0.7797    0.4003            1
2014 11 30 30.0460 30.8618 30.4436      1.1003       1.1003    0.3881            1
2014 12 01 29.7306 30.5486 30.1297      0.7871       0.7871    0.3762            1
2014 12 02 30.0342 30.8544 30.4348      1.0929       1.0929    0.3645            1
2014 12 03 29.7342 30.5565 30.1363      0.7950       0.7950    0.3532            1
2014 12 04 30.0221 30.8466 30.4257      1.0850       1.0850    0.3421            1
2014 12 05 29.7382 30.5649 30.1434      0.8032       0.8032    0.3314            1
2014 12 06 30.0098 30.8386 30.4165      1.0768       1.0768    0.3209            1
2014 12 07 29.7428 30.5737 30.1510      0.8118       0.8118    0.3106            1
2014 12 08 29.9972 30.8303 30.4070      1.0682       1.0682    0.3007            1
2014 12 09 29.7479 30.5831 30.1593      0.8208       0.8208    0.2910            1
2014 12 10 29.9844 30.8217 30.3974      1.0592       1.0592    0.2816            1
2014 12 11 29.7533 30.5928 30.1679      0.8300       0.8300    0.2724            1
2014 12 12 29.9715 30.8130 30.3877      1.0500       1.0500    0.2635            1
2014 12 13 29.7593 30.6029 30.1772      0.8396       0.8396    0.2548            1
2014 12 14 29.9584 30.8041 30.3779      1.0404       1.0404    0.2464            1
2014 12 15 29.7657 30.6134 30.1868      0.8494       0.8494    0.2382            1
2014 12 16 29.9452 30.7950 30.3680      1.0306       1.0306    0.2302            1
2014 12 17 29.7725 30.6243 30.1969      0.8595       0.8595    0.2224            1
2014 12 18 29.9319 30.7857 30.3580      1.0205       1.0205    0.2149            1
2014 12 19 29.7796 30.6355 30.2075      0.8698       0.8698    0.2076            1
2014 12 20 29.9185 30.7763 30.3480      1.0102       1.0102    0.2005            1
2014 12 21 29.7871 30.6468 30.2183      0.8802       0.8802    0.1936            1
2014 12 22 29.9053 30.7670 30.3381      0.9998       0.9998    0.1869            1
2014 12 23 29.7950 30.6586 30.2296      0.8909       0.8909    0.1804            1
2014 12 24 29.8919 30.7574 30.3281      0.9891       0.9891    0.1741            1
2014 12 25 29.8032 30.6706 30.2412      0.9017       0.9017    0.1680            1
2014 12 26 29.8785 30.7478 30.3182      0.9783       0.9783    0.1621            1
2014 12 27 29.8115 30.6826 30.2529      0.9125       0.9125    0.1563            1
2014 12 28 29.8654 30.7383 30.3085      0.9675       0.9675    0.1507            1
2014 12 29 29.8203 30.6950 30.2651      0.9235       0.9235    0.1453            1
2014 12 30 29.8522 30.7287 30.2988      0.9565       0.9565    0.1401            1
2014 12 31 29.8347 30.7130 30.2830      0.9400       0.9400    0.1350            1
2015 01 01 29.8437 30.7237 30.2937      0.9500       0.9500    0.3966            1
2015 01 02 29.8428 30.7245 30.2945      0.9500       0.9500    0.4092            1
2015 01 03 29.8529 30.7363 30.3064      0.9610       0.9610    0.4221            1
2015 01 04 29.8301 30.7151 30.2852      0.9390       0.9390    0.4353            1
2015 01 05 29.8623 30.7490 30.3192      0.9720       0.9720    0.4489            1
2015 01 06 29.8176 30.7059 30.2762      0.9280       0.9280    0.4628            1
2015 01 07 29.8718 30.7616 30.3321      0.9829       0.9829    0.4771            1
2015 01 08 29.8053 30.6968 30.2673      0.9171       0.9171    0.4916            1
2015 01 09 29.8813 30.7743 30.3451      0.9937       0.9937    0.5066            1
2015 01 10 29.7934 30.6879 30.2588      0.9063       0.9063    0.5219            1
2015 01 11 29.8911 30.7870 30.3582      1.0045       1.0045    0.5375            1
2015 01 12 29.7816 30.6790 30.2505      0.8955       0.8955    0.5535            1
2015 01 13 29.9007 30.7995 30.3712      1.0150       1.0150    0.5699            1
2015 01 14 29.7704 30.6706 30.2426      0.8850       0.8850    0.5867            1
2015 01 15 29.9105 30.8120 30.3843      1.0254       1.0254    0.6038            1
2015 01 16 29.7594 30.6623 30.2350      0.8746       0.8746    0.6214            1
2015 01 17 29.9202 30.8244 30.3974      1.0356       1.0356    0.6393            1
2015 01 18 29.7489 30.6543 30.2277      0.8644       0.8644    0.6576            1
2015 01 19 29.9298 30.8365 30.4103      1.0455       1.0455    0.6763            1
2015 01 20 29.7388 30.6467 30.2209      0.8545       0.8545    0.6954            1
2015 01 21 29.9395 30.8485 30.4232      1.0552       1.0552    0.7149            1
2015 01 22 29.7291 30.6393 30.2145      0.8448       0.8448    0.7349            1
2015 01 23 29.9490 30.8603 30.4360      1.0646       1.0646    0.7552            1
2015 01 24 29.7199 30.6323 30.2085      0.8354       0.8354    0.7760            1
2015 01 25 29.9584 30.8718 30.4486      1.0737       1.0737    0.7971            1
2015 01 26 29.7113 30.6257 30.2030      0.8263       0.8263    0.8188            1
2015 01 27 29.9677 30.8831 30.4610      1.0825       1.0825    0.8408            1
2015 01 28 29.7031 30.6194 30.1979      0.8175       0.8175    0.8632            1
2015 01 29 29.9769 30.8941 30.4732      1.0909       1.0909    0.8861            1
2015 01 30 29.6955 30.6136 30.1934      0.8091       0.8091    0.9095            1
2015 01 31 29.9859 30.9048 30.4852      1.0990       1.0990    0.9332            1
2015 02 01 29.6884 30.6081 30.1893      0.8010       0.8010    0.9575            1
2015 02 02 29.9947 30.9152 30.4970      1.1067       1.1067    0.9821            1
2015 02 03 29.6819 30.6031 30.1857      0.7933       0.7933    1.0072            2
2015 02 04 30.0032 30.9251 30.5084      1.1139       1.1139    1.0328            2
2015 02 05 29.6761 30.5987 30.1827      0.7861       0.7861    1.0588            2
2015 02 06 30.0114 30.9346 30.5195      1.1207       1.1207    1.0852            2
2015 02 07 29.6708 30.5946 30.1803      0.7793       0.7793    1.1121            2
2015 02 08 30.0195 30.9438 30.5304      1.1271       1.1271    1.1395            2
2015 02 09 29.6662 30.5911 30.1784      0.7729       0.7729    1.1673            2
2015 02 10 30.0274 30.9527 30.5409      1.1331       1.1331    1.1956            2
2015 02 11 29.6622 30.5879 30.1770      0.7669       0.7669    1.2243            2
2015 02 12 30.0348 30.9610 30.5510      1.1385       1.1385    1.2535            2
2015 02 13 29.6589 30.5854 30.1763      0.7615       0.7615    1.2831            2
2015 02 14 30.0421 30.9690 30.5608      1.1436       1.1436    1.3132            2
2015 02 15 29.6561 30.5832 30.1761      0.7564       0.7564    1.3437            2
2015 02 16 30.0490 30.9764 30.5702      1.1481       1.1481    1.3747            2
2015 02 17 29.6541 30.5817 30.1765      0.7519       0.7519    1.4061            2
2015 02 18 30.0556 30.9834 30.5792      1.1521       1.1521    1.4380            2
2015 02 19 29.6528 30.5807 30.1775      0.7479       0.7479    1.4704            2
2015 02 20 30.0620 30.9900 30.5878      1.1557       1.1557    1.5031            2
2015 02 21 29.6520 30.5801 30.1790      0.7443       0.7443    1.5364            2
2015 02 22 30.0680 30.9961 30.5960      1.1588       1.1588    1.5700            2
2015 02 23 29.6519 30.5800 30.1810      0.7412       0.7412    1.6041            2
2015 02 24 30.0737 31.0017 30.6038      1.1614       1.1614    1.6386            2
2015 02 25 29.6525 30.5804 30.1837      0.7386       0.7386    1.6736            2
2015 02 26 30.0789 31.0067 30.6111      1.1634       1.1634    1.7090            2
2015 02 27 29.6538 30.5814 30.1870      0.7366       0.7366    1.7448            2
2015 02 28 30.0841 31.0115 30.6181      1.1651       1.1651    1.7810            2
2015 03 01 29.6556 30.5828 30.1906      0.7349       0.7349    1.8177            2
2015 03 02 30.0887 31.0156 30.6246      1.1662       1.1662    1.8547            2
2015 03 03 29.6582 30.5847 30.1949      0.7338       0.7338    1.8921            2
2015 03 04 30.0930 31.0192 30.6306      1.1668       1.1668    1.9300            2
2015 03 05 29.6614 30.5872 30.1998      0.7332       0.7332    1.9682            2
2015 03 06 30.0971 31.0225 30.6363      1.1670       1.1670    2.0068            2
2015 03 07 29.6651 30.5900 30.2051      0.7330       0.7330    2.0458            2
2015 03 08 30.1008 31.0252 30.6415      1.1667       1.1667    2.0851            2
2015 03 09 29.6695 30.5933 30.2109      0.7333       0.7333    2.1248            2
2015 03 10 30.1043 31.0275 30.6464      1.1660       1.1660    2.1648            2
2015 03 11 29.6744 30.5970 30.2171      0.7340       0.7340    2.2052            2
2015 03 12 30.1074 31.0294 30.6508      1.1649       1.1649    2.2459            2
2015 03 13 29.6798 30.6011 30.2238      0.7351       0.7351    2.2870            2
2015 03 14 30.1103 31.0308 30.6548      1.1633       1.1633    2.3283            2
2015 03 15 29.6859 30.6057 30.2310      0.7367       0.7367    2.3700            2
2015 03 16 30.1128 31.0318 30.6584      1.1613       1.1613    2.4120            2
2015 03 17 29.6925 30.6107 30.2386      0.7387       0.7387    2.4542            2
2015 03 18 30.1150 31.0324 30.6616      1.1589       1.1589    2.4967            2
2015 03 19 29.6996 30.6160 30.2466      0.7411       0.7411    2.5394            2
2015 03 20 30.1171 31.0326 30.6645      1.1562       1.1562    2.5825            2
2015 03 21 29.7071 30.6216 30.2549      0.7438       0.7438    2.6257            2
2015 03 22 30.1188 31.0324 30.6670      1.1531       1.1531    2.6692            2
2015 03 23 29.7151 30.6276 30.2636      0.7469       0.7469    2.7129            2
2015 03 24 30.1203 31.0317 30.6690      1.1496       1.1496    2.7567            2
2015 03 25 29.7236 30.6339 30.2726      0.7504       0.7504    2.8008            2
2015 03 26 30.1217 31.0308 30.6709      1.1459       1.1459    2.8450            2
2015 03 27 29.7324 30.6404 30.2818      0.7541       0.7541    2.8894            2
2015 03 28 30.1227 31.0295 30.6723      1.1418       1.1418    2.9339            2
2015 03 29 29.7417 30.6473 30.2914      0.7582       0.7582    2.9786            2
2015 03 30 30.1236 31.0279 30.6735      1.1375       1.1375    3.0234            2
2015 03 31 29.7513 30.6543 30.3012      0.7625       0.7625    3.0682            2
2015 04 01 30.1244 31.0261 30.6744      1.1330       1.1330    3.1132            2
2015 04 02 29.7611 30.6614 30.3111      0.7670       0.7670    3.1582            2
2015 04 03 30.1250 31.0239 30.6750      1.1282       1.1282    3.2033            2
2015 04 04 29.7713 30.6688 30.3212      0.7718       0.7718    3.2483            2
2015 04 05 30.1254 31.0215 30.6753      1.1232       1.1232    3.2935            2
2015 04 06 29.7818 30.6764 30.3315      0.7768       0.7768    3.3386            2
2015 04 07 30.1257 31.0188 30.6754      1.1180       1.1180    3.3837            2
2015 04 08 29.7925 30.6841 30.3420      0.7820       0.7820    3.4287            2
2015 04 09 30.1259 31.0160 30.6753      1.1127       1.1127    3.4737            2
2015 04 10 29.8033 30.6918 30.3524      0.7873       0.7873    3.5187            2
2015 04 11 30.1260 31.0129 30.6749      1.1072       1.1072    3.5635            2
2015 04 12 29.8144 30.6997 30.3630      0.7928       0.7928    3.6083            2
2015 04 13 30.1260 31.0096 30.6743      1.1016       1.1016    3.6529            2
2015 04 14 29.8257 30.7076 30.3736      0.7984       0.7984    3.6974            2
2015 04 15 30.1260 31.0062 30.6736      1.0959       1.0959    3.7417            2
2015 04 16 29.8370 30.7155 30.3842      0.8041       0.8041    3.7859            2
2015 04 17 30.1260 31.0027 30.6728      1.0902       1.0902    3.8298            2
2015 04 18 29.8484 30.7233 30.3948      0.8098       0.8098    3.8735            2
2015 04 19 30.1259 30.9990 30.6717      1.0844       1.0844    3.9170            2
2015 04 20 29.8599 30.7312 30.4053      0.8156       0.8156    3.9603            2
2015 04 21 30.1258 30.9952 30.6706      1.0786       1.0786    4.0032            3
2015 04 22 29.8714 30.7390 30.4157      0.8214       0.8214    4.0459            3
2015 04 23 30.1257 30.9914 30.6693      1.0728       1.0728    4.0882            3
2015 04 24 29.8829 30.7467 30.4260      0.8272       0.8272    4.1303            3
2015 04 25 30.1256 30.9874 30.6680      1.0670       1.0670    4.1719            3
2015 04 26 29.8944 30.7544 30.4362      0.8330       0.8330    4.2132            3
2015 04 27 30.1254 30.9834 30.6665      1.0612       1.0612    4.2542            3
2015 04 28 29.9059 30.7619 30.4462      0.8388       0.8388    4.2947            3
2015 04 29 30.1254 30.9794 30.6650      1.0555       1.0555    4.3347            3
2015 04 30 29.9172 30.7693 30.4560      0.8445       0.8445    4.3744            3
2015 05 01 30.1255 30.9755 30.6635      1.0499       1.0499    4.4135            3
2015 05 02 29.9285 30.7764 30.4656      0.8501       0.8501    4.4522            3
2015 05 03 30.1255 30.9714 30.6618      1.0443       1.0443    4.4904            3
2015 05 04 29.9397 30.7835 30.4751      0.8557       0.8557    4.5281            3
2015 05 05 30.1257 30.9674 30.6602      1.0389       1.0389    4.5652            3
2015 05 06 29.9506 30.7903 30.4842      0.8611       0.8611    4.6017            3
2015 05 07 30.1259 30.9635 30.6585      1.0336       1.0336    4.6377            3
2015 05 08 29.9614 30.7969 30.4931      0.8664       0.8664    4.6731            3
2015 05 09 30.1262 30.9595 30.6568      1.0284       1.0284    4.7078            3
2015 05 10 29.9721 30.8033 30.5017      0.8716       0.8716    4.7420            3
2015 05 11 30.1266 30.9557 30.6552      1.0234       1.0234    4.7755            3
2015 05 12 29.9825 30.8094 30.5100      0.8766       0.8766    4.8083            3
2015 05 13 30.1271 30.9518 30.6535      1.0185       1.0185    4.8404            3
2015 05 14 29.9927 30.8153 30.5180      0.8815       0.8815    4.8719            3
2015 05 15 30.1277 30.9481 30.6518      1.0138       1.0138    4.9026            3
2015 05 16 30.0027 30.8209 30.5256      0.8862       0.8862    4.9326            3
2015 05 17 30.1283 30.9444 30.6501      1.0092       1.0092    4.9618            3
2015 05 18 30.0125 30.8263 30.5330      0.8908       0.8908    4.9903            3
2015 05 19 30.1290 30.9407 30.6484      1.0048       1.0048    5.0180            3
2015 05 20 30.0220 30.8314 30.5400      0.8952       0.8952    5.0449            3
2015 05 21 30.1300 30.9373 30.6468      1.0007       1.0007    5.0710            3
2015 05 22 30.0311 30.8362 30.5466      0.8993       0.8993    5.0963            3
2015 05 23 30.1309 30.9338 30.6451      0.9967       0.9967    5.1207            3
2015 05 24 30.0400 30.8407 30.5529      0.9033       0.9033    5.1443            3
2015 05 25 30.1319 30.9304 30.6434      0.9928       0.9928    5.1671            3
2015 05 26 30.0487 30.8449 30.5588      0.9072       0.9072    5.1889            3
2015 05 27 30.1330 30.9271 30.6418      0.9892       0.9892    5.2099            3
2015 05 28 30.0570 30.8488 30.5644      0.9108       0.9108    5.2300            3
2015 05 29 30.1343 30.9239 30.6402      0.9858       0.9858    5.2492            3
2015 05 30 30.0650 30.8524 30.5695      0.9142       0.9142    5.2674            3
2015 05 31 30.1356 30.9209 30.6387      0.9826       0.9826    5.2847            3
2015 06 01 30.0726 30.8557 30.5742      0.9174       0.9174    5.3011            3
2015 06 02 30.1369 30.9178 30.6370      0.9795       0.9795    5.3166            3
2015 06 03 30.0801 30.8588 30.5787      0.9205       0.9205    5.3311            3
2015 06 04 30.1383 30.9148 30.6354      0.9766       0.9766    5.3446            3
2015 06 05 30.0872 30.8616 30.5828      0.9234       0.9234    5.3571            3
2015 06 06 30.1397 30.9120 30.6338      0.9739       0.9739    5.3687            3
2015 06 07 30.0939 30.8640 30.5864      0.9261       0.9261    5.3793            3
2015 06 08 30.1412 30.9092 30.6322      0.9714       0.9714    5.3889            3
2015 06 09 30.1004 30.8662 30.5897      0.9286       0.9286    5.3975            3
2015 06 10 30.1427 30.9064 30.6305      0.9690       0.9690    5.4051            3
2015 06 11 30.1066 30.8682 30.5927      0.9310       0.9310    5.4117            3
2015 06 12 30.1442 30.9037 30.6288      0.9668       0.9668    5.4173            3
2015 06 13 30.1124 30.8698 30.5953      0.9332       0.9332    5.4219            3
2015 06 14 30.1457 30.9010 30.6270      0.9647       0.9647    5.4254            3
2015 06 15 30.1180 30.8713 30.5977      0.9353       0.9353    5.4280            3
2015 06 16 30.1472 30.8984 30.6252      0.9628       0.9628    5.4295            3
2015 06 17 30.1232 30.8724 30.5996      0.9372       0.9372    5.4300            3
2015 06 18 30.1486 30.8958 30.6233      0.9610       0.9610    5.4295            3
2015 06 19 30.1282 30.8734 30.6012      0.9390       0.9390    5.4280            3
2015 06 20 30.1499 30.8931 30.6213      0.9592       0.9592    5.4254            3
2015 06 21 30.1330 30.8742 30.6027      0.9408       0.9408    5.4219            3
2015 06 22 30.1512 30.8905 30.6192      0.9576       0.9576    5.4173            3
2015 06 23 30.1374 30.8748 30.6037      0.9424       0.9424    5.4117            3
2015 06 24 30.1525 30.8879 30.6171      0.9561       0.9561    5.4051            3
2015 06 25 30.1416 30.8751 30.6045      0.9439       0.9439    5.3975            3
2015 06 26 30.1536 30.8852 30.6147      0.9546       0.9546    5.3889            3
2015 06 27 30.1456 30.8754 30.6050      0.9454       0.9454    5.3793            3
2015 06 28 30.1544 30.8824 30.6122      0.9531       0.9531    5.3687            3
2015 06 29 30.1494 30.8755 30.6054      0.9469       0.9469    5.3571            3
2015 06 30 30.1553 30.8796 30.6096      0.9517       0.9517    5.3446            3
2015 07 01 30.1529 30.8755 30.6055      0.9483       0.9483    5.3311            3
2015 07 02 30.1559 30.8768 30.6068      0.9503       0.9503    5.3166            3
2015 07 03 30.1563 30.8754 30.6054      0.9497       0.9497    5.3011            3
2015 07 04 30.1565 30.8739 30.6039      0.9490       0.9490    5.2847            3
2015 07 05 30.1593 30.8751 30.6050      0.9510       0.9510    5.2674            3
2015 07 06 30.1567 30.8708 30.6007      0.9476       0.9476    5.2492            3
2015 07 07 30.1623 30.8748 30.6045      0.9524       0.9524    5.2300            3
2015 07 08 30.1568 30.8677 30.5973      0.9462       0.9462    5.2099            3
2015 07 09 30.1651 30.8744 30.6039      0.9538       0.9538    5.1889            3
2015 07 10 30.1566 30.8644 30.5937      0.9447       0.9447    5.1671            3
2015 07 11 30.1678 30.8740 30.6032      0.9553       0.9553    5.1443            3
2015 07 12 30.1562 30.8610 30.5899      0.9432       0.9432    5.1207            3
2015 07 13 30.1703 30.8736 30.6023      0.9568       0.9568    5.0963            3
2015 07 14 30.1555 30.8574 30.5858      0.9416       0.9416    5.0710            3
2015 07 15 30.1727 30.8731 30.6013      0.9584       0.9584    5.0449            3
2015 07 16 30.1545 30.8536 30.5815      0.9399       0.9399    5.0180            3
2015 07 17 30.1750 30.8727 30.6003      0.9601       0.9601    4.9903            3
2015 07 18 30.1532 30.8497 30.5768      0.9381       0.9381    4.9618            3
2015 07 19 30.1772 30.8724 30.5992      0.9619       0.9619    4.9326            3
2015 07 20 30.1517 30.8456 30.5720      0.9363       0.9363    4.9026            3
2015 07 21 30.1792 30.8719 30.5979      0.9637       0.9637    4.8719            3
2015 07 22 30.1497 30.8413 30.5668      0.9342       0.9342    4.8404            3
2015 07 23 30.1813 30.8717 30.5968      0.9658       0.9658    4.8083            3
2015 07 24 30.1476 30.8368 30.5614      0.9321       0.9321    4.7755            3
2015 07 25 30.1832 30.8714 30.5955      0.9679       0.9679    4.7420            3
2015 07 26 30.1450 30.8321 30.5556      0.9298       0.9298    4.7078            3
2015 07 27 30.1852 30.8712 30.5942      0.9702       0.9702    4.6731            3
2015 07 28 30.1421 30.8272 30.5496      0.9274       0.9274    4.6377            3
2015 07 29 30.1870 30.8711 30.5929      0.9726       0.9726    4.6017            3
2015 07 30 30.1387 30.8220 30.5432      0.9247       0.9247    4.5652            3
2015 07 31 30.1889 30.8713 30.5918      0.9753       0.9753    4.5281            3
2015 08 01 30.1352 30.8167 30.5366      0.9220       0.9220    4.4904            3
2015 08 02 30.1907 30.8713 30.5906      0.9780       0.9780    4.4522            3
2015 08 03 30.1311 30.8110 30.5295      0.9190       0.9190    4.4135            3
2015 08 04 30.1925 30.8717 30.5895      0.9810       0.9810    4.3744            3
2015 08 05 30.1267 30.8051 30.5222      0.9158       0.9158    4.3347            3
2015 08 06 30.1944 30.8721 30.5884      0.9842       0.9842    4.2947            3
2015 08 07 30.1220 30.7991 30.5146      0.9125       0.9125    4.2542            3
2015 08 08 30.1962 30.8727 30.5874      0.9875       0.9875    4.2132            3
2015 08 09 30.1168 30.7928 30.5067      0.9090       0.9090    4.1719            3
2015 08 10 30.1979 30.8734 30.5864      0.9910       0.9910    4.1303            3
2015 08 11 30.1113 30.7862 30.4984      0.9053       0.9053    4.0882            3
2015 08 12 30.1997 30.8742 30.5855      0.9947       0.9947    4.0459            3
2015 08 13 30.1054 30.7795 30.4899      0.9014       0.9014    4.0032            3
2015 08 14 30.2016 30.8752 30.5847      0.9986       0.9986    3.9603            2
2015 08 15 30.0991 30.7725 30.4811      0.8973       0.8973    3.9170            2
2015 08 16 30.2034 30.8764 30.5841      1.0027       1.0027    3.8735            2
2015 08 17 30.0925 30.7652 30.4719      0.8930       0.8930    3.8298            2
2015 08 18 30.2052 30.8778 30.5835      1.0070       1.0070    3.7859            2
2015 08 19 30.0854 30.7578 30.4625      0.8885       0.8885    3.7417            2
2015 08 20 30.2071 30.8793 30.5830      1.0115       1.0115    3.6974            2
2015 08 21 30.0781 30.7502 30.4529      0.8839       0.8839    3.6529            2
2015 08 22 30.2089 30.8809 30.5825      1.0161       1.0161    3.6083            2
2015 08 23 30.0704 30.7424 30.4430      0.8791       0.8791    3.5635            2
2015 08 24 30.2107 30.8827 30.5822      1.0209       1.0209    3.5187            2
2015 08 25 30.0624 30.7344 30.4328      0.8741       0.8741    3.4737            2
2015 08 26 30.2126 30.8847 30.5820      1.0259       1.0259    3.4287            2
2015 08 27 30.0541 30.7262 30.4224      0.8690       0.8690    3.3837            2
2015 08 28 30.2144 30.8867 30.5818      1.0310       1.0310    3.3386            2
2015 08 29 30.0455 30.7180 30.4119      0.8638       0.8638    3.2935            2
2015 08 30 30.2162 30.8889 30.5816      1.0362       1.0362    3.2483            2
2015 08 31 30.0366 30.7096 30.4011      0.8584       0.8584    3.2033            2
2015 09 01 30.2180 30.8912 30.5816      1.0416       1.0416    3.1582            2
2015 09 02 30.0274 30.7010 30.3902      0.8529       0.8529    3.1132            2
2015 09 03 30.2197 30.8937 30.5817      1.0471       1.0471    3.0682            2
2015 09 04 30.0180 30.6924 30.3792      0.8473       0.8473    3.0234            2
2015 09 05 30.2214 30.8963 30.5818      1.0527       1.0527    2.9786            2
2015 09 06 30.0083 30.6836 30.3680      0.8416       0.8416    2.9339            2
2015 09 07 30.2231 30.8989 30.5820      1.0584       1.0584    2.8894            2
2015 09 08 29.9985 30.6749 30.3567      0.8359       0.8359    2.8450            2
2015 09 09 30.2246 30.9016 30.5821      1.0641       1.0641    2.8008            2
2015 09 10 29.9884 30.6661 30.3454      0.8301       0.8301    2.7567            2
2015 09 11 30.2261 30.9044 30.5824      1.0699       1.0699    2.7129            2
2015 09 12 29.9783 30.6573 30.3340      0.8243       0.8243    2.6692            2
2015 09 13 30.2274 30.9072 30.5826      1.0757       1.0757    2.6257            2
2015 09 14 29.9680 30.6485 30.3226      0.8185       0.8185    2.5825            2
2015 09 15 30.2287 30.9100 30.5828      1.0815       1.0815    2.5394            2
2015 09 16 29.9575 30.6398 30.3112      0.8127       0.8127    2.4967            2
2015 09 17 30.2298 30.9129 30.5830      1.0873       1.0873    2.4542            2
2015 09 18 29.9470 30.6310 30.2998      0.8069       0.8069    2.4120            2
2015 09 19 30.2308 30.9158 30.5832      1.0931       1.0931    2.3700            2
2015 09 20 29.9365 30.6225 30.2885      0.8012       0.8012    2.3283            2
2015 09 21 30.2316 30.9186 30.5833      1.0988       1.0988    2.2870            2
2015 09 22 29.9260 30.6140 30.2774      0.7956       0.7956    2.2459            2
2015 09 23 30.2322 30.9214 30.5834      1.1044       1.1044    2.2052            2
2015 09 24 29.9154 30.6057 30.2663      0.7901       0.7901    2.1648            2
2015 09 25 30.2327 30.9241 30.5833      1.1099       1.1099    2.1248            2
2015 09 26 29.9048 30.5974 30.2553      0.7846       0.7846    2.0851            2
2015 09 27 30.2330 30.9268 30.5833      1.1154       1.1154    2.0458            2
2015 09 28 29.8944 30.5894 30.2446      0.7794       0.7794    2.0068            2
2015 09 29 30.2330 30.9293 30.5831      1.1206       1.1206    1.9682            2
2015 09 30 29.8840 30.5816 30.2341      0.7743       0.7743    1.9300            2
2015 10 01 30.2327 30.9317 30.5828      1.1257       1.1257    1.8921            2
2015 10 02 29.8738 30.5741 30.2238      0.7694       0.7694    1.8547            2
2015 10 03 30.2323 30.9340 30.5823      1.1306       1.1306    1.8177            2
2015 10 04 29.8636 30.5668 30.2137      0.7647       0.7647    1.7810            2
2015 10 05 30.2315 30.9361 30.5817      1.1353       1.1353    1.7448            2
2015 10 06 29.8538 30.5599 30.2040      0.7603       0.7603    1.7090            2
2015 10 07 30.2304 30.9380 30.5808      1.1397       1.1397    1.6736            2
2015 10 08 29.8440 30.5532 30.1946      0.7561       0.7561    1.6386            2
2015 10 09 30.2291 30.9398 30.5798      1.1439       1.1439    1.6041            2
2015 10 10 29.8346 30.5469 30.1856      0.7522       0.7522    1.5700            2
2015 10 11 30.2274 30.9413 30.5786      1.1478       1.1478    1.5364            2
2015 10 12 29.8254 30.5410 30.1769      0.7486       0.7486    1.5031            2
2015 10 13 30.2253 30.9426 30.5772      1.1514       1.1514    1.4704            2
2015 10 14 29.8164 30.5354 30.1686      0.7453       0.7453    1.4380            2
2015 10 15 30.2230 30.9437 30.5756      1.1547       1.1547    1.4061            2
2015 10 16 29.8079 30.5303 30.1608      0.7424       0.7424    1.3747            2
2015 10 17 30.2202 30.9444 30.5736      1.1576       1.1576    1.3437            2
2015 10 18 29.7996 30.5255 30.1535      0.7398       0.7398    1.3132            2
2015 10 19 30.2171 30.9449 30.5715      1.1602       1.1602    1.2831            2
2015 10 20 29.7918 30.5214 30.1467      0.7377       0.7377    1.2535            2
2015 10 21 30.2135 30.9450 30.5690      1.1623       1.1623    1.2243            2
2015 10 22 29.7843 30.5176 30.1403      0.7359       0.7359    1.1956            2
2015 10 23 30.2096 30.9449 30.5662      1.1641       1.1641    1.1673            2
2015 10 24 29.7772 30.5143 30.1344      0.7345       0.7345    1.1395            2
2015 10 25 30.2053 30.9444 30.5632      1.1655       1.1655    1.1121            2
2015 10 26 29.7706 30.5116 30.1292      0.7336       0.7336    1.0852            2
2015 10 27 30.2005 30.9435 30.5598      1.1664       1.1664    1.0588            2
2015 10 28 29.7644 30.5094 30.1244      0.7331       0.7331    1.0328            2
2015 10 29 30.1954 30.9423 30.5562      1.1669       1.1669    1.0072            2
2015 10 30 29.7586 30.5076 30.1202      0.7330       0.7330    0.9821            1
2015 10 31 30.1898 30.9408 30.5522      1.1670       1.1670    0.9575            1
2015 11 01 29.7534 30.5065 30.1167      0.7334       0.7334    0.9332            1
2015 11 02 30.1838 30.9389 30.5479      1.1666       1.1666    0.9095            1
2015 11 03 29.7487 30.5059 30.1138      0.7343       0.7343    0.8861            1
2015 11 04 30.1774 30.9366 30.5433      1.1657       1.1657    0.8632            1
2015 11 05 29.7446 30.5059 30.1115      0.7357       0.7357    0.8408            1
2015 11 06 30.1704 30.9339 30.5383      1.1643       1.1643    0.8188            1
2015 11 07 29.7409 30.5065 30.1097      0.7375       0.7375    0.7971            1
2015 11 08 30.1632 30.9309 30.5330      1.1625       1.1625    0.7760            1
2015 11 09 29.7378 30.5077 30.1087      0.7399       0.7399    0.7552            1
2015 11 10 30.1553 30.9273 30.5273      1.1601       1.1601    0.7349            1
2015 11 11 29.7353 30.5094 30.1083      0.7427       0.7427    0.7149            1
2015 11 12 30.1472 30.9235 30.5214      1.1573       1.1573    0.6954            1
2015 11 13 29.7332 30.5117 30.1085      0.7460       0.7460    0.6763            1
2015 11 14 30.1386 30.9193 30.5151      1.1540       1.1540    0.6576            1
2015 11 15 29.7318 30.5147 30.1094      0.7498       0.7498    0.6393            1
2015 11 16 30.1296 30.9146 30.5084      1.1502       1.1502    0.6214            1
2015 11 17 29.7309 30.5182 30.1110      0.7541       0.7541    0.6038            1
2015 11 18 30.1202 30.9096 30.5015      1.1459       1.1459    0.5867            1
2015 11 19 29.7307 30.5223 30.1132      0.7589       0.7589    0.5699            1
2015 11 20 30.1104 30.9042 30.4942      1.1411       1.1411    0.5535            1
2015 11 21 29.7309 30.5269 30.1160      0.7641       0.7641    0.5375            1
2015 11 22 30.1002 30.8985 30.4867      1.1359       1.1359    0.5219            1
2015 11 23 29.7317 30.5321 30.1195      0.7698       0.7698    0.5066            1
2015 11 24 30.0897 30.8923 30.4789      1.1302       1.1302    0.4916            1
2015 11 25 29.7331 30.5380 30.1237      0.7760       0.7760    0.4771            1
2015 11 26 30.0788 30.8858 30.4707      1.1240       1.1240    0.4628            1
2015 11 27 29.7351 30.5443 30.1284      0.7826       0.7826    0.4489            1
2015 11 28 30.0676 30.8790 30.4623      1.1174       1.1174    0.4353            1
2015 11 29 29.7376 30.5512 30.1338      0.7897       0.7897    0.4221            1
2015 11 30 30.0560 30.8718 30.4536      1.1103       1.1103    0.4092            1
2015 12 01 29.7406 30.5586 30.1397      0.7971       0.7971    0.3966            1
2015 12 02 30.0442 30.8644 30.4448      1.1029       1.1029    0.3843            1
2015 12 03 29.7442 30.5665 30.1463      0.8050       0.8050    0.3724            1
2015 12 04 30.0321 30.8566 30.4357      1.0950       1.0950    0.3607            1
2015 12 05 29.7482 30.5749 30.1534      0.8132       0.8132    0.3494            1
2015 12 06 30.0198 30.8486 30.4265      1.0868       1.0868    0.3383            1
2015 12 07 29.7528 30.5837 30.1610      0.8218       0.8218    0.3275            1
2015 12 08 30.0072 30.8403 30.4170      1.0782       1.0782    0.3170            1
2015 12 09 29.7579 30.5931 30.1693      0.8308       0.8308    0.3068            1
2015 12 10 29.9944 30.8317 30.4074      1.0692       1.0692    0.2969            1
2015 12 11 29.7633 30.6028 30.1779      0.8400       0.8400    0.2872            1
2015 12 12 29.9815 30.8230 30.3977      1.0600       1.0600    0.2778            1
2015 12 13 29.7693 30.6129 30.1872      0.8496       0.8496    0.2686            1
2015 12 14 29.9684 30.8141 30.3879      1.0504       1.0504    0.2598            1
2015 12 15 29.7757 30.6234 30.1968      0.8594       0.8594    0.2511            1
2015 12 16 29.9552 30.8050 30.3780      1.0406       1.0406    0.2427            1
2015 12 17 29.7825 30.6343 30.2069      0.8695       0.8695    0.2345            1
2015 12 18 29.9419 30.7957 30.3680      1.0305       1.0305    0.2266            1
2015 12 19 29.7896 30.6455 30.2175      0.8798       0.8798    0.2189            1
2015 12 20 29.9285 30.7863 30.3580      1.0202       1.0202    0.2114            1
2015 12 21 29.7971 30.6568 30.2283      0.8902       0.8902    0.2041            1
2015 12 22 29.9153 30.7770 30.3481      1.0098       1.0098    0.1971            1
2015 12 23 29.8050 30.6686 30.2396      0.9009       0.9009    0.1902            1
2015 12 24 29.9019 30.7674 30.3381      0.9991       0.9991    0.1836            1
2015 12 25 29.8132 30.6806 30.2512      0.9117       0.9117    0.1771            1
2015 12 26 29.8885 30.7578 30.3282      0.9883       0.9883    0.1709            1
2015 12 27 29.8215 30.6926 30.2629      0.9225       0.9225    0.1648            1
2015 12 28 29.8754 30.7483 30.3185      0.9775       0.9775    0.1589            1
2015 12 29 29.8303 30.7050 30.2751      0.9335       0.9335    0.1532            1
2015 12 30 29.8622 30.7387 30.3088      0.9665       0.9665    0.1477            1
2015 12 31 29.8447 30.7230 30.2930      0.9500       0.9500    0.1424            1
2016 01 01 29.8339 30.7139 30.2839      0.9400       0.9400    0.3539            1
2016 01 02 29.8330 30.7147 30.2847      0.9400       0.9400    0.3652            1
2016 01 03 29.8431 30.7265 30.2965      0.9510       0.9510    0.3768            1
2016 01 04 29.8203 30.7053 30.2754      0.9290       0.9290    0.3887            1
2016 01 05 29.8524 30.7391 30.3093      0.9619       0.9619    0.4009            1
2016 01 06 29.8079 30.6961 30.2664      0.9181       0.9181    0.4134            1
2016 01 07 29.8619 30.7517 30.3222      0.9728       0.9728    0.4262            1
2016 01 08 29.7957 30.6871 30.2576      0.9072       0.9072    0.4393            1
2016 01 09 29.8715 30.7644 30.3352      0.9836       0.9836    0.4527            1
2016 01 10 29.7837 30.6782 30.2491      0.8964       0.8964    0.4665            1
2016 01 11 29.8811 30.7771 30.3482      0.9943       0.9943    0.4805            1
2016 01 12 29.7721 30.6695 30.2409      0.8857       0.8857    0.4950            1
2016 01 13 29.8909 30.7897 30.3614      1.0049       1.0049    0.5097            1
2016 01 14 29.7608 30.6609 30.2329      0.8751       0.8751    0.5248            1
2016 01 15 29.9006 30.8021 30.3744      1.0152       1.0152    0.5402            1
2016 01 16 29.7499 30.6527 30.2254      0.8648       0.8648    0.5560            1
2016 01 17 29.9103 30.8144 30.3874      1.0254       1.0254    0.5722            1
2016 01 18 29.7394 30.6448 30.2181      0.8546       0.8546    0.5887            1
2016 01 19 29.9200 30.8266 30.4004      1.0353       1.0353    0.6055            1
2016 01 20 29.7293 30.6371 30.2114      0.8447       0.8447    0.6228            1
2016 01 21 29.9296 30.8386 30.4133      1.0450       1.0450    0.6404            1
2016 01 22 29.7197 30.6298 30.2049      0.8350       0.8350    0.6583            1
2016 01 23 29.9391 30.8504 30.4260      1.0544       1.0544    0.6767            1
2016 01 24 29.7105 30.6228 30.1990      0.8256       0.8256    0.6954            1
2016 01 25 29.9486 30.8619 30.4386      1.0635       1.0635    0.7145            1
2016 01 26 29.7018 30.6162 30.1934      0.8165       0.8165    0.7340            1
2016 01 27 29.9578 30.8731 30.4510      1.0722       1.0722    0.7539            1
2016 01 28 29.6937 30.6100 30.1884      0.8078       0.8078    0.7742            1
2016 01 29 29.9669 30.8841 30.4632      1.0806       1.0806    0.7949            1
2016 01 30 29.6861 30.6042 30.1839      0.7994       0.7994    0.8160            1
2016 01 31 29.9759 30.8948 30.4752      1.0887       1.0887    0.8375            1
2016 02 01 29.6791 30.5987 30.1798      0.7913       0.7913    0.8593            1
2016 02 02 29.9846 30.9051 30.4868      1.0963       1.0963    0.8816            1
2016 02 03 29.6727 30.5938 30.1763      0.7837       0.7837    0.9043            1
2016 02 04 29.9932 30.9151 30.4983      1.1036       1.1036    0.9275            1
2016 02 05 29.6667 30.5893 30.1733      0.7764       0.7764    0.9510            1
2016 02 06 30.0015 30.9247 30.5095      1.1104       1.1104    0.9749            1
2016 02 07 29.6615 30.5853 30.1709      0.7696       0.7696    0.9993            1
2016 02 08 30.0096 30.9339 30.5203      1.1168       1.1168    1.0241            2
2016 02 09 29.6569 30.5817 30.1689      0.7632       0.7632    1.0492            2
2016 02 10 30.0174 30.9427 30.5308      1.1228       1.1228    1.0749            2
2016 02 11 29.6528 30.5785 30.1675      0.7572       0.7572    1.1009            2
2016 02 12 30.0249 30.9510 30.5409      1.1282       1.1282    1.1273            2
2016 02 13 29.6496 30.5760 30.1669      0.7518       0.7518    1.1542            2
2016 02 14 30.0322 30.9590 30.5507      1.1333       1.1333    1.1815            2
2016 02 15 29.6468 30.5739 30.1666      0.7467       0.7467    1.2092            2
2016 02 16 30.0391 30.9664 30.5601      1.1378       1.1378    1.2373            2
2016 02 17 29.6448 30.5723 30.1670      0.7422       0.7422    1.2658            2
2016 02 18 30.0458 30.9735 30.5691      1.1419       1.1419    1.2948            2
2016 02 19 29.6433 30.5712 30.1679      0.7381       0.7381    1.3241            2
2016 02 20 30.0521 30.9801 30.5778      1.1455       1.1455    1.3539            2
2016 02 21 29.6425 30.5706 30.1693      0.7345       0.7345    1.3841            2
2016 02 22 30.0581 30.9862 30.5860      1.1486       1.1486    1.4147            2
2016 02 23 29.6424 30.5705 30.1714      0.7314       0.7314    1.4457            2
2016 02 24 30.0638 30.9918 30.5938      1.1512       1.1512    1.4771            2
2016 02 25 29.6430 30.5709 30.1740      0.7288       0.7288    1.5089            2
2016 02 26 30.0691 30.9969 30.6011      1.1533       1.1533    1.5411            2
2016 02 27 29.6442 30.5718 30.1772      0.7267       0.7267    1.5737            2
2016 02 28 30.0741 31.0016 30.6080      1.1549       1.1549    1.6066            2
2016 02 29 29.6461 30.5733 30.1809      0.7251       0.7251    1.6400            2
2016 03 01 30.0789 31.0058 30.6146      1.1561       1.1561    1.6737            2
2016 03 02 29.6485 30.5751 30.1851      0.7239       0.7239    1.7078            2
2016 03 03 30.0833 31.0095 30.6207      1.1568       1.1568    1.7423            2
2016 03 04 29.6516 30.5775 30.1899      0.7232       0.7232    1.7771            2
2016 03 05 30.0873 31.0128 30.6264      1.1570       1.1570    1.8123            2
2016 03 06 29.6553 30.5803 30.1951      0.7230       0.7230    1.8479            2
2016 03 07 30.0911 31.0156 30.6317      1.1568       1.1568    1.8838            2
2016 03 08 29.6596 30.5835 30.2009      0.7232       0.7232    1.9200            2
2016 03 09 30.0945 31.0179 30.6365      1.1561       1.1561    1.9565            2
2016 03 10 29.6645 30.5872 30.2071      0.7239       0.7239    1.9934            2
2016 03 11 30.0977 31.0198 30.6410      1.1550       1.1550    2.0306            2
2016 03 12 29.6699 30.5913 30.2138      0.7250       0.7250    2.0681            2
2016 03 13 30.1006 31.0213 30.6450      1.1535       1.1535    2.1059            2
2016 03 14 29.6758 30.5958 30.2208      0.7265       0.7265    2.1440            2
2016 03 15 30.1031 31.0223 30.6486      1.1515       1.1515    2.1823            2
2016 03 16 29.6824 30.6008 30.2284      0.7285       0.7285    2.2209            2
2016 03 17 30.1054 31.0229 30.6519      1.1492       1.1492    2.2598            2
2016 03 18 29.6894 30.6060 30.2363      0.7308       0.7308    2.2990            2
2016 03 19 30.1074 31.0231 30.6548      1.1465       1.1465    2.3383            2
2016 03 20 29.6968 30.6116 30.2445      0.7335       0.7335    2.3780            2
2016 03 21 30.1092 31.0229 30.6572      1.1434       1.1434    2.4178            2
2016 03 22 29.7048 30.6176 30.2532      0.7366       0.7366    2.4578            2
2016 03 23 30.1107 31.0224 30.6594      1.1400       1.1400    2.4980            2
2016 03 24 29.7132 30.6238 30.2621      0.7400       0.7400    2.5384            2
2016 03 25 30.1120 31.0215 30.6612      1.1363       1.1363    2.5790            2
2016 03 26 29.7220 30.6303 30.2714      0.7437       0.7437    2.6197            2
2016 03 27 30.1131 31.0202 30.6627      1.1323       1.1323    2.6606            2
2016 03 28 29.7311 30.6370 30.2808      0.7477       0.7477    2.7016            2
2016 03 29 30.1141 31.0188 30.6640      1.1281       1.1281    2.7427            2
2016 03 30 29.7406 30.6439 30.2905      0.7519       0.7519    2.7839            2
2016 03 31 30.1148 31.0168 30.6648      1.1235       1.1235    2.8253            2
2016 04 01 29.7505 30.6512 30.3005      0.7565       0.7565    2.8666            2
2016 04 02 30.1155 31.0148 30.6655      1.1188       1.1188    2.9081            2
2016 04 03 29.7606 30.6585 30.3105      0.7612       0.7612    2.9496            2
2016 04 04 30.1159 31.0123 30.6658      1.1138       1.1138    2.9911            2
2016 04 05 29.7710 30.6660 30.3208      0.7662       0.7662    3.0327            2
2016 04 06 30.1162 31.0097 30.6659      1.1087       1.1087    3.0742            2
2016 04 07 29.7816 30.6736 30.3311      0.7713       0.7713    3.1157            2
2016 04 08 30.1164 31.0069 30.6658      1.1034       1.1034    3.1572            2
2016 04 09 29.7924 30.6813 30.3416      0.7766       0.7766    3.1987            2
2016 04 10 30.1165 31.0038 30.6654      1.0979       1.0979    3.2400            2
2016 04 11 29.8035 30.6892 30.3521      0.7821       0.7821    3.2813            2
2016 04 12 30.1166 31.0006 30.6650      1.0924       1.0924    3.3225            2
2016 04 13 29.8146 30.6969 30.3626      0.7876       0.7876    3.3636            2
2016 04 14 30.1165 30.9972 30.6642      1.0867       1.0867    3.4046            2
2016 04 15 29.8259 30.7049 30.3732      0.7933       0.7933    3.4454            2
2016 04 16 30.1164 30.9936 30.6634      1.0810       1.0810    3.4861            2
2016 04 17 29.8373 30.7127 30.3837      0.7990       0.7990    3.5265            2
2016 04 18 30.1164 30.9901 30.6624      1.0753       1.0753    3.5668            2
2016 04 19 29.8486 30.7205 30.3942      0.8047       0.8047    3.6068            2
2016 04 20 30.1163 30.9863 30.6613      1.0695       1.0695    3.6466            2
2016 04 21 29.8601 30.7283 30.4046      0.8105       0.8105    3.6862            2
2016 04 22 30.1161 30.9824 30.6600      1.0637       1.0637    3.7255            2
2016 04 23 29.8716 30.7360 30.4148      0.8163       0.8163    3.7645            2
2016 04 24 30.1160 30.9785 30.6586      1.0579       1.0579    3.8032            2
2016 04 25 29.8830 30.7436 30.4250      0.8221       0.8221    3.8416            2
2016 04 26 30.1159 30.9745 30.6572      1.0521       1.0521    3.8796            2
2016 04 27 29.8945 30.7512 30.4351      0.8279       0.8279    3.9173            2
2016 04 28 30.1158 30.9705 30.6557      1.0464       1.0464    3.9546            2
2016 04 29 29.9058 30.7585 30.4449      0.8336       0.8336    3.9915            2
2016 04 30 30.1158 30.9665 30.6541      1.0408       1.0408    4.0280            3
2016 05 01 29.9170 30.7657 30.4545      0.8392       0.8392    4.0640            3
2016 05 02 30.1159 30.9625 30.6525      1.0353       1.0353    4.0996            3
2016 05 03 29.9281 30.7727 30.4639      0.8447       0.8447    4.1348            3
2016 05 04 30.1160 30.9585 30.6508      1.0298       1.0298    4.1695            3
2016 05 05 29.9392 30.7796 30.4731      0.8502       0.8502    4.2037            3
2016 05 06 30.1162 30.9545 30.6492      1.0245       1.0245    4.2373            3
2016 05 07 29.9500 30.7862 30.4819      0.8555       0.8555    4.2704            3
2016 05 08 30.1165 30.9506 30.6475      1.0193       1.0193    4.3030            3
2016 05 09 29.9606 30.7926 30.4906      0.8607       0.8607    4.3350            3
2016 05 10 30.1169 30.9467 30.6458      1.0143       1.0143    4.3665            3
2016 05 11 29.9710 30.7987 30.4988      0.8657       0.8657    4.3973            3
2016 05 12 30.1173 30.9429 30.6441      1.0094       1.0094    4.4275            3
2016 05 13 29.9812 30.8046 30.5069      0.8706       0.8706    4.4571            3
2016 05 14 30.1178 30.9390 30.6424      1.0046       1.0046    4.4861            3
2016 05 15 29.9912 30.8103 30.5146      0.8754       0.8754    4.5143            3
2016 05 16 30.1184 30.9353 30.6406      1.0000       1.0000    4.5420            3
2016 05 17 30.0010 30.8157 30.5220      0.8800       0.8800    4.5689            3
2016 05 18 30.1192 30.9317 30.6390      0.9957       0.9957    4.5951            3
2016 05 19 30.0104 30.8207 30.5289      0.8843       0.8843    4.6206            3
2016 05 20 30.1200 30.9281 30.6373      0.9914       0.9914    4.6454            3
2016 05 21 30.0197 30.8256 30.5357      0.8886       0.8886    4.6694            3
2016 05 22 30.1209 30.9246 30.6356      0.9874       0.9874    4.6927            3
2016 05 23 30.0286 30.8301 30.5420      0.8926       0.8926    4.7152            3
2016 05 24 30.1220 30.9213 30.6340      0.9836       0.9836    4.7370            3
2016 05 25 30.0372 30.8343 30.5479      0.8964       0.8964    4.7579            3
2016 05 26 30.1230 30.9179 30.6323      0.9799       0.9799    4.7780            3
2016 05 27 30.0455 30.8383 30.5535      0.9001       0.9001    4.7973            3
2016 05 28 30.1242 30.9148 30.6308      0.9765       0.9765    4.8158            3
2016 05 29 30.0535 30.8419 30.5586      0.9035       0.9035    4.8335            3
2016 05 30 30.1255 30.9116 30.6291      0.9732       0.9732    4.8503            3
2016 05 31 30.0613 30.8453 30.5635      0.9068       0.9068    4.8662            3
2016 06 01 30.1267 30.9086 30.6275      0.9701       0.9701    4.8813            3
2016 06 02 30.0687 30.8483 30.5680      0.9099       0.9099    4.8956            3
2016 06 03 30.1281 30.9056 30.6259      0.9672       0.9672    4.9089            3
2016 06 04 30.0758 30.8511 30.5720      0.9128       0.9128    4.9213            3
2016 06 05 30.1296 30.9027 30.6243      0.9645       0.9645    4.9329            3
2016 06 06 30.0826 30.8536 30.5757      0.9155       0.9155    4.9436            3
2016 06 07 30.1310 30.8998 30.6226      0.9619       0.9619    4.9533            3
2016 06 08 30.0891 30.8558 30.5792      0.9181       0.9181    4.9621            3
2016 06 09 30.1324 30.8970 30.6209      0.9595       0.9595    4.9701            3
2016 06 10 30.0953 30.8578 30.5822      0.9205       0.9205    4.9771            3
2016 06 11 30.1339 30.8944 30.6192      0.9573       0.9573    4.9831            3
2016 06 12 30.1011 30.8595 30.5848      0.9227       0.9227    4.9883            3
2016 06 13 30.1354 30.8917 30.6175      0.9552       0.9552    4.9925            3
2016 06 14 30.1067 30.8609 30.5871      0.9248       0.9248    4.9958            3
2016 06 15 30.1368 30.8890 30.6156      0.9532       0.9532    4.9981            3
2016 06 16 30.1121 30.8622 30.5892      0.9268       0.9268    4.9995            3
2016 06 17 30.1383 30.8864 30.6137      0.9514       0.9514    5.0000            3
2016 06 18 30.1170 30.8631 30.5909      0.9286       0.9286    4.9995            3
2016 06 19 30.1396 30.8837 30.6117      0.9496       0.9496    4.9981            3
2016 06 20 30.1219 30.8640 30.5923      0.9304       0.9304    4.9958            3
2016 06 21 30.1409 30.8811 30.6097      0.9480       0.9480    4.9925            3
2016 06 22 30.1263 30.8646 30.5934      0.9320       0.9320    4.9883            3
2016 06 23 30.1421 30.8784 30.6075      0.9464       0.9464    4.9831            3
2016 06 24 30.1306 30.8650 30.5943      0.9336       0.9336    4.9771            3
2016 06 25 30.1432 30.8757 30.6051      0.9449       0.9449    4.9701            3
2016 06 26 30.1346 30.8653 30.5949      0.9351       0.9351    4.9621            3
2016 06 27 30.1442 30.8730 30.6027      0.9435       0.9435    4.9533            3
2016 06 28 30.1383 30.8654 30.5952      0.9365       0.9365    4.9436            3
2016 06 29 30.1450 30.8703 30.6002      0.9421       0.9421    4.9329            3
2016 06 30 30.1419 30.8653 30.5953      0.9379       0.9379    4.9213            3
2016 07 01 30.1457 30.8674 30.5974      0.9407       0.9407    4.9089            3
2016 07 02 30.1452 30.8652 30.5952      0.9393       0.9393    4.8956            3
2016 07 03 30.1461 30.8644 30.5944      0.9393       0.9393    4.8813            3
2016 07 04 30.1484 30.8650 30.5950      0.9407       0.9407    4.8662            3
2016 07 05 30.1464 30.8614 30.5913      0.9379       0.9379    4.8503            3
2016 07 06 30.1514 30.8647 30.5945      0.9421       0.9421    4.8335            3
2016 07 07 30.1465 30.8583 30.5880      0.9365       0.9365    4.8158            3
2016 07 08 30.1542 30.8644 30.5939      0.9435       0.9435    4.7973            3
2016 07 09 30.1464 30.8550 30.5845      0.9351       0.9351    4.7780            3
2016 07 10 30.1568 30.8639 30.5931      0.9449       0.9449    4.7579            3
2016 07 11 30.1461 30.8516 30.5807      0.9336       0.9336    4.7370            3
2016 07 12 30.1594 30.8634 30.5923      0.9464       0.9464    4.7152            3
2016 07 13 30.1454 30.8480 30.5766      0.9320       0.9320    4.6927            3
2016 07 14 30.1618 30.8630 30.5913      0.9480       0.9480    4.6694            3
2016 07 15 30.1445 30.8444 30.5724      0.9304       0.9304    4.6454            3
2016 07 16 30.1640 30.8625 30.5902      0.9496       0.9496    4.6206            3
2016 07 17 30.1433 30.8405 30.5678      0.9286       0.9286    4.5951            3
2016 07 18 30.1663 30.8622 30.5892      0.9514       0.9514    4.5689            3
2016 07 19 30.1418 30.8364 30.5631      0.9268       0.9268    4.5420            3
2016 07 20 30.1683 30.8617 30.5879      0.9532       0.9532    4.5143            3
2016 07 21 30.1400 30.8322 30.5579      0.9248       0.9248    4.4861            3
2016 07 22 30.1704 30.8614 30.5867      0.9552       0.9552    4.4571            3
2016 07 23 30.1378 30.8277 30.5526      0.9227       0.9227    4.4275            3
2016 07 24 30.1724 30.8611 30.5855      0.9573       0.9573    4.3973            3
2016 07 25 30.1354 30.8231 30.5469      0.9205       0.9205    4.3665            3
2016 07 26 30.1742 30.8609 30.5842      0.9595       0.9595    4.3350            3
2016 07 27 30.1326 30.8182 30.5410      0.9181       0.9181    4.3030            3
2016 07 28 30.1761 30.8608 30.5829      0.9619       0.9619    4.2704            3
2016 07 29 30.1294 30.8131 30.5347      0.9155       0.9155    4.2373            3
2016 07 30 30.1780 30.8608 30.5817      0.9645       0.9645    4.2037            3
2016 07 31 30.1259 30.8078 30.5281      0.9128       0.9128    4.1695            3
2016 08 01 30.1798 30.8609 30.5805      0.9672       0.9672    4.1348            3
2016 08 02 30.1219 30.8023 30.5212      0.9099       0.9099    4.0996            3
2016 08 03 30.1816 30.8611 30.5794      0.9701       0.9701    4.0640            3
2016 08 04 30.1176 30.7965 30.5140      0.9068       0.9068    4.0280            3
2016 08 05 30.1834 30.8615 30.5783      0.9732       0.9732    3.9915            2
2016 08 06 30.1130 30.7904 30.5064      0.9035       0.9035    3.9546            2
2016 08 07 30.1852 30.8620 30.5772      0.9765       0.9765    3.9173            2
2016 08 08 30.1080 30.7842 30.4986      0.9001       0.9001    3.8796            2
2016 08 09 30.1869 30.8626 30.5762      0.9799       0.9799    3.8416            2
2016 08 10 30.1025 30.7777 30.4905      0.8964       0.8964    3.8032            2
2016 08 11 30.1888 30.8635 30.5754      0.9836       0.9836    3.7645            2
2016 08 12 30.0968 30.7711 30.4821      0.8926       0.8926    3.7255            2
2016 08 13 30.1905 30.8644 30.5745      0.9874       0.9874    3.6862            2
2016 08 14 30.0906 30.7642 30.4733      0.8886       0.8886    3.6466            2
2016 08 15 30.1923 30.8655 30.5738      0.9914       0.9914    3.6068            2
2016 08 16 30.0840 30.7569 30.4642      0.8843       0.8843    3.5668            2
2016 08 17 30.1942 30.8669 30.5732      0.9957       0.9957    3.5265            2
2016 08 18 30.0772 30.7497 30.4550      0.8800       0.8800    3.4861            2
2016 08 19 30.1959 30.8682 30.5726      1.0000       1.0000    3.4454            2
2016 08 20 30.0700 30.7421 30.4454      0.8754       0.8754    3.4046            2
2016 08 21 30.1978 30.8698 30.5721      1.0046       1.0046    3.3636            2
2016 08 22 30.0624 30.7343 30.4356      0.8706       0.8706    3.3225            2
2016 08 23 30.1997 30.8716 30.5718      1.0094       1.0094    3.2813            2
2016 08 24 30.0545 30.7264 30.4255      0.8657       0.8657    3.2400            2
2016 08 25 30.2015 30.8735 30.5715      1.0143       1.0143    3.1987            2
2016 08 26 30.0463 30.7184 30.4153      0.8607       0.8607    3.1572            2
2016 08 27 30.2033 30.8755 30.5713      1.0193       1.0193    3.1157            2
2016 08 28 30.0378 30.7102 30.4048      0.8555       0.8555    3.0742            2
2016 08 29 30.2051 30.8776 30.5712      1.0245       1.0245    3.0327            2
2016 08 30 30.0290 30.7018 30.3942      0.8502       0.8502    2.9911            2
2016 08 31 30.2068 30.8799 30.5711      1.0298       1.0298    2.9496            2
2016 09 01 30.0199 30.6933 30.3833      0.8447       0.8447    2.9081            2
2016 09 02 30.2086 30.8824 30.5712      1.0353       1.0353    2.8666            2
2016 09 03 30.0106 30.6847 30.3723      0.8392       0.8392    2.8253            2
2016 09 04 30.2103 30.8848 30.5712      1.0408       1.0408    2.7839            2
2016 09 05 30.0011 30.6761 30.3613      0.8336       0.8336    2.7427            2
2016 09 06 30.2119 30.8874 30.5713      1.0464       1.0464    2.7016            2
2016 09 07 29.9913 30.6674 30.3500      0.8279       0.8279    2.6606            2
2016 09 08 30.2135 30.8901 30.5715      1.0521       1.0521    2.6197            2
2016 09 09 29.9813 30.6586 30.3387      0.8221       0.8221    2.5790            2
2016 09 10 30.2150 30.8929 30.5717      1.0579       1.0579    2.5384            2
2016 09 11 29.9712 30.6498 30.3273      0.8163       0.8163    2.4980            2
2016 09 12 30.2164 30.8957 30.5720      1.0637       1.0637    2.4578            2
2016 09 13 29.9610 30.6410 30.3160      0.8105       0.8105    2.4178            2
2016 09 14 30.2177 30.8985 30.5722      1.0695       1.0695    2.3780            2
2016 09 15 29.9506 30.6322 30.3046      0.8047       0.8047    2.3383            2
2016 09 16 30.2189 30.9014 30.5724      1.0753       1.0753    2.2990            2
2016 09 17 29.9402 30.6236 30.2933      0.7990       0.7990    2.2598            2
2016 09 18 30.2199 30.9042 30.5725      1.0810       1.0810    2.2209            2
2016 09 19 29.9298 30.6150 30.2821      0.7933       0.7933    2.1823            2
2016 09 20 30.2207 30.9070 30.5727      1.0867       1.0867    2.1440            2
2016 09 21 29.9192 30.6064 30.2708      0.7876       0.7876    2.1059            2
2016 09 22 30.2215 30.9098 30.5728      1.0924       1.0924    2.0681            2
2016 09 23 29.9087 30.5981 30.2598      0.7821       0.7821    2.0306            2
2016 09 24 30.2220 30.9125 30.5728      1.0979       1.0979    1.9934            2
2016 09 25 29.8981 30.5898 30.2487      0.7766       0.7766    1.9565            2
2016 09 26 30.2224 30.9153 30.5728      1.1034       1.1034    1.9200            2
2016 09 27 29.8877 30.5818 30.2380      0.7713       0.7713    1.8838            2
2016 09 28 30.2225 30.9178 30.5726      1.1087       1.1087    1.8479            2
2016 09 29 29.8773 30.5740 30.2274      0.7662       0.7662    1.8123            2
2016 09 30 30.2223 30.9203 30.5723      1.1138       1.1138    1.7771            2
2016 10 01 29.8670 30.5663 30.2170      0.7612       0.7612    1.7423            2
2016 10 02 30.2219 30.9226 30.5719      1.1188       1.1188    1.7078            2
2016 10 03 29.8569 30.5590 30.2070      0.7565       0.7565    1.6737            2
2016 10 04 30.2212 30.9248 30.5713      1.1235       1.1235    1.6400            2
2016 10 05 29.8469 30.5519 30.1971      0.7519       0.7519    1.6066            2
2016 10 06 30.2204 30.9269 30.5707      1.1281       1.1281    1.5737            2
2016 10 07 29.8372 30.5452 30.1877      0.7477       0.7477    1.5411            2
2016 10 08 30.2191 30.9286 30.5697      1.1323       1.1323    1.5089            2
2016 10 09 29.8277 30.5388 30.1785      0.7437       0.7437    1.4771            2
2016 10 10 30.2175 30.9302 30.5686      1.1363       1.1363    1.4457            2
2016 10 11 29.8184 30.5327 30.1698      0.7400       0.7400    1.4147            2
2016 10 12 30.2156 30.9316 30.5672      1.1400       1.1400    1.3841            2
2016 10 13 29.8094 30.5271 30.1614      0.7366       0.7366    1.3539            2
2016 10 14 30.2134 30.9327 30.5657      1.1434       1.1434    1.3241            2
2016 10 15 29.8007 30.5217 30.1534      0.7335       0.7335    1.2948            2
2016 10 16 30.2109 30.9337 30.5639      1.1465       1.1465    1.2658            2
2016 10 17 29.7923 30.5169 30.1459      0.7308       0.7308    1.2373            2
2016 10 18 30.2079 30.9342 30.5619      1.1492       1.1492    1.2092            2
2016 10 19 29.7844 30.5125 30.1388      0.7285       0.7285    1.1815            2
2016 10 20 30.2045 30.9345 30.5595      1.1515       1.1515    1.1542            2
2016 10 21 29.7767 30.5085 30.1322      0.7265       0.7265    1.1273            2
2016 10 22 30.2009 30.9346 30.5570      1.1535       1.1535    1.1009            2
2016 10 23 29.7695 30.5051 30.1263      0.7250       0.7250    1.0749            2
2016 10 24 30.1967 30.9342 30.5541      1.1550       1.1550    1.0492            2
2016 10 25 29.7628 30.5022 30.1208      0.7239       0.7239    1.0241            2
2016 10 26 30.1921 30.9335 30.5508      1.1561       1.1561    0.9993            1
2016 10 27 29.7564 30.4997 30.1158      0.7232       0.7232    0.9749            1
2016 10 28 30.1872 30.9325 30.5473      1.1568       1.1568    0.9510            1
2016 10 29 29.7506 30.4979 30.1115      0.7230       0.7230    0.9275            1
2016 10 30 30.1818 30.9311 30.5435      1.1570       1.1570    0.9043            1
2016 10 31 29.7452 30.4965 30.1077      0.7232       0.7232    0.8816            1
2016 11 01 30.1760 30.9294 30.5394      1.1568       1.1568    0.8593            1
2016 11 02 29.7403 30.4957 30.1045      0.7239       0.7239    0.8375            1
2016 11 03 30.1697 30.9272 30.5349      1.1561       1.1561    0.8160            1
2016 11 04 29.7359 30.4955 30.1020      0.7251       0.7251    0.7949            1
2016 11 05 30.1630 30.9247 30.5300      1.1549       1.1549    0.7742            1
2016 11 06 29.7320 30.4958 30.1001      0.7267       0.7267    0.7539            1
2016 11 07 30.1559 30.9218 30.5249      1.1533       1.1533    0.7340            1
2016 11 08 29.7287 30.4967 30.0987      0.7288       0.7288    0.7145            1
2016 11 09 30.1484 30.9186 30.5195      1.1512       1.1512    0.6954            1
2016 11 10 29.7259 30.4982 30.0981      0.7314       0.7314    0.6767            1
2016 11 11 30.1405 30.9149 30.5137      1.1486       1.1486    0.6583            1
2016 11 12 29.7237 30.5003 30.0980      0.7345       0.7345    0.6404            1
2016 11 13 30.1321 30.9109 30.5075      1.1455       1.1455    0.6228            1
2016 11 14 29.7221 30.5030 30.0987      0.7381       0.7381    0.6055            1
2016 11 15 30.1233 30.9064 30.5011      1.1419       1.1419    0.5887            1
2016 11 16 29.7210 30.5063 30.1000      0.7422       0.7422    0.5722            1
2016 11 17 30.1141 30.9016 30.4943      1.1378       1.1378    0.5560            1
2016 11 18 29.7204 30.5101 30.1019      0.7467       0.7467    0.5402            1
2016 11 19 30.1045 30.8964 30.4872      1.1333       1.1333    0.5248            1
2016 11 20 29.7205 30.5146 30.1045      0.7518       0.7518    0.5097            1
2016 11 21 30.0945 30.8908 30.4798      1.1282       1.1282    0.4950            1
2016 11 22 29.7210 30.5195 30.1076      0.7572       0.7572    0.4805            1
2016 11 23 30.0842 30.8849 30.4722      1.1228       1.1228    0.4665            1
2016 11 24 29.7222 30.5251 30.1115      0.7632       0.7632    0.4527            1
2016 11 25 30.0735 30.8786 30.4642      1.1168       1.1168    0.4393            1
2016 11 26 29.7240 30.5312 30.1160      0.7696       0.7696    0.4262            1
2016 11 27 30.0625 30.8719 30.4559      1.1104       1.1104    0.4134            1
2016 11 28 29.7262 30.5378 30.1211      0.7764       0.7764    0.4009            1
2016 11 29 30.0511 30.8650 30.4475      1.1036       1.1036    0.3887            1
2016 11 30 29.7290 30.5450 30.1268      0.7837       0.7837    0.3768            1
2016 12 01 30.0395 30.8576 30.4387      1.0963       1.0963    0.3652            1
2016 12 02 29.7323 30.5527 30.1330      0.7913       0.7913    0.3539            1
2016 12 03 30.0276 30.8501 30.4298      1.0887       1.0887    0.3429            1
2016 12 04 29.7362 30.5609 30.1400      0.7994       0.7994    0.3322            1
2016 12 05 30.0153 30.8422 30.4206      1.0806       1.0806    0.3217            1
2016 12 06 29.7405 30.5695 30.1474      0.8078       0.8078    0.3115            1
2016 12 07 30.0029 30.8341 30.4113      1.0722       1.0722    0.3016            1
2016 12 08 29.7453 30.5786 30.1552      0.8165       0.8165    0.2919            1
2016 12 09 29.9904 30.8258 30.4019      1.0635       1.0635    0.2825            1
2016 12 10 29.7506 30.5881 30.1637      0.8256       0.8256    0.2734            1
2016 12 11 29.9776 30.8171 30.3923      1.0544       1.0544    0.2645            1
2016 12 12 29.7564 30.5980 30.1727      0.8350       0.8350    0.2558            1
2016 12 13 29.9646 30.8083 30.3825      1.0450       1.0450    0.2474            1
2016 12 14 29.7626 30.6084 30.1822      0.8447       0.8447    0.2392            1
2016 12 15 29.9515 30.7993 30.3727      1.0353       1.0353    0.2312            1
2016 12 16 29.7691 30.6190 30.1920      0.8546       0.8546    0.2235            1
2016 12 17 29.9383 30.7902 30.3629      1.0254       1.0254    0.2159            1
2016 12 18 29.7762 30.6301 30.2023      0.8648       0.8648    0.2086            1
2016 12 19 29.9250 30.7809 30.3529      1.0152       1.0152    0.2015            1
2016 12 20 29.7834 30.6413 30.2130      0.8751       0.8751    0.1946            1
2016 12 21 29.9118 30.7716 30.3430      1.0049       1.0049    0.1880            1
2016 12 22 29.7912 30.6529 30.2241      0.8857       0.8857    0.1815            1
2016 12 23 29.8984 30.7621 30.3330      0.9943       0.9943    0.1751            1
2016 12 24 29.7992 30.6648 30.2355      0.8964       0.8964    0.1690            1
2016 12 25 29.8851 30.7526 30.3232      0.9836       0.9836    0.1631            1
2016 12 26 29.8075 30.6768 30.2472      0.9072       0.9072    0.1573            1
2016 12 27 29.8719 30.7431 30.3134      0.9728       0.9728    0.1518            1
2016 12 28 29.8161 30.6890 30.2592      0.9181       0.9181    0.1463            1
2016 12 29 29.8588 30.7335 30.3036      0.9619       0.9619    0.1411            1
2016 12 30 29.8248 30.7014 30.2714      0.9290       0.9290    0.1360            1
2016 12 31 29.8458 30.7241 30.2941      0.9510       0.9510    0.1311            1
2017 01 01 29.8337 30.7137 30.2837      0.9400       0.9400    0.3732            1
2017 01 02 29.8328 30.7145 30.2845      0.9400       0.9400    0.3851            1
2017 01 03 29.8429 30.7263 30.2964      0.9510       0.9510    0.3972            1
2017 01 04 29.8201 30.7051 30.2752      0.9290       0.9290    0.4097            1
2017 01 05 29.8523 30.7390 30.3092      0.9620       0.9620    0.4225            1
2017 01 06 29.8076 30.6959 30.2662      0.9180       0.9180    0.4355            1
2017 01 07 29.8618 30.7516 30.3221      0.9729       0.9729    0.4489            1
2017 01 08 29.7953 30.6868 30.2573      0.9071       0.9071    0.4627            1
2017 01 09 29.8713 30.7643 30.3351      0.9837       0.9837    0.4767            1
2017 01 10 29.7834 30.6779 30.2488      0.8963       0.8963    0.4911            1
2017 01 11 29.8811 30.7770 30.3482      0.9945       0.9945    0.5058            1
2017 01 12 29.7716 30.6690 30.2405      0.8855       0.8855    0.5209            1
2017 01 13 29.8907 30.7895 30.3612      1.0050       1.0050    0.5363            1
2017 01 14 29.7604 30.6606 30.2326      0.8750       0.8750    0.5521            1
2017 01 15 29.9005 30.8020 30.3743      1.0154       1.0154    0.5683            1
2017 01 16 29.7494 30.6523 30.2250      0.8646       0.8646    0.5848            1
2017 01 17 29.9102 30.8144 30.3874      1.0256       1.0256    0.6016            1
2017 01 18 29.7389 30.6443 30.2177      0.8544       0.8544    0.6189            1
2017 01 19 29.9198 30.8265 30.4003      1.0355       1.0355    0.6365            1
2017 01 20 29.7288 30.6367 30.2109      0.8445       0.8445    0.6544            1
2017 01 21 29.9295 30.8385 30.4132      1.0452       1.0452    0.6728            1
2017 01 22 29.7191 30.6293 30.2045      0.8348       0.8348    0.6916            1
2017 01 23 29.9390 30.8503 30.4260      1.0546       1.0546    0.7107            1
2017 01 24 29.7099 30.6223 30.1985      0.8254       0.8254    0.7302            1
2017 01 25 29.9484 30.8618 30.4386      1.0637       1.0637    0.7502            1
2017 01 26 29.7013 30.6157 30.1930      0.8163       0.8163    0.7705            1
2017 01 27 29.9577 30.8731 30.4510      1.0725       1.0725    0.7912            1
2017 01 28 29.6931 30.6094 30.1879      0.8075       0.8075    0.8124            1
2017 01 29 29.9669 30.8841 30.4632      1.0809       1.0809    0.8339            1
2017 01 30 29.6855 30.6036 30.1834      0.7991       0.7991    0.8559            1
2017 01 31 29.9759 30.8948 30.4752      1.0890       1.0890    0.8782            1
2017 02 01 29.6784 30.5981 30.1793      0.7910       0.7910    0.9010            1
2017 02 02 29.9847 30.9052 30.4870      1.0967       1.0967    0.9242            1
2017 02 03 29.6719 30.5931 30.1757      0.7833       0.7833    0.9479            1
2017 02 04 29.9932 30.9151 30.4984      1.1039       1.1039    0.9719            1
2017 02 05 29.6661 30.5887 30.1727      0.7761       0.7761    0.9964            1
2017 02 06 30.0014 30.9246 30.5095      1.1107       1.1107    1.0213            2
2017 02 07 29.6608 30.5846 30.1703      0.7693       0.7693    1.0466            2
2017 02 08 30.0095 30.9338 30.5204      1.1171       1.1171    1.0723            2
2017 02 09 29.6562 30.5811 30.1684      0.7629       0.7629    1.0985            2
2017 02 10 30.0174 30.9427 30.5309      1.1231       1.1231    1.1251            2
2017 02 11 29.6522 30.5779 30.1670      0.7569       0.7569    1.1521            2
2017 02 12 30.0248 30.9510 30.5410      1.1285       1.1285    1.1796            2
2017 02 13 29.6489 30.5754 30.1663      0.7515       0.7515    1.2075            2
2017 02 14 30.0321 30.9590 30.5508      1.1336       1.1336    1.2358            2
2017 02 15 29.6461 30.5732 30.1661      0.7464       0.7464    1.2645            2
2017 02 16 30.0390 30.9664 30.5602      1.1381       1.1381    1.2937            2
2017 02 17 29.6441 30.5717 30.1665      0.7419       0.7419    1.3233            2
2017 02 18 30.0456 30.9734 30.5692      1.1421       1.1421    1.3533            2
2017 02 19 29.6428 30.5707 30.1675      0.7379       0.7379    1.3837            2
2017 02 20 30.0520 30.9800 30.5778      1.1457       1.1457    1.4146            2
2017 02 21 29.6420 30.5701 30.1690      0.7343       0.7343    1.4458            2
2017 02 22 30.0580 30.9861 30.5860      1.1488       1.1488    1.4775            2
2017 02 23 29.6419 30.5700 30.1710      0.7312       0.7312    1.5096            2
2017 02 24 30.0637 30.9917 30.5938      1.1514       1.1514    1.5421            2
2017 02 25 29.6425 30.5704 30.1737      0.7286       0.7286    1.5750            2
2017 02 26 30.0689 30.9967 30.6011      1.1534       1.1534    1.6083            2
2017 02 27 29.6438 30.5714 30.1770      0.7266       0.7266    1.6420            2
2017 02 28 30.0741 31.0015 30.6081      1.1551       1.1551    1.6761            2
2017 03 01 29.6456 30.5728 30.1806      0.7249       0.7249    1.7105            2
2017 03 02 30.0787 31.0056 30.6146      1.1562       1.1562    1.7454            2
2017 03 03 29.6482 30.5747 30.1849      0.7238       0.7238    1.7806            2
2017 03 04 30.0830 31.0092 30.6206      1.1568       1.1568    1.8162            2
2017 03 05 29.6514 30.5772 30.1898      0.7232       0.7232    1.8522            2
2017 03 06 30.0871 31.0125 30.6263      1.1570       1.1570    1.8885            2
2017 03 07 29.6551 30.5800 30.1951      0.7230       0.7230    1.9252            2
2017 03 08 30.0908 31.0152 30.6315      1.1567       1.1567    1.9622            2
2017 03 09 29.6595 30.5833 30.2009      0.7233       0.7233    1.9996            2
2017 03 10 30.0943 31.0175 30.6364      1.1560       1.1560    2.0373            2
2017 03 11 29.6644 30.5870 30.2071      0.7240       0.7240    2.0753            2
2017 03 12 30.0974 31.0194 30.6408      1.1549       1.1549    2.1136            2
2017 03 13 29.6698 30.5911 30.2138      0.7251       0.7251    2.1522            2
2017 03 14 30.1003 31.0208 30.6448      1.1533       1.1533    2.1911            2
2017 03 15 29.6759 30.5957 30.2210      0.7267       0.7267    2.2303            2
2017 03 16 30.1028 31.0218 30.6484      1.1513       1.1513    2.2698            2
2017 03 17 29.6825 30.6007 30.2286      0.7287       0.7287    2.3096            2
2017 03 18 30.1050 31.0224 30.6516      1.1489       1.1489    2.3496            2
2017 03 19 29.6896 30.6060 30.2366      0.7311       0.7311    2.3898            2
2017 03 20 30.1071 31.0226 30.6545      1.1462       1.1462    2.4303            2
2017 03 21 29.6971 30.6116 30.2449      0.7338       0.7338    2.4710            2
2017 03 22 30.1088 31.0224 30.6570      1.1431       1.1431    2.5119            2
2017 03 23 29.7051 30.6176 30.2536      0.7369       0.7369    2.5530            2
2017 03 24 30.1103 31.0217 30.6590      1.1396       1.1396    2.5943            2
2017 03 25 29.7136 30.6239 30.2626      0.7404       0.7404    2.6357            2
2017 03 26 30.1117 31.0208 30.6609      1.1359       1.1359    2.6774            2
2017 03 27 29.7224 30.6304 30.2718      0.7441       0.7441    2.7191            2
2017 03 28 30.1127 31.0195 30.6623      1.1318       1.1318    2.7610            2
2017 03 29 29.7317 30.6373 30.2814      0.7482       0.7482    2.8031            2
2017 03 30 30.1136 31.0179 30.6635      1.1275       1.1275    2.8452            2
2017 03 31 29.7413 30.6443 30.2912      0.7525       0.7525    2.8874            2
2017 04 01 30.1144 31.0161 30.6644      1.1230       1.1230    2.9297            2
2017 04 02 29.7511 30.6514 30.3011      0.7570       0.7570    2.9721            2
2017 04 03 30.1150 31.0139 30.6650      1.1182       1.1182    3.0145            2
2017 04 04 29.7613 30.6588 30.3112      0.7618       0.7618    3.0569            2
2017 04 05 30.1154 31.0115 30.6653      1.1132       1.1132    3.0994            2
2017 04 06 29.7718 30.6664 30.3215      0.7668       0.7668    3.1418            2
2017 04 07 30.1157 31.0088 30.6654      1.1080       1.1080    3.1843            2
2017 04 08 29.7825 30.6741 30.3320      0.7720       0.7720    3.2267            2
2017 04 09 30.1159 31.0060 30.6653      1.1027       1.1027    3.2690            2
2017 04 10 29.7933 30.6818 30.3424      0.7773       0.7773    3.3113            2
2017 04 11 30.1160 31.0029 30.6649      1.0972       1.0972    3.3535            2
2017 04 12 29.8044 30.6897 30.3530      0.7828       0.7828    3.3956            2
2017 04 13 30.1160 30.9996 30.6643      1.0916       1.0916    3.4376            2
2017 04 14 29.8157 30.6976 30.3636      0.7884       0.7884    3.4795            2
2017 04 15 30.1160 30.9962 30.6636      1.0859       1.0859    3.5212            2
2017 04 16 29.8270 30.7055 30.3742      0.7941       0.7941    3.5627            2
2017 04 17 30.1160 30.9927 30.6628      1.0802       1.0802    3.6041            2
2017 04 18 29.8384 30.7133 30.3848      0.7998       0.7998    3.6453            2
2017 04 19 30.1159 30.9890 30.6617      1.0744       1.0744    3.6862            2
2017 04 20 29.8499 30.7212 30.3953      0.8056       0.8056    3.7269            2
2017 04 21 30.1158 30.9852 30.6606      1.0686       1.0686    3.7673            2
2017 04 22 29.8614 30.7290 30.4057      0.8114       0.8114    3.8075            2
2017 04 23 30.1157 30.9814 30.6593      1.0628       1.0628    3.8473            2
2017 04 24 29.8729 30.7367 30.4160      0.8172       0.8172    3.8869            2
2017 04 25 30.1156 30.9774 30.6580      1.0570       1.0570    3.9261            2
2017 04 26 29.8844 30.7444 30.4262      0.8230       0.8230    3.9650            2
2017 04 27 30.1154 30.9734 30.6565      1.0512       1.0512    4.0035            3
2017 04 28 29.8959 30.7519 30.4362      0.8288       0.8288    4.0416            3
2017 04 29 30.1154 30.9694 30.6550      1.0455       1.0455    4.0793            3
2017 04 30 29.9072 30.7593 30.4460      0.8345       0.8345    4.1166            3
2017 05 01 30.1155 30.9655 30.6535      1.0399       1.0399    4.1534            3
2017 05 02 29.9185 30.7664 30.4556      0.8401       0.8401    4.1898            3
2017 05 03 30.1155 30.9614 30.6518      1.0343       1.0343    4.2258            3
2017 05 04 29.9297 30.7735 30.4651      0.8457       0.8457    4.2612            3
2017 05 05 30.1157 30.9574 30.6502      1.0289       1.0289    4.2961            3
2017 05 06 29.9406 30.7803 30.4742      0.8511       0.8511    4.3305            3
2017 05 07 30.1159 30.9535 30.6485      1.0236       1.0236    4.3644            3
2017 05 08 29.9514 30.7869 30.4831      0.8564       0.8564    4.3977            3
2017 05 09 30.1162 30.9495 30.6468      1.0184       1.0184    4.4304            3
2017 05 10 29.9621 30.7933 30.4917      0.8616       0.8616    4.4625            3
2017 05 11 30.1166 30.9457 30.6452      1.0134       1.0134    4.4940            3
2017 05 12 29.9725 30.7994 30.5000      0.8666       0.8666    4.5249            3
2017 05 13 30.1171 30.9418 30.6435      1.0085       1.0085    4.5552            3
2017 05 14 29.9827 30.8053 30.5080      0.8715       0.8715    4.5848            3
2017 05 15 30.1177 30.9381 30.6418      1.0038       1.0038    4.6137            3
2017 05 16 29.9927 30.8109 30.5156      0.8762       0.8762    4.6419            3
2017 05 17 30.1183 30.9344 30.6401      0.9992       0.9992    4.6694            3
2017 05 18 30.0025 30.8163 30.5230      0.8808       0.8808    4.6962            3
2017 05 19 30.1190 30.9307 30.6384      0.9948       0.9948    4.7223            3
2017 05 20 30.0120 30.8214 30.5300      0.8852       0.8852    4.7476            3
2017 05 21 30.1200 30.9273 30.6368      0.9907       0.9907    4.7722            3
2017 05 22 30.0211 30.8262 30.5366      0.8893       0.8893    4.7960            3
2017 05 23 30.1209 30.9238 30.6351      0.9867       0.9867    4.8190            3
2017 05 24 30.0300 30.8307 30.5429      0.8933       0.8933    4.8412            3
2017 05 25 30.1219 30.9204 30.6334      0.9828       0.9828    4.8626            3
2017 05 26 30.0387 30.8349 30.5488      0.8972       0.8972    4.8831            3
2017 05 27 30.1230 30.9171 30.6318      0.9792       0.9792    4.9029            3
2017 05 28 30.0470 30.8388 30.5544      0.9008       0.9008    4.9218            3
2017 05 29 30.1243 30.9139 30.6302      0.9758       0.9758    4.9398            3
2017 05 30 30.0550 30.8424 30.5595      0.9042       0.9042    4.9570            3
2017 05 31 30.1256 30.9109 30.6287      0.9726       0.9726    4.9733            3
2017 06 01 30.0626 30.8457 30.5642      0.9074       0.9074    4.9887            3
2017 06 02 30.1269 30.9078 30.6270      0.9695       0.9695    5.0033            3
2017 06 03 30.0701 30.8488 30.5687      0.9105       0.9105    5.0169            3
2017 06 04 30.1283 30.9048 30.6254      0.9666       0.9666    5.0296            3
2017 06 05 30.0772 30.8516 30.5728      0.9134       0.9134    5.0414            3
2017 06 06 30.1297 30.9020 30.6238      0.9639       0.9639    5.0523            3
2017 06 07 30.0839 30.8540 30.5764      0.9161       0.9161    5.0623            3
2017 06 08 30.1312 30.8992 30.6222      0.9614       0.9614    5.0713            3
2017 06 09 30.0904 30.8562 30.5797      0.9186       0.9186    5.0794            3
2017 06 10 30.1327 30.8964 30.6205      0.9590       0.9590    5.0866            3
2017 06 11 30.0966 30.8582 30.5827      0.9210       0.9210    5.0928            3
2017 06 12 30.1342 30.8937 30.6188      0.9568       0.9568    5.0980            3
2017 06 13 30.1024 30.8598 30.5853      0.9232       0.9232    5.1023            3
2017 06 14 30.1357 30.8910 30.6170      0.9547       0.9547    5.1057            3
2017 06 15 30.1080 30.8613 30.5877      0.9253       0.9253    5.1081            3
2017 06 16 30.1372 30.8884 30.6152      0.9528       0.9528    5.1095            3
2017 06 17 30.1132 30.8624 30.5896      0.9272       0.9272    5.1100            3
2017 06 18 30.1386 30.8858 30.6133      0.9510       0.9510    5.1095            3
2017 06 19 30.1182 30.8634 30.5912      0.9290       0.9290    5.1081            3
2017 06 20 30.1399 30.8831 30.6113      0.9492       0.9492    5.1057            3
2017 06 21 30.1230 30.8642 30.5927      0.9308       0.9308    5.1023            3
2017 06 22 30.1412 30.8805 30.6092      0.9476       0.9476    5.0980            3
2017 06 23 30.1274 30.8648 30.5937      0.9324       0.9324    5.0928            3
2017 06 24 30.1425 30.8779 30.6071      0.9461       0.9461    5.0866            3
2017 06 25 30.1316 30.8651 30.5945      0.9339       0.9339    5.0794            3
2017 06 26 30.1436 30.8752 30.6047      0.9446       0.9446    5.0713            3
2017 06 27 30.1356 30.8654 30.5950      0.9354       0.9354    5.0623            3
2017 06 28 30.1444 30.8724 30.6022      0.9431       0.9431    5.0523            3
2017 06 29 30.1394 30.8655 30.5954      0.9369       0.9369    5.0414            3
2017 06 30 30.1453 30.8696 30.5996      0.9417       0.9417    5.0296            3
2017 07 01 30.1429 30.8655 30.5955      0.9383       0.9383    5.0169            3
2017 07 02 30.1459 30.8668 30.5968      0.9403       0.9403    5.0033            3
2017 07 03 30.1463 30.8654 30.5954      0.9397       0.9397    4.9887            3
2017 07 04 30.1465 30.8639 30.5939      0.9390       0.9390    4.9733            3
2017 07 05 30.1493 30.8651 30.5950      0.9410       0.9410    4.9570            3
2017 07 06 30.1467 30.8608 30.5907      0.9376       0.9376    4.9398            3
2017 07 07 30.1523 30.8648 30.5945      0.9424       0.9424    4.9218            3
2017 07 08 30.1468 30.8577 30.5873      0.9362       0.9362    4.9029            3
2017 07 09 30.1551 30.8644 30.5939      0.9438       0.9438    4.8831            3
2017 07 10 30.1466 30.8544 30.5837      0.9347       0.9347    4.8626            3
2017 07 11 30.1578 30.8640 30.5932      0.9453       0.9453    4.8412            3
2017 07 12 30.1462 30.8510 30.5799      0.9332       0.9332    4.8190            3
2017 07 13 30.1603 30.8636 30.5923      0.9468       0.9468    4.7960            3
2017 07 14 30.1455 30.8474 30.5758      0.9316       0.9316    4.7722            3
2017 07 15 30.1627 30.8631 30.5913      0.9484       0.9484    4.7476            3
2017 07 16 30.1445 30.8436 30.5715      0.9299       0.9299    4.7223            3
2017 07 17 30.1650 30.8627 30.5903      0.9501       0.9501    4.6962            3
2017 07 18 30.1432 30.8397 30.5668      0.9281       0.9281    4.6694            3
2017 07 19 30.1672 30.8624 30.5892      0.9519       0.9519    4.6419            3
2017 07 20 30.1417 30.8356 30.5620      0.9263       0.9263    4.6137            3
2017 07 21 30.1692 30.8619 30.5879      0.9537       0.9537    4.5848            3
2017 07 22 30.1397 30.8313 30.5568      0.9242       0.9242    4.5552            3
2017 07 23 30.1713 30.8617 30.5868      0.9558       0.9558    4.5249            3
2017 07 24 30.1376 30.8268 30.5514      0.9221       0.9221    4.4940            3
2017 07 25 30.1732 30.8614 30.5855      0.9579       0.9579    4.4625            3
2017 07 26 30.1350 30.8221 30.5456      0.9198       0.9198    4.4304            3
2017 07 27 30.1752 30.8612 30.5842      0.9602       0.9602    4.3977            3
2017 07 28 30.1321 30.8172 30.5396      0.9174       0.9174    4.3644            3
2017 07 29 30.1770 30.8611 30.5829      0.9626       0.9626    4.3305            3
2017 07 30 30.1287 30.8120 30.5332      0.9147       0.9147    4.2961            3
2017 07 31 30.1789 30.8613 30.5818      0.9653       0.9653    4.2612            3
2017 08 01 30.1252 30.8067 30.5266      0.9120       0.9120    4.2258            3
2017 08 02 30.1807 30.8613 30.5806      0.9680       0.9680    4.1898            3
2017 08 03 30.1211 30.8010 30.5195      0.9090       0.9090    4.1534            3
2017 08 04 30.1825 30.8617 30.5795      0.9710       0.9710    4.1166            3
2017 08 05 30.1167 30.7951 30.5122      0.9058       0.9058    4.0793            3
2017 08 06 30.1844 30.8621 30.5784      0.9742       0.9742    4.0416            3
2017 08 07 30.1120 30.7891 30.5046      0.9025       0.9025    4.0035            3
2017 08 08 30.1862 30.8627 30.5774      0.9775       0.9775    3.9650            2
2017 08 09 30.1068 30.7828 30.4967      0.8990       0.8990    3.9261            2
2017 08 10 30.1879 30.8634 30.5764      0.9810       0.9810    3.8869            2
2017 08 11 30.1013 30.7762 30.4884      0.8953       0.8953    3.8473            2
2017 08 12 30.1897 30.8642 30.5755      0.9847       0.9847    3.8075            2
2017 08 13 30.0954 30.7695 30.4799      0.8914       0.8914    3.7673            2
2017 08 14 30.1916 30.8652 30.5747      0.9886       0.9886    3.7269            2
2017 08 15 30.0891 30.7625 30.4711      0.8873       0.8873    3.6862            2
2017 08 16 30.1934 30.8664 30.5741      0.9927       0.9927    3.6453            2
2017 08 17 30.0825 30.7552 30.4619      0.8830       0.8830    3.6041            2
2017 08 18 30.1952 30.8678 30.5735      0.9970       0.9970    3.5627            2
2017 08 19 30.0754 30.7478 30.4525      0.8785       0.8785    3.5212            2
2017 08 20 30.1971 30.8693 30.5730      1.0015       1.0015    3.4795            2
2017 08 21 30.0681 30.7402 30.4429      0.8739       0.8739    3.4376            2
2017 08 22 30.1989 30.8709 30.5725      1.0061       1.0061    3.3956            2
2017 08 23 30.0604 30.7324 30.4330      0.8691       0.8691    3.3535            2
2017 08 24 30.2007 30.8727 30.5722      1.0109       1.0109    3.3113            2
2017 08 25 30.0524 30.7244 30.4228      0.8641       0.8641    3.2690            2
2017 08 26 30.2026 30.8747 30.5720      1.0159       1.0159    3.2267            2
2017 08 27 30.0441 30.7162 30.4124      0.8590       0.8590    3.1843            2
2017 08 28 30.2044 30.8767 30.5718      1.0210       1.0210    3.1418            2
2017 08 29 30.0355 30.7080 30.4019      0.8538       0.8538    3.0994            2
2017 08 30 30.2062 30.8789 30.5716      1.0262       1.0262    3.0569            2
2017 08 31 30.0266 30.6996 30.3911      0.8484       0.8484    3.0145            2
2017 09 01 30.2080 30.8812 30.5716      1.0316       1.0316    2.9721            2
2017 09 02 30.0174 30.6910 30.3802      0.8429       0.8429    2.9297            2
2017 09 03 30.2097 30.8837 30.5717      1.0371       1.0371    2.8874            2
2017 09 04 30.0080 30.6824 30.3692      0.8373       0.8373    2.8452            2
2017 09 05 30.2114 30.8863 30.5718      1.0427       1.0427    2.8031            2
2017 09 06 29.9983 30.6736 30.3580      0.8316       0.8316    2.7610            2
2017 09 07 30.2131 30.8889 30.5720      1.0484       1.0484    2.7191            2
2017 09 08 29.9885 30.6649 30.3467      0.8259       0.8259    2.6774            2
2017 09 09 30.2146 30.8916 30.5721      1.0541       1.0541    2.6357            2
2017 09 10 29.9784 30.6561 30.3354      0.8201       0.8201    2.5943            2
2017 09 11 30.2161 30.8944 30.5724      1.0599       1.0599    2.5530            2
2017 09 12 29.9683 30.6473 30.3240      0.8143       0.8143    2.5119            2
2017 09 13 30.2174 30.8972 30.5726      1.0657       1.0657    2.4710            2
2017 09 14 29.9580 30.6385 30.3126      0.8085       0.8085    2.4303            2
2017 09 15 30.2187 30.9000 30.5728      1.0715       1.0715    2.3898            2
2017 09 16 29.9475 30.6298 30.3012      0.8027       0.8027    2.3496            2
2017 09 17 30.2198 30.9029 30.5730      1.0773       1.0773    2.3096            2
2017 09 18 29.9370 30.6210 30.2898      0.7969       0.7969    2.2698            2
2017 09 19 30.2208 30.9058 30.5732      1.0831       1.0831    2.2303            2
2017 09 20 29.9265 30.6125 30.2785      0.7912       0.7912    2.1911            2
2017 09 21 30.2216 30.9086 30.5733      1.0888       1.0888    2.1522            2
2017 09 22 29.9160 30.6040 30.2674      0.7856       0.7856    2.1136            2
2017 09 23 30.2222 30.9114 30.5734      1.0944       1.0944    2.0753            2
2017 09 24 29.9054 30.5957 30.2563      0.7801       0.7801    2.0373            2
2017 09 25 30.2227 30.9141 30.5733      1.0999       1.0999    1.9996            2
2017 09 26 29.8948 30.5874 30.2453      0.7746       0.7746    1.9622            2
2017 09 27 30.2230 30.9168 30.5733      1.1054       1.1054    1.9252            2
2017 09 28 29.8844 30.5794 30.2346      0.7694       0.7694    1.8885            2
2017 09 29 30.2230 30.9193 30.5731      1.1106       1.1106    1.8522            2
2017 09 30 29.8740 30.5716 30.2241      0.7643       0.7643    1.8162            2
2017 10 01 30.2227 30.9217 30.5728      1.1157       1.1157    1.7806            2
2017 10 02 29.8638 30.5641 30.2138      0.7594       0.7594    1.7454            2
2017 10 03 30.2223 30.9240 30.5723      1.1206       1.1206    1.7105            2
2017 10 04 29.8536 30.5568 30.2037      0.7547       0.7547    1.6761            2
2017 10 05 30.2215 30.9261 30.5717      1.1253       1.1253    1.6420            2
2017 10 06 29.8438 30.5499 30.1940      0.7503       0.7503    1.6083            2
2017 10 07 30.2204 30.9280 30.5708      1.1297       1.1297    1.5750            2
2017 10 08 29.8340 30.5432 30.1846      0.7461       0.7461    1.5421            2
2017 10 09 30.2191 30.9298 30.5698      1.1339       1.1339    1.5096            2
2017 10 10 29.8246 30.5369 30.1756      0.7422       0.7422    1.4775            2
2017 10 11 30.2174 30.9313 30.5686      1.1378       1.1378    1.4458            2
2017 10 12 29.8154 30.5310 30.1669      0.7386       0.7386    1.4146            2
2017 10 13 30.2153 30.9326 30.5672      1.1414       1.1414    1.3837            2
2017 10 14 29.8064 30.5254 30.1586      0.7353       0.7353    1.3533            2
2017 10 15 30.2130 30.9337 30.5656      1.1447       1.1447    1.3233            2
2017 10 16 29.7979 30.5203 30.1508      0.7324       0.7324    1.2937            2
2017 10 17 30.2102 30.9344 30.5636      1.1476       1.1476    1.2645            2
2017 10 18 29.7896 30.5155 30.1435      0.7298       0.7298    1.2358            2
2017 10 19 30.2071 30.9349 30.5615      1.1502       1.1502    1.2075            2
2017 10 20 29.7818 30.5114 30.1367      0.7277       0.7277    1.1796            2
2017 10 21 30.2035 30.9350 30.5590      1.1523       1.1523    1.1521            2
2017 10 22 29.7743 30.5076 30.1303      0.7259       0.7259    1.1251            2
2017 10 23 30.1996 30.9349 30.5562      1.1541       1.1541    1.0985            2
2017 10 24 29.7672 30.5043 30.1244      0.7245       0.7245    1.0723            2
2017 10 25 30.1953 30.9344 30.5532      1.1555       1.1555    1.0466            2
2017 10 26 29.7606 30.5016 30.1192      0.7236       0.7236    1.0213            2
2017 10 27 30.1905 30.9335 30.5498      1.1564       1.1564    0.9964            1
2017 10 28 29.7544 30.4994 30.1144      0.7231       0.7231    0.9719            1
2017 10 29 30.1854 30.9323 30.5462      1.1569       1.1569    0.9479            1
2017 10 30 29.7486 30.4976 30.1102      0.7230       0.7230    0.9242            1
2017 10 31 30.1798 30.9308 30.5422      1.1570       1.1570    0.9010            1
2017 11 01 29.7434 30.4965 30.1067      0.7234       0.7234    0.8782            1
2017 11 02 30.1738 30.9289 30.5379      1.1566       1.1566    0.8559            1
2017 11 03 29.7387 30.4959 30.1038      0.7243       0.7243    0.8339            1
2017 11 04 30.1674 30.9266 30.5333      1.1557       1.1557    0.8124            1
2017 11 05 29.7346 30.4959 30.1015      0.7257       0.7257    0.7912            1
2017 11 06 30.1604 30.9239 30.5283      1.1543       1.1543    0.7705            1
2017 11 07 29.7309 30.4965 30.0997      0.7275       0.7275    0.7502            1
2017 11 08 30.1532 30.9209 30.5230      1.1525       1.1525    0.7302            1
2017 11 09 29.7278 30.4977 30.0987      0.7299       0.7299    0.7107            1
2017 11 10 30.1453 30.9173 30.5173      1.1501       1.1501    0.6916            1
2017 11 11 29.7253 30.4994 30.0983      0.7327       0.7327    0.6728            1
2017 11 12 30.1372 30.9135 30.5114      1.1473       1.1473    0.6544            1
2017 11 13 29.7232 30.5017 30.0985      0.7360       0.7360    0.6365            1
2017 11 14 30.1286 30.9093 30.5051      1.1440       1.1440    0.6189            1
2017 11 15 29.7218 30.5047 30.0994      0.7398       0.7398    0.6016            1
2017 11 16 30.1196 30.9046 30.4984      1.1402       1.1402    0.5848            1
2017 11 17 29.7209 30.5082 30.1010      0.7441       0.7441    0.5683            1
2017 11 18 30.1102 30.8996 30.4915      1.1359       1.1359    0.5521            1
2017 11 19 29.7207 30.5123 30.1032      0.7489       0.7489    0.5363            1
2017 11 20 30.1004 30.8942 30.4842      1.1311       1.1311    0.5209            1
2017 11 21 29.7209 30.5169 30.1060      0.7541       0.7541    0.5058            1
2017 11 22 30.0902 30.8885 30.4767      1.1259       1.1259    0.4911            1
2017 11 23 29.7217 30.5221 30.1095      0.7598       0.7598    0.4767            1
2017 11 24 30.0797 30.8823 30.4689      1.1202       1.1202    0.4627            1
2017 11 25 29.7231 30.5280 30.1137      0.7660       0.7660    0.4489            1
2017 11 26 30.0688 30.8758 30.4607      1.1140       1.1140    0.4355            1
2017 11 27 29.7251 30.5343 30.1184      0.7726       0.7726    0.4225            1
2017 11 28 30.0576 30.8690 30.4523      1.1074       1.1074    0.4097            1
2017 11 29 29.7276 30.5412 30.1238      0.7797       0.7797    0.3972            1
2017 11 30 30.0460 30.8618 30.4436      1.1003       1.1003    0.3851            1
2017 12 01 29.7306 30.5486 30.1297      0.7871       0.7871    0.3732            1
2017 12 02 30.0342 30.8544 30.4348      1.0929       1.0929    0.3617            1
2017 12 03 29.7342 30.5565 30.1363      0.7950       0.7950    0.3504            1
2017 12 04 30.0221 30.8466 30.4257      1.0850       1.0850    0.3395            1
2017 12 05 29.7382 30.5649 30.1434      0.8032       0.8032    0.3288            1
2017 12 06 30.0098 30.8386 30.4165      1.0768       1.0768    0.3184            1
2017 12 07 29.7428 30.5737 30.1510      0.8118       0.8118    0.3082            1
2017 12 08 29.9972 30.8303 30.4070      1.0682       1.0682    0.2984            1
2017 12 09 29.7479 30.5831 30.1593      0.8208       0.8208    0.2887            1
2017 12 10 29.9844 30.8217 30.3974      1.0592       1.0592    0.2794            1
2017 12 11 29.7533 30.5928 30.1679      0.8300       0.8300    0.2703            1
2017 12 12 29.9715 30.8130 30.3877      1.0500       1.0500    0.2614            1
2017 12 13 29.7593 30.6029 30.1772      0.8396       0.8396    0.2528            1
2017 12 14 29.9584 30.8041 30.3779      1.0404       1.0404    0.2444            1
2017 12 15 29.7657 30.6134 30.1868      0.8494       0.8494    0.2363            1
2017 12 16 29.9452 30.7950 30.3680      1.0306       1.0306    0.2284            1
2017 12 17 29.7725 30.6243 30.1969      0.8595       0.8595    0.2207            1
2017 12 18 29.9319 30.7857 30.3580      1.0205       1.0205    0.2132            1
2017 12 19 29.7796 30.6355 30.2075      0.8698       0.8698    0.2060            1
2017 12 20 29.9185 30.7763 30.3480      1.0102       1.0102    0.1989            1
2017 12 21 29.7871 30.6468 30.2183      0.8802       0.8802    0.1921            1
2017 12 22 29.9053 30.7670 30.3381      0.9998       0.9998    0.1854            1
2017 12 23 29.7950 30.6586 30.2296      0.8909       0.8909    0.1790            1
2017 12 24 29.8919 30.7574 30.3281      0.9891       0.9891    0.1727            1
2017 12 25 29.8032 30.6706 30.2412      0.9017       0.9017    0.1667            1
2017 12 26 29.8785 30.7478 30.3182      0.9783       0.9783    0.1608            1
2017 12 27 29.8115 30.6826 30.2529      0.9125       0.9125    0.1551            1
2017 12 28 29.8654 30.7383 30.3085      0.9675       0.9675    0.1496            1
2017 12 29 29.8203 30.6950 30.2651      0.9235       0.9235    0.1442            1
2017 12 30 29.8522 30.7287 30.2988      0.9565       0.9565    0.1390            1
2017 12 31 29.8347 30.7130 30.2830      0.9400       0.9400    0.1340            1
2018 01 01 29.8237 30.7037 30.2737      0.9300       0.9300    0.3557            1
2018 01 02 29.8228 30.7045 30.2745      0.9300       0.9300    0.3670            1
2018 01 03 29.8329 30.7163 30.2864      0.9410       0.9410    0.3786            1
2018 01 04 29.8101 30.6951 30.2652      0.9190       0.9190    0.3904            1
2018 01 05 29.8423 30.7290 30.2992      0.9520       0.9520    0.4026            1
2018 01 06 29.7976 30.6859 30.2562      0.9080       0.9080    0.4151            1
2018 01 07 29.8518 30.7416 30.3121      0.9629       0.9629    0.4279            1
2018 01 08 29.7853 30.6768 30.2473      0.8971       0.8971    0.4409            1
2018 01 09 29.8613 30.7543 30.3251      0.9737       0.9737    0.4543            1
2018 01 10 29.7734 30.6679 30.2388      0.8863       0.8863    0.4680            1
2018 01 11 29.8711 30.7670 30.3382      0.9845       0.9845    0.4821            1
2018 01 12 29.7616 30.6590 30.2305      0.8755       0.8755    0.4965            1
2018 01 13 29.8807 30.7795 30.3512      0.9950       0.9950    0.5112            1
2018 01 14 29.7504 30.6506 30.2226      0.8650       0.8650    0.5262            1
2018 01 15 29.8905 30.7920 30.3643      1.0054       1.0054    0.5416            1
2018 01 16 29.7394 30.6423 30.2150      0.8546       0.8546    0.5573            1
2018 01 17 29.9002 30.8044 30.3774      1.0156       1.0156    0.5734            1
2018 01 18 29.7289 30.6343 30.2077      0.8444       0.8444    0.5898            1
2018 01 19 29.9098 30.8165 30.3903      1.0255       1.0255    0.6066            1
2018 01 20 29.7188 30.6267 30.2009      0.8345       0.8345    0.6237            1
2018 01 21 29.9195 30.8285 30.4032      1.0352       1.0352    0.6412            1
2018 01 22 29.7091 30.6193 30.1945      0.8248       0.8248    0.6591            1
2018 01 23 29.9290 30.8403 30.4160      1.0446       1.0446    0.6773            1
2018 01 24 29.6999 30.6123 30.1885      0.8154       0.8154    0.6959            1
2018 01 25 29.9384 30.8518 30.4286      1.0537       1.0537    0.7149            1
2018 01 26 29.6913 30.6057 30.1830      0.8063       0.8063    0.7343            1
2018 01 27 29.9477 30.8631 30.4410      1.0625       1.0625    0.7541            1
2018 01 28 29.6831 30.5994 30.1779      0.7975       0.7975    0.7742            1
2018 01 29 29.9569 30.8741 30.4532      1.0709       1.0709    0.7948            1
2018 01 30 29.6755 30.5936 30.1734      0.7891       0.7891    0.8157            1
2018 01 31 29.9659 30.8848 30.4652      1.0790       1.0790    0.8370            1
2018 02 01 29.6684 30.5881 30.1693      0.7810       0.7810    0.8587            1
2018 02 02 29.9747 30.8952 30.4770      1.0867       1.0867    0.8808            1
2018 02 03 29.6619 30.5831 30.1657      0.7733       0.7733    0.9033            1
2018 02 04 29.9832 30.9051 30.4884      1.0939       1.0939    0.9263            1
2018 02 05 29.6561 30.5787 30.1627      0.7661       0.7661    0.9496            1
2018 02 06 29.9914 30.9146 30.4995      1.1007       1.1007    0.9733            1
2018 02 07 29.6508 30.5746 30.1603      0.7593       0.7593    0.9974            1
2018 02 08 29.9995 30.9238 30.5104      1.1071       1.1071    1.0220            2
2018 02 09 29.6462 30.5711 30.1584      0.7529       0.7529    1.0469            2
2018 02 10 30.0074 30.9327 30.5209      1.1131       1.1131    1.0723            2
2018 02 11 29.6422 30.5679 30.1570      0.7469       0.7469    1.0980            2
2018 02 12 30.0148 30.9410 30.5310      1.1185       1.1185    1.1242            2
2018 02 13 29.6389 30.5654 30.1563      0.7415       0.7415    1.1508            2
2018 02 14 30.0221 30.9490 30.5408      1.1236       1.1236    1.1777            2
2018 02 15 29.6361 30.5632 30.1561      0.7364       0.7364    1.2051            2
2018 02 16 30.0290 30.9564 30.5502      1.1281       1.1281    1.2329            2
2018 02 17 29.6341 30.5617 30.1565      0.7319       0.7319    1.2611            2
2018 02 18 30.0356 30.9634 30.5592      1.1321       1.1321    1.2897            2
2018 02 19 29.6328 30.5607 30.1575      0.7279       0.7279    1.3187            2
2018 02 20 30.0420 30.9700 30.5678      1.1357       1.1357    1.3481            2
2018 02 21 29.6320 30.5601 30.1590      0.7243       0.7243    1.3779            2
2018 02 22 30.0480 30.9761 30.5760      1.1388       1.1388    1.4081            2
2018 02 23 29.6319 30.5600 30.1610      0.7212       0.7212    1.4387            2
2018 02 24 30.0537 30.9817 30.5838      1.1414       1.1414    1.4697            2
2018 02 25 29.6325 30.5604 30.1637      0.7186       0.7186    1.5010            2
2018 02 26 30.0589 30.9867 30.5911      1.1434       1.1434    1.5327            2
2018 02 27 29.6338 30.5614 30.1670      0.7166       0.7166    1.5649            2
2018 02 28 30.0641 30.9915 30.5981      1.1451       1.1451    1.5973            2
2018 03 01 29.6356 30.5628 30.1706      0.7149       0.7149    1.6302            2
2018 03 02 30.0687 30.9956 30.6046      1.1462       1.1462    1.6634            2
2018 03 03 29.6382 30.5647 30.1749      0.7138       0.7138    1.6970            2
2018 03 04 30.0730 30.9992 30.6106      1.1468       1.1468    1.7309            2
2018 03 05 29.6414 30.5672 30.1798      0.7132       0.7132    1.7652            2
2018 03 06 30.0771 31.0025 30.6163      1.1470       1.1470    1.7998            2
2018 03 07 29.6451 30.5700 30.1851      0.7130       0.7130    1.8348            2
2018 03 08 30.0808 31.0052 30.6215      1.1467       1.1467    1.8701            2
2018 03 09 29.6495 30.5733 30.1909      0.7133       0.7133    1.9057            2
2018 03 10 30.0843 31.0075 30.6264      1.1460       1.1460    1.9416            2
2018 03 11 29.6544 30.5770 30.1971      0.7140       0.7140    1.9778            2
2018 03 12 30.0874 31.0094 30.6308      1.1449       1.1449    2.0143            2
2018 03 13 29.6598 30.5811 30.2038      0.7151       0.7151    2.0511            2
2018 03 14 30.0903 31.0108 30.6348      1.1433       1.1433    2.0882            2
2018 03 15 29.6659 30.5857 30.2110      0.7167       0.7167    2.1256            2
2018 03 16 30.0928 31.0118 30.6384      1.1413       1.1413    2.1632            2
2018 03 17 29.6725 30.5907 30.2186      0.7187       0.7187    2.2011            2
2018 03 18 30.0950 31.0124 30.6416      1.1389       1.1389    2.2392            2
2018 03 19 29.6796 30.5960 30.2266      0.7211       0.7211    2.2776            2
2018 03 20 30.0971 31.0126 30.6445      1.1362       1.1362    2.3161            2
2018 03 21 29.6871 30.6016 30.2349      0.7238       0.7238    2.3549            2
2018 03 22 30.0988 31.0124 30.6470      1.1331       1.1331    2.3939            2
2018 03 23 29.6951 30.6076 30.2436      0.7269       0.7269    2.4331            2
2018 03 24 30.1003 31.0117 30.6490      1.1296       1.1296    2.4724            2
2018 03 25 29.7036 30.6139 30.2526      0.7304       0.7304    2.5119            2
2018 03 26 30.1017 31.0108 30.6509      1.1259       1.1259    2.5516            2
2018 03 27 29.7124 30.6204 30.2618      0.7341       0.7341    2.5914            2
2018 03 28 30.1027 31.0095 30.6523      1.1218       1.1218    2.6314            2
2018 03 29 29.7217 30.6273 30.2714      0.7382       0.7382    2.6714            2
2018 03 30 30.1036 31.0079 30.6535      1.1175       1.1175    2.7116            2
2018 03 31 29.7313 30.6343 30.2812      0.7425       0.7425    2.7518            2
2018 04 01 30.1044 31.0061 30.6544      1.1130       1.1130    2.7921            2
2018 04 02 29.7411 30.6414 30.2911      0.7470       0.7470    2.8325            2
2018 04 03 30.1050 31.0039 30.6550      1.1082       1.1082    2.8729            2
2018 04 04 29.7513 30.6488 30.3012      0.7518       0.7518    2.9133            2
2018 04 05 30.1054 31.0015 30.6553      1.1032       1.1032    2.9538            2
2018 04 06 29.7618 30.6564 30.3115      0.7568       0.7568    2.9943            2
2018 04 07 30.1057 30.9988 30.6554      1.0980       1.0980    3.0347            2
2018 04 08 29.7725 30.6641 30.3220      0.7620       0.7620    3.0751            2
2018 04 09 30.1059 30.9960 30.6553      1.0927       1.0927    3.1155            2
2018 04 10 29.7833 30.6718 30.3324      0.7673       0.7673    3.1558            2
2018 04 11 30.1060 30.9929 30.6549      1.0872       1.0872    3.1960            2
2018 04 12 29.7944 30.6797 30.3430      0.7728       0.7728    3.2362            2
2018 04 13 30.1060 30.9896 30.6543      1.0816       1.0816    3.2762            2
2018 04 14 29.8057 30.6876 30.3536      0.7784       0.7784    3.3161            2
2018 04 15 30.1060 30.9862 30.6536      1.0759       1.0759    3.3558            2
2018 04 16 29.8170 30.6955 30.3642      0.7841       0.7841    3.3954            2
2018 04 17 30.1060 30.9827 30.6528      1.0702       1.0702    3.4348            2
2018 04 18 29.8284 30.7033 30.3748      0.7898       0.7898    3.4740            2
2018 04 19 30.1059 30.9790 30.6517      1.0644       1.0644    3.5131            2
2018 04 20 29.8399 30.7112 30.3853      0.7956       0.7956    3.5518            2
2018 04 21 30.1058 30.9752 30.6506      1.0586       1.0586    3.5904            2
2018 04 22 29.8514 30.7190 30.3957      0.8014       0.8014    3.6286            2
2018 04 23 30.1057 30.9714 30.6493      1.0528       1.0528    3.6666            2
2018 04 24 29.8629 30.7267 30.4060      0.8072       0.8072    3.7043            2
2018 04 25 30.1056 30.9674 30.6480      1.0470       1.0470    3.7417            2
2018 04 26 29.8744 30.7344 30.4162      0.8130       0.8130    3.7787            2
2018 04 27 30.1054 30.9634 30.6465      1.0412       1.0412    3.8154            2
2018 04 28 29.8859 30.7419 30.4262      0.8188       0.8188    3.8518            2
2018 04 29 30.1054 30.9594 30.6450      1.0355       1.0355    3.8877            2
2018 04 30 29.8972 30.7493 30.4360      0.8245       0.8245    3.9232            2
2018 05 01 30.1055 30.9555 30.6435      1.0299       1.0299    3.9584            2
2018 05 02 29.9085 30.7564 30.4456      0.8301       0.8301    3.9931            2
2018 05 03 30.1055 30.9514 30.6418      1.0243       1.0243    4.0273            3
2018 05 04 29.9197 30.7635 30.4551      0.8357       0.8357    4.0611            3
2018 05 05 30.1057 30.9474 30.6402      1.0189       1.0189    4.0944            3
2018 05 06 29.9306 30.7703 30.4642      0.8411       0.8411    4.1271            3
2018 05 07 30.1059 30.9435 30.6385      1.0136       1.0136    4.1594            3
2018 05 08 29.9414 30.7769 30.4731      0.8464       0.8464    4.1911            3
2018 05 09 30.1062 30.9395 30.6368      1.0084       1.0084    4.2223            3
2018 05 10 29.9521 30.7833 30.4817      0.8516       0.8516    4.2529            3
2018 05 11 30.1066 30.9357 30.6352      1.0034       1.0034    4.2830            3
2018 05 12 29.9625 30.7894 30.4900      0.8566       0.8566    4.3124            3
2018 05 13 30.1071 30.9318 30.6335      0.9985       0.9985    4.3412            3
2018 05 14 29.9727 30.7953 30.4980      0.8615       0.8615    4.3694            3
2018 05 15 30.1077 30.9281 30.6318      0.9938       0.9938    4.3970            3
2018 05 16 29.9827 30.8009 30.5056      0.8662       0.8662    4.4239            3
2018 05 17 30.1083 30.9244 30.6301      0.9892       0.9892    4.4501            3
2018 05 18 29.9925 30.8063 30.5130      0.8708       0.8708    4.4756            3
2018 05 19 30.1090 30.9207 30.6284      0.9848       0.9848    4.5005            3
2018 05 20 30.0020 30.8114 30.5200      0.8752       0.8752    4.5246            3
2018 05 21 30.1100 30.9173 30.6268      0.9807       0.9807    4.5480            3
2018 05 22 30.0111 30.8162 30.5266      0.8793       0.8793    4.5707            3
2018 05 23 30.1109 30.9138 30.6251      0.9767       0.9767    4.5926            3
2018 05 24 30.0200 30.8207 30.5329      0.8833       0.8833    4.6138            3
2018 05 25 30.1119 30.9104 30.6234      0.9728       0.9728    4.6342            3
2018 05 26 30.0287 30.8249 30.5388      0.8872       0.8872    4.6538            3
2018 05 27 30.1130 30.9071 30.6218      0.9692       0.9692    4.6726            3
2018 05 28 30.0370 30.8288 30.5444      0.8908       0.8908    4.6906            3
2018 05 29 30.1143 30.9039 30.6202      0.9658       0.9658    4.7078            3
2018 05 30 30.0450 30.8324 30.5495      0.8942       0.8942    4.7242            3
2018 05 31 30.1156 30.9009 30.6187      0.9626       0.9626    4.7397            3
2018 06 01 30.0526 30.8357 30.5542      0.8974       0.8974    4.7544            3
2018 06 02 30.1169 30.8978 30.6170      0.9595       0.9595    4.7683            3
2018 06 03 30.0601 30.8388 30.5587      0.9005       0.9005    4.7813            3
2018 06 04 30.1183 30.8948 30.6154      0.9566       0.9566    4.7934            3
2018 06 05 30.0672 30.8416 30.5628      0.9034       0.9034    4.8046            3
2018 06 06 30.1197 30.8920 30.6138      0.9539       0.9539    4.8150            3
2018 06 07 30.0739 30.8440 30.5664      0.9061       0.9061    4.8245            3
2018 06 08 30.1212 30.8892 30.6122      0.9514       0.9514    4.8331            3
2018 06 09 30.0804 30.8462 30.5697      0.9086       0.9086    4.8408            3
2018 06 10 30.1227 30.8864 30.6105      0.9490       0.9490    4.8477            3
2018 06 11 30.0866 30.8482 30.5727      0.9110       0.9110    4.8536            3
2018 06 12 30.1242 30.8837 30.6088      0.9468       0.9468    4.8586            3
2018 06 13 30.0924 30.8498 30.5753      0.9132       0.9132    4.8627            3
2018 06 14 30.1257 30.8810 30.6070      0.9447       0.9447    4.8659            3
2018 06 15 30.0980 30.8513 30.5777      0.9153       0.9153    4.8682            3
2018 06 16 30.1272 30.8784 30.6052      0.9428       0.9428    4.8695            3
2018 06 17 30.1032 30.8524 30.5796      0.9172       0.9172    4.8700            3
2018 06 18 30.1286 30.8758 30.6033      0.9410       0.9410    4.8695            3
2018 06 19 30.1082 30.8534 30.5812      0.9190       0.9190    4.8682            3
2018 06 20 30.1299 30.8731 30.6013      0.9392       0.9392    4.8659            3
2018 06 21 30.1130 30.8542 30.5827      0.9208       0.9208    4.8627            3
2018 06 22 30.1312 30.8705 30.5992      0.9376       0.9376    4.8586            3
2018 06 23 30.1174 30.8548 30.5837      0.9224       0.9224    4.8536            3
2018 06 24 30.1325 30.8679 30.5971      0.9361       0.9361    4.8477            3
2018 06 25 30.1216 30.8551 30.5845      0.9239       0.9239    4.8408            3
2018 06 26 30.1336 30.8652 30.5947      0.9346       0.9346    4.8331            3
2018 06 27 30.1256 30.8554 30.5850      0.9254       0.9254    4.8245            3
2018 06 28 30.1344 30.8624 30.5922      0.9331       0.9331    4.8150            3
2018 06 29 30.1294 30.8555 30.5854      0.9269       0.9269    4.8046            3
2018 06 30 30.1353 30.8596 30.5896      0.9317       0.9317    4.7934            3
2018 07 01 30.1329 30.8555 30.5855      0.9283       0.9283    4.7813            3
2018 07 02 30.1359 30.8568 30.5868      0.9303       0.9303    4.7683            3
2018 07 03 30.1363 30.8554 30.5854      0.9297       0.9297    4.7544            3
2018 07 04 30.1365 30.8539 30.5839      0.9290       0.9290    4.7397            3
2018 07 05 30.1393 30.8551 30.5850      0.9310       0.9310    4.7242            3
2018 07 06 30.1367 30.8508 30.5807      0.9276       0.9276    4.7078            3
2018 07 07 30.1423 30.8548 30.5845      0.9324       0.9324    4.6906            3
2018 07 08 30.1368 30.8477 30.5773      0.9262       0.9262    4.6726            3
2018 07 09 30.1451 30.8544 30.5839      0.9338       0.9338    4.6538            3
2018 07 10 30.1366 30.8444 30.5737      0.9247       0.9247    4.6342            3
2018 07 11 30.1478 30.8540 30.5832      0.9353       0.9353    4.6138            3
2018 07 12 30.1362 30.8410 30.5699      0.9232       0.9232    4.5926            3
2018 07 13 30.1503 30.8536 30.5823      0.9368       0.9368    4.5707            3
2018 07 14 30.1355 30.8374 30.5658      0.9216       0.9216    4.5480            3
2018 07 15 30.1527 30.8531 30.5813      0.9384       0.9384    4.5246            3
2018 07 16 30.1345 30.8336 30.5615      0.9199       0.9199    4.5005            3
2018 07 17 30.1550 30.8527 30.5803      0.9401       0.9401    4.4756            3
2018 07 18 30.1332 30.8297 30.5568      0.9181       0.9181    4.4501            3
2018 07 19 30.1572 30.8524 30.5792      0.9419       0.9419    4.4239            3
2018 07 20 30.1317 30.8256 30.5520      0.9163       0.9163    4.3970            3
2018 07 21 30.1592 30.8519 30.5779      0.9437       0.9437    4.3694            3
2018 07 22 30.1297 30.8213 30.5468      0.9142       0.9142    4.3412            3
2018 07 23 30.1613 30.8517 30.5768      0.9458       0.9458    4.3124            3
2018 07 24 30.1276 30.8168 30.5414      0.9121       0.9121    4.2830            3
2018 07 25 30.1632 30.8514 30.5755      0.9479       0.9479    4.2529            3
2018 07 26 30.1250 30.8121 30.5356      0.9098       0.9098    4.2223            3
2018 07 27 30.1652 30.8512 30.5742      0.9502       0.9502    4.1911            3
2018 07 28 30.1221 30.8072 30.5296      0.9074       0.9074    4.1594            3
2018 07 29 30.1670 30.8511 30.5729      0.9526       0.9526    4.1271            3
2018 07 30 30.1187 30.8020 30.5232      0.9047       0.9047    4.0944            3
2018 07 31 30.1689 30.8513 30.5718      0.9553       0.9553    4.0611            3
2018 08 01 30.1152 30.7967 30.5166      0.9020       0.9020    4.0273            3
2018 08 02 30.1707 30.8513 30.5706      0.9580       0.9580    3.9931            2
2018 08 03 30.1111 30.7910 30.5095      0.8990       0.8990    3.9584            2
2018 08 04 30.1725 30.8517 30.5695      0.9610       0.9610    3.9232            2
2018 08 05 30.1067 30.7851 30.5022      0.8958       0.8958    3.8877            2
2018 08 06 30.1744 30.8521 30.5684      0.9642       0.9642    3.8518            2
2018 08 07 30.1020 30.7791 30.4946      0.8925       0.8925    3.8154            2
2018 08 08 30.1762 30.8527 30.5674      0.9675       0.9675    3.7787            2
2018 08 09 30.0968 30.7728 30.4867      0.8890       0.8890    3.7417            2
2018 08 10 30.1779 30.8534 30.5664      0.9710       0.9710    3.7043            2
2018 08 11 30.0913 30.7662 30.4784      0.8853       0.8853    3.6666            2
2018 08 12 30.1797 30.8542 30.5655      0.9747       0.9747    3.6286            2
2018 08 13 30.0854 30.7595 30.4699      0.8814       0.8814    3.5904            2
2018 08 14 30.1816 30.8552 30.5647      0.9786       0.9786    3.5518            2
2018 08 15 30.0791 30.7525 30.4611      0.8773       0.8773    3.5131            2
2018 08 16 30.1834 30.8564 30.5641      0.9827       0.9827    3.4740            2
2018 08 17 30.0725 30.7452 30.4519      0.8730       0.8730    3.4348            2
2018 08 18 30.1852 30.8578 30.5635      0.9870       0.9870    3.3954            2
2018 08 19 30.0654 30.7378 30.4425      0.8685       0.8685    3.3558            2
2018 08 20 30.1871 30.8593 30.5630      0.9915       0.9915    3.3161            2
2018 08 21 30.0581 30.7302 30.4329      0.8639       0.8639    3.2762            2
2018 08 22 30.1889 30.8609 30.5625      0.9961       0.9961    3.2362            2
2018 08 23 30.0504 30.7224 30.4230      0.8591       0.8591    3.1960            2
2018 08 24 30.1907 30.8627 30.5622      1.0009       1.0009    3.1558            2
2018 08 25 30.0424 30.7144 30.4128      0.8541       0.8541    3.1155            2
2018 08 26 30.1926 30.8647 30.5620      1.0059       1.0059    3.0751            2
2018 08 27 30.0341 30.7062 30.4024      0.8490       0.8490    3.0347            2
2018 08 28 30.1944 30.8667 30.5618      1.0110       1.0110    2.9943            2
2018 08 29 30.0255 30.6980 30.3919      0.8438       0.8438    2.9538            2
2018 08 30 30.1962 30.8689 30.5616      1.0162       1.0162    2.9133            2
2018 08 31 30.0166 30.6896 30.3811      0.8384       0.8384    2.8729            2
2018 09 01 30.1980 30.8712 30.5616      1.0216       1.0216    2.8325            2
2018 09 02 30.0074 30.6810 30.3702      0.8329       0.8329    2.7921            2
2018 09 03 30.1997 30.8737 30.5617      1.0271       1.0271    2.7518            2
2018 09 04 29.9980 30.6724 30.3592      0.8273       0.8273    2.7116            2
2018 09 05 30.2014 30.8763 30.5618      1.0327       1.0327    2.6714            2
2018 09 06 29.9883 30.6636 30.3480      0.8216       0.8216    2.6314            2
2018 09 07 30.2031 30.8789 30.5620      1.0384       1.0384    2.5914            2
2018 09 08 29.9785 30.6549 30.3367      0.8159       0.8159    2.5516            2
2018 09 09 30.2046 30.8816 30.5621      1.0441       1.0441    2.5119            2
2018 09 10 29.9684 30.6461 30.3254      0.8101       0.8101    2.4724            2
2018 09 11 30.2061 30.8844 30.5624      1.0499       1.0499    2.4331            2
2018 09 12 29.9583 30.6373 30.3140      0.8043       0.8043    2.3939            2
2018 09 13 30.2074 30.8872 30.5626      1.0557       1.0557    2.3549            2
2018 09 14 29.9480 30.6285 30.3026      0.7985       0.7985    2.3161            2
2018 09 15 30.2087 30.8900 30.5628      1.0615       1.0615    2.2776            2
2018 09 16 29.9375 30.6198 30.2912      0.7927       0.7927    2.2392            2
2018 09 17 30.2098 30.8929 30.5630      1.0673       1.0673    2.2011            2
2018 09 18 29.9270 30.6110 30.2798      0.7869       0.7869    2.1632            2
2018 09 19 30.2108 30.8958 30.5632      1.0731       1.0731    2.1256            2
2018 09 20 29.9165 30.6025 30.2685      0.7812       0.7812    2.0882            2
2018 09 21 30.2116 30.8986 30.5633      1.0788       1.0788    2.0511            2
2018 09 22 29.9060 30.5940 30.2574      0.7756       0.7756    2.0143            2
2018 09 23 30.2122 30.9014 30.5634      1.0844       1.0844    1.9778            2
2018 09 24 29.8954 30.5857 30.2463      0.7701       0.7701    1.9416            2
2018 09 25 30.2127 30.9041 30.5633      1.0899       1.0899    1.9057            2
2018 09 26 29.8848 30.5774 30.2353      0.7646       0.7646    1.8701            2
2018 09 27 30.2130 30.9068 30.5633      1.0954       1.0954    1.8348            2
2018 09 28 29.8744 30.5694 30.2246      0.7594       0.7594    1.7998            2
2018 09 29 30.2130 30.9093 30.5631      1.1006       1.1006    1.7652            2
2018 09 30 29.8640 30.5616 30.2141      0.7543       0.7543    1.7309            2
2018 10 01 30.2127 30.9117 30.5628      1.1057       1.1057    1.6970            2
2018 10 02 29.8538 30.5541 30.2038      0.7494       0.7494    1.6634            2
2018 10 03 30.2123 30.9140 30.5623      1.1106       1.1106    1.6302            2
2018 10 04 29.8436 30.5468 30.1937      0.7447       0.7447    1.5973            2
2018 10 05 30.2115 30.9161 30.5617      1.1153       1.1153    1.5649            2
2018 10 06 29.8338 30.5399 30.1840      0.7403       0.7403    1.5327            2
2018 10 07 30.2104 30.9180 30.5608      1.1197       1.1197    1.5010            2
2018 10 08 29.8240 30.5332 30.1746      0.7361       0.7361    1.4697            2
2018 10 09 30.2091 30.9198 30.5598      1.1239       1.1239    1.4387            2
2018 10 10 29.8146 30.5269 30.1656      0.7322       0.7322    1.4081            2
2018 10 11 30.2074 30.9213 30.5586      1.1278       1.1278    1.3779            2
2018 10 12 29.8054 30.5210 30.1569      0.7286       0.7286    1.3481            2
2018 10 13 30.2053 30.9226 30.5572      1.1314       1.1314    1.3187            2
2018 10 14 29.7964 30.5154 30.1486      0.7253       0.7253    1.2897            2
2018 10 15 30.2030 30.9237 30.5556      1.1347       1.1347    1.2611            2
2018 10 16 29.7879 30.5103 30.1408      0.7224       0.7224    1.2329            2
2018 10 17 30.2002 30.9244 30.5536      1.1376       1.1376    1.2051            2
2018 10 18 29.7796 30.5055 30.1335      0.7198       0.7198    1.1777            2
2018 10 19 30.1971 30.9249 30.5515      1.1402       1.1402    1.1508            2
2018 10 20 29.7718 30.5014 30.1267      0.7177       0.7177    1.1242            2
2018 10 21 30.1935 30.9250 30.5490      1.1423       1.1423    1.0980            2
2018 10 22 29.7643 30.4976 30.1203      0.7159       0.7159    1.0723            2
2018 10 23 30.1896 30.9249 30.5462      1.1441       1.1441    1.0469            2
2018 10 24 29.7572 30.4943 30.1144      0.7145       0.7145    1.0220            2
2018 10 25 30.1853 30.9244 30.5432      1.1455       1.1455    0.9974            1
2018 10 26 29.7506 30.4916 30.1092      0.7136       0.7136    0.9733            1
2018 10 27 30.1805 30.9235 30.5398      1.1464       1.1464    0.9496            1
2018 10 28 29.7444 30.4894 30.1044      0.7131       0.7131    0.9263            1
2018 10 29 30.1754 30.9223 30.5362      1.1469       1.1469    0.9033            1
2018 10 30 29.7386 30.4876 30.1002      0.7130       0.7130    0.8808            1
2018 10 31 30.1698 30.9208 30.5322      1.1470       1.1470    0.8587            1
2018 11 01 29.7334 30.4865 30.0967      0.7134       0.7134    0.8370            1
2018 11 02 30.1638 30.9189 30.5279      1.1466       1.1466    0.8157            1
2018 11 03 29.7287 30.4859 30.0938      0.7143       0.7143    0.7948            1
2018 11 04 30.1574 30.9166 30.5233      1.1457       1.1457    0.7742            1
2018 11 05 29.7246 30.4859 30.0915      0.7157       0.7157    0.7541            1
2018 11 06 30.1504 30.9139 30.5183      1.1443       1.1443    0.7343            1
2018 11 07 29.7209 30.4865 30.0897      0.7175       0.7175    0.7149            1
2018 11 08 30.1432 30.9109 30.5130      1.1425       1.1425    0.6959            1
2018 11 09 29.7178 30.4877 30.0887      0.7199       0.7199    0.6773            1
2018 11 10 30.1353 30.9073 30.5073      1.1401       1.1401    0.6591            1
2018 11 11 29.7153 30.4894 30.0883      0.7227       0.7227    0.6412            1
2018 11 12 30.1272 30.9035 30.5014      1.1373       1.1373    0.6237            1
2018 11 13 29.7132 30.4917 30.0885      0.7260       0.7260    0.6066            1
2018 11 14 30.1186 30.8993 30.4951      1.1340       1.1340    0.5898            1
2018 11 15 29.7118 30.4947 30.0894      0.7298       0.7298    0.5734            1
2018 11 16 30.1096 30.8946 30.4884      1.1302       1.1302    0.5573            1
2018 11 17 29.7109 30.4982 30.0910      0.7341       0.7341    0.5416            1
2018 11 18 30.1002 30.8896 30.4815      1.1259       1.1259    0.5262            1
2018 11 19 29.7107 30.5023 30.0932      0.7389       0.7389    0.5112            1
2018 11 20 30.0904 30.8842 30.4742      1.1211       1.1211    0.4965            1
2018 11 21 29.7109 30.5069 30.0960      0.7441       0.7441    0.4821            1
2018 11 22 30.0802 30.8785 30.4667      1.1159       1.1159    0.4680            1
2018 11 23 29.7117 30.5121 30.0995      0.7498       0.7498    0.4543            1
2018 11 24 30.0697 30.8723 30.4589      1.1102       1.1102    0.4409            1
2018 11 25 29.7131 30.5180 30.1037      0.7560       0.7560    0.4279            1
2018 11 26 30.0588 30.8658 30.4507      1.1040       1.1040    0.4151            1
2018 11 27 29.7151 30.5243 30.1084      0.7626       0.7626    0.4026            1
2018 11 28 30.0476 30.8590 30.4423      1.0974       1.0974    0.3904            1
2018 11 29 29.7176 30.5312 30.1138      0.7697       0.7697    0.3786            1
2018 11 30 30.0360 30.8518 30.4336      1.0903       1.0903    0.3670            1
2018 12 01 29.7206 30.5386 30.1197      0.7771       0.7771    0.3557            1
2018 12 02 30.0242 30.8444 30.4248      1.0829       1.0829    0.3447            1
2018 12 03 29.7242 30.5465 30.1263      0.7850       0.7850    0.3340            1
2018 12 04 30.0121 30.8366 30.4157      1.0750       1.0750    0.3235            1
2018 12 05 29.7282 30.5549 30.1334      0.7932       0.7932    0.3133            1
2018 12 06 29.9998 30.8286 30.4065      1.0668       1.0668    0.3034            1
2018 12 07 29.7328 30.5637 30.1410      0.8018       0.8018    0.2937            1
2018 12 08 29.9872 30.8203 30.3970      1.0582       1.0582    0.2843            1
2018 12 09 29.7379 30.5731 30.1493      0.8108       0.8108    0.2752            1
2018 12 10 29.9744 30.8117 30.3874      1.0492       1.0492    0.2663            1
2018 12 11 29.7433 30.5828 30.1579      0.8200       0.8200    0.2576            1
2018 12 12 29.9615 30.8030 30.3777      1.0400       1.0400    0.2492            1
2018 12 13 29.7493 30.5929 30.1672      0.8296       0.8296    0.2409            1
2018 12 14 29.9484 30.7941 30.3679      1.0304       1.0304    0.2330            1
2018 12 15 29.7557 30.6034 30.1768      0.8394       0.8394    0.2252            1
2018 12 16 29.9352 30.7850 30.3580      1.0206       1.0206    0.2177            1
2018 12 17 29.7625 30.6143 30.1869      0.8495       0.8495    0.2103            1
2018 12 18 29.9219 30.7757 30.3480      1.0105       1.0105    0.2032            1
2018 12 19 29.7696 30.6255 30.1975      0.8598       0.8598    0.1963            1
2018 12 20 29.9085 30.7663 30.3380      1.0002       1.0002    0.1896            1
2018 12 21 29.7771 30.6368 30.2083      0.8702       0.8702    0.1831            1
2018 12 22 29.8953 30.7570 30.3281      0.9898       0.9898    0.1767            1
2018 12 23 29.7850 30.6486 30.2196      0.8809       0.8809    0.1706            1
2018 12 24 29.8819 30.7474 30.3181      0.9791       0.9791    0.1646            1
2018 12 25 29.7932 30.6606 30.2312      0.8917       0.8917    0.1589            1
2018 12 26 29.8685 30.7378 30.3082      0.9683       0.9683    0.1532            1
2018 12 27 29.8015 30.6726 30.2429      0.9025       0.9025    0.1478            1
2018 12 28 29.8554 30.7283 30.2985      0.9575       0.9575    0.1425            1
2018 12 29 29.8103 30.6850 30.2551      0.9135       0.9135    0.1374            1
2018 12 30 29.8422 30.7187 30.2888      0.9465       0.9465    0.1325            1
2018 12 31 29.8247 30.7030 30.2730      0.9300       0.9300    0.1277            1
2019 01 01 29.8237 30.7037 30.2737      0.9300       0.9300    0.3455            1
2019 01 02 29.8228 30.7045 30.2745      0.9300       0.9300    0.3565            1
2019 01 03 29.8329 30.7163 30.2864      0.9410       0.9410    0.3677            1
2019 01 04 29.8101 30.6951 30.2652      0.9190       0.9190    0.3792            1
2019 01 05 29.8423 30.7290 30.2992      0.9520       0.9520    0.3910            1
2019 01 06 29.7976 30.6859 30.2562      0.9080       0.9080    0.4031            1
2019 01 07 29.8518 30.7416 30.3121      0.9629       0.9629    0.4156            1
2019 01 08 29.7853 30.6768 30.2473      0.8971       0.8971    0.4283            1
2019 01 09 29.8613 30.7543 30.3251      0.9737       0.9737    0.4413            1
2019 01 10 29.7734 30.6679 30.2388      0.8863       0.8863    0.4546            1
2019 01 11 29.8711 30.7670 30.3382      0.9845       0.9845    0.4682            1
2019 01 12 29.7616 30.6590 30.2305      0.8755       0.8755    0.4822            1
2019 01 13 29.8807 30.7795 30.3512      0.9950       0.9950    0.4965            1
2019 01 14 29.7504 30.6506 30.2226      0.8650       0.8650    0.5111            1
2019 01 15 29.8905 30.7920 30.3643      1.0054       1.0054    0.5260            1
2019 01 16 29.7394 30.6423 30.2150      0.8546       0.8546    0.5413            1
2019 01 17 29.9002 30.8044 30.3774      1.0156       1.0156    0.5569            1
2019 01 18 29.7289 30.6343 30.2077      0.8444       0.8444    0.5728            1
2019 01 19 29.9098 30.8165 30.3903      1.0255       1.0255    0.5891            1
2019 01 20 29.7188 30.6267 30.2009      0.8345       0.8345    0.6058            1
2019 01 21 29.9195 30.8285 30.4032      1.0352       1.0352    0.6228            1
2019 01 22 29.7091 30.6193 30.1945      0.8248       0.8248    0.6401            1
2019 01 23 29.9290 30.8403 30.4160      1.0446       1.0446    0.6579            1
2019 01 24 29.6999 30.6123 30.1885      0.8154       0.8154    0.6759            1
2019 01 25 29.9384 30.8518 30.4286      1.0537       1.0537    0.6944            1
2019 01 26 29.6913 30.6057 30.1830      0.8063       0.8063    0.7132            1
2019 01 27 29.9477 30.8631 30.4410      1.0625       1.0625    0.7324            1
2019 01 28 29.6831 30.5994 30.1779      0.7975       0.7975    0.7520            1
2019 01 29 29.9569 30.8741 30.4532      1.0709       1.0709    0.7719            1
2019 01 30 29.6755 30.5936 30.1734      0.7891       0.7891    0.7922            1
2019 01 31 29.9659 30.8848 30.4652      1.0790       1.0790    0.8129            1
2019 02 01 29.6684 30.5881 30.1693      0.7810       0.7810    0.8340            1
2019 02 02 29.9747 30.8952 30.4770      1.0867       1.0867    0.8555            1
2019 02 03 29.6619 30.5831 30.1657      0.7733       0.7733    0.8774            1
2019 02 04 29.9832 30.9051 30.4884      1.0939       1.0939    0.8996            1
2019 02 05 29.6561 30.5787 30.1627      0.7661       0.7661    0.9223            1
2019 02 06 29.9914 30.9146 30.4995      1.1007       1.1007    0.9453            1
2019 02 07 29.6508 30.5746 30.1603      0.7593       0.7593    0.9688            1
2019 02 08 29.9995 30.9238 30.5104      1.1071       1.1071    0.9926            1
2019 02 09 29.6462 30.5711 30.1584      0.7529       0.7529    1.0168            2
2019 02 10 30.0074 30.9327 30.5209      1.1131       1.1131    1.0414            2
2019 02 11 29.6422 30.5679 30.1570      0.7469       0.7469    1.0665            2
2019 02 12 30.0148 30.9410 30.5310      1.1185       1.1185    1.0919            2
2019 02 13 29.6389 30.5654 30.1563      0.7415       0.7415    1.1177            2
2019 02 14 30.0221 30.9490 30.5408      1.1236       1.1236    1.1439            2
2019 02 15 29.6361 30.5632 30.1561      0.7364       0.7364    1.1705            2
2019 02 16 30.0290 30.9564 30.5502      1.1281       1.1281    1.1975            2
2019 02 17 29.6341 30.5617 30.1565      0.7319       0.7319    1.2249            2
2019 02 18 30.0356 30.9634 30.5592      1.1321       1.1321    1.2526            2
2019 02 19 29.6328 30.5607 30.1575      0.7279       0.7279    1.2808            2
2019 02 20 30.0420 30.9700 30.5678      1.1357       1.1357    1.3094            2
2019 02 21 29.6320 30.5601 30.1590      0.7243       0.7243    1.3383            2
2019 02 22 30.0480 30.9761 30.5760      1.1388       1.1388    1.3676            2
2019 02 23 29.6319 30.5600 30.1610      0.7212       0.7212    1.3973            2
2019 02 24 30.0537 30.9817 30.5838      1.1414       1.1414    1.4274            2
2019 02 25 29.6325 30.5604 30.1637      0.7186       0.7186    1.4579            2
2019 02 26 30.0589 30.9867 30.5911      1.1434       1.1434    1.4887            2
2019 02 27 29.6338 30.5614 30.1670      0.7166       0.7166    1.5199            2
2019 02 28 30.0641 30.9915 30.5981      1.1451       1.1451    1.5514            2
2019 03 01 29.6356 30.5628 30.1706      0.7149       0.7149    1.5833            2
2019 03 02 30.0687 30.9956 30.6046      1.1462       1.1462    1.6156            2
2019 03 03 29.6382 30.5647 30.1749      0.7138       0.7138    1.6482            2
2019 03 04 30.0730 30.9992 30.6106      1.1468       1.1468    1.6812            2
2019 03 05 29.6414 30.5672 30.1798      0.7132       0.7132    1.7145            2
2019 03 06 30.0771 31.0025 30.6163      1.1470       1.1470    1.7481            2
2019 03 07 29.6451 30.5700 30.1851      0.7130       0.7130    1.7820            2
2019 03 08 30.0808 31.0052 30.6215      1.1467       1.1467    1.8163            2
2019 03 09 29.6495 30.5733 30.1909      0.7133       0.7133    1.8509            2
2019 03 10 30.0843 31.0075 30.6264      1.1460       1.1460    1.8858            2
2019 03 11 29.6544 30.5770 30.1971      0.7140       0.7140    1.9209            2
2019 03 12 30.0874 31.0094 30.6308      1.1449       1.1449    1.9564            2
2019 03 13 29.6598 30.5811 30.2038      0.7151       0.7151    1.9922            2
2019 03 14 30.0903 31.0108 30.6348      1.1433       1.1433    2.0282            2
2019 03 15 29.6659 30.5857 30.2110      0.7167       0.7167    2.0645            2
2019 03 16 30.0928 31.0118 30.6384      1.1413       1.1413    2.1010            2
2019 03 17 29.6725 30.5907 30.2186      0.7187       0.7187    2.1378            2
2019 03 18 30.0950 31.0124 30.6416      1.1389       1.1389    2.1748            2
2019 03 19 29.6796 30.5960 30.2266      0.7211       0.7211    2.2121            2
2019 03 20 30.0971 31.0126 30.6445      1.1362       1.1362    2.2495            2
2019 03 21 29.6871 30.6016 30.2349      0.7238       0.7238    2.2872            2
2019 03 22 30.0988 31.0124 30.6470      1.1331       1.1331    2.3251            2
2019 03 23 29.6951 30.6076 30.2436      0.7269       0.7269    2.3631            2
2019 03 24 30.1003 31.0117 30.6490      1.1296       1.1296    2.4013            2
2019 03 25 29.7036 30.6139 30.2526      0.7304       0.7304    2.4397            2
2019 03 26 30.1017 31.0108 30.6509      1.1259       1.1259    2.4783            2
2019 03 27 29.7124 30.6204 30.2618      0.7341       0.7341    2.5169            2
2019 03 28 30.1027 31.0095 30.6523      1.1218       1.1218    2.5557            2
2019 03 29 29.7217 30.6273 30.2714      0.7382       0.7382    2.5946            2
2019 03 30 30.1036 31.0079 30.6535      1.1175       1.1175    2.6336            2
2019 03 31 29.7313 30.6343 30.2812      0.7425       0.7425    2.6727            2
2019 04 01 30.1044 31.0061 30.6544      1.1130       1.1130    2.7118            2
2019 04 02 29.7411 30.6414 30.2911      0.7470       0.7470    2.7511            2
2019 04 03 30.1050 31.0039 30.6550      1.1082       1.1082    2.7903            2
2019 04 04 29.7513 30.6488 30.3012      0.7518       0.7518    2.8296            2
2019 04 05 30.1054 31.0015 30.6553      1.1032       1.1032    2.8689            2
2019 04 06 29.7618 30.6564 30.3115      0.7568       0.7568    2.9082            2
2019 04 07 30.1057 30.9988 30.6554      1.0980       1.0980    2.9475            2
2019 04 08 29.7725 30.6641 30.3220      0.7620       0.7620    2.9867            2
2019 04 09 30.1059 30.9960 30.6553      1.0927       1.0927    3.0259            2
2019 04 10 29.7833 30.6718 30.3324      0.7673       0.7673    3.0651            2
2019 04 11 30.1060 30.9929 30.6549      1.0872       1.0872    3.1041            2
2019 04 12 29.7944 30.6797 30.3430      0.7728       0.7728    3.1431            2
2019 04 13 30.1060 30.9896 30.6543      1.0816       1.0816    3.1820            2
2019 04 14 29.8057 30.6876 30.3536      0.7784       0.7784    3.2207            2
2019 04 15 30.1060 30.9862 30.6536      1.0759       1.0759    3.2594            2
2019 04 16 29.8170 30.6955 30.3642      0.7841       0.7841    3.2978            2
2019 04 17 30.1060 30.9827 30.6528      1.0702       1.0702    3.3361            2
2019 04 18 29.8284 30.7033 30.3748      0.7898       0.7898    3.3742            2
2019 04 19 30.1059 30.9790 30.6517      1.0644       1.0644    3.4121            2
2019 04 20 29.8399 30.7112 30.3853      0.7956       0.7956    3.4497            2
2019 04 21 30.1058 30.9752 30.6506      1.0586       1.0586    3.4871            2
2019 04 22 29.8514 30.7190 30.3957      0.8014       0.8014    3.5243            2
2019 04 23 30.1057 30.9714 30.6493      1.0528       1.0528    3.5612            2
2019 04 24 29.8629 30.7267 30.4060      0.8072       0.8072    3.5978            2
2019 04 25 30.1056 30.9674 30.6480      1.0470       1.0470    3.6341            2
2019 04 26 29.8744 30.7344 30.4162      0.8130       0.8130    3.6701            2
2019 04 27 30.1054 30.9634 30.6465      1.0412       1.0412    3.7057            2
2019 04 28 29.8859 30.7419 30.4262      0.8188       0.8188    3.7410            2
2019 04 29 30.1054 30.9594 30.6450      1.0355       1.0355    3.7759            2
2019 04 30 29.8972 30.7493 30.4360      0.8245       0.8245    3.8105            2
2019 05 01 30.1055 30.9555 30.6435      1.0299       1.0299    3.8446            2
2019 05 02 29.9085 30.7564 30.4456      0.8301       0.8301    3.8783            2
2019 05 03 30.1055 30.9514 30.6418      1.0243       1.0243    3.9115            2
2019 05 04 29.9197 30.7635 30.4551      0.8357       0.8357    3.9443            2
2019 05 05 30.1057 30.9474 30.6402      1.0189       1.0189    3.9767            2
2019 05 06 29.9306 30.7703 30.4642      0.8411       0.8411    4.0085            3
2019 05 07 30.1059 30.9435 30.6385      1.0136       1.0136    4.0398            3
2019 05 08 29.9414 30.7769 30.4731      0.8464       0.8464    4.0707            3
2019 05 09 30.1062 30.9395 30.6368      1.0084       1.0084    4.1009            3
2019 05 10 29.9521 30.7833 30.4817      0.8516       0.8516    4.1307            3
2019 05 11 30.1066 30.9357 30.6352      1.0034       1.0034    4.1598            3
2019 05 12 29.9625 30.7894 30.4900      0.8566       0.8566    4.1884            3
2019 05 13 30.1071 30.9318 30.6335      0.9985       0.9985    4.2164            3
2019 05 14 29.9727 30.7953 30.4980      0.8615       0.8615    4.2438            3
2019 05 15 30.1077 30.9281 30.6318      0.9938       0.9938    4.2706            3
2019 05 16 29.9827 30.8009 30.5056      0.8662       0.8662    4.2967            3
2019 05 17 30.1083 30.9244 30.6301      0.9892       0.9892    4.3222            3
2019 05 18 29.9925 30.8063 30.5130      0.8708       0.8708    4.3470            3
2019 05 19 30.1090 30.9207 30.6284      0.9848       0.9848    4.3711            3
2019 05 20 30.0020 30.8114 30.5200      0.8752       0.8752    4.3946            3
2019 05 21 30.1100 30.9173 30.6268      0.9807       0.9807    4.4173            3
2019 05 22 30.0111 30.8162 30.5266      0.8793       0.8793    4.4393            3
2019 05 23 30.1109 30.9138 30.6251      0.9767       0.9767    4.4606            3
2019 05 24 30.0200 30.8207 30.5329      0.8833       0.8833    4.4812            3
2019 05 25 30.1119 30.9104 30.6234      0.9728       0.9728    4.5010            3
2019 05 26 30.0287 30.8249 30.5388      0.8872       0.8872    4.5200            3
2019 05 27 30.1130 30.9071 30.6218      0.9692       0.9692    4.5383            3
2019 05 28 30.0370 30.8288 30.5444      0.8908       0.8908    4.5558            3
2019 05 29 30.1143 30.9039 30.6202      0.9658       0.9658    4.5725            3
2019 05 30 30.0450 30.8324 30.5495      0.8942       0.8942    4.5884            3
2019 05 31 30.1156 30.9009 30.6187      0.9626       0.9626    4.6035            3
2019 06 01 30.0526 30.8357 30.5542      0.8974       0.8974    4.6177            3
2019 06 02 30.1169 30.8978 30.6170      0.9595       0.9595    4.6312            3
2019 06 03 30.0601 30.8388 30.5587      0.9005       0.9005    4.6438            3
2019 06 04 30.1183 30.8948 30.6154      0.9566       0.9566    4.6556            3
2019 06 05 30.0672 30.8416 30.5628      0.9034       0.9034    4.6665            3
2019 06 06 30.1197 30.8920 30.6138      0.9539       0.9539    4.6766            3
2019 06 07 30.0739 30.8440 30.5664      0.9061       0.9061    4.6858            3
2019 06 08 30.1212 30.8892 30.6122      0.9514       0.9514    4.6942            3
2019 06 09 30.0804 30.8462 30.5697      0.9086       0.9086    4.7017            3
2019 06 10 30.1227 30.8864 30.6105      0.9490       0.9490    4.7083            3
2019 06 11 30.0866 30.8482 30.5727      0.9110       0.9110    4.7141            3
2019 06 12 30.1242 30.8837 30.6088      0.9468       0.9468    4.7189            3
2019 06 13 30.0924 30.8498 30.5753      0.9132       0.9132    4.7229            3
2019 06 14 30.1257 30.8810 30.6070      0.9447       0.9447    4.7260            3
2019 06 15 30.0980 30.8513 30.5777      0.9153       0.9153    4.7282            3
2019 06 16 30.1272 30.8784 30.6052      0.9428       0.9428    4.7296            3
2019 06 17 30.1032 30.8524 30.5796      0.9172       0.9172    4.7300            3
2019 06 18 30.1286 30.8758 30.6033      0.9410       0.9410    4.7296            3
2019 06 19 30.1082 30.8534 30.5812      0.9190       0.9190    4.7282            3
2019 06 20 30.1299 30.8731 30.6013      0.9392       0.9392    4.7260            3
2019 06 21 30.1130 30.8542 30.5827      0.9208       0.9208    4.7229            3
2019 06 22 30.1312 30.8705 30.5992      0.9376       0.9376    4.7189            3
2019 06 23 30.1174 30.8548 30.5837      0.9224       0.9224    4.7141            3
2019 06 24 30.1325 30.8679 30.5971      0.9361       0.9361    4.7083            3
2019 06 25 30.1216 30.8551 30.5845      0.9239       0.9239    4.7017            3
2019 06 26 30.1336 30.8652 30.5947      0.9346       0.9346    4.6942            3
2019 06 27 30.1256 30.8554 30.5850      0.9254       0.9254    4.6858            3
2019 06 28 30.1344 30.8624 30.5922      0.9331       0.9331    4.6766            3
2019 06 29 30.1294 30.8555 30.5854      0.9269       0.9269    4.6665            3
2019 06 30 30.1353 30.8596 30.5896      0.9317       0.9317    4.6556            3
2019 07 01 30.1329 30.8555 30.5855      0.9283       0.9283    4.6438            3
2019 07 02 30.1359 30.8568 30.5868      0.9303       0.9303    4.6312            3
2019 07 03 30.1363 30.8554 30.5854      0.9297       0.9297    4.6177            3
2019 07 04 30.1365 30.8539 30.5839      0.9290       0.9290    4.6035            3
2019 07 05 30.1393 30.8551 30.5850      0.9310       0.9310    4.5884            3
2019 07 06 30.1367 30.8508 30.5807      0.9276       0.9276    4.5725            3
2019 07 07 30.1423 30.8548 30.5845      0.9324       0.9324    4.5558            3
2019 07 08 30.1368 30.8477 30.5773      0.9262       0.9262    4.5383            3
2019 07 09 30.1451 30.8544 30.5839      0.9338       0.9338    4.5200            3
2019 07 10 30.1366 30.8444 30.5737      0.9247       0.9247    4.5010            3
2019 07 11 30.1478 30.8540 30.5832      0.9353       0.9353    4.4812            3
2019 07 12 30.1362 30.8410 30.5699      0.9232       0.9232    4.4606            3
2019 07 13 30.1503 30.8536 30.5823      0.9368       0.9368    4.4393            3
2019 07 14 30.1355 30.8374 30.5658      0.9216       0.9216    4.4173            3
2019 07 15 30.1527 30.8531 30.5813      0.9384       0.9384    4.3946            3
2019 07 16 30.1345 30.8336 30.5615      0.9199       0.9199    4.3711            3
2019 07 17 30.1550 30.8527 30.5803      0.9401       0.9401    4.3470            3
2019 07 18 30.1332 30.8297 30.5568      0.9181       0.9181    4.3222            3
2019 07 19 30.1572 30.8524 30.5792      0.9419       0.9419    4.2967            3
2019 07 20 30.1317 30.8256 30.5520      0.9163       0.9163    4.2706            3
2019 07 21 30.1592 30.8519 30.5779      0.9437       0.9437    4.2438            3
2019 07 22 30.1297 30.8213 30.5468      0.9142       0.9142    4.2164            3
2019 07 23 30.1613 30.8517 30.5768      0.9458       0.9458    4.1884            3
2019 07 24 30.1276 30.8168 30.5414      0.9121       0.9121    4.1598            3
2019 07 25 30.1632 30.8514 30.5755      0.9479       0.9479    4.1307            3
2019 07 26 30.1250 30.8121 30.5356      0.9098       0.9098    4.1009            3
2019 07 27 30.1652 30.8512 30.5742      0.9502       0.9502    4.0707            3
2019 07 28 30.1221 30.8072 30.5296      0.9074       0.9074    4.0398            3
2019 07 29 30.1670 30.8511 30.5729      0.9526       0.9526    4.0085            3
2019 07 30 30.1187 30.8020 30.5232      0.9047       0.9047    3.9767            2
2019 07 31 30.1689 30.8513 30.5718      0.9553       0.9553    3.9443            2
2019 08 01 30.1152 30.7967 30.5166      0.9020       0.9020    3.9115            2
2019 08 02 30.1707 30.8513 30.5706      0.9580       0.9580    3.8783            2
2019 08 03 30.1111 30.7910 30.5095      0.8990       0.8990    3.8446            2
2019 08 04 30.1725 30.8517 30.5695      0.9610       0.9610    3.8105            2
2019 08 05 30.1067 30.7851 30.5022      0.8958       0.8958    3.7759            2
2019 08 06 30.1744 30.8521 30.5684      0.9642       0.9642    3.7410            2
2019 08 07 30.1020 30.7791 30.4946      0.8925       0.8925    3.7057            2
2019 08 08 30.1762 30.8527 30.5674      0.9675       0.9675    3.6701            2
2019 08 09 30.0968 30.7728 30.4867      0.8890       0.8890    3.6341            2
2019 08 10 30.1779 30.8534 30.5664      0.9710       0.9710    3.5978            2
2019 08 11 30.0913 30.7662 30.4784      0.8853       0.8853    3.5612            2
2019 08 12 30.1797 30.8542 30.5655      0.9747       0.9747    3.5243            2
2019 08 13 30.0854 30.7595 30.4699      0.8814       0.8814    3.4871            2
2019 08 14 30.1816 30.8552 30.5647      0.9786       0.9786    3.4497            2
2019 08 15 30.0791 30.7525 30.4611      0.8773       0.8773    3.4121            2
2019 08 16 30.1834 30.8564 30.5641      0.9827       0.9827    3.3742            2
2019 08 17 30.0725 30.7452 30.4519      0.8730       0.8730    3.3361            2
2019 08 18 30.1852 30.8578 30.5635      0.9870       0.9870    3.2978            2
2019 08 19 30.0654 30.7378 30.4425      0.8685       0.8685    3.2594            2
2019 08 20 30.1871 30.8593 30.5630      0.9915       0.9915    3.2207            2
2019 08 21 30.0581 30.7302 30.4329      0.8639       0.8639    3.1820            2
2019 08 22 30.1889 30.8609 30.5625      0.9961       0.9961    3.1431            2
2019 08 23 30.0504 30.7224 30.4230      0.8591       0.8591    3.1041            2
2019 08 24 30.1907 30.8627 30.5622      1.0009       1.0009    3.0651            2
2019 08 25 30.0424 30.7144 30.4128      0.8541       0.8541    3.0259            2
2019 08 26 30.1926 30.8647 30.5620      1.0059       1.0059    2.9867            2
2019 08 27 30.0341 30.7062 30.4024      0.8490       0.8490    2.9475            2
2019 08 28 30.1944 30.8667 30.5618      1.0110       1.0110    2.9082            2
2019 08 29 30.0255 30.6980 30.3919      0.8438       0.8438    2.8689            2
2019 08 30 30.1962 30.8689 30.5616      1.0162       1.0162    2.8296            2
2019 08 31 30.0166 30.6896 30.3811      0.8384       0.8384    2.7903            2
2019 09 01 30.1980 30.8712 30.5616      1.0216       1.0216    2.7511            2
2019 09 02 30.0074 30.6810 30.3702      0.8329       0.8329    2.7118            2
2019 09 03 30.1997 30.8737 30.5617      1.0271       1.0271    2.6727            2
2019 09 04 29.9980 30.6724 30.3592      0.8273       0.8273    2.6336            2
2019 09 05 30.2014 30.8763 30.5618      1.0327       1.0327    2.5946            2
2019 09 06 29.9883 30.6636 30.3480      0.8216       0.8216    2.5557            2
2019 09 07 30.2031 30.8789 30.5620      1.0384       1.0384    2.5169            2
2019 09 08 29.9785 30.6549 30.3367      0.8159       0.8159    2.4783            2
2019 09 09 30.2046 30.8816 30.5621      1.0441       1.0441    2.4397            2
2019 09 10 29.9684 30.6461 30.3254      0.8101       0.8101    2.4013            2
2019 09 11 30.2061 30.8844 30.5624      1.0499       1.0499    2.3631            2
2019 09 12 29.9583 30.6373 30.3140      0.8043       0.8043    2.3251            2
2019 09 13 30.2074 30.8872 30.5626      1.0557       1.0557    2.2872            2
2019 09 14 29.9480 30.6285 30.3026      0.7985       0.7985    2.2495            2
2019 09 15 30.2087 30.8900 30.5628      1.0615       1.0615    2.2121            2
2019 09 16 29.9375 30.6198 30.2912      0.7927       0.7927    2.1748            2
2019 09 17 30.2098 30.8929 30.5630      1.0673       1.0673    2.1378            2
2019 09 18 29.9270 30.6110 30.2798      0.7869       0.7869    2.1010            2
2019 09 19 30.2108 30.8958 30.5632      1.0731       1.0731    2.0645            2
2019 09 20 29.9165 30.6025 30.2685      0.7812       0.7812    2.0282            2
2019 09 21 30.2116 30.8986 30.5633      1.0788       1.0788    1.9922            2
2019 09 22 29.9060 30.5940 30.2574      0.7756       0.7756    1.9564            2
2019 09 23 30.2122 30.9014 30.5634      1.0844       1.0844    1.9209            2
2019 09 24 29.8954 30.5857 30.2463      0.7701       0.7701    1.8858            2
2019 09 25 30.2127 30.9041 30.5633      1.0899       1.0899    1.8509            2
2019 09 26 29.8848 30.5774 30.2353      0.7646       0.7646    1.8163            2
2019 09 27 30.2130 30.9068 30.5633      1.0954       1.0954    1.7820            2
2019 09 28 29.8744 30.5694 30.2246      0.7594       0.7594    1.7481            2
2019 09 29 30.2130 30.9093 30.5631      1.1006       1.1006    1.7145            2
2019 09 30 29.8640 30.5616 30.2141      0.7543       0.7543    1.6812            2
2019 10 01 30.2127 30.9117 30.5628      1.1057       1.1057    1.6482            2
2019 10 02 29.8538 30.5541 30.2038      0.7494       0.7494    1.6156            2
2019 10 03 30.2123 30.9140 30.5623      1.1106       1.1106    1.5833            2
2019 10 04 29.8436 30.5468 30.1937      0.7447       0.7447    1.5514            2
2019 10 05 30.2115 30.9161 30.5617      1.1153       1.1153    1.5199            2
2019 10 06 29.8338 30.5399 30.1840      0.7403       0.7403    1.4887            2
2019 10 07 30.2104 30.9180 30.5608      1.1197       1.1197    1.4579            2
2019 10 08 29.8240 30.5332 30.1746      0.7361       0.7361    1.4274            2
2019 10 09 30.2091 30.9198 30.5598      1.1239       1.1239    1.3973            2
2019 10 10 29.8146 30.5269 30.1656      0.7322       0.7322    1.3676            2
2019 10 11 30.2074 30.9213 30.5586      1.1278       1.1278    1.3383            2
2019 10 12 29.8054 30.5210 30.1569      0.7286       0.7286    1.3094            2
2019 10 13 30.2053 30.9226 30.5572      1.1314       1.1314    1.2808            2
2019 10 14 29.7964 30.5154 30.1486      0.7253       0.7253    1.2526            2
2019 10 15 30.2030 30.9237 30.5556      1.1347       1.1347    1.2249            2
2019 10 16 29.7879 30.5103 30.1408      0.7224       0.7224    1.1975            2
2019 10 17 30.2002 30.9244 30.5536      1.1376       1.1376    1.1705            2
2019 10 18 29.7796 30.5055 30.1335      0.7198       0.7198    1.1439            2
2019 10 19 30.1971 30.9249 30.5515      1.1402       1.1402    1.1177            2
2019 10 20 29.7718 30.5014 30.1267      0.7177       0.7177    1.0919            2
2019 10 21 30.1935 30.9250 30.5490      1.1423       1.1423    1.0665            2
2019 10 22 29.7643 30.4976 30.1203      0.7159       0.7159    1.0414            2
2019 10 23 30.1896 30.9249 30.5462      1.1441       1.1441    1.0168            2
2019 10 24 29.7572 30.4943 30.1144      0.7145       0.7145    0.9926            1
2019 10 25 30.1853 30.9244 30.5432      1.1455       1.1455    0.9688            1
2019 10 26 29.7506 30.4916 30.1092      0.7136       0.7136    0.9453            1
2019 10 27 30.1805 30.9235 30.5398      1.1464       1.1464    0.9223            1
2019 10 28 29.7444 30.4894 30.1044      0.7131       0.7131    0.8996            1
2019 10 29 30.1754 30.9223 30.5362      1.1469       1.1469    0.8774            1
2019 10 30 29.7386 30.4876 30.1002      0.7130       0.7130    0.8555            1
2019 10 31 30.1698 30.9208 30.5322      1.1470       1.1470    0.8340            1
2019 11 01 29.7334 30.4865 30.0967      0.7134       0.7134    0.8129            1
2019 11 02 30.1638 30.9189 30.5279      1.1466       1.1466    0.7922            1
2019 11 03 29.7287 30.4859 30.0938      0.7143       0.7143    0.7719            1
2019 11 04 30.1574 30.9166 30.5233      1.1457       1.1457    0.7520            1
2019 11 05 29.7246 30.4859 30.0915      0.7157       0.7157    0.7324            1
2019 11 06 30.1504 30.9139 30.5183      1.1443       1.1443    0.7132            1
2019 11 07 29.7209 30.4865 30.0897      0.7175       0.7175    0.6944            1
2019 11 08 30.1432 30.9109 30.5130      1.1425       1.1425    0.6759            1
2019 11 09 29.7178 30.4877 30.0887      0.7199       0.7199    0.6579            1
2019 11 10 30.1353 30.9073 30.5073      1.1401       1.1401    0.6401            1
2019 11 11 29.7153 30.4894 30.0883      0.7227       0.7227    0.6228            1
2019 11 12 30.1272 30.9035 30.5014      1.1373       1.1373    0.6058            1
2019 11 13 29.7132 30.4917 30.0885      0.7260       0.7260    0.5891            1
2019 11 14 30.1186 30.8993 30.4951      1.1340       1.1340    0.5728            1
2019 11 15 29.7118 30.4947 30.0894      0.7298       0.7298    0.5569            1
2019 11 16 30.1096 30.8946 30.4884      1.1302       1.1302    0.5413            1
2019 11 17 29.7109 30.4982 30.0910      0.7341       0.7341    0.5260            1
2019 11 18 30.1002 30.8896 30.4815      1.1259       1.1259    0.5111            1
2019 11 19 29.7107 30.5023 30.0932      0.7389       0.7389    0.4965            1
2019 11 20 30.0904 30.8842 30.4742      1.1211       1.1211    0.4822            1
2019 11 21 29.7109 30.5069 30.0960      0.7441       0.7441    0.4682            1
2019 11 22 30.0802 30.8785 30.4667      1.1159       1.1159    0.4546            1
2019 11 23 29.7117 30.5121 30.0995      0.7498       0.7498    0.4413            1
2019 11 24 30.0697 30.8723 30.4589      1.1102       1.1102    0.4283            1
2019 11 25 29.7131 30.5180 30.1037      0.7560       0.7560    0.4156            1
2019 11 26 30.0588 30.8658 30.4507      1.1040       1.1040    0.4031            1
2019 11 27 29.7151 30.5243 30.1084      0.7626       0.7626    0.3910            1
2019 11 28 30.0476 30.8590 30.4423      1.0974       1.0974    0.3792            1
2019 11 29 29.7176 30.5312 30.1138      0.7697       0.7697    0.3677            1
2019 11 30 30.0360 30.8518 30.4336      1.0903       1.0903    0.3565            1
2019 12 01 29.7206 30.5386 30.1197      0.7771       0.7771    0.3455            1
2019 12 02 30.0242 30.8444 30.4248      1.0829       1.0829    0.3348            1
2019 12 03 29.7242 30.5465 30.1263      0.7850       0.7850    0.3244            1
2019 12 04 30.0121 30.8366 30.4157      1.0750       1.0750    0.3142            1
2019 12 05 29.7282 30.5549 30.1334      0.7932       0.7932    0.3043            1
2019 12 06 29.9998 30.8286 30.4065      1.0668       1.0668    0.2947            1
2019 12 07 29.7328 30.5637 30.1410      0.8018       0.8018    0.2853            1
2019 12 08 29.9872 30.8203 30.3970      1.0582       1.0582    0.2762            1
2019 12 09 29.7379 30.5731 30.1493      0.8108       0.8108    0.2673            1
2019 12 10 29.9744 30.8117 30.3874      1.0492       1.0492    0.2586            1
2019 12 11 29.7433 30.5828 30.1579      0.8200       0.8200    0.2502            1
2019 12 12 29.9615 30.8030 30.3777      1.0400       1.0400    0.2420            1
2019 12 13 29.7493 30.5929 30.1672      0.8296       0.8296    0.2340            1
2019 12 14 29.9484 30.7941 30.3679      1.0304       1.0304    0.2263            1
2019 12 15 29.7557 30.6034 30.1768      0.8394       0.8394    0.2187            1
2019 12 16 29.9352 30.7850 30.3580      1.0206       1.0206    0.2114            1
2019 12 17 29.7625 30.6143 30.1869      0.8495       0.8495    0.2043            1
2019 12 18 29.9219 30.7757 30.3480      1.0105       1.0105    0.1974            1
2019 12 19 29.7696 30.6255 30.1975      0.8598       0.8598    0.1907            1
2019 12 20 29.9085 30.7663 30.3380      1.0002       1.0002    0.1841            1
2019 12 21 29.7771 30.6368 30.2083      0.8702       0.8702    0.1778            1
2019 12 22 29.8953 30.7570 30.3281      0.9898       0.9898    0.1717            1
2019 12 23 29.7850 30.6486 30.2196      0.8809       0.8809    0.1657            1
2019 12 24 29.8819 30.7474 30.3181      0.9791       0.9791    0.1599            1
2019 12 25 29.7932 30.6606 30.2312      0.8917       0.8917    0.1543            1
2019 12 26 29.8685 30.7378 30.3082      0.9683       0.9683    0.1488            1
2019 12 27 29.8015 30.6726 30.2429      0.9025       0.9025    0.1436            1
2019 12 28 29.8554 30.7283 30.2985      0.9575       0.9575    0.1384            1
2019 12 29 29.8103 30.6850 30.2551      0.9135       0.9135    0.1335            1
2019 12 30 29.8422 30.7187 30.2888      0.9465       0.9465    0.1287            1
2019 12 31 29.8247 30.7030 30.2730      0.9300       0.9300    0.1240            1
2020 01 01 29.8539 30.7339 30.3039      0.9600       0.9600    0.3744            1
2020 01 02 29.8530 30.7347 30.3047      0.9600       0.9600    0.3864            1
2020 01 03 29.8631 30.7465 30.3165      0.9710       0.9710    0.3987            1
2020 01 04 29.8403 30.7253 30.2954      0.9490       0.9490    0.4112            1
2020 01 05 29.8724 30.7591 30.3293      0.9819       0.9819    0.4241            1
2020 01 06 29.8279 30.7161 30.2864      0.9381       0.9381    0.4373            1
2020 01 07 29.8819 30.7717 30.3422      0.9928       0.9928    0.4509            1
2020 01 08 29.8157 30.7071 30.2776      0.9272       0.9272    0.4648            1
2020 01 09 29.8915 30.7844 30.3552      1.0036       1.0036    0.4790            1
2020 01 10 29.8037 30.6982 30.2691      0.9164       0.9164    0.4935            1
2020 01 11 29.9011 30.7971 30.3682      1.0143       1.0143    0.5084            1
2020 01 12 29.7921 30.6895 30.2609      0.9057       0.9057    0.5237            1
2020 01 13 29.9109 30.8097 30.3814      1.0249       1.0249    0.5393            1
2020 01 14 29.7808 30.6809 30.2529      0.8951       0.8951    0.5552            1
2020 01 15 29.9206 30.8221 30.3944      1.0352       1.0352    0.5716            1
2020 01 16 29.7699 30.6727 30.2454      0.8848       0.8848    0.5883            1
2020 01 17 29.9303 30.8344 30.4074      1.0454       1.0454    0.6054            1
2020 01 18 29.7594 30.6648 30.2381      0.8746       0.8746    0.6228            1
2020 01 19 29.9400 30.8466 30.4204      1.0553       1.0553    0.6406            1
2020 01 20 29.7493 30.6571 30.2314      0.8647       0.8647    0.6589            1
2020 01 21 29.9496 30.8586 30.4333      1.0650       1.0650    0.6775            1
2020 01 22 29.7397 30.6498 30.2249      0.8550       0.8550    0.6965            1
2020 01 23 29.9591 30.8704 30.4460      1.0744       1.0744    0.7159            1
2020 01 24 29.7305 30.6428 30.2190      0.8456       0.8456    0.7357            1
2020 01 25 29.9686 30.8819 30.4586      1.0835       1.0835    0.7560            1
2020 01 26 29.7218 30.6362 30.2134      0.8365       0.8365    0.7766            1
2020 01 27 29.9778 30.8931 30.4710      1.0922       1.0922    0.7976            1
2020 01 28 29.7137 30.6300 30.2084      0.8278       0.8278    0.8191            1
2020 01 29 29.9869 30.9041 30.4832      1.1006       1.1006    0.8410            1
2020 01 30 29.7061 30.6242 30.2039      0.8194       0.8194    0.8633            1
2020 01 31 29.9959 30.9148 30.4952      1.1087       1.1087    0.8860            1
2020 02 01 29.6991 30.6187 30.1998      0.8113       0.8113    0.9092            1
2020 02 02 30.0046 30.9251 30.5068      1.1163       1.1163    0.9328            1
2020 02 03 29.6927 30.6138 30.1963      0.8037       0.8037    0.9568            1
2020 02 04 30.0132 30.9351 30.5183      1.1236       1.1236    0.9813            1
2020 02 05 29.6867 30.6093 30.1933      0.7964       0.7964    1.0061            2
2020 02 06 30.0215 30.9447 30.5295      1.1304       1.1304    1.0315            2
2020 02 07 29.6815 30.6053 30.1909      0.7896       0.7896    1.0572            2
2020 02 08 30.0296 30.9539 30.5403      1.1368       1.1368    1.0835            2
2020 02 09 29.6769 30.6017 30.1889      0.7832       0.7832    1.1101            2
2020 02 10 30.0374 30.9627 30.5508      1.1428       1.1428    1.1372            2
2020 02 11 29.6728 30.5985 30.1875      0.7772       0.7772    1.1647            2
2020 02 12 30.0449 30.9710 30.5609      1.1482       1.1482    1.1927            2
2020 02 13 29.6696 30.5960 30.1869      0.7718       0.7718    1.2211            2
2020 02 14 30.0522 30.9790 30.5707      1.1533       1.1533    1.2500            2
2020 02 15 29.6668 30.5939 30.1866      0.7667       0.7667    1.2793            2
2020 02 16 30.0591 30.9864 30.5801      1.1578       1.1578    1.3091            2
2020 02 17 29.6648 30.5923 30.1870      0.7622       0.7622    1.3392            2
2020 02 18 30.0658 30.9935 30.5891      1.1619       1.1619    1.3699            2
2020 02 19 29.6633 30.5912 30.1879      0.7581       0.7581    1.4009            2
2020 02 20 30.0721 31.0001 30.5978      1.1655       1.1655    1.4324            2
2020 02 21 29.6625 30.5906 30.1893      0.7545       0.7545    1.4644            2
2020 02 22 30.0781 31.0062 30.6060      1.1686       1.1686    1.4967            2
2020 02 23 29.6624 30.5905 30.1914      0.7514       0.7514    1.5295            2
2020 02 24 30.0838 31.0118 30.6138      1.1712       1.1712    1.5628            2
2020 02 25 29.6630 30.5909 30.1940      0.7488       0.7488    1.5964            2
2020 02 26 30.0891 31.0169 30.6211      1.1733       1.1733    1.6305            2
2020 02 27 29.6642 30.5918 30.1972      0.7467       0.7467    1.6649            2
2020 02 28 30.0941 31.0216 30.6280      1.1749       1.1749    1.6998            2
2020 02 29 29.6661 30.5933 30.2009      0.7451       0.7451    1.7351            2
2020 03 01 30.0989 31.0258 30.6346      1.1761       1.1761    1.7708            2
2020 03 02 29.6685 30.5951 30.2051      0.7439       0.7439    1.8069            2
2020 03 03 30.1033 31.0295 30.6407      1.1768       1.1768    1.8434            2
2020 03 04 29.6716 30.5975 30.2099      0.7432       0.7432    1.8802            2
2020 03 05 30.1073 31.0328 30.6464      1.1770       1.1770    1.9174            2
2020 03 06 29.6753 30.6003 30.2151      0.7430       0.7430    1.9550            2
2020 03 07 30.1111 31.0356 30.6517      1.1768       1.1768    1.9930            2
2020 03 08 29.6796 30.6035 30.2209      0.7432       0.7432    2.0313            2
2020 03 09 30.1145 31.0379 30.6565      1.1761       1.1761    2.0700            2
2020 03 10 29.6845 30.6072 30.2271      0.7439       0.7439    2.1090            2
2020 03 11 30.1177 31.0398 30.6610      1.1750       1.1750    2.1484            2
2020 03 12 29.6899 30.6113 30.2338      0.7450       0.7450    2.1880            2
2020 03 13 30.1206 31.0413 30.6650      1.1735       1.1735    2.2280            2
2020 03 14 29.6958 30.6158 30.2408      0.7465       0.7465    2.2683            2
2020 03 15 30.1231 31.0423 30.6686      1.1715       1.1715    2.3089            2
2020 03 16 29.7024 30.6208 30.2484      0.7485       0.7485    2.3498            2
2020 03 17 30.1254 31.0429 30.6719      1.1692       1.1692    2.3909            2
2020 03 18 29.7094 30.6260 30.2563      0.7508       0.7508    2.4323            2
2020 03 19 30.1274 31.0431 30.6748      1.1665       1.1665    2.4740            2
2020 03 20 29.7168 30.6316 30.2645      0.7535       0.7535    2.5159            2
2020 03 21 30.1292 31.0429 30.6772      1.1634       1.1634    2.5580            2
2020 03 22 29.7248 30.6376 30.2732      0.7566       0.7566    2.6004            2
2020 03 23 30.1307 31.0424 30.6794      1.1600       1.1600    2.6429            2
2020 03 24 29.7332 30.6438 30.2821      0.7600       0.7600    2.6857            2
2020 03 25 30.1320 31.0415 30.6812      1.1563       1.1563    2.7286            2
2020 03 26 29.7420 30.6503 30.2914      0.7637       0.7637    2.7717            2
2020 03 27 30.1331 31.0402 30.6827      1.1523       1.1523    2.8149            2
2020 03 28 29.7511 30.6570 30.3008      0.7677       0.7677    2.8583            2
2020 03 29 30.1341 31.0388 30.6840      1.1481       1.1481    2.9018            2
2020 03 30 29.7606 30.6639 30.3105      0.7719       0.7719    2.9454            2
2020 03 31 30.1348 31.0368 30.6848      1.1435       1.1435    2.9891            2
2020 04 01 29.7705 30.6712 30.3205      0.7765       0.7765    3.0329            2
2020 04 02 30.1355 31.0348 30.6855      1.1388       1.1388    3.0768            2
2020 04 03 29.7806 30.6785 30.3305      0.7812       0.7812    3.1207            2
2020 04 04 30.1359 31.0323 30.6858      1.1338       1.1338    3.1646            2
2020 04 05 29.7910 30.6860 30.3408      0.7862       0.7862    3.2085            2
2020 04 06 30.1362 31.0297 30.6859      1.1287       1.1287    3.2525            2
2020 04 07 29.8016 30.6936 30.3511      0.7913       0.7913    3.2964            2
2020 04 08 30.1364 31.0269 30.6858      1.1234       1.1234    3.3403            2
2020 04 09 29.8124 30.7013 30.3616      0.7966       0.7966    3.3842            2
2020 04 10 30.1365 31.0238 30.6854      1.1179       1.1179    3.4280            2
2020 04 11 29.8235 30.7092 30.3721      0.8021       0.8021    3.4717            2
2020 04 12 30.1366 31.0206 30.6850      1.1124       1.1124    3.5153            2
2020 04 13 29.8346 30.7169 30.3826      0.8076       0.8076    3.5587            2
2020 04 14 30.1365 31.0172 30.6842      1.1067       1.1067    3.6021            2
2020 04 15 29.8459 30.7249 30.3932      0.8133       0.8133    3.6452            2
2020 04 16 30.1364 31.0136 30.6834      1.1010       1.1010    3.6882            2
2020 04 17 29.8573 30.7327 30.4037      0.8190       0.8190    3.7311            2
2020 04 18 30.1364 31.0101 30.6824      1.0953       1.0953    3.7737            2
2020 04 19 29.8686 30.7405 30.4142      0.8247       0.8247    3.8160            2
2020 04 20 30.1363 31.0063 30.6813      1.0895       1.0895    3.8581            2
2020 04 21 29.8801 30.7483 30.4246      0.8305       0.8305    3.9000            2
2020 04 22 30.1361 31.0024 30.6800      1.0837       1.0837    3.9416            2
2020 04 23 29.8916 30.7560 30.4348      0.8363       0.8363    3.9828            2
2020 04 24 30.1360 30.9985 30.6786      1.0779       1.0779    4.0238            3
2020 04 25 29.9030 30.7636 30.4450      0.8421       0.8421    4.0644            3
2020 04 26 30.1359 30.9945 30.6772      1.0721       1.0721    4.1046            3
2020 04 27 29.9145 30.7712 30.4551      0.8479       0.8479    4.1445            3
2020 04 28 30.1358 30.9905 30.6757      1.0664       1.0664    4.1839            3
2020 04 29 29.9258 30.7785 30.4649      0.8536       0.8536    4.2230            3
2020 04 30 30.1358 30.9865 30.6741      1.0608       1.0608    4.2616            3
2020 05 01 29.9370 30.7857 30.4745      0.8592       0.8592    4.2997            3
2020 05 02 30.1359 30.9825 30.6725      1.0553       1.0553    4.3374            3
2020 05 03 29.9481 30.7927 30.4839      0.8647       0.8647    4.3746            3
2020 05 04 30.1360 30.9785 30.6708      1.0498       1.0498    4.4113            3
2020 05 05 29.9592 30.7996 30.4931      0.8702       0.8702    4.4475            3
2020 05 06 30.1362 30.9745 30.6692      1.0445       1.0445    4.4831            3
2020 05 07 29.9700 30.8062 30.5019      0.8755       0.8755    4.5181            3
2020 05 08 30.1365 30.9706 30.6675      1.0393       1.0393    4.5526            3
2020 05 09 29.9806 30.8126 30.5106      0.8807       0.8807    4.5865            3
2020 05 10 30.1369 30.9667 30.6658      1.0343       1.0343    4.6197            3
2020 05 11 29.9910 30.8187 30.5188      0.8857       0.8857    4.6523            3
2020 05 12 30.1373 30.9629 30.6641      1.0294       1.0294    4.6843            3
2020 05 13 30.0012 30.8246 30.5269      0.8906       0.8906    4.7156            3
2020 05 14 30.1378 30.9590 30.6624      1.0246       1.0246    4.7463            3
2020 05 15 30.0112 30.8303 30.5346      0.8954       0.8954    4.7762            3
2020 05 16 30.1384 30.9553 30.6606      1.0200       1.0200    4.8054            3
2020 05 17 30.0210 30.8357 30.5420      0.9000       0.9000    4.8339            3
2020 05 18 30.1392 30.9517 30.6590      1.0157       1.0157    4.8616            3
2020 05 19 30.0304 30.8407 30.5489      0.9043       0.9043    4.8886            3
2020 05 20 30.1400 30.9481 30.6573      1.0114       1.0114    4.9148            3
2020 05 21 30.0397 30.8456 30.5557      0.9086       0.9086    4.9403            3
2020 05 22 30.1409 30.9446 30.6556      1.0074       1.0074    4.9649            3
2020 05 23 30.0486 30.8501 30.5620      0.9126       0.9126    4.9887            3
2020 05 24 30.1420 30.9413 30.6540      1.0036       1.0036    5.0117            3
2020 05 25 30.0572 30.8543 30.5679      0.9164       0.9164    5.0338            3
2020 05 26 30.1430 30.9379 30.6523      0.9999       0.9999    5.0551            3
2020 05 27 30.0655 30.8583 30.5735      0.9201       0.9201    5.0756            3
2020 05 28 30.1442 30.9348 30.6508      0.9965       0.9965    5.0951            3
2020 05 29 30.0735 30.8619 30.5786      0.9235       0.9235    5.1138            3
2020 05 30 30.1455 30.9316 30.6491      0.9932       0.9932    5.1316            3
2020 05 31 30.0813 30.8653 30.5835      0.9268       0.9268    5.1485            3
2020 06 01 30.1467 30.9286 30.6475      0.9901       0.9901    5.1645            3
2020 06 02 30.0887 30.8683 30.5880      0.9299       0.9299    5.1795            3
2020 06 03 30.1481 30.9256 30.6459      0.9872       0.9872    5.1936            3
2020 06 04 30.0958 30.8711 30.5920      0.9328       0.9328    5.2068            3
2020 06 05 30.1496 30.9227 30.6443      0.9845       0.9845    5.2190            3
2020 06 06 30.1026 30.8736 30.5957      0.9355       0.9355    5.2303            3
2020 06 07 30.1510 30.9198 30.6426      0.9819       0.9819    5.2406            3
2020 06 08 30.1091 30.8758 30.5992      0.9381       0.9381    5.2499            3
2020 06 09 30.1524 30.9170 30.6409      0.9795       0.9795    5.2583            3
2020 06 10 30.1153 30.8778 30.6022      0.9405       0.9405    5.2657            3
2020 06 11 30.1539 30.9144 30.6392      0.9773       0.9773    5.2722            3
2020 06 12 30.1211 30.8795 30.6048      0.9427       0.9427    5.2776            3
2020 06 13 30.1554 30.9117 30.6375      0.9752       0.9752    5.2821            3
2020 06 14 30.1267 30.8809 30.6071      0.9448       0.9448    5.2855            3
2020 06 15 30.1568 30.9090 30.6356      0.9732       0.9732    5.2880            3
2020 06 16 30.1321 30.8822 30.6092      0.9468       0.9468    5.2895            3
2020 06 17 30.1583 30.9064 30.6337      0.9714       0.9714    5.2900            3
2020 06 18 30.1370 30.8831 30.6109      0.9486       0.9486    5.2895            3
2020 06 19 30.1596 30.9037 30.6317      0.9696       0.9696    5.2880            3
2020 06 20 30.1419 30.8840 30.6123      0.9504       0.9504    5.2855            3
2020 06 21 30.1609 30.9011 30.6297      0.9680       0.9680    5.2821            3
2020 06 22 30.1463 30.8846 30.6134      0.9520       0.9520    5.2776            3
2020 06 23 30.1621 30.8984 30.6275      0.9664       0.9664    5.2722            3
2020 06 24 30.1506 30.8850 30.6143      0.9536       0.9536    5.2657            3
2020 06 25 30.1632 30.8957 30.6251      0.9649       0.9649    5.2583            3
2020 06 26 30.1546 30.8853 30.6149      0.9551       0.9551    5.2499            3
2020 06 27 30.1642 30.8930 30.6227      0.9635       0.9635    5.2406            3
2020 06 28 30.1583 30.8854 30.6152      0.9565       0.9565    5.2303            3
2020 06 29 30.1650 30.8903 30.6202      0.9621       0.9621    5.2190            3
2020 06 30 30.1619 30.8853 30.6153      0.9579       0.9579    5.2068            3
2020 07 01 30.1657 30.8874 30.6174      0.9607       0.9607    5.1936            3
2020 07 02 30.1652 30.8852 30.6152      0.9593       0.9593    5.1795            3
2020 07 03 30.1661 30.8844 30.6144      0.9593       0.9593    5.1645            3
2020 07 04 30.1684 30.8850 30.6150      0.9607       0.9607    5.1485            3
2020 07 05 30.1664 30.8814 30.6113      0.9579       0.9579    5.1316            3
2020 07 06 30.1714 30.8847 30.6145      0.9621       0.9621    5.1138            3
2020 07 07 30.1665 30.8783 30.6080      0.9565       0.9565    5.0951            3
2020 07 08 30.1742 30.8844 30.6139      0.9635       0.9635    5.0756            3
2020 07 09 30.1664 30.8750 30.6045      0.9551       0.9551    5.0551            3
2020 07 10 30.1768 30.8839 30.6131      0.9649       0.9649    5.0338            3
2020 07 11 30.1661 30.8716 30.6007      0.9536       0.9536    5.0117            3
2020 07 12 30.1794 30.8834 30.6123      0.9664       0.9664    4.9887            3
2020 07 13 30.1654 30.8680 30.5966      0.9520       0.9520    4.9649            3
2020 07 14 30.1818 30.8830 30.6113      0.9680       0.9680    4.9403            3
2020 07 15 30.1645 30.8644 30.5924      0.9504       0.9504    4.9148            3
2020 07 16 30.1840 30.8825 30.6102      0.9696       0.9696    4.8886            3
2020 07 17 30.1633 30.8605 30.5878      0.9486       0.9486    4.8616            3
2020 07 18 30.1863 30.8822 30.6092      0.9714       0.9714    4.8339            3
2020 07 19 30.1618 30.8564 30.5831      0.9468       0.9468    4.8054            3
2020 07 20 30.1883 30.8817 30.6079      0.9732       0.9732    4.7762            3
2020 07 21 30.1600 30.8522 30.5779      0.9448       0.9448    4.7463            3
2020 07 22 30.1904 30.8814 30.6067      0.9752       0.9752    4.7156            3
2020 07 23 30.1578 30.8477 30.5726      0.9427       0.9427    4.6843            3
2020 07 24 30.1924 30.8811 30.6055      0.9773       0.9773    4.6523            3
2020 07 25 30.1554 30.8431 30.5669      0.9405       0.9405    4.6197            3
2020 07 26 30.1942 30.8809 30.6042      0.9795       0.9795    4.5865            3
2020 07 27 30.1526 30.8382 30.5610      0.9381       0.9381    4.5526            3
2020 07 28 30.1961 30.8808 30.6029      0.9819       0.9819    4.5181            3
2020 07 29 30.1494 30.8331 30.5547      0.9355       0.9355    4.4831            3
2020 07 30 30.1980 30.8808 30.6017      0.9845       0.9845    4.4475            3
2020 07 31 30.1459 30.8278 30.5481      0.9328       0.9328    4.4113            3
2020 08 01 30.1998 30.8809 30.6005      0.9872       0.9872    4.3746            3
2020 08 02 30.1419 30.8223 30.5412      0.9299       0.9299    4.3374            3
2020 08 03 30.2016 30.8811 30.5994      0.9901       0.9901    4.2997            3
2020 08 04 30.1376 30.8165 30.5340      0.9268       0.9268    4.2616            3
2020 08 05 30.2034 30.8815 30.5983      0.9932       0.9932    4.2230            3
2020 08 06 30.1330 30.8104 30.5264      0.9235       0.9235    4.1839            3
2020 08 07 30.2052 30.8820 30.5972      0.9965       0.9965    4.1445            3
2020 08 08 30.1280 30.8042 30.5186      0.9201       0.9201    4.1046            3
2020 08 09 30.2069 30.8826 30.5962      0.9999       0.9999    4.0644            3
2020 08 10 30.1225 30.7977 30.5105      0.9164       0.9164    4.0238            3
2020 08 11 30.2088 30.8835 30.5954      1.0036       1.0036    3.9828            2
2020 08 12 30.1168 30.7911 30.5021      0.9126       0.9126    3.9416            2
2020 08 13 30.2105 30.8844 30.5945      1.0074       1.0074    3.9000            2
2020 08 14 30.1106 30.7842 30.4933      0.9086       0.9086    3.8581            2
2020 08 15 30.2123 30.8855 30.5938      1.0114       1.0114    3.8160            2
2020 08 16 30.1040 30.7769 30.4842      0.9043       0.9043    3.7737            2
2020 08 17 30.2142 30.8869 30.5932      1.0157       1.0157    3.7311            2
2020 08 18 30.0972 30.7697 30.4750      0.9000       0.9000    3.6882            2
2020 08 19 30.2159 30.8882 30.5926      1.0200       1.0200    3.6452            2
2020 08 20 30.0900 30.7621 30.4654      0.8954       0.8954    3.6021            2
2020 08 21 30.2178 30.8898 30.5921      1.0246       1.0246    3.5587            2
2020 08 22 30.0824 30.7543 30.4556      0.8906       0.8906    3.5153            2
2020 08 23 30.2197 30.8916 30.5918      1.0294       1.0294    3.4717            2
2020 08 24 30.0745 30.7464 30.4455      0.8857       0.8857    3.4280            2
2020 08 25 30.2215 30.8935 30.5915      1.0343       1.0343    3.3842            2
2020 08 26 30.0663 30.7384 30.4353      0.8807       0.8807    3.3403            2
2020 08 27 30.2233 30.8955 30.5913      1.0393       1.0393    3.2964            2
2020 08 28 30.0578 30.7302 30.4248      0.8755       0.8755    3.2525            2
2020 08 29 30.2251 30.8976 30.5912      1.0445       1.0445    3.2085            2
2020 08 30 30.0490 30.7218 30.4142      0.8702       0.8702    3.1646            2
2020 08 31 30.2268 30.8999 30.5911      1.0498       1.0498    3.1207            2
2020 09 01 30.0399 30.7133 30.4033      0.8647       0.8647    3.0768            2
2020 09 02 30.2286 30.9024 30.5912      1.0553       1.0553    3.0329            2
2020 09 03 30.0306 30.7047 30.3923      0.8592       0.8592    2.9891            2
2020 09 04 30.2303 30.9048 30.5912      1.0608       1.0608    2.9454            2
2020 09 05 30.0211 30.6961 30.3813      0.8536       0.8536    2.9018            2
2020 09 06 30.2319 30.9074 30.5913      1.0664       1.0664    2.8583            2
2020 09 07 30.0113 30.6874 30.3700      0.8479       0.8479    2.8149            2
2020 09 08 30.2335 30.9101 30.5915      1.0721       1.0721    2.7717            2
2020 09 09 30.0013 30.6786 30.3587      0.8421       0.8421    2.7286            2
2020 09 10 30.2350 30.9129 30.5917      1.0779       1.0779    2.6857            2
2020 09 11 29.9912 30.6698 30.3473      0.8363       0.8363    2.6429            2
2020 09 12 30.2364 30.9157 30.5920      1.0837       1.0837    2.6004            2
2020 09 13 29.9810 30.6610 30.3360      0.8305       0.8305    2.5580            2
2020 09 14 30.2377 30.9185 30.5922      1.0895       1.0895    2.5159            2
2020 09 15 29.9706 30.6522 30.3246      0.8247       0.8247    2.4740            2
2020 09 16 30.2389 30.9214 30.5924      1.0953       1.0953    2.4323            2
2020 09 17 29.9602 30.6436 30.3133      0.8190       0.8190    2.3909            2
2020 09 18 30.2399 30.9242 30.5925      1.1010       1.1010    2.3498            2
2020 09 19 29.9498 30.6350 30.3021      0.8133       0.8133    2.3089            2
2020 09 20 30.2407 30.9270 30.5927      1.1067       1.1067    2.2683            2
2020 09 21 29.9392 30.6264 30.2908      0.8076       0.8076    2.2280            2
2020 09 22 30.2415 30.9298 30.5928      1.1124       1.1124    2.1880            2
2020 09 23 29.9287 30.6181 30.2798      0.8021       0.8021    2.1484            2
2020 09 24 30.2420 30.9325 30.5928      1.1179       1.1179    2.1090            2
2020 09 25 29.9181 30.6098 30.2687      0.7966       0.7966    2.0700            2
2020 09 26 30.2424 30.9353 30.5928      1.1234       1.1234    2.0313            2
2020 09 27 29.9077 30.6018 30.2580      0.7913       0.7913    1.9930            2
2020 09 28 30.2425 30.9378 30.5926      1.1287       1.1287    1.9550            2
2020 09 29 29.8973 30.5940 30.2474      0.7862       0.7862    1.9174            2
2020 09 30 30.2423 30.9403 30.5923      1.1338       1.1338    1.8802            2
2020 10 01 29.8870 30.5863 30.2370      0.7812       0.7812    1.8434            2
2020 10 02 30.2419 30.9426 30.5919      1.1388       1.1388    1.8069            2
2020 10 03 29.8769 30.5790 30.2270      0.7765       0.7765    1.7708            2
2020 10 04 30.2412 30.9448 30.5913      1.1435       1.1435    1.7351            2
2020 10 05 29.8669 30.5719 30.2171      0.7719       0.7719    1.6998            2
2020 10 06 30.2404 30.9469 30.5907      1.1481       1.1481    1.6649            2
2020 10 07 29.8572 30.5652 30.2077      0.7677       0.7677    1.6305            2
2020 10 08 30.2391 30.9486 30.5897      1.1523       1.1523    1.5964            2
2020 10 09 29.8477 30.5588 30.1985      0.7637       0.7637    1.5628            2
2020 10 10 30.2375 30.9502 30.5886      1.1563       1.1563    1.5295            2
2020 10 11 29.8384 30.5527 30.1898      0.7600       0.7600    1.4967            2
2020 10 12 30.2356 30.9516 30.5872      1.1600       1.1600    1.4644            2
2020 10 13 29.8294 30.5471 30.1814      0.7566       0.7566    1.4324            2
2020 10 14 30.2334 30.9527 30.5857      1.1634       1.1634    1.4009            2
2020 10 15 29.8207 30.5417 30.1734      0.7535       0.7535    1.3699            2
2020 10 16 30.2309 30.9537 30.5839      1.1665       1.1665    1.3392            2
2020 10 17 29.8123 30.5369 30.1659      0.7508       0.7508    1.3091            2
2020 10 18 30.2279 30.9542 30.5819      1.1692       1.1692    1.2793            2
2020 10 19 29.8044 30.5325 30.1588      0.7485       0.7485    1.2500            2
2020 10 20 30.2245 30.9545 30.5795      1.1715       1.1715    1.2211            2
2020 10 21 29.7967 30.5285 30.1522      0.7465       0.7465    1.1927            2
2020 10 22 30.2209 30.9546 30.5770      1.1735       1.1735    1.1647            2
2020 10 23 29.7895 30.5251 30.1463      0.7450       0.7450    1.1372            2
2020 10 24 30.2167 30.9542 30.5741      1.1750       1.1750    1.1101            2
2020 10 25 29.7828 30.5222 30.1408      0.7439       0.7439    1.0835            2
2020 10 26 30.2121 30.9535 30.5708      1.1761       1.1761    1.0572            2
2020 10 27 29.7764 30.5197 30.1358      0.7432       0.7432    1.0315            2
2020 10 28 30.2072 30.9525 30.5673      1.1768       1.1768    1.0061            2
2020 10 29 29.7706 30.5179 30.1315      0.7430       0.7430    0.9813            1
2020 10 30 30.2018 30.9511 30.5635      1.1770       1.1770    0.9568            1
2020 10 31 29.7652 30.5165 30.1277      0.7432       0.7432    0.9328            1
2020 11 01 30.1960 30.9494 30.5594      1.1768       1.1768    0.9092            1
2020 11 02 29.7603 30.5157 30.1245      0.7439       0.7439    0.8860            1
2020 11 03 30.1897 30.9472 30.5549      1.1761       1.1761    0.8633            1
2020 11 04 29.7559 30.5155 30.1220      0.7451       0.7451    0.8410            1
2020 11 05 30.1830 30.9447 30.5500      1.1749       1.1749    0.8191            1
2020 11 06 29.7520 30.5158 30.1201      0.7467       0.7467    0.7976            1
2020 11 07 30.1759 30.9418 30.5449      1.1733       1.1733    0.7766            1
2020 11 08 29.7487 30.5167 30.1187      0.7488       0.7488    0.7560            1
2020 11 09 30.1684 30.9386 30.5395      1.1712       1.1712    0.7357            1
2020 11 10 29.7459 30.5182 30.1181      0.7514       0.7514    0.7159            1
2020 11 11 30.1605 30.9349 30.5337      1.1686       1.1686    0.6965            1
2020 11 12 29.7437 30.5203 30.1180      0.7545       0.7545    0.6775            1
2020 11 13 30.1521 30.9309 30.5275      1.1655       1.1655    0.6589            1
2020 11 14 29.7421 30.5230 30.1187      0.7581       0.7581    0.6406            1
2020 11 15 30.1433 30.9264 30.5211      1.1619       1.1619    0.6228            1
2020 11 16 29.7410 30.5263 30.1200      0.7622       0.7622    0.6054            1
2020 11 17 30.1341 30.9216 30.5143      1.1578       1.1578    0.5883            1
2020 11 18 29.7404 30.5301 30.1219      0.7667       0.7667    0.5716            1
2020 11 19 30.1245 30.9164 30.5072      1.1533       1.1533    0.5552            1
2020 11 20 29.7405 30.5346 30.1245      0.7718       0.7718    0.5393            1
2020 11 21 30.1145 30.9108 30.4998      1.1482       1.1482    0.5237            1
2020 11 22 29.7410 30.5395 30.1276      0.7772       0.7772    0.5084            1
2020 11 23 30.1042 30.9049 30.4922      1.1428       1.1428    0.4935            1
2020 11 24 29.7422 30.5451 30.1315      0.7832       0.7832    0.4790            1
2020 11 25 30.0935 30.8986 30.4842      1.1368       1.1368    0.4648            1
2020 11 26 29.7440 30.5512 30.1360      0.7896       0.7896    0.4509            1
2020 11 27 30.0825 30.8919 30.4759      1.1304       1.1304    0.4373            1
2020 11 28 29.7462 30.5578 30.1411      0.7964       0.7964    0.4241            1
2020 11 29 30.0711 30.8850 30.4675      1.1236       1.1236    0.4112            1
2020 11 30 29.7490 30.5650 30.1468      0.8037       0.8037    0.3987            1
2020 12 01 30.0595 30.8776 30.4587      1.1163       1.1163    0.3864            1
2020 12 02 29.7523 30.5727 30.1530      0.8113       0.8113    0.3744            1
2020 12 03 30.0476 30.8701 30.4498      1.1087       1.1087    0.3628            1
2020 12 04 29.7562 30.5809 30.1600      0.8194       0.8194    0.3514            1
2020 12 05 30.0353 30.8622 30.4406      1.1006       1.1006    0.3404            1
2020 12 06 29.7605 30.5895 30.1674      0.8278       0.8278    0.3296            1
2020 12 07 30.0229 30.8541 30.4313      1.0922       1.0922    0.3191            1
2020 12 08 29.7653 30.5986 30.1752      0.8365       0.8365    0.3089            1
2020 12 09 30.0104 30.8458 30.4219      1.0835       1.0835    0.2989            1
2020 12 10 29.7706 30.6081 30.1837      0.8456       0.8456    0.2892            1
2020 12 11 29.9976 30.8371 30.4123      1.0744       1.0744    0.2798            1
2020 12 12 29.7764 30.6180 30.1927      0.8550       0.8550    0.2706            1
2020 12 13 29.9846 30.8283 30.4025      1.0650       1.0650    0.2617            1
2020 12 14 29.7826 30.6284 30.2022      0.8647       0.8647    0.2531            1
2020 12 15 29.9715 30.8193 30.3927      1.0553       1.0553    0.2446            1
2020 12 16 29.7891 30.6390 30.2120      0.8746       0.8746    0.2364            1
2020 12 17 29.9583 30.8102 30.3829      1.0454       1.0454    0.2285            1
2020 12 18 29.7962 30.6501 30.2223      0.8848       0.8848    0.2207            1
2020 12 19 29.9450 30.8009 30.3729      1.0352       1.0352    0.2132            1
2020 12 20 29.8034 30.6613 30.2330      0.8951       0.8951    0.2059            1
2020 12 21 29.9318 30.7916 30.3630      1.0249       1.0249    0.1989            1
2020 12 22 29.8112 30.6729 30.2441      0.9057       0.9057    0.1920            1
2020 12 23 29.9184 30.7821 30.3530      1.0143       1.0143    0.1853            1
2020 12 24 29.8192 30.6848 30.2555      0.9164       0.9164    0.1788            1
2020 12 25 29.9051 30.7726 30.3432      1.0036       1.0036    0.1726            1
2020 12 26 29.8275 30.6968 30.2672      0.9272       0.9272    0.1665            1
2020 12 27 29.8919 30.7631 30.3334      0.9928       0.9928    0.1606            1
2020 12 28 29.8361 30.7090 30.2792      0.9381       0.9381    0.1548            1
2020 12 29 29.8788 30.7535 30.3236      0.9819       0.9819    0.1493            1
2020 12 30 29.8448 30.7214 30.2914      0.9490       0.9490    0.1439            1
2020 12 31 29.8658 30.7441 30.3141      0.9710       0.9710    0.1387            1
2021 01 01 29.8337 30.7137 30.2837      0.9400       0.9400    0.3513            1
2021 01 02 29.8328 30.7145 30.2845      0.9400       0.9400    0.3625            1
2021 01 03 29.8429 30.7263 30.2964      0.9510       0.9510    0.3739            1
2021 01 04 29.8201 30.7051 30.2752      0.9290       0.9290    0.3856            1
2021 01 05 29.8523 30.7390 30.3092      0.9620       0.9620    0.3977            1
2021 01 06 29.8076 30.6959 30.2662      0.9180       0.9180    0.4100            1
2021 01 07 29.8618 30.7516 30.3221      0.9729       0.9729    0.4226            1
2021 01 08 29.7953 30.6868 30.2573      0.9071       0.9071    0.4355            1
2021 01 09 29.8713 30.7643 30.3351      0.9837       0.9837    0.4487            1
2021 01 10 29.7834 30.6779 30.2488      0.8963       0.8963    0.4623            1
2021 01 11 29.8811 30.7770 30.3482      0.9945       0.9945    0.4761            1
2021 01 12 29.7716 30.6690 30.2405      0.8855       0.8855    0.4903            1
2021 01 13 29.8907 30.7895 30.3612      1.0050       1.0050    0.5049            1
2021 01 14 29.7604 30.6606 30.2326      0.8750       0.8750    0.5197            1
2021 01 15 29.9005 30.8020 30.3743      1.0154       1.0154    0.5349            1
2021 01 16 29.7494 30.6523 30.2250      0.8646       0.8646    0.5504            1
2021 01 17 29.9102 30.8144 30.3874      1.0256       1.0256    0.5663            1
2021 01 18 29.7389 30.6443 30.2177      0.8544       0.8544    0.5825            1
2021 01 19 29.9198 30.8265 30.4003      1.0355       1.0355    0.5991            1
2021 01 20 29.7288 30.6367 30.2109      0.8445       0.8445    0.6160            1
2021 01 21 29.9295 30.8385 30.4132      1.0452       1.0452    0.6333            1
2021 01 22 29.7191 30.6293 30.2045      0.8348       0.8348    0.6510            1
2021 01 23 29.9390 30.8503 30.4260      1.0546       1.0546    0.6690            1
2021 01 24 29.7099 30.6223 30.1985      0.8254       0.8254    0.6874            1
2021 01 25 29.9484 30.8618 30.4386      1.0637       1.0637    0.7061            1
2021 01 26 29.7013 30.6157 30.1930      0.8163       0.8163    0.7253            1
2021 01 27 29.9577 30.8731 30.4510      1.0725       1.0725    0.7448            1
2021 01 28 29.6931 30.6094 30.1879      0.8075       0.8075    0.7647            1
2021 01 29 29.9669 30.8841 30.4632      1.0809       1.0809    0.7850            1
2021 01 30 29.6855 30.6036 30.1834      0.7991       0.7991    0.8056            1
2021 01 31 29.9759 30.8948 30.4752      1.0890       1.0890    0.8267            1
2021 02 01 29.6784 30.5981 30.1793      0.7910       0.7910    0.8481            1
2021 02 02 29.9847 30.9052 30.4870      1.0967       1.0967    0.8700            1
2021 02 03 29.6719 30.5931 30.1757      0.7833       0.7833    0.8922            1
2021 02 04 29.9932 30.9151 30.4984      1.1039       1.1039    0.9148            1
2021 02 05 29.6661 30.5887 30.1727      0.7761       0.7761    0.9379            1
2021 02 06 30.0014 30.9246 30.5095      1.1107       1.1107    0.9613            1
2021 02 07 29.6608 30.5846 30.1703      0.7693       0.7693    0.9851            1
2021 02 08 30.0095 30.9338 30.5204      1.1171       1.1171    1.0094            2
2021 02 09 29.6562 30.5811 30.1684      0.7629       0.7629    1.0340            2
2021 02 10 30.0174 30.9427 30.5309      1.1231       1.1231    1.0591            2
2021 02 11 29.6522 30.5779 30.1670      0.7569       0.7569    1.0845            2
2021 02 12 30.0248 30.9510 30.5410      1.1285       1.1285    1.1103            2
2021 02 13 29.6489 30.5754 30.1663      0.7515       0.7515    1.1366            2
2021 02 14 30.0321 30.9590 30.5508      1.1336       1.1336    1.1632            2
2021 02 15 29.6461 30.5732 30.1661      0.7464       0.7464    1.1903            2
2021 02 16 30.0390 30.9664 30.5602      1.1381       1.1381    1.2177            2
2021 02 17 29.6441 30.5717 30.1665      0.7419       0.7419    1.2456            2
2021 02 18 30.0456 30.9734 30.5692      1.1421       1.1421    1.2738            2
2021 02 19 29.6428 30.5707 30.1675      0.7379       0.7379    1.3025            2
2021 02 20 30.0520 30.9800 30.5778      1.1457       1.1457    1.3315            2
2021 02 21 29.6420 30.5701 30.1690      0.7343       0.7343    1.3609            2
2021 02 22 30.0580 30.9861 30.5860      1.1488       1.1488    1.3908            2
2021 02 23 29.6419 30.5700 30.1710      0.7312       0.7312    1.4210            2
2021 02 24 30.0637 30.9917 30.5938      1.1514       1.1514    1.4515            2
2021 02 25 29.6425 30.5704 30.1737      0.7286       0.7286    1.4825            2
2021 02 26 30.0689 30.9967 30.6011      1.1534       1.1534    1.5139            2
2021 02 27 29.6438 30.5714 30.1770      0.7266       0.7266    1.5456            2
2021 02 28 30.0741 31.0015 30.6081      1.1551       1.1551    1.5777            2
2021 03 01 29.6456 30.5728 30.1806      0.7249       0.7249    1.6101            2
2021 03 02 30.0787 31.0056 30.6146      1.1562       1.1562    1.6429            2
2021 03 03 29.6482 30.5747 30.1849      0.7238       0.7238    1.6761            2
2021 03 04 30.0830 31.0092 30.6206      1.1568       1.1568    1.7096            2
2021 03 05 29.6514 30.5772 30.1898      0.7232       0.7232    1.7435            2
2021 03 06 30.0871 31.0125 30.6263      1.1570       1.1570    1.7777            2
2021 03 07 29.6551 30.5800 30.1951      0.7230       0.7230    1.8122            2
2021 03 08 30.0908 31.0152 30.6315      1.1567       1.1567    1.8470            2
2021 03 09 29.6595 30.5833 30.2009      0.7233       0.7233    1.8822            2
2021 03 10 30.0943 31.0175 30.6364      1.1560       1.1560    1.9177            2
2021 03 11 29.6644 30.5870 30.2071      0.7240       0.7240    1.9534            2
2021 03 12 30.0974 31.0194 30.6408      1.1549       1.1549    1.9895            2
2021 03 13 29.6698 30.5911 30.2138      0.7251       0.7251    2.0259            2
2021 03 14 30.1003 31.0208 30.6448      1.1533       1.1533    2.0625            2
2021 03 15 29.6759 30.5957 30.2210      0.7267       0.7267    2.0994            2
2021 03 16 30.1028 31.0218 30.6484      1.1513       1.1513    2.1366            2
2021 03 17 29.6825 30.6007 30.2286      0.7287       0.7287    2.1740            2
2021 03 18 30.1050 31.0224 30.6516      1.1489       1.1489    2.2116            2
2021 03 19 29.6896 30.6060 30.2366      0.7311       0.7311    2.2495            2
2021 03 20 30.1071 31.0226 30.6545      1.1462       1.1462    2.2876            2
2021 03 21 29.6971 30.6116 30.2449      0.7338       0.7338    2.3259            2
2021 03 22 30.1088 31.0224 30.6570      1.1431       1.1431    2.3644            2
2021 03 23 29.7051 30.6176 30.2536      0.7369       0.7369    2.4031            2
2021 03 24 30.1103 31.0217 30.6590      1.1396       1.1396    2.4420            2
2021 03 25 29.7136 30.6239 30.2626      0.7404       0.7404    2.4810            2
2021 03 26 30.1117 31.0208 30.6609      1.1359       1.1359    2.5202            2
2021 03 27 29.7224 30.6304 30.2718      0.7441       0.7441    2.5595            2
2021 03 28 30.1127 31.0195 30.6623      1.1318       1.1318    2.5989            2
2021 03 29 29.7317 30.6373 30.2814      0.7482       0.7482    2.6385            2
2021 03 30 30.1136 31.0179 30.6635      1.1275       1.1275    2.6782            2
2021 03 31 29.7413 30.6443 30.2912      0.7525       0.7525    2.7179            2
2021 04 01 30.1144 31.0161 30.6644      1.1230       1.1230    2.7577            2
2021 04 02 29.7511 30.6514 30.3011      0.7570       0.7570    2.7976            2
2021 04 03 30.1150 31.0139 30.6650      1.1182       1.1182    2.8375            2
2021 04 04 29.7613 30.6588 30.3112      0.7618       0.7618    2.8775            2
2021 04 05 30.1154 31.0115 30.6653      1.1132       1.1132    2.9174            2
2021 04 06 29.7718 30.6664 30.3215      0.7668       0.7668    2.9574            2
2021 04 07 30.1157 31.0088 30.6654      1.1080       1.1080    2.9973            2
2021 04 08 29.7825 30.6741 30.3320      0.7720       0.7720    3.0372            2
2021 04 09 30.1159 31.0060 30.6653      1.1027       1.1027    3.0771            2
2021 04 10 29.7933 30.6818 30.3424      0.7773       0.7773    3.1169            2
2021 04 11 30.1160 31.0029 30.6649      1.0972       1.0972    3.1566            2
2021 04 12 29.8044 30.6897 30.3530      0.7828       0.7828    3.1963            2
2021 04 13 30.1160 30.9996 30.6643      1.0916       1.0916    3.2358            2
2021 04 14 29.8157 30.6976 30.3636      0.7884       0.7884    3.2752            2
2021 04 15 30.1160 30.9962 30.6636      1.0859       1.0859    3.3145            2
2021 04 16 29.8270 30.7055 30.3742      0.7941       0.7941    3.3536            2
2021 04 17 30.1160 30.9927 30.6628      1.0802       1.0802    3.3925            2
2021 04 18 29.8384 30.7133 30.3848      0.7998       0.7998    3.4312            2
2021 04 19 30.1159 30.9890 30.6617      1.0744       1.0744    3.4698            2
2021 04 20 29.8499 30.7212 30.3953      0.8056       0.8056    3.5081            2
2021 04 21 30.1158 30.9852 30.6606      1.0686       1.0686    3.5461            2
2021 04 22 29.8614 30.7290 30.4057      0.8114       0.8114    3.5839            2
2021 04 23 30.1157 30.9814 30.6593      1.0628       1.0628    3.6214            2
2021 04 24 29.8729 30.7367 30.4160      0.8172       0.8172    3.6587            2
2021 04 25 30.1156 30.9774 30.6580      1.0570       1.0570    3.6956            2
2021 04 26 29.8844 30.7444 30.4262      0.8230       0.8230    3.7322            2
2021 04 27 30.1154 30.9734 30.6565      1.0512       1.0512    3.7684            2
2021 04 28 29.8959 30.7519 30.4362      0.8288       0.8288    3.8043            2
2021 04 29 30.1154 30.9694 30.6550      1.0455       1.0455    3.8398            2
2021 04 30 29.9072 30.7593 30.4460      0.8345       0.8345    3.8749            2
2021 05 01 30.1155 30.9655 30.6535      1.0399       1.0399    3.9096            2
2021 05 02 29.9185 30.7664 30.4556      0.8401       0.8401    3.9439            2
2021 05 03 30.1155 30.9614 30.6518      1.0343       1.0343    3.9777            2
2021 05 04 29.9297 30.7735 30.4651      0.8457       0.8457    4.0110            3
2021 05 05 30.1157 30.9574 30.6502      1.0289       1.0289    4.0439            3
2021 05 06 29.9406 30.7803 30.4742      0.8511       0.8511    4.0763            3
2021 05 07 30.1159 30.9535 30.6485      1.0236       1.0236    4.1082            3
2021 05 08 29.9514 30.7869 30.4831      0.8564       0.8564    4.1395            3
2021 05 09 30.1162 30.9495 30.6468      1.0184       1.0184    4.1703            3
2021 05 10 29.9621 30.7933 30.4917      0.8616       0.8616    4.2005            3
2021 05 11 30.1166 30.9457 30.6452      1.0134       1.0134    4.2302            3
2021 05 12 29.9725 30.7994 30.5000      0.8666       0.8666    4.2593            3
2021 05 13 30.1171 30.9418 30.6435      1.0085       1.0085    4.2877            3
2021 05 14 29.9827 30.8053 30.5080      0.8715       0.8715    4.3156            3
2021 05 15 30.1177 30.9381 30.6418      1.0038       1.0038    4.3428            3
2021 05 16 29.9927 30.8109 30.5156      0.8762       0.8762    4.3694            3
2021 05 17 30.1183 30.9344 30.6401      0.9992       0.9992    4.3953            3
2021 05 18 30.0025 30.8163 30.5230      0.8808       0.8808    4.4205            3
2021 05 19 30.1190 30.9307 30.6384      0.9948       0.9948    4.4450            3
2021 05 20 30.0120 30.8214 30.5300      0.8852       0.8852    4.4689            3
2021 05 21 30.1200 30.9273 30.6368      0.9907       0.9907    4.4920            3
2021 05 22 30.0211 30.8262 30.5366      0.8893       0.8893    4.5144            3
2021 05 23 30.1209 30.9238 30.6351      0.9867       0.9867    4.5360            3
2021 05 24 30.0300 30.8307 30.5429      0.8933       0.8933    4.5569            3
2021 05 25 30.1219 30.9204 30.6334      0.9828       0.9828    4.5771            3
2021 05 26 30.0387 30.8349 30.5488      0.8972       0.8972    4.5965            3
2021 05 27 30.1230 30.9171 30.6318      0.9792       0.9792    4.6150            3
2021 05 28 30.0470 30.8388 30.5544      0.9008       0.9008    4.6328            3
2021 05 29 30.1243 30.9139 30.6302      0.9758       0.9758    4.6498            3
2021 05 30 30.0550 30.8424 30.5595      0.9042       0.9042    4.6660            3
2021 05 31 30.1256 30.9109 30.6287      0.9726       0.9726    4.6813            3
2021 06 01 30.0626 30.8457 30.5642      0.9074       0.9074    4.6958            3
2021 06 02 30.1269 30.9078 30.6270      0.9695       0.9695    4.7095            3
2021 06 03 30.0701 30.8488 30.5687      0.9105       0.9105    4.7224            3
2021 06 04 30.1283 30.9048 30.6254      0.9666       0.9666    4.7343            3
2021 06 05 30.0772 30.8516 30.5728      0.9134       0.9134    4.7454            3
2021 06 06 30.1297 30.9020 30.6238      0.9639       0.9639    4.7557            3
2021 06 07 30.0839 30.8540 30.5764      0.9161       0.9161    4.7651            3
2021 06 08 30.1312 30.8992 30.6222      0.9614       0.9614    4.7736            3
2021 06 09 30.0904 30.8562 30.5797      0.9186       0.9186    4.7812            3
2021 06 10 30.1327 30.8964 30.6205      0.9590       0.9590    4.7879            3
2021 06 11 30.0966 30.8582 30.5827      0.9210       0.9210    4.7938            3
2021 06 12 30.1342 30.8937 30.6188      0.9568       0.9568    4.7987            3
2021 06 13 30.1024 30.8598 30.5853      0.9232       0.9232    4.8028            3
2021 06 14 30.1357 30.8910 30.6170      0.9547       0.9547    4.8059            3
2021 06 15 30.1080 30.8613 30.5877      0.9253       0.9253    4.8082            3
2021 06 16 30.1372 30.8884 30.6152      0.9528       0.9528    4.8095            3
2021 06 17 30.1132 30.8624 30.5896      0.9272       0.9272    4.8100            3
2021 06 18 30.1386 30.8858 30.6133      0.9510       0.9510    4.8095            3
2021 06 19 30.1182 30.8634 30.5912      0.9290       0.9290    4.8082            3
2021 06 20 30.1399 30.8831 30.6113      0.9492       0.9492    4.8059            3
2021 06 21 30.1230 30.8642 30.5927      0.9308       0.9308    4.8028            3
2021 06 22 30.1412 30.8805 30.6092      0.9476       0.9476    4.7987            3
2021 06 23 30.1274 30.8648 30.5937      0.9324       0.9324    4.7938            3
2021 06 24 30.1425 30.8779 30.6071      0.9461       0.9461    4.7879            3
2021 06 25 30.1316 30.8651 30.5945      0.9339       0.9339    4.7812            3
2021 06 26 30.1436 30.8752 30.6047      0.9446       0.9446    4.7736            3
2021 06 27 30.1356 30.8654 30.5950      0.9354       0.9354    4.7651            3
2021 06 28 30.1444 30.8724 30.6022      0.9431       0.9431    4.7557            3
2021 06 29 30.1394 30.8655 30.5954      0.9369       0.9369    4.7454            3
2021 06 30 30.1453 30.8696 30.5996      0.9417       0.9417    4.7343            3
2021 07 01 30.1429 30.8655 30.5955      0.9383       0.9383    4.7224            3
2021 07 02 30.1459 30.8668 30.5968      0.9403       0.9403    4.7095            3
2021 07 03 30.1463 30.8654 30.5954      0.9397       0.9397    4.6958            3
2021 07 04 30.1465 30.8639 30.5939      0.9390       0.9390    4.6813            3
2021 07 05 30.1493 30.8651 30.5950      0.9410       0.9410    4.6660            3
2021 07 06 30.1467 30.8608 30.5907      0.9376       0.9376    4.6498            3
2021 07 07 30.1523 30.8648 30.5945      0.9424       0.9424    4.6328            3
2021 07 08 30.1468 30.8577 30.5873      0.9362       0.9362    4.6150            3
2021 07 09 30.1551 30.8644 30.5939      0.9438       0.9438    4.5965            3
2021 07 10 30.1466 30.8544 30.5837      0.9347       0.9347    4.5771            3
2021 07 11 30.1578 30.8640 30.5932      0.9453       0.9453    4.5569            3
2021 07 12 30.1462 30.8510 30.5799      0.9332       0.9332    4.5360            3
2021 07 13 30.1603 30.8636 30.5923      0.9468       0.9468    4.5144            3
2021 07 14 30.1455 30.8474 30.5758      0.9316       0.9316    4.4920            3
2021 07 15 30.1627 30.8631 30.5913      0.9484       0.9484    4.4689            3
2021 07 16 30.1445 30.8436 30.5715      0.9299       0.9299    4.4450            3
2021 07 17 30.1650 30.8627 30.5903      0.9501       0.9501    4.4205            3
2021 07 18 30.1432 30.8397 30.5668      0.9281       0.9281    4.3953            3
2021 07 19 30.1672 30.8624 30.5892      0.9519       0.9519    4.3694            3
2021 07 20 30.1417 30.8356 30.5620      0.9263       0.9263    4.3428            3
2021 07 21 30.1692 30.8619 30.5879      0.9537       0.9537    4.3156            3
2021 07 22 30.1397 30.8313 30.5568      0.9242       0.9242    4.2877            3
2021 07 23 30.1713 30.8617 30.5868      0.9558       0.9558    4.2593            3
2021 07 24 30.1376 30.8268 30.5514      0.9221       0.9221    4.2302            3
2021 07 25 30.1732 30.8614 30.5855      0.9579       0.9579    4.2005            3
2021 07 26 30.1350 30.8221 30.5456      0.9198       0.9198    4.1703            3
2021 07 27 30.1752 30.8612 30.5842      0.9602       0.9602    4.1395            3
2021 07 28 30.1321 30.8172 30.5396      0.9174       0.9174    4.1082            3
2021 07 29 30.1770 30.8611 30.5829      0.9626       0.9626    4.0763            3
2021 07 30 30.1287 30.8120 30.5332      0.9147       0.9147    4.0439            3
2021 07 31 30.1789 30.8613 30.5818      0.9653       0.9653    4.0110            3
2021 08 01 30.1252 30.8067 30.5266      0.9120       0.9120    3.9777            2
2021 08 02 30.1807 30.8613 30.5806      0.9680       0.9680    3.9439            2
2021 08 03 30.1211 30.8010 30.5195      0.9090       0.9090    3.9096            2
2021 08 04 30.1825 30.8617 30.5795      0.9710       0.9710    3.8749            2
2021 08 05 30.1167 30.7951 30.5122      0.9058       0.9058    3.8398            2
2021 08 06 30.1844 30.8621 30.5784      0.9742       0.9742    3.8043            2
2021 08 07 30.1120 30.7891 30.5046      0.9025       0.9025    3.7684            2
2021 08 08 30.1862 30.8627 30.5774      0.9775       0.9775    3.7322            2
2021 08 09 30.1068 30.7828 30.4967      0.8990       0.8990    3.6956            2
2021 08 10 30.1879 30.8634 30.5764      0.9810       0.9810    3.6587            2
2021 08 11 30.1013 30.7762 30.4884      0.8953       0.8953    3.6214            2
2021 08 12 30.1897 30.8642 30.5755      0.9847       0.9847    3.5839            2
2021 08 13 30.0954 30.7695 30.4799      0.8914       0.8914    3.5461            2
2021 08 14 30.1916 30.8652 30.5747      0.9886       0.9886    3.5081            2
2021 08 15 30.0891 30.7625 30.4711      0.8873       0.8873    3.4698            2
2021 08 16 30.1934 30.8664 30.5741      0.9927       0.9927    3.4312            2
2021 08 17 30.0825 30.7552 30.4619      0.8830       0.8830    3.3925            2
2021 08 18 30.1952 30.8678 30.5735      0.9970       0.9970    3.3536            2
2021 08 19 30.0754 30.7478 30.4525      0.8785       0.8785    3.3145            2
2021 08 20 30.1971 30.8693 30.5730      1.0015       1.0015    3.2752            2
2021 08 21 30.0681 30.7402 30.4429      0.8739       0.8739    3.2358            2
2021 08 22 30.1989 30.8709 30.5725      1.0061       1.0061    3.1963            2
2021 08 23 30.0604 30.7324 30.4330      0.8691       0.8691    3.1566            2
2021 08 24 30.2007 30.8727 30.5722      1.0109       1.0109    3.1169            2
2021 08 25 30.0524 30.7244 30.4228      0.8641       0.8641    3.0771            2
2021 08 26 30.2026 30.8747 30.5720      1.0159       1.0159    3.0372            2
2021 08 27 30.0441 30.7162 30.4124      0.8590       0.8590    2.9973            2
2021 08 28 30.2044 30.8767 30.5718      1.0210       1.0210    2.9574            2
2021 08 29 30.0355 30.7080 30.4019      0.8538       0.8538    2.9174            2
2021 08 30 30.2062 30.8789 30.5716      1.0262       1.0262    2.8775            2
2021 08 31 30.0266 30.6996 30.3911      0.8484       0.8484    2.8375            2
2021 09 01 30.2080 30.8812 30.5716      1.0316       1.0316    2.7976            2
2021 09 02 30.0174 30.6910 30.3802      0.8429       0.8429    2.7577            2
2021 09 03 30.2097 30.8837 30.5717      1.0371       1.0371    2.7179            2
2021 09 04 30.0080 30.6824 30.3692      0.8373       0.8373    2.6782            2
2021 09 05 30.2114 30.8863 30.5718      1.0427       1.0427    2.6385            2
2021 09 06 29.9983 30.6736 30.3580      0.8316       0.8316    2.5989            2
2021 09 07 30.2131 30.8889 30.5720      1.0484       1.0484    2.5595            2
2021 09 08 29.9885 30.6649 30.3467      0.8259       0.8259    2.5202            2
2021 09 09 30.2146 30.8916 30.5721      1.0541       1.0541    2.4810            2
2021 09 10 29.9784 30.6561 30.3354      0.8201       0.8201    2.4420            2
2021 09 11 30.2161 30.8944 30.5724      1.0599       1.0599    2.4031            2
2021 09 12 29.9683 30.6473 30.3240      0.8143       0.8143    2.3644            2
2021 09 13 30.2174 30.8972 30.5726      1.0657       1.0657    2.3259            2
2021 09 14 29.9580 30.6385 30.3126      0.8085       0.8085    2.2876            2
2021 09 15 30.2187 30.9000 30.5728      1.0715       1.0715    2.2495            2
2021 09 16 29.9475 30.6298 30.3012      0.8027       0.8027    2.2116            2
2021 09 17 30.2198 30.9029 30.5730      1.0773       1.0773    2.1740            2
2021 09 18 29.9370 30.6210 30.2898      0.7969       0.7969    2.1366            2
2021 09 19 30.2208 30.9058 30.5732      1.0831       1.0831    2.0994            2
2021 09 20 29.9265 30.6125 30.2785      0.7912       0.7912    2.0625            2
2021 09 21 30.2216 30.9086 30.5733      1.0888       1.0888    2.0259            2
2021 09 22 29.9160 30.6040 30.2674      0.7856       0.7856    1.9895            2
2021 09 23 30.2222 30.9114 30.5734      1.0944       1.0944    1.9534            2
2021 09 24 29.9054 30.5957 30.2563      0.7801       0.7801    1.9177            2
2021 09 25 30.2227 30.9141 30.5733      1.0999       1.0999    1.8822            2
2021 09 26 29.8948 30.5874 30.2453      0.7746       0.7746    1.8470            2
2021 09 27 30.2230 30.9168 30.5733      1.1054       1.1054    1.8122            2
2021 09 28 29.8844 30.5794 30.2346      0.7694       0.7694    1.7777            2
2021 09 29 30.2230 30.9193 30.5731      1.1106       1.1106    1.7435            2
2021 09 30 29.8740 30.5716 30.2241      0.7643       0.7643    1.7096            2
2021 10 01 30.2227 30.9217 30.5728      1.1157       1.1157    1.6761            2
2021 10 02 29.8638 30.5641 30.2138      0.7594       0.7594    1.6429            2
2021 10 03 30.2223 30.9240 30.5723      1.1206       1.1206    1.6101            2
2021 10 04 29.8536 30.5568 30.2037      0.7547       0.7547    1.5777            2
2021 10 05 30.2215 30.9261 30.5717      1.1253       1.1253    1.5456            2
2021 10 06 29.8438 30.5499 30.1940      0.7503       0.7503    1.5139            2
2021 10 07 30.2204 30.9280 30.5708      1.1297       1.1297    1.4825            2
2021 10 08 29.8340 30.5432 30.1846      0.7461       0.7461    1.4515            2
2021 10 09 30.2191 30.9298 30.5698      1.1339       1.1339    1.4210            2
2021 10 10 29.8246 30.5369 30.1756      0.7422       0.7422    1.3908            2
2021 10 11 30.2174 30.9313 30.5686      1.1378       1.1378    1.3609            2
2021 10 12 29.8154 30.5310 30.1669      0.7386       0.7386    1.3315            2
2021 10 13 30.2153 30.9326 30.5672      1.1414       1.1414    1.3025            2
2021 10 14 29.8064 30.5254 30.1586      0.7353       0.7353    1.2738            2
2021 10 15 30.2130 30.9337 30.5656      1.1447       1.1447    1.2456            2
2021 10 16 29.7979 30.5203 30.1508      0.7324       0.7324    1.2177            2
2021 10 17 30.2102 30.9344 30.5636      1.1476       1.1476    1.1903            2
2021 10 18 29.7896 30.5155 30.1435      0.7298       0.7298    1.1632            2
2021 10 19 30.2071 30.9349 30.5615      1.1502       1.1502    1.1366            2
2021 10 20 29.7818 30.5114 30.1367      0.7277       0.7277    1.1103            2
2021 10 21 30.2035 30.9350 30.5590      1.1523       1.1523    1.0845            2
2021 10 22 29.7743 30.5076 30.1303      0.7259       0.7259    1.0591            2
2021 10 23 30.1996 30.9349 30.5562      1.1541       1.1541    1.0340            2
2021 10 24 29.7672 30.5043 30.1244      0.7245       0.7245    1.0094            2
2021 10 25 30.1953 30.9344 30.5532      1.1555       1.1555    0.9851            1
2021 10 26 29.7606 30.5016 30.1192      0.7236       0.7236    0.9613            1
2021 10 27 30.1905 30.9335 30.5498      1.1564       1.1564    0.9379            1
2021 10 28 29.7544 30.4994 30.1144      0.7231       0.7231    0.9148            1
2021 10 29 30.1854 30.9323 30.5462      1.1569       1.1569    0.8922            1
2021 10 30 29.7486 30.4976 30.1102      0.7230       0.7230    0.8700            1
2021 10 31 30.1798 30.9308 30.5422      1.1570       1.1570    0.8481            1
2021 11 01 29.7434 30.4965 30.1067      0.7234       0.7234    0.8267            1
2021 11 02 30.1738 30.9289 30.5379      1.1566       1.1566    0.8056            1
2021 11 03 29.7387 30.4959 30.1038      0.7243       0.7243    0.7850            1
2021 11 04 30.1674 30.9266 30.5333      1.1557       1.1557    0.7647            1
2021 11 05 29.7346 30.4959 30.1015      0.7257       0.7257    0.7448            1
2021 11 06 30.1604 30.9239 30.5283      1.1543       1.1543    0.7253            1
2021 11 07 29.7309 30.4965 30.0997      0.7275       0.7275    0.7061            1
2021 11 08 30.1532 30.9209 30.5230      1.1525       1.1525    0.6874            1
2021 11 09 29.7278 30.4977 30.0987      0.7299       0.7299    0.6690            1
2021 11 10 30.1453 30.9173 30.5173      1.1501       1.1501    0.6510            1
2021 11 11 29.7253 30.4994 30.0983      0.7327       0.7327    0.6333            1
2021 11 12 30.1372 30.9135 30.5114      1.1473       1.1473    0.6160            1
2021 11 13 29.7232 30.5017 30.0985      0.7360       0.7360    0.5991            1
2021 11 14 30.1286 30.9093 30.5051      1.1440       1.1440    0.5825            1
2021 11 15 29.7218 30.5047 30.0994      0.7398       0.7398    0.5663            1
2021 11 16 30.1196 30.9046 30.4984      1.1402       1.1402    0.5504            1
2021 11 17 29.7209 30.5082 30.1010      0.7441       0.7441    0.5349            1
2021 11 18 30.1102 30.8996 30.4915      1.1359       1.1359    0.5197            1
2021 11 19 29.7207 30.5123 30.1032      0.7489       0.7489    0.5049            1
2021 11 20 30.1004 30.8942 30.4842      1.1311       1.1311    0.4903            1
2021 11 21 29.7209 30.5169 30.1060      0.7541       0.7541    0.4761            1
2021 11 22 30.0902 30.8885 30.4767      1.1259       1.1259    0.4623            1
2021 11 23 29.7217 30.5221 30.1095      0.7598       0.7598    0.4487            1
2021 11 24 30.0797 30.8823 30.4689      1.1202       1.1202    0.4355            1
2021 11 25 29.7231 30.5280 30.1137      0.7660       0.7660    0.4226            1
2021 11 26 30.0688 30.8758 30.4607      1.1140       1.1140    0.4100            1
2021 11 27 29.7251 30.5343 30.1184      0.7726       0.7726    0.3977            1
2021 11 28 30.0576 30.8690 30.4523      1.1074       1.1074    0.3856            1
2021 11 29 29.7276 30.5412 30.1238      0.7797       0.7797    0.3739            1
2021 11 30 30.0460 30.8618 30.4436      1.1003       1.1003    0.3625            1
2021 12 01 29.7306 30.5486 30.1297      0.7871       0.7871    0.3513            1
2021 12 02 30.0342 30.8544 30.4348      1.0929       1.0929    0.3405            1
2021 12 03 29.7342 30.5565 30.1363      0.7950       0.7950    0.3299            1
2021 12 04 30.0221 30.8466 30.4257      1.0850       1.0850    0.3195            1
2021 12 05 29.7382 30.5649 30.1434      0.8032       0.8032    0.3095            1
2021 12 06 30.0098 30.8386 30.4165      1.0768       1.0768    0.2997            1
2021 12 07 29.7428 30.5737 30.1510      0.8118       0.8118    0.2901            1
2021 12 08 29.9972 30.8303 30.4070      1.0682       1.0682    0.2808            1
2021 12 09 29.7479 30.5831 30.1593      0.8208       0.8208    0.2718            1
2021 12 10 29.9844 30.8217 30.3974      1.0592       1.0592    0.2630            1
2021 12 11 29.7533 30.5928 30.1679      0.8300       0.8300    0.2544            1
2021 12 12 29.9715 30.8130 30.3877      1.0500       1.0500    0.2461            1
2021 12 13 29.7593 30.6029 30.1772      0.8396       0.8396    0.2380            1
2021 12 14 29.9584 30.8041 30.3779      1.0404       1.0404    0.2301            1
2021 12 15 29.7657 30.6134 30.1868      0.8494       0.8494    0.2224            1
2021 12 16 29.9452 30.7950 30.3680      1.0306       1.0306    0.2150            1
2021 12 17 29.7725 30.6243 30.1969      0.8595       0.8595    0.2077            1
2021 12 18 29.9319 30.7857 30.3580      1.0205       1.0205    0.2007            1
2021 12 19 29.7796 30.6355 30.2075      0.8698       0.8698    0.1939            1
2021 12 20 29.9185 30.7763 30.3480      1.0102       1.0102    0.1872            1
2021 12 21 29.7871 30.6468 30.2183      0.8802       0.8802    0.1808            1
2021 12 22 29.9053 30.7670 30.3381      0.9998       0.9998    0.1746            1
2021 12 23 29.7950 30.6586 30.2296      0.8909       0.8909    0.1685            1
2021 12 24 29.8919 30.7574 30.3281      0.9891       0.9891    0.1626            1
2021 12 25 29.8032 30.6706 30.2412      0.9017       0.9017    0.1569            1
2021 12 26 29.8785 30.7478 30.3182      0.9783       0.9783    0.1514            1
2021 12 27 29.8115 30.6826 30.2529      0.9125       0.9125    0.1460            1
2021 12 28 29.8654 30.7383 30.3085      0.9675       0.9675    0.1408            1
2021 12 29 29.8203 30.6950 30.2651      0.9235       0.9235    0.1357            1
2021 12 30 29.8522 30.7287 30.2988      0.9565       0.9565    0.1308            1
2021 12 31 29.8347 30.7130 30.2830      0.9400       0.9400    0.1261            1
2022 01 01 29.8337 30.7137 30.2837      0.9400       0.9400    0.3572            1
2022 01 02 29.8328 30.7145 30.2845      0.9400       0.9400    0.3685            1
2022 01 03 29.8429 30.7263 30.2964      0.9510       0.9510    0.3801            1
2022 01 04 29.8201 30.7051 30.2752      0.9290       0.9290    0.3921            1
2022 01 05 29.8523 30.7390 30.3092      0.9620       0.9620    0.4043            1
2022 01 06 29.8076 30.6959 30.2662      0.9180       0.9180    0.4168            1
2022 01 07 29.8618 30.7516 30.3221      0.9729       0.9729    0.4296            1
2022 01 08 29.7953 30.6868 30.2573      0.9071       0.9071    0.4427            1
2022 01 09 29.8713 30.7643 30.3351      0.9837       0.9837    0.4562            1
2022 01 10 29.7834 30.6779 30.2488      0.8963       0.8963    0.4700            1
2022 01 11 29.8811 30.7770 30.3482      0.9945       0.9945    0.4841            1
2022 01 12 29.7716 30.6690 30.2405      0.8855       0.8855    0.4985            1
2022 01 13 29.8907 30.7895 30.3612      1.0050       1.0050    0.5133            1
2022 01 14 29.7604 30.6606 30.2326      0.8750       0.8750    0.5284            1
2022 01 15 29.9005 30.8020 30.3743      1.0154       1.0154    0.5438            1
2022 01 16 29.7494 30.6523 30.2250      0.8646       0.8646    0.5596            1
2022 01 17 29.9102 30.8144 30.3874      1.0256       1.0256    0.5757            1
2022 01 18 29.7389 30.6443 30.2177      0.8544       0.8544    0.5922            1
2022 01 19 29.9198 30.8265 30.4003      1.0355       1.0355    0.6091            1
2022 01 20 29.7288 30.6367 30.2109      0.8445       0.8445    0.6263            1
2022 01 21 29.9295 30.8385 30.4132      1.0452       1.0452    0.6438            1
2022 01 22 29.7191 30.6293 30.2045      0.8348       0.8348    0.6618            1
2022 01 23 29.9390 30.8503 30.4260      1.0546       1.0546    0.6801            1
2022 01 24 29.7099 30.6223 30.1985      0.8254       0.8254    0.6988            1
2022 01 25 29.9484 30.8618 30.4386      1.0637       1.0637    0.7179            1
2022 01 26 29.7013 30.6157 30.1930      0.8163       0.8163    0.7373            1
2022 01 27 29.9577 30.8731 30.4510      1.0725       1.0725    0.7572            1
2022 01 28 29.6931 30.6094 30.1879      0.8075       0.8075    0.7774            1
2022 01 29 29.9669 30.8841 30.4632      1.0809       1.0809    0.7980            1
2022 01 30 29.6855 30.6036 30.1834      0.7991       0.7991    0.8190            1
2022 01 31 29.9759 30.8948 30.4752      1.0890       1.0890    0.8404            1
2022 02 01 29.6784 30.5981 30.1793      0.7910       0.7910    0.8622            1
2022 02 02 29.9847 30.9052 30.4870      1.0967       1.0967    0.8844            1
2022 02 03 29.6719 30.5931 30.1757      0.7833       0.7833    0.9071            1
2022 02 04 29.9932 30.9151 30.4984      1.1039       1.1039    0.9301            1
2022 02 05 29.6661 30.5887 30.1727      0.7761       0.7761    0.9535            1
2022 02 06 30.0014 30.9246 30.5095      1.1107       1.1107    0.9773            1
2022 02 07 29.6608 30.5846 30.1703      0.7693       0.7693    1.0015            2
2022 02 08 30.0095 30.9338 30.5204      1.1171       1.1171    1.0262            2
2022 02 09 29.6562 30.5811 30.1684      0.7629       0.7629    1.0512            2
2022 02 10 30.0174 30.9427 30.5309      1.1231       1.1231    1.0767            2
2022 02 11 29.6522 30.5779 30.1670      0.7569       0.7569    1.1025            2
2022 02 12 30.0248 30.9510 30.5410      1.1285       1.1285    1.1288            2
2022 02 13 29.6489 30.5754 30.1663      0.7515       0.7515    1.1555            2
2022 02 14 30.0321 30.9590 30.5508      1.1336       1.1336    1.1826            2
2022 02 15 29.6461 30.5732 30.1661      0.7464       0.7464    1.2101            2
2022 02 16 30.0390 30.9664 30.5602      1.1381       1.1381    1.2380            2
2022 02 17 29.6441 30.5717 30.1665      0.7419       0.7419    1.2663            2
2022 02 18 30.0456 30.9734 30.5692      1.1421       1.1421    1.2950            2
2022 02 19 29.6428 30.5707 30.1675      0.7379       0.7379    1.3241            2
2022 02 20 30.0520 30.9800 30.5778      1.1457       1.1457    1.3537            2
2022 02 21 29.6420 30.5701 30.1690      0.7343       0.7343    1.3836            2
2022 02 22 30.0580 30.9861 30.5860      1.1488       1.1488    1.4139            2
2022 02 23 29.6419 30.5700 30.1710      0.7312       0.7312    1.4446            2
2022 02 24 30.0637 30.9917 30.5938      1.1514       1.1514    1.4757            2
2022 02 25 29.6425 30.5704 30.1737      0.7286       0.7286    1.5072            2
2022 02 26 30.0689 30.9967 30.6011      1.1534       1.1534    1.5390            2
2022 02 27 29.6438 30.5714 30.1770      0.7266       0.7266    1.5713            2
2022 02 28 30.0741 31.0015 30.6081      1.1551       1.1551    1.6039            2
2022 03 01 29.6456 30.5728 30.1806      0.7249       0.7249    1.6369            2
2022 03 02 30.0787 31.0056 30.6146      1.1562       1.1562    1.6703            2
2022 03 03 29.6482 30.5747 30.1849      0.7238       0.7238    1.7040            2
2022 03 04 30.0830 31.0092 30.6206      1.1568       1.1568    1.7380            2
2022 03 05 29.6514 30.5772 30.1898      0.7232       0.7232    1.7725            2
2022 03 06 30.0871 31.0125 30.6263      1.1570       1.1570    1.8072            2
2022 03 07 29.6551 30.5800 30.1951      0.7230       0.7230    1.8423            2
2022 03 08 30.0908 31.0152 30.6315      1.1567       1.1567    1.8777            2
2022 03 09 29.6595 30.5833 30.2009      0.7233       0.7233    1.9135            2
2022 03 10 30.0943 31.0175 30.6364      1.1560       1.1560    1.9496            2
2022 03 11 29.6644 30.5870 30.2071      0.7240       0.7240    1.9859            2
2022 03 12 30.0974 31.0194 30.6408      1.1549       1.1549    2.0226            2
2022 03 13 29.6698 30.5911 30.2138      0.7251       0.7251    2.0596            2
2022 03 14 30.1003 31.0208 30.6448      1.1533       1.1533    2.0968            2
2022 03 15 29.6759 30.5957 30.2210      0.7267       0.7267    2.1343            2
2022 03 16 30.1028 31.0218 30.6484      1.1513       1.1513    2.1721            2
2022 03 17 29.6825 30.6007 30.2286      0.7287       0.7287    2.2101            2
2022 03 18 30.1050 31.0224 30.6516      1.1489       1.1489    2.2484            2
2022 03 19 29.6896 30.6060 30.2366      0.7311       0.7311    2.2869            2
2022 03 20 30.1071 31.0226 30.6545      1.1462       1.1462    2.3256            2
2022 03 21 29.6971 30.6116 30.2449      0.7338       0.7338    2.3646            2
2022 03 22 30.1088 31.0224 30.6570      1.1431       1.1431    2.4037            2
2022 03 23 29.7051 30.6176 30.2536      0.7369       0.7369    2.4431            2
2022 03 24 30.1103 31.0217 30.6590      1.1396       1.1396    2.4826            2
2022 03 25 29.7136 30.6239 30.2626      0.7404       0.7404    2.5223            2
2022 03 26 30.1117 31.0208 30.6609      1.1359       1.1359    2.5621            2
2022 03 27 29.7224 30.6304 30.2718      0.7441       0.7441    2.6021            2
2022 03 28 30.1127 31.0195 30.6623      1.1318       1.1318    2.6422            2
2022 03 29 29.7317 30.6373 30.2814      0.7482       0.7482    2.6824            2
2022 03 30 30.1136 31.0179 30.6635      1.1275       1.1275    2.7227            2
2022 03 31 29.7413 30.6443 30.2912      0.7525       0.7525    2.7631            2
2022 04 01 30.1144 31.0161 30.6644      1.1230       1.1230    2.8036            2
2022 04 02 29.7511 30.6514 30.3011      0.7570       0.7570    2.8441            2
2022 04 03 30.1150 31.0139 30.6650      1.1182       1.1182    2.8847            2
2022 04 04 29.7613 30.6588 30.3112      0.7618       0.7618    2.9253            2
2022 04 05 30.1154 31.0115 30.6653      1.1132       1.1132    2.9659            2
2022 04 06 29.7718 30.6664 30.3215      0.7668       0.7668    3.0066            2
2022 04 07 30.1157 31.0088 30.6654      1.1080       1.1080    3.0472            2
2022 04 08 29.7825 30.6741 30.3320      0.7720       0.7720    3.0878            2
2022 04 09 30.1159 31.0060 30.6653      1.1027       1.1027    3.1283            2
2022 04 10 29.7933 30.6818 30.3424      0.7773       0.7773    3.1688            2
2022 04 11 30.1160 31.0029 30.6649      1.0972       1.0972    3.2092            2
2022 04 12 29.8044 30.6897 30.3530      0.7828       0.7828    3.2494            2
2022 04 13 30.1160 30.9996 30.6643      1.0916       1.0916    3.2896            2
2022 04 14 29.8157 30.6976 30.3636      0.7884       0.7884    3.3297            2
2022 04 15 30.1160 30.9962 30.6636      1.0859       1.0859    3.3696            2
2022 04 16 29.8270 30.7055 30.3742      0.7941       0.7941    3.4094            2
2022 04 17 30.1160 30.9927 30.6628      1.0802       1.0802    3.4489            2
2022 04 18 29.8384 30.7133 30.3848      0.7998       0.7998    3.4883            2
2022 04 19 30.1159 30.9890 30.6617      1.0744       1.0744    3.5275            2
2022 04 20 29.8499 30.7212 30.3953      0.8056       0.8056    3.5664            2
2022 04 21 30.1158 30.9852 30.6606      1.0686       1.0686    3.6051            2
2022 04 22 29.8614 30.7290 30.4057      0.8114       0.8114    3.6435            2
2022 04 23 30.1157 30.9814 30.6593      1.0628       1.0628    3.6817            2
2022 04 24 29.8729 30.7367 30.4160      0.8172       0.8172    3.7195            2
2022 04 25 30.1156 30.9774 30.6580      1.0570       1.0570    3.7571            2
2022 04 26 29.8844 30.7444 30.4262      0.8230       0.8230    3.7942            2
2022 04 27 30.1154 30.9734 30.6565      1.0512       1.0512    3.8311            2
2022 04 28 29.8959 30.7519 30.4362      0.8288       0.8288    3.8676            2
2022 04 29 30.1154 30.9694 30.6550      1.0455       1.0455    3.9037            2
2022 04 30 29.9072 30.7593 30.4460      0.8345       0.8345    3.9394            2
2022 05 01 30.1155 30.9655 30.6535      1.0399       1.0399    3.9746            2
2022 05 02 29.9185 30.7664 30.4556      0.8401       0.8401    4.0095            3
2022 05 03 30.1155 30.9614 30.6518      1.0343       1.0343    4.0438            3
2022 05 04 29.9297 30.7735 30.4651      0.8457       0.8457    4.0777            3
2022 05 05 30.1157 30.9574 30.6502      1.0289       1.0289    4.1112            3
2022 05 06 29.9406 30.7803 30.4742      0.8511       0.8511    4.1441            3
2022 05 07 30.1159 30.9535 30.6485      1.0236       1.0236    4.1765            3
2022 05 08 29.9514 30.7869 30.4831      0.8564       0.8564    4.2083            3
2022 05 09 30.1162 30.9495 30.6468      1.0184       1.0184    4.2397            3
2022 05 10 29.9621 30.7933 30.4917      0.8616       0.8616    4.2704            3
2022 05 11 30.1166 30.9457 30.6452      1.0134       1.0134    4.3006            3
2022 05 12 29.9725 30.7994 30.5000      0.8666       0.8666    4.3301            3
2022 05 13 30.1171 30.9418 30.6435      1.0085       1.0085    4.3591            3
2022 05 14 29.9827 30.8053 30.5080      0.8715       0.8715    4.3874            3
2022 05 15 30.1177 30.9381 30.6418      1.0038       1.0038    4.4150            3
2022 05 16 29.9927 30.8109 30.5156      0.8762       0.8762    4.4420            3
2022 05 17 30.1183 30.9344 30.6401      0.9992       0.9992    4.4684            3
2022 05 18 30.0025 30.8163 30.5230      0.8808       0.8808    4.4940            3
2022 05 19 30.1190 30.9307 30.6384      0.9948       0.9948    4.5190            3
2022 05 20 30.0120 30.8214 30.5300      0.8852       0.8852    4.5432            3
2022 05 21 30.1200 30.9273 30.6368      0.9907       0.9907    4.5667            3
2022 05 22 30.0211 30.8262 30.5366      0.8893       0.8893    4.5895            3
2022 05 23 30.1209 30.9238 30.6351      0.9867       0.9867    4.6115            3
2022 05 24 30.0300 30.8307 30.5429      0.8933       0.8933    4.6327            3
2022 05 25 30.1219 30.9204 30.6334      0.9828       0.9828    4.6532            3
2022 05 26 30.0387 30.8349 30.5488      0.8972       0.8972    4.6729            3
2022 05 27 30.1230 30.9171 30.6318      0.9792       0.9792    4.6918            3
2022 05 28 30.0470 30.8388 30.5544      0.9008       0.9008    4.7099            3
2022 05 29 30.1243 30.9139 30.6302      0.9758       0.9758    4.7271            3
2022 05 30 30.0550 30.8424 30.5595      0.9042       0.9042    4.7436            3
2022 05 31 30.1256 30.9109 30.6287      0.9726       0.9726    4.7592            3
2022 06 01 30.0626 30.8457 30.5642      0.9074       0.9074    4.7739            3
2022 06 02 30.1269 30.9078 30.6270      0.9695       0.9695    4.7878            3
2022 06 03 30.0701 30.8488 30.5687      0.9105       0.9105    4.8009            3
2022 06 04 30.1283 30.9048 30.6254      0.9666       0.9666    4.8131            3
2022 06 05 30.0772 30.8516 30.5728      0.9134       0.9134    4.8244            3
2022 06 06 30.1297 30.9020 30.6238      0.9639       0.9639    4.8348            3
2022 06 07 30.0839 30.8540 30.5764      0.9161       0.9161    4.8443            3
2022 06 08 30.1312 30.8992 30.6222      0.9614       0.9614    4.8530            3
2022 06 09 30.0904 30.8562 30.5797      0.9186       0.9186    4.8607            3
2022 06 10 30.1327 30.8964 30.6205      0.9590       0.9590    4.8676            3
2022 06 11 30.0966 30.8582 30.5827      0.9210       0.9210    4.8735            3
2022 06 12 30.1342 30.8937 30.6188      0.9568       0.9568    4.8785            3
2022 06 13 30.1024 30.8598 30.5853      0.9232       0.9232    4.8827            3
2022 06 14 30.1357 30.8910 30.6170      0.9547       0.9547    4.8859            3
2022 06 15 30.1080 30.8613 30.5877      0.9253       0.9253    4.8882            3
2022 06 16 30.1372 30.8884 30.6152      0.9528       0.9528    4.8895            3
2022 06 17 30.1132 30.8624 30.5896      0.9272       0.9272    4.8900            3
2022 06 18 30.1386 30.8858 30.6133      0.9510       0.9510    4.8895            3
2022 06 19 30.1182 30.8634 30.5912      0.9290       0.9290    4.8882            3
2022 06 20 30.1399 30.8831 30.6113      0.9492       0.9492    4.8859            3
2022 06 21 30.1230 30.8642 30.5927      0.9308       0.9308    4.8827            3
2022 06 22 30.1412 30.8805 30.6092      0.9476       0.9476    4.8785            3
2022 06 23 30.1274 30.8648 30.5937      0.9324       0.9324    4.8735            3
2022 06 24 30.1425 30.8779 30.6071      0.9461       0.9461    4.8676            3
2022 06 25 30.1316 30.8651 30.5945      0.9339       0.9339    4.8607            3
2022 06 26 30.1436 30.8752 30.6047      0.9446       0.9446    4.8530            3
2022 06 27 30.1356 30.8654 30.5950      0.9354       0.9354    4.8443            3
2022 06 28 30.1444 30.8724 30.6022      0.9431       0.9431    4.8348            3
2022 06 29 30.1394 30.8655 30.5954      0.9369       0.9369    4.8244            3
2022 06 30 30.1453 30.8696 30.5996      0.9417       0.9417    4.8131            3
2022 07 01 30.1429 30.8655 30.5955      0.9383       0.9383    4.8009            3
2022 07 02 30.1459 30.8668 30.5968      0.9403       0.9403    4.7878            3
2022 07 03 30.1463 30.8654 30.5954      0.9397       0.9397    4.7739            3
2022 07 04 30.1465 30.8639 30.5939      0.9390       0.9390    4.7592            3
2022 07 05 30.1493 30.8651 30.5950      0.9410       0.9410    4.7436            3
2022 07 06 30.1467 30.8608 30.5907      0.9376       0.9376    4.7271            3
2022 07 07 30.1523 30.8648 30.5945      0.9424       0.9424    4.7099            3
2022 07 08 30.1468 30.8577 30.5873      0.9362       0.9362    4.6918            3
2022 07 09 30.1551 30.8644 30.5939      0.9438       0.9438    4.6729            3
2022 07 10 30.1466 30.8544 30.5837      0.9347       0.9347    4.6532            3
2022 07 11 30.1578 30.8640 30.5932      0.9453       0.9453    4.6327            3
2022 07 12 30.1462 30.8510 30.5799      0.9332       0.9332    4.6115            3
2022 07 13 30.1603 30.8636 30.5923      0.9468       0.9468    4.5895            3
2022 07 14 30.1455 30.8474 30.5758      0.9316       0.9316    4.5667            3
2022 07 15 30.1627 30.8631 30.5913      0.9484       0.9484    4.5432            3
2022 07 16 30.1445 30.8436 30.5715      0.9299       0.9299    4.5190            3
2022 07 17 30.1650 30.8627 30.5903      0.9501       0.9501    4.4940            3
2022 07 18 30.1432 30.8397 30.5668      0.9281       0.9281    4.4684            3
2022 07 19 30.1672 30.8624 30.5892      0.9519       0.9519    4.4420            3
2022 07 20 30.1417 30.8356 30.5620      0.9263       0.9263    4.4150            3
2022 07 21 30.1692 30.8619 30.5879      0.9537       0.9537    4.3874            3
2022 07 22 30.1397 30.8313 30.5568      0.9242       0.9242    4.3591            3
2022 07 23 30.1713 30.8617 30.5868      0.9558       0.9558    4.3301            3
2022 07 24 30.1376 30.8268 30.5514      0.9221       0.9221    4.3006            3
2022 07 25 30.1732 30.8614 30.5855      0.9579       0.9579    4.2704            3
2022 07 26 30.1350 30.8221 30.5456      0.9198       0.9198    4.2397            3
2022 07 27 30.1752 30.8612 30.5842      0.9602       0.9602    4.2083            3
2022 07 28 30.1321 30.8172 30.5396      0.9174       0.9174    4.1765            3
2022 07 29 30.1770 30.8611 30.5829      0.9626       0.9626    4.1441            3
2022 07 30 30.1287 30.8120 30.5332      0.9147       0.9147    4.1112            3
2022 07 31 30.1789 30.8613 30.5818      0.9653       0.9653    4.0777            3
2022 08 01 30.1252 30.8067 30.5266      0.9120       0.9120    4.0438            3
2022 08 02 30.1807 30.8613 30.5806      0.9680       0.9680    4.0095            3
2022 08 03 30.1211 30.8010 30.5195      0.9090       0.9090    3.9746            2
2022 08 04 30.1825 30.8617 30.5795      0.9710       0.9710    3.9394            2
2022 08 05 30.1167 30.7951 30.5122      0.9058       0.9058    3.9037            2
2022 08 06 30.1844 30.8621 30.5784      0.9742       0.9742    3.8676            2
2022 08 07 30.1120 30.7891 30.5046      0.9025       0.9025    3.8311            2
2022 08 08 30.1862 30.8627 30.5774      0.9775       0.9775    3.7942            2
2022 08 09 30.1068 30.7828 30.4967      0.8990       0.8990    3.7571            2
2022 08 10 30.1879 30.8634 30.5764      0.9810       0.9810    3.7195            2
2022 08 11 30.1013 30.7762 30.4884      0.8953       0.8953    3.6817            2
2022 08 12 30.1897 30.8642 30.5755      0.9847       0.9847    3.6435            2
2022 08 13 30.0954 30.7695 30.4799      0.8914       0.8914    3.6051            2
2022 08 14 30.1916 30.8652 30.5747      0.9886       0.9886    3.5664            2
2022 08 15 30.0891 30.7625 30.4711      0.8873       0.8873    3.5275            2
2022 08 16 30.1934 30.8664 30.5741      0.9927       0.9927    3.4883            2
2022 08 17 30.0825 30.7552 30.4619      0.8830       0.8830    3.4489            2
2022 08 18 30.1952 30.8678 30.5735      0.9970       0.9970    3.4094            2
2022 08 19 30.0754 30.7478 30.4525      0.8785       0.8785    3.3696            2
2022 08 20 30.1971 30.8693 30.5730      1.0015       1.0015    3.3297            2
2022 08 21 30.0681 30.7402 30.4429      0.8739       0.8739    3.2896            2
2022 08 22 30.1989 30.8709 30.5725      1.0061       1.0061    3.2494            2
2022 08 23 30.0604 30.7324 30.4330      0.8691       0.8691    3.2092            2
2022 08 24 30.2007 30.8727 30.5722      1.0109       1.0109    3.1688            2
2022 08 25 30.0524 30.7244 30.4228      0.8641       0.8641    3.1283            2
2022 08 26 30.2026 30.8747 30.5720      1.0159       1.0159    3.0878            2
2022 08 27 30.0441 30.7162 30.4124      0.8590       0.8590    3.0472            2
2022 08 28 30.2044 30.8767 30.5718      1.0210       1.0210    3.0066            2
2022 08 29 30.0355 30.7080 30.4019      0.8538       0.8538    2.9659            2
2022 08 30 30.2062 30.8789 30.5716      1.0262       1.0262    2.9253            2
2022 08 31 30.0266 30.6996 30.3911      0.8484       0.8484    2.8847            2
2022 09 01 30.2080 30.8812 30.5716      1.0316       1.0316    2.8441            2
2022 09 02 30.0174 30.6910 30.3802      0.8429       0.8429    2.8036            2
2022 09 03 30.2097 30.8837 30.5717      1.0371       1.0371    2.7631            2
2022 09 04 30.0080 30.6824 30.3692      0.8373       0.8373    2.7227            2
2022 09 05 30.2114 30.8863 30.5718      1.0427       1.0427    2.6824            2
2022 09 06 29.9983 30.6736 30.3580      0.8316       0.8316    2.6422            2
2022 09 07 30.2131 30.8889 30.5720      1.0484       1.0484    2.6021            2
2022 09 08 29.9885 30.6649 30.3467      0.8259       0.8259    2.5621            2
2022 09 09 30.2146 30.8916 30.5721      1.0541       1.0541    2.5223            2
2022 09 10 29.9784 30.6561 30.3354      0.8201       0.8201    2.4826            2
2022 09 11 30.2161 30.8944 30.5724      1.0599       1.0599    2.4431            2
2022 09 12 29.9683 30.6473 30.3240      0.8143       0.8143    2.4037            2
2022 09 13 30.2174 30.8972 30.5726      1.0657       1.0657    2.3646            2
2022 09 14 29.9580 30.6385 30.3126      0.8085       0.8085    2.3256            2
2022 09 15 30.2187 30.9000 30.5728      1.0715       1.0715    2.2869            2
2022 09 16 29.9475 30.6298 30.3012      0.8027       0.8027    2.2484            2
2022 09 17 30.2198 30.9029 30.5730      1.0773       1.0773    2.2101            2
2022 09 18 29.9370 30.6210 30.2898      0.7969       0.7969    2.1721            2
2022 09 19 30.2208 30.9058 30.5732      1.0831       1.0831    2.1343            2
2022 09 20 29.9265 30.6125 30.2785      0.7912       0.7912    2.0968            2
2022 09 21 30.2216 30.9086 30.5733      1.0888       1.0888    2.0596            2
2022 09 22 29.9160 30.6040 30.2674      0.7856       0.7856    2.0226            2
2022 09 23 30.2222 30.9114 30.5734      1.0944       1.0944    1.9859            2
2022 09 24 29.9054 30.5957 30.2563      0.7801       0.7801    1.9496            2
2022 09 25 30.2227 30.9141 30.5733      1.0999       1.0999    1.9135            2
2022 09 26 29.8948 30.5874 30.2453      0.7746       0.7746    1.8777            2
2022 09 27 30.2230 30.9168 30.5733      1.1054       1.1054    1.8423            2
2022 09 28 29.8844 30.5794 30.2346      0.7694       0.7694    1.8072            2
2022 09 29 30.2230 30.9193 30.5731      1.1106       1.1106    1.7725            2
2022 09 30 29.8740 30.5716 30.2241      0.7643       0.7643    1.7380            2
2022 10 01 30.2227 30.9217 30.5728      1.1157       1.1157    1.7040            2
2022 10 02 29.8638 30.5641 30.2138      0.7594       0.7594    1.6703            2
2022 10 03 30.2223 30.9240 30.5723      1.1206       1.1206    1.6369            2
2022 10 04 29.8536 30.5568 30.2037      0.7547       0.7547    1.6039            2
2022 10 05 30.2215 30.9261 30.5717      1.1253       1.1253    1.5713            2
2022 10 06 29.8438 30.5499 30.1940      0.7503       0.7503    1.5390            2
2022 10 07 30.2204 30.9280 30.5708      1.1297       1.1297    1.5072            2
2022 10 08 29.8340 30.5432 30.1846      0.7461       0.7461    1.4757            2
2022 10 09 30.2191 30.9298 30.5698      1.1339       1.1339    1.4446            2
2022 10 10 29.8246 30.5369 30.1756      0.7422       0.7422    1.4139            2
2022 10 11 30.2174 30.9313 30.5686      1.1378       1.1378    1.3836            2
2022 10 12 29.8154 30.5310 30.1669      0.7386       0.7386    1.3537            2
2022 10 13 30.2153 30.9326 30.5672      1.1414       1.1414    1.3241            2
2022 10 14 29.8064 30.5254 30.1586      0.7353       0.7353    1.2950            2
2022 10 15 30.2130 30.9337 30.5656      1.1447       1.1447    1.2663            2
2022 10 16 29.7979 30.5203 30.1508      0.7324       0.7324    1.2380            2
2022 10 17 30.2102 30.9344 30.5636      1.1476       1.1476    1.2101            2
2022 10 18 29.7896 30.5155 30.1435      0.7298       0.7298    1.1826            2
2022 10 19 30.2071 30.9349 30.5615      1.1502       1.1502    1.1555            2
2022 10 20 29.7818 30.5114 30.1367      0.7277       0.7277    1.1288            2
2022 10 21 30.2035 30.9350 30.5590      1.1523       1.1523    1.1025            2
2022 10 22 29.7743 30.5076 30.1303      0.7259       0.7259    1.0767            2
2022 10 23 30.1996 30.9349 30.5562      1.1541       1.1541    1.0512            2
2022 10 24 29.7672 30.5043 30.1244      0.7245       0.7245    1.0262            2
2022 10 25 30.1953 30.9344 30.5532      1.1555       1.1555    1.0015            2
2022 10 26 29.7606 30.5016 30.1192      0.7236       0.7236    0.9773            1
2022 10 27 30.1905 30.9335 30.5498      1.1564       1.1564    0.9535            1
2022 10 28 29.7544 30.4994 30.1144      0.7231       0.7231    0.9301            1
2022 10 29 30.1854 30.9323 30.5462      1.1569       1.1569    0.9071            1
2022 10 30 29.7486 30.4976 30.1102      0.7230       0.7230    0.8844            1
2022 10 31 30.1798 30.9308 30.5422      1.1570       1.1570    0.8622            1
2022 11 01 29.7434 30.4965 30.1067      0.7234       0.7234    0.8404            1
2022 11 02 30.1738 30.9289 30.5379      1.1566       1.1566    0.8190            1
2022 11 03 29.7387 30.4959 30.1038      0.7243       0.7243    0.7980            1
2022 11 04 30.1674 30.9266 30.5333      1.1557       1.1557    0.7774            1
2022 11 05 29.7346 30.4959 30.1015      0.7257       0.7257    0.7572            1
2022 11 06 30.1604 30.9239 30.5283      1.1543       1.1543    0.7373            1
2022 11 07 29.7309 30.4965 30.0997      0.7275       0.7275    0.7179            1
2022 11 08 30.1532 30.9209 30.5230      1.1525       1.1525    0.6988            1
2022 11 09 29.7278 30.4977 30.0987      0.7299       0.7299    0.6801            1
2022 11 10 30.1453 30.9173 30.5173      1.1501       1.1501    0.6618            1
2022 11 11 29.7253 30.4994 30.0983      0.7327       0.7327    0.6438            1
2022 11 12 30.1372 30.9135 30.5114      1.1473       1.1473    0.6263            1
2022 11 13 29.7232 30.5017 30.0985      0.7360       0.7360    0.6091            1
2022 11 14 30.1286 30.9093 30.5051      1.1440       1.1440    0.5922            1
2022 11 15 29.7218 30.5047 30.0994      0.7398       0.7398    0.5757            1
2022 11 16 30.1196 30.9046 30.4984      1.1402       1.1402    0.5596            1
2022 11 17 29.7209 30.5082 30.1010      0.7441       0.7441    0.5438            1
2022 11 18 30.1102 30.8996 30.4915      1.1359       1.1359    0.5284            1
2022 11 19 29.7207 30.5123 30.1032      0.7489       0.7489    0.5133            1
2022 11 20 30.1004 30.8942 30.4842      1.1311       1.1311    0.4985            1
2022 11 21 29.7209 30.5169 30.1060      0.7541       0.7541    0.4841            1
2022 11 22 30.0902 30.8885 30.4767      1.1259       1.1259    0.4700            1
2022 11 23 29.7217 30.5221 30.1095      0.7598       0.7598    0.4562            1
2022 11 24 30.0797 30.8823 30.4689      1.1202       1.1202    0.4427            1
2022 11 25 29.7231 30.5280 30.1137      0.7660       0.7660    0.4296            1
2022 11 26 30.0688 30.8758 30.4607      1.1140       1.1140    0.4168            1
2022 11 27 29.7251 30.5343 30.1184      0.7726       0.7726    0.4043            1
2022 11 28 30.0576 30.8690 30.4523      1.1074       1.1074    0.3921            1
2022 11 29 29.7276 30.5412 30.1238      0.7797       0.7797    0.3801            1
2022 11 30 30.0460 30.8618 30.4436      1.1003       1.1003    0.3685            1
2022 12 01 29.7306 30.5486 30.1297      0.7871       0.7871    0.3572            1
2022 12 02 30.0342 30.8544 30.4348      1.0929       1.0929    0.3461            1
2022 12 03 29.7342 30.5565 30.1363      0.7950       0.7950    0.3354            1
2022 12 04 30.0221 30.8466 30.4257      1.0850       1.0850    0.3249            1
2022 12 05 29.7382 30.5649 30.1434      0.8032       0.8032    0.3146            1
2022 12 06 30.0098 30.8386 30.4165      1.0768       1.0768    0.3047            1
2022 12 07 29.7428 30.5737 30.1510      0.8118       0.8118    0.2950            1
2022 12 08 29.9972 30.8303 30.4070      1.0682       1.0682    0.2855            1
2022 12 09 29.7479 30.5831 30.1593      0.8208       0.8208    0.2763            1
2022 12 10 29.9844 30.8217 30.3974      1.0592       1.0592    0.2674            1
2022 12 11 29.7533 30.5928 30.1679      0.8300       0.8300    0.2586            1
2022 12 12 29.9715 30.8130 30.3877      1.0500       1.0500    0.2502            1
2022 12 13 29.7593 30.6029 30.1772      0.8396       0.8396    0.2419            1
2022 12 14 29.9584 30.8041 30.3779      1.0404       1.0404    0.2339            1
2022 12 15 29.7657 30.6134 30.1868      0.8494       0.8494    0.2261            1
2022 12 16 29.9452 30.7950 30.3680      1.0306       1.0306    0.2186            1
2022 12 17 29.7725 30.6243 30.1969      0.8595       0.8595    0.2112            1
2022 12 18 29.9319 30.7857 30.3580      1.0205       1.0205    0.2041            1
2022 12 19 29.7796 30.6355 30.2075      0.8698       0.8698    0.1971            1
2022 12 20 29.9185 30.7763 30.3480      1.0102       1.0102    0.1904            1
2022 12 21 29.7871 30.6468 30.2183      0.8802       0.8802    0.1838            1
2022 12 22 29.9053 30.7670 30.3381      0.9998       0.9998    0.1775            1
2022 12 23 29.7950 30.6586 30.2296      0.8909       0.8909    0.1713            1
2022 12 24 29.8919 30.7574 30.3281      0.9891       0.9891    0.1653            1
2022 12 25 29.8032 30.6706 30.2412      0.9017       0.9017    0.1595            1
2022 12 26 29.8785 30.7478 30.3182      0.9783       0.9783    0.1539            1
2022 12 27 29.8115 30.6826 30.2529      0.9125       0.9125    0.1484            1
2022 12 28 29.8654 30.7383 30.3085      0.9675       0.9675    0.1431            1
2022 12 29 29.8203 30.6950 30.2651      0.9235       0.9235    0.1380            1
2022 12 30 29.8522 30.7287 30.2988      0.9565       0.9565    0.1330            1
2022 12 31 29.8347 30.7130 30.2830      0.9400       0.9400    0.1282            1
2023 01 01 29.8337 30.7137 30.2837      0.9400       0.9400    0.3754            1
2023 01 02 29.8328 30.7145 30.2845      0.9400       0.9400    0.3874            1
2023 01 03 29.8429 30.7263 30.2964      0.9510       0.9510    0.3996            1
2023 01 04 29.8201 30.7051 30.2752      0.9290       0.9290    0.4121            1
2023 01 05 29.8523 30.7390 30.3092      0.9620       0.9620    0.4249            1
2023 01 06 29.8076 30.6959 30.2662      0.9180       0.9180    0.4381            1
2023 01 07 29.8618 30.7516 30.3221      0.9729       0.9729    0.4516            1
2023 01 08 29.7953 30.6868 30.2573      0.9071       0.9071    0.4654            1
2023 01 09 29.8713 30.7643 30.3351      0.9837       0.9837    0.4795            1
2023 01 10 29.7834 30.6779 30.2488      0.8963       0.8963    0.4940            1
2023 01 11 29.8811 30.7770 30.3482      0.9945       0.9945    0.5088            1
2023 01 12 29.7716 30.6690 30.2405      0.8855       0.8855    0.5240            1
2023 01 13 29.8907 30.7895 30.3612      1.0050       1.0050    0.5395            1
2023 01 14 29.7604 30.6606 30.2326      0.8750       0.8750    0.5554            1
2023 01 15 29.9005 30.8020 30.3743      1.0154       1.0154    0.5716            1
2023 01 16 29.7494 30.6523 30.2250      0.8646       0.8646    0.5882            1
2023 01 17 29.9102 30.8144 30.3874      1.0256       1.0256    0.6052            1
2023 01 18 29.7389 30.6443 30.2177      0.8544       0.8544    0.6225            1
2023 01 19 29.9198 30.8265 30.4003      1.0355       1.0355    0.6402            1
2023 01 20 29.7288 30.6367 30.2109      0.8445       0.8445    0.6583            1
2023 01 21 29.9295 30.8385 30.4132      1.0452       1.0452    0.6768            1
2023 01 22 29.7191 30.6293 30.2045      0.8348       0.8348    0.6956            1
2023 01 23 29.9390 30.8503 30.4260      1.0546       1.0546    0.7149            1
2023 01 24 29.7099 30.6223 30.1985      0.8254       0.8254    0.7345            1
2023 01 25 29.9484 30.8618 30.4386      1.0637       1.0637    0.7546            1
2023 01 26 29.7013 30.6157 30.1930      0.8163       0.8163    0.7750            1
2023 01 27 29.9577 30.8731 30.4510      1.0725       1.0725    0.7959            1
2023 01 28 29.6931 30.6094 30.1879      0.8075       0.8075    0.8171            1
2023 01 29 29.9669 30.8841 30.4632      1.0809       1.0809    0.8388            1
2023 01 30 29.6855 30.6036 30.1834      0.7991       0.7991    0.8609            1
2023 01 31 29.9759 30.8948 30.4752      1.0890       1.0890    0.8834            1
2023 02 01 29.6784 30.5981 30.1793      0.7910       0.7910    0.9063            1
2023 02 02 29.9847 30.9052 30.4870      1.0967       1.0967    0.9297            1
2023 02 03 29.6719 30.5931 30.1757      0.7833       0.7833    0.9534            1
2023 02 04 29.9932 30.9151 30.4984      1.1039       1.1039    0.9776            1
2023 02 05 29.6661 30.5887 30.1727      0.7761       0.7761    1.0022            2
2023 02 06 30.0014 30.9246 30.5095      1.1107       1.1107    1.0273            2
2023 02 07 29.6608 30.5846 30.1703      0.7693       0.7693    1.0527            2
2023 02 08 30.0095 30.9338 30.5204      1.1171       1.1171    1.0786            2
2023 02 09 29.6562 30.5811 30.1684      0.7629       0.7629    1.1050            2
2023 02 10 30.0174 30.9427 30.5309      1.1231       1.1231    1.1317            2
2023 02 11 29.6522 30.5779 30.1670      0.7569       0.7569    1.1589            2
2023 02 12 30.0248 30.9510 30.5410      1.1285       1.1285    1.1865            2
2023 02 13 29.6489 30.5754 30.1663      0.7515       0.7515    1.2146            2
2023 02 14 30.0321 30.9590 30.5508      1.1336       1.1336    1.2430            2
2023 02 15 29.6461 30.5732 30.1661      0.7464       0.7464    1.2719            2
2023 02 16 30.0390 30.9664 30.5602      1.1381       1.1381    1.3013            2
2023 02 17 29.6441 30.5717 30.1665      0.7419       0.7419    1.3310            2
2023 02 18 30.0456 30.9734 30.5692      1.1421       1.1421    1.3612            2
2023 02 19 29.6428 30.5707 30.1675      0.7379       0.7379    1.3918            2
2023 02 20 30.0520 30.9800 30.5778      1.1457       1.1457    1.4229            2
2023 02 21 29.6420 30.5701 30.1690      0.7343       0.7343    1.4543            2
2023 02 22 30.0580 30.9861 30.5860      1.1488       1.1488    1.4862            2
2023 02 23 29.6419 30.5700 30.1710      0.7312       0.7312    1.5184            2
2023 02 24 30.0637 30.9917 30.5938      1.1514       1.1514    1.5511            2
2023 02 25 29.6425 30.5704 30.1737      0.7286       0.7286    1.5842            2
2023 02 26 30.0689 30.9967 30.6011      1.1534       1.1534    1.6177            2
2023 02 27 29.6438 30.5714 30.1770      0.7266       0.7266    1.6516            2
2023 02 28 30.0741 31.0015 30.6081      1.1551       1.1551    1.6859            2
2023 03 01 29.6456 30.5728 30.1806      0.7249       0.7249    1.7206            2
2023 03 02 30.0787 31.0056 30.6146      1.1562       1.1562    1.7556            2
2023 03 03 29.6482 30.5747 30.1849      0.7238       0.7238    1.7911            2
2023 03 04 30.0830 31.0092 30.6206      1.1568       1.1568    1.8269            2
2023 03 05 29.6514 30.5772 30.1898      0.7232       0.7232    1.8631            2
2023 03 06 30.0871 31.0125 30.6263      1.1570       1.1570    1.8996            2
2023 03 07 29.6551 30.5800 30.1951      0.7230       0.7230    1.9365            2
2023 03 08 30.0908 31.0152 30.6315      1.1567       1.1567    1.9737            2
2023 03 09 29.6595 30.5833 30.2009      0.7233       0.7233    2.0113            2
2023 03 10 30.0943 31.0175 30.6364      1.1560       1.1560    2.0492            2
2023 03 11 29.6644 30.5870 30.2071      0.7240       0.7240    2.0875            2
2023 03 12 30.0974 31.0194 30.6408      1.1549       1.1549    2.1260            2
2023 03 13 29.6698 30.5911 30.2138      0.7251       0.7251    2.1648            2
2023 03 14 30.1003 31.0208 30.6448      1.1533       1.1533    2.2040            2
2023 03 15 29.6759 30.5957 30.2210      0.7267       0.7267    2.2434            2
2023 03 16 30.1028 31.0218 30.6484      1.1513       1.1513    2.2831            2
2023 03 17 29.6825 30.6007 30.2286      0.7287       0.7287    2.3231            2
2023 03 18 30.1050 31.0224 30.6516      1.1489       1.1489    2.3633            2
2023 03 19 29.6896 30.6060 30.2366      0.7311       0.7311    2.4038            2
2023 03 20 30.1071 31.0226 30.6545      1.1462       1.1462    2.4445            2
2023 03 21 29.6971 30.6116 30.2449      0.7338       0.7338    2.4855            2
2023 03 22 30.1088 31.0224 30.6570      1.1431       1.1431    2.5266            2
2023 03 23 29.7051 30.6176 30.2536      0.7369       0.7369    2.5680            2
2023 03 24 30.1103 31.0217 30.6590      1.1396       1.1396    2.6095            2
2023 03 25 29.7136 30.6239 30.2626      0.7404       0.7404    2.6512            2
2023 03 26 30.1117 31.0208 30.6609      1.1359       1.1359    2.6931            2
2023 03 27 29.7224 30.6304 30.2718      0.7441       0.7441    2.7351            2
2023 03 28 30.1127 31.0195 30.6623      1.1318       1.1318    2.7772            2
2023 03 29 29.7317 30.6373 30.2814      0.7482       0.7482    2.8195            2
2023 03 30 30.1136 31.0179 30.6635      1.1275       1.1275    2.8619            2
2023 03 31 29.7413 30.6443 30.2912      0.7525       0.7525    2.9044            2
2023 04 01 30.1144 31.0161 30.6644      1.1230       1.1230    2.9469            2
2023 04 02 29.7511 30.6514 30.3011      0.7570       0.7570    2.9895            2
2023 04 03 30.1150 31.0139 30.6650      1.1182       1.1182    3.0322            2
2023 04 04 29.7613 30.6588 30.3112      0.7618       0.7618    3.0749            2
2023 04 05 30.1154 31.0115 30.6653      1.1132       1.1132    3.1176            2
2023 04 06 29.7718 30.6664 30.3215      0.7668       0.7668    3.1603            2
2023 04 07 30.1157 31.0088 30.6654      1.1080       1.1080    3.2030            2
2023 04 08 29.7825 30.6741 30.3320      0.7720       0.7720    3.2456            2
2023 04 09 30.1159 31.0060 30.6653      1.1027       1.1027    3.2882            2
2023 04 10 29.7933 30.6818 30.3424      0.7773       0.7773    3.3308            2
2023 04 11 30.1160 31.0029 30.6649      1.0972       1.0972    3.3732            2
2023 04 12 29.8044 30.6897 30.3530      0.7828       0.7828    3.4156            2
2023 04 13 30.1160 30.9996 30.6643      1.0916       1.0916    3.4578            2
2023 04 14 29.8157 30.6976 30.3636      0.7884       0.7884    3.4999            2
2023 04 15 30.1160 30.9962 30.6636      1.0859       1.0859    3.5419            2
2023 04 16 29.8270 30.7055 30.3742      0.7941       0.7941    3.5837            2
2023 04 17 30.1160 30.9927 30.6628      1.0802       1.0802    3.6253            2
2023 04 18 29.8384 30.7133 30.3848      0.7998       0.7998    3.6667            2
2023 04 19 30.1159 30.9890 30.6617      1.0744       1.0744    3.7078            2
2023 04 20 29.8499 30.7212 30.3953      0.8056       0.8056    3.7487            2
2023 04 21 30.1158 30.9852 30.6606      1.0686       1.0686    3.7894            2
2023 04 22 29.8614 30.7290 30.4057      0.8114       0.8114    3.8298            2
2023 04 23 30.1157 30.9814 30.6593      1.0628       1.0628    3.8699            2
2023 04 24 29.8729 30.7367 30.4160      0.8172       0.8172    3.9097            2
2023 04 25 30.1156 30.9774 30.6580      1.0570       1.0570    3.9491            2
2023 04 26 29.8844 30.7444 30.4262      0.8230       0.8230    3.9882            2
2023 04 27 30.1154 30.9734 30.6565      1.0512       1.0512    4.0270            3
2023 04 28 29.8959 30.7519 30.4362      0.8288       0.8288    4.0653            3
2023 04 29 30.1154 30.9694 30.6550      1.0455       1.0455    4.1032            3
2023 04 30 29.9072 30.7593 30.4460      0.8345       0.8345    4.1408            3
2023 05 01 30.1155 30.9655 30.6535      1.0399       1.0399    4.1778            3
2023 05 02 29.9185 30.7664 30.4556      0.8401       0.8401    4.2144            3
2023 05 03 30.1155 30.9614 30.6518      1.0343       1.0343    4.2506            3
2023 05 04 29.9297 30.7735 30.4651      0.8457       0.8457    4.2862            3
2023 05 05 30.1157 30.9574 30.6502      1.0289       1.0289    4.3214            3
2023 05 06 29.9406 30.7803 30.4742      0.8511       0.8511    4.3560            3
2023 05 07 30.1159 30.9535 30.6485      1.0236       1.0236    4.3900            3
2023 05 08 29.9514 30.7869 30.4831      0.8564       0.8564    4.4235            3
2023 05 09 30.1162 30.9495 30.6468      1.0184       1.0184    4.4564            3
2023 05 10 29.9621 30.7933 30.4917      0.8616       0.8616    4.4887            3
2023 05 11 30.1166 30.9457 30.6452      1.0134       1.0134    4.5204            3
2023 05 12 29.9725 30.7994 30.5000      0.8666       0.8666    4.5515            3
2023 05 13 30.1171 30.9418 30.6435      1.0085       1.0085    4.5819            3
2023 05 14 29.9827 30.8053 30.5080      0.8715       0.8715    4.6117            3
2023 05 15 30.1177 30.9381 30.6418      1.0038       1.0038    4.6408            3
2023 05 16 29.9927 30.8109 30.5156      0.8762       0.8762    4.6691            3
2023 05 17 30.1183 30.9344 30.6401      0.9992       0.9992    4.6968            3
2023 05 18 30.0025 30.8163 30.5230      0.8808       0.8808    4.7238            3
2023 05 19 30.1190 30.9307 30.6384      0.9948       0.9948    4.7500            3
2023 05 20 30.0120 30.8214 30.5300      0.8852       0.8852    4.7755            3
2023 05 21 30.1200 30.9273 30.6368      0.9907       0.9907    4.8002            3
2023 05 22 30.0211 30.8262 30.5366      0.8893       0.8893    4.8241            3
2023 05 23 30.1209 30.9238 30.6351      0.9867       0.9867    4.8473            3
2023 05 24 30.0300 30.8307 30.5429      0.8933       0.8933    4.8696            3
2023 05 25 30.1219 30.9204 30.6334      0.9828       0.9828    4.8911            3
2023 05 26 30.0387 30.8349 30.5488      0.8972       0.8972    4.9118            3
2023 05 27 30.1230 30.9171 30.6318      0.9792       0.9792    4.9317            3
2023 05 28 30.0470 30.8388 30.5544      0.9008       0.9008    4.9507            3
2023 05 29 30.1243 30.9139 30.6302      0.9758       0.9758    4.9688            3
2023 05 30 30.0550 30.8424 30.5595      0.9042       0.9042    4.9861            3
2023 05 31 30.1256 30.9109 30.6287      0.9726       0.9726    5.0025            3
2023 06 01 30.0626 30.8457 30.5642      0.9074       0.9074    5.0180            3
2023 06 02 30.1269 30.9078 30.6270      0.9695       0.9695    5.0326            3
2023 06 03 30.0701 30.8488 30.5687      0.9105       0.9105    5.0463            3
2023 06 04 30.1283 30.9048 30.6254      0.9666       0.9666    5.0591            3
2023 06 05 30.0772 30.8516 30.5728      0.9134       0.9134    5.0710            3
2023 06 06 30.1297 30.9020 30.6238      0.9639       0.9639    5.0820            3
2023 06 07 30.0839 30.8540 30.5764      0.9161       0.9161    5.0920            3
2023 06 08 30.1312 30.8992 30.6222      0.9614       0.9614    5.1011            3
2023 06 09 30.0904 30.8562 30.5797      0.9186       0.9186    5.1092            3
2023 06 10 30.1327 30.8964 30.6205      0.9590       0.9590    5.1164            3
2023 06 11 30.0966 30.8582 30.5827      0.9210       0.9210    5.1227            3
2023 06 12 30.1342 30.8937 30.6188      0.9568       0.9568    5.1280            3
2023 06 13 30.1024 30.8598 30.5853      0.9232       0.9232    5.1323            3
2023 06 14 30.1357 30.8910 30.6170      0.9547       0.9547    5.1357            3
2023 06 15 30.1080 30.8613 30.5877      0.9253       0.9253    5.1381            3
2023 06 16 30.1372 30.8884 30.6152      0.9528       0.9528    5.1395            3
2023 06 17 30.1132 30.8624 30.5896      0.9272       0.9272    5.1400            3
2023 06 18 30.1386 30.8858 30.6133      0.9510       0.9510    5.1395            3
2023 06 19 30.1182 30.8634 30.5912      0.9290       0.9290    5.1381            3
2023 06 20 30.1399 30.8831 30.6113      0.9492       0.9492    5.1357            3
2023 06 21 30.1230 30.8642 30.5927      0.9308       0.9308    5.1323            3
2023 06 22 30.1412 30.8805 30.6092      0.9476       0.9476    5.1280            3
2023 06 23 30.1274 30.8648 30.5937      0.9324       0.9324    5.1227            3
2023 06 24 30.1425 30.8779 30.6071      0.9461       0.9461    5.1164            3
2023 06 25 30.1316 30.8651 30.5945      0.9339       0.9339    5.1092            3
2023 06 26 30.1436 30.8752 30.6047      0.9446       0.9446    5.1011            3
2023 06 27 30.1356 30.8654 30.5950      0.9354       0.9354    5.0920            3
2023 06 28 30.1444 30.8724 30.6022      0.9431       0.9431    5.0820            3
2023 06 29 30.1394 30.8655 30.5954      0.9369       0.9369    5.0710            3
2023 06 30 30.1453 30.8696 30.5996      0.9417       0.9417    5.0591            3
2023 07 01 30.1429 30.8655 30.5955      0.9383       0.9383    5.0463            3
2023 07 02 30.1459 30.8668 30.5968      0.9403       0.9403    5.0326            3
2023 07 03 30.1463 30.8654 30.5954      0.9397       0.9397    5.0180            3
2023 07 04 30.1465 30.8639 30.5939      0.9390       0.9390    5.0025            3
2023 07 05 30.1493 30.8651 30.5950      0.9410       0.9410    4.9861            3
2023 07 06 30.1467 30.8608 30.5907      0.9376       0.9376    4.9688            3
2023 07 07 30.1523 30.8648 30.5945      0.9424       0.9424    4.9507            3
2023 07 08 30.1468 30.8577 30.5873      0.9362       0.9362    4.9317            3
2023 07 09 30.1551 30.8644 30.5939      0.9438       0.9438    4.9118            3
2023 07 10 30.1466 30.8544 30.5837      0.9347       0.9347    4.8911            3
2023 07 11 30.1578 30.8640 30.5932      0.9453       0.9453    4.8696            3
2023 07 12 30.1462 30.8510 30.5799      0.9332       0.9332    4.8473            3
2023 07 13 30.1603 30.8636 30.5923      0.9468       0.9468    4.8241            3
2023 07 14 30.1455 30.8474 30.5758      0.9316       0.9316    4.8002            3
2023 07 15 30.1627 30.8631 30.5913      0.9484       0.9484    4.7755            3
2023 07 16 30.1445 30.8436 30.5715      0.9299       0.9299    4.7500            3
2023 07 17 30.1650 30.8627 30.5903      0.9501       0.9501    4.7238            3
2023 07 18 30.1432 30.8397 30.5668      0.9281       0.9281    4.6968            3
2023 07 19 30.1672 30.8624 30.5892      0.9519       0.9519    4.6691            3
2023 07 20 30.1417 30.8356 30.5620      0.9263       0.9263    4.6408            3
2023 07 21 30.1692 30.8619 30.5879      0.9537       0.9537    4.6117            3
2023 07 22 30.1397 30.8313 30.5568      0.9242       0.9242    4.5819            3
2023 07 23 30.1713 30.8617 30.5868      0.9558       0.9558    4.5515            3
2023 07 24 30.1376 30.8268 30.5514      0.9221       0.9221    4.5204            3
2023 07 25 30.1732 30.8614 30.5855      0.9579       0.9579    4.4887            3
2023 07 26 30.1350 30.8221 30.5456      0.9198       0.9198    4.4564            3
2023 07 27 30.1752 30.8612 30.5842      0.9602       0.9602    4.4235            3
2023 07 28 30.1321 30.8172 30.5396      0.9174       0.9174    4.3900            3
2023 07 29 30.1770 30.8611 30.5829      0.9626       0.9626    4.3560            3
2023 07 30 30.1287 30.8120 30.5332      0.9147       0.9147    4.3214            3
2023 07 31 30.1789 30.8613 30.5818      0.9653       0.9653    4.2862            3
2023 08 01 30.1252 30.8067 30.5266      0.9120       0.9120    4.2506            3
2023 08 02 30.1807 30.8613 30.5806      0.9680       0.9680    4.2144            3
2023 08 03 30.1211 30.8010 30.5195      0.9090       0.9090    4.1778            3
2023 08 04 30.1825 30.8617 30.5795      0.9710       0.9710    4.1408            3
2023 08 05 30.1167 30.7951 30.5122      0.9058       0.9058    4.1032            3
2023 08 06 30.1844 30.8621 30.5784      0.9742       0.9742    4.0653            3
2023 08 07 30.1120 30.7891 30.5046      0.9025       0.9025    4.0270            3
2023 08 08 30.1862 30.8627 30.5774      0.9775       0.9775    3.9882            2
2023 08 09 30.1068 30.7828 30.4967      0.8990       0.8990    3.9491            2
2023 08 10 30.1879 30.8634 30.5764      0.9810       0.9810    3.9097            2
2023 08 11 30.1013 30.7762 30.4884      0.8953       0.8953    3.8699            2
2023 08 12 30.1897 30.8642 30.5755      0.9847       0.9847    3.8298            2
2023 08 13 30.0954 30.7695 30.4799      0.8914       0.8914    3.7894            2
2023 08 14 30.1916 30.8652 30.5747      0.9886       0.9886    3.7487            2
2023 08 15 30.0891 30.7625 30.4711      0.8873       0.8873    3.7078            2
2023 08 16 30.1934 30.8664 30.5741      0.9927       0.9927    3.6667            2
2023 08 17 30.0825 30.7552 30.4619      0.8830       0.8830    3.6253            2
2023 08 18 30.1952 30.8678 30.5735      0.9970       0.9970    3.5837            2
2023 08 19 30.0754 30.7478 30.4525      0.8785       0.8785    3.5419            2
2023 08 20 30.1971 30.8693 30.5730      1.0015       1.0015    3.4999            2
2023 08 21 30.0681 30.7402 30.4429      0.8739       0.8739    3.4578            2
2023 08 22 30.1989 30.8709 30.5725      1.0061       1.0061    3.4156            2
2023 08 23 30.0604 30.7324 30.4330      0.8691       0.8691    3.3732            2
2023 08 24 30.2007 30.8727 30.5722      1.0109       1.0109    3.3308            2
2023 08 25 30.0524 30.7244 30.4228      0.8641       0.8641    3.2882            2
2023 08 26 30.2026 30.8747 30.5720      1.0159       1.0159    3.2456            2
2023 08 27 30.0441 30.7162 30.4124      0.8590       0.8590    3.2030            2
2023 08 28 30.2044 30.8767 30.5718      1.0210       1.0210    3.1603            2
2023 08 29 30.0355 30.7080 30.4019      0.8538       0.8538    3.1176            2
2023 08 30 30.2062 30.8789 30.5716      1.0262       1.0262    3.0749            2
2023 08 31 30.0266 30.6996 30.3911      0.8484       0.8484    3.0322            2
2023 09 01 30.2080 30.8812 30.5716      1.0316       1.0316    2.9895            2
2023 09 02 30.0174 30.6910 30.3802      0.8429       0.8429    2.9469            2
2023 09 03 30.2097 30.8837 30.5717      1.0371       1.0371    2.9044            2
2023 09 04 30.0080 30.6824 30.3692      0.8373       0.8373    2.8619            2
2023 09 05 30.2114 30.8863 30.5718      1.0427       1.0427    2.8195            2
2023 09 06 29.9983 30.6736 30.3580      0.8316       0.8316    2.7772            2
2023 09 07 30.2131 30.8889 30.5720      1.0484       1.0484    2.7351            2
2023 09 08 29.9885 30.6649 30.3467      0.8259       0.8259    2.6931            2
2023 09 09 30.2146 30.8916 30.5721      1.0541       1.0541    2.6512            2
2023 09 10 29.9784 30.6561 30.3354      0.8201       0.8201    2.6095            2
2023 09 11 30.2161 30.8944 30.5724      1.0599       1.0599    2.5680            2
2023 09 12 29.9683 30.6473 30.3240      0.8143       0.8143    2.5266            2
2023 09 13 30.2174 30.8972 30.5726      1.0657       1.0657    2.4855            2
2023 09 14 29.9580 30.6385 30.3126      0.8085       0.8085    2.4445            2
2023 09 15 30.2187 30.9000 30.5728      1.0715       1.0715    2.4038            2
2023 09 16 29.9475 30.6298 30.3012      0.8027       0.8027    2.3633            2
2023 09 17 30.2198 30.9029 30.5730      1.0773       1.0773    2.3231            2
2023 09 18 29.9370 30.6210 30.2898      0.7969       0.7969    2.2831            2
2023 09 19 30.2208 30.9058 30.5732      1.0831       1.0831    2.2434            2
2023 09 20 29.9265 30.6125 30.2785      0.7912       0.7912    2.2040            2
2023 09 21 30.2216 30.9086 30.5733      1.0888       1.0888    2.1648            2
2023 09 22 29.9160 30.6040 30.2674      0.7856       0.7856    2.1260            2
2023 09 23 30.2222 30.9114 30.5734      1.0944       1.0944    2.0875            2
2023 09 24 29.9054 30.5957 30.2563      0.7801       0.7801    2.0492            2
2023 09 25 30.2227 30.9141 30.5733      1.0999       1.0999    2.0113            2
2023 09 26 29.8948 30.5874 30.2453      0.7746       0.7746    1.9737            2
2023 09 27 30.2230 30.9168 30.5733      1.1054       1.1054    1.9365            2
2023 09 28 29.8844 30.5794 30.2346      0.7694       0.7694    1.8996            2
2023 09 29 30.2230 30.9193 30.5731      1.1106       1.1106    1.8631            2
2023 09 30 29.8740 30.5716 30.2241      0.7643       0.7643    1.8269            2
2023 10 01 30.2227 30.9217 30.5728      1.1157       1.1157    1.7911            2
2023 10 02 29.8638 30.5641 30.2138      0.7594       0.7594    1.7556            2
2023 10 03 30.2223 30.9240 30.5723      1.1206       1.1206    1.7206            2
2023 10 04 29.8536 30.5568 30.2037      0.7547       0.7547    1.6859            2
2023 10 05 30.2215 30.9261 30.5717      1.1253       1.1253    1.6516            2
2023 10 06 29.8438 30.5499 30.1940      0.7503       0.7503    1.6177            2
2023 10 07 30.2204 30.9280 30.5708      1.1297       1.1297    1.5842            2
2023 10 08 29.8340 30.5432 30.1846      0.7461       0.7461    1.5511            2
2023 10 09 30.2191 30.9298 30.5698      1.1339       1.1339    1.5184            2
2023 10 10 29.8246 30.5369 30.1756      0.7422       0.7422    1.4862            2
2023 10 11 30.2174 30.9313 30.5686      1.1378       1.1378    1.4543            2
2023 10 12 29.8154 30.5310 30.1669      0.7386       0.7386    1.4229            2
2023 10 13 30.2153 30.9326 30.5672      1.1414       1.1414    1.3918            2
2023 10 14 29.8064 30.5254 30.1586      0.7353       0.7353    1.3612            2
2023 10 15 30.2130 30.9337 30.5656      1.1447       1.1447    1.3310            2
2023 10 16 29.7979 30.5203 30.1508      0.7324       0.7324    1.3013            2
2023 10 17 30.2102 30.9344 30.5636      1.1476       1.1476    1.2719            2
2023 10 18 29.7896 30.5155 30.1435      0.7298       0.7298    1.2430            2
2023 10 19 30.2071 30.9349 30.5615      1.1502       1.1502    1.2146            2
2023 10 20 29.7818 30.5114 30.1367      0.7277       0.7277    1.1865            2
2023 10 21 30.2035 30.9350 30.5590      1.1523       1.1523    1.1589            2
2023 10 22 29.7743 30.5076 30.1303      0.7259       0.7259    1.1317            2
2023 10 23 30.1996 30.9349 30.5562      1.1541       1.1541    1.1050            2
2023 10 24 29.7672 30.5043 30.1244      0.7245       0.7245    1.0786            2
2023 10 25 30.1953 30.9344 30.5532      1.1555       1.1555    1.0527            2
2023 10 26 29.7606 30.5016 30.1192      0.7236       0.7236    1.0273            2
2023 10 27 30.1905 30.9335 30.5498      1.1564       1.1564    1.0022            2
2023 10 28 29.7544 30.4994 30.1144      0.7231       0.7231    0.9776            1
2023 10 29 30.1854 30.9323 30.5462      1.1569       1.1569    0.9534            1
2023 10 30 29.7486 30.4976 30.1102      0.7230       0.7230    0.9297            1
2023 10 31 30.1798 30.9308 30.5422      1.1570       1.1570    0.9063            1
2023 11 01 29.7434 30.4965 30.1067      0.7234       0.7234    0.8834            1
2023 11 02 30.1738 30.9289 30.5379      1.1566       1.1566    0.8609            1
2023 11 03 29.7387 30.4959 30.1038      0.7243       0.7243    0.8388            1
2023 11 04 30.1674 30.9266 30.5333      1.1557       1.1557    0.8171            1
2023 11 05 29.7346 30.4959 30.1015      0.7257       0.7257    0.7959            1
2023 11 06 30.1604 30.9239 30.5283      1.1543       1.1543    0.7750            1
2023 11 07 29.7309 30.4965 30.0997      0.7275       0.7275    0.7546            1
2023 11 08 30.1532 30.9209 30.5230      1.1525       1.1525    0.7345            1
2023 11 09 29.7278 30.4977 30.0987      0.7299       0.7299    0.7149            1
2023 11 10 30.1453 30.9173 30.5173      1.1501       1.1501    0.6956            1
2023 11 11 29.7253 30.4994 30.0983      0.7327       0.7327    0.6768            1
2023 11 12 30.1372 30.9135 30.5114      1.1473       1.1473    0.6583            1
2023 11 13 29.7232 30.5017 30.0985      0.7360       0.7360    0.6402            1
2023 11 14 30.1286 30.9093 30.5051      1.1440       1.1440    0.6225            1
2023 11 15 29.7218 30.5047 30.0994      0.7398       0.7398    0.6052            1
2023 11 16 30.1196 30.9046 30.4984      1.1402       1.1402    0.5882            1
2023 11 17 29.7209 30.5082 30.1010      0.7441       0.7441    0.5716            1
2023 11 18 30.1102 30.8996 30.4915      1.1359       1.1359    0.5554            1
2023 11 19 29.7207 30.5123 30.1032      0.7489       0.7489    0.5395            1
2023 11 20 30.1004 30.8942 30.4842      1.1311       1.1311    0.5240            1
2023 11 21 29.7209 30.5169 30.1060      0.7541       0.7541    0.5088            1
2023 11 22 30.0902 30.8885 30.4767      1.1259       1.1259    0.4940            1
2023 11 23 29.7217 30.5221 30.1095      0.7598       0.7598    0.4795            1
2023 11 24 30.0797 30.8823 30.4689      1.1202       1.1202    0.4654            1
2023 11 25 29.7231 30.5280 30.1137      0.7660       0.7660    0.4516            1
2023 11 26 30.0688 30.8758 30.4607      1.1140       1.1140    0.4381            1
2023 11 27 29.7251 30.5343 30.1184      0.7726       0.7726    0.4249            1
2023 11 28 30.0576 30.8690 30.4523      1.1074       1.1074    0.4121            1
2023 11 29 29.7276 30.5412 30.1238      0.7797       0.7797    0.3996            1
2023 11 30 30.0460 30.8618 30.4436      1.1003       1.1003    0.3874            1
2023 12 01 29.7306 30.5486 30.1297      0.7871       0.7871    0.3754            1
2023 12 02 30.0342 30.8544 30.4348      1.0929       1.0929    0.3638            1
2023 12 03 29.7342 30.5565 30.1363      0.7950       0.7950    0.3525            1
2023 12 04 30.0221 30.8466 30.4257      1.0850       1.0850    0.3415            1
2023 12 05 29.7382 30.5649 30.1434      0.8032       0.8032    0.3307            1
2023 12 06 30.0098 30.8386 30.4165      1.0768       1.0768    0.3202            1
2023 12 07 29.7428 30.5737 30.1510      0.8118       0.8118    0.3100            1
2023 12 08 29.9972 30.8303 30.4070      1.0682       1.0682    0.3001            1
2023 12 09 29.7479 30.5831 30.1593      0.8208       0.8208    0.2904            1
2023 12 10 29.9844 30.8217 30.3974      1.0592       1.0592    0.2810            1
2023 12 11 29.7533 30.5928 30.1679      0.8300       0.8300    0.2719            1
2023 12 12 29.9715 30.8130 30.3877      1.0500       1.0500    0.2630            1
2023 12 13 29.7593 30.6029 30.1772      0.8396       0.8396    0.2543            1
2023 12 14 29.9584 30.8041 30.3779      1.0404       1.0404    0.2459            1
2023 12 15 29.7657 30.6134 30.1868      0.8494       0.8494    0.2377            1
2023 12 16 29.9452 30.7950 30.3680      1.0306       1.0306    0.2297            1
2023 12 17 29.7725 30.6243 30.1969      0.8595       0.8595    0.2220            1
2023 12 18 29.9319 30.7857 30.3580      1.0205       1.0205    0.2145            1
2023 12 19 29.7796 30.6355 30.2075      0.8698       0.8698    0.2072            1
2023 12 20 29.9185 30.7763 30.3480      1.0102       1.0102    0.2001            1
2023 12 21 29.7871 30.6468 30.2183      0.8802       0.8802    0.1932            1
2023 12 22 29.9053 30.7670 30.3381      0.9998       0.9998    0.1865            1
2023 12 23 29.7950 30.6586 30.2296      0.8909       0.8909    0.1801            1
2023 12 24 29.8919 30.7574 30.3281      0.9891       0.9891    0.1738            1
2023 12 25 29.8032 30.6706 30.2412      0.9017       0.9017    0.1677            1
2023 12 26 29.8785 30.7478 30.3182      0.9783       0.9783    0.1617            1
2023 12 27 29.8115 30.6826 30.2529      0.9125       0.9125    0.1560            1
2023 12 28 29.8654 30.7383 30.3085      0.9675       0.9675    0.1504            1
2023 12 29 29.8203 30.6950 30.2651      0.9235       0.9235    0.1450            1
2023 12 30 29.8522 30.7287 30.2988      0.9565       0.9565    0.1398            1
2023 12 31 29.8347 30.7130 30.2830      0.9400       0.9400    0.1348            1
2024 01 01 29.8339 30.7139 30.2839      0.9400       0.9400    0.3596            1
2024 01 02 29.8330 30.7147 30.2847      0.9400       0.9400    0.3711            1
2024 01 03 29.8431 30.7265 30.2965      0.9510       0.9510    0.3828            1
2024 01 04 29.8203 30.7053 30.2754      0.9290       0.9290    0.3949            1
2024 01 05 29.8524 30.7391 30.3093      0.9619       0.9619    0.4073            1
2024 01 06 29.8079 30.6961 30.2664      0.9181       0.9181    0.4200            1
2024 01 07 29.8619 30.7517 30.3222      0.9728       0.9728    0.4330            1
2024 01 08 29.7957 30.6871 30.2576      0.9072       0.9072    0.4463            1
2024 01 09 29.8715 30.7644 30.3352      0.9836       0.9836    0.4599            1
2024 01 10 29.7837 30.6782 30.2491      0.8964       0.8964    0.4739            1
2024 01 11 29.8811 30.7771 30.3482      0.9943       0.9943    0.4882            1
2024 01 12 29.7721 30.6695 30.2409      0.8857       0.8857    0.5029            1
2024 01 13 29.8909 30.7897 30.3614      1.0049       1.0049    0.5179            1
2024 01 14 29.7608 30.6609 30.2329      0.8751       0.8751    0.5332            1
2024 01 15 29.9006 30.8021 30.3744      1.0152       1.0152    0.5489            1
2024 01 16 29.7499 30.6527 30.2254      0.8648       0.8648    0.5649            1
2024 01 17 29.9103 30.8144 30.3874      1.0254       1.0254    0.5813            1
2024 01 18 29.7394 30.6448 30.2181      0.8546       0.8546    0.5981            1
2024 01 19 29.9200 30.8266 30.4004      1.0353       1.0353    0.6152            1
2024 01 20 29.7293 30.6371 30.2114      0.8447       0.8447    0.6327            1
2024 01 21 29.9296 30.8386 30.4133      1.0450       1.0450    0.6506            1
2024 01 22 29.7197 30.6298 30.2049      0.8350       0.8350    0.6689            1
2024 01 23 29.9391 30.8504 30.4260      1.0544       1.0544    0.6875            1
2024 01 24 29.7105 30.6228 30.1990      0.8256       0.8256    0.7065            1
2024 01 25 29.9486 30.8619 30.4386      1.0635       1.0635    0.7260            1
2024 01 26 29.7018 30.6162 30.1934      0.8165       0.8165    0.7458            1
2024 01 27 29.9578 30.8731 30.4510      1.0722       1.0722    0.7660            1
2024 01 28 29.6937 30.6100 30.1884      0.8078       0.8078    0.7866            1
2024 01 29 29.9669 30.8841 30.4632      1.0806       1.0806    0.8076            1
2024 01 30 29.6861 30.6042 30.1839      0.7994       0.7994    0.8290            1
2024 01 31 29.9759 30.8948 30.4752      1.0887       1.0887    0.8509            1
2024 02 01 29.6791 30.5987 30.1798      0.7913       0.7913    0.8731            1
2024 02 02 29.9846 30.9051 30.4868      1.0963       1.0963    0.8957            1
2024 02 03 29.6727 30.5938 30.1763      0.7837       0.7837    0.9188            1
2024 02 04 29.9932 30.9151 30.4983      1.1036       1.1036    0.9423            1
2024 02 05 29.6667 30.5893 30.1733      0.7764       0.7764    0.9662            1
2024 02 06 30.0015 30.9247 30.5095      1.1104       1.1104    0.9905            1
2024 02 07 29.6615 30.5853 30.1709      0.7696       0.7696    1.0153            2
2024 02 08 30.0096 30.9339 30.5203      1.1168       1.1168    1.0404            2
2024 02 09 29.6569 30.5817 30.1689      0.7632       0.7632    1.0660            2
2024 02 10 30.0174 30.9427 30.5308      1.1228       1.1228    1.0921            2
2024 02 11 29.6528 30.5785 30.1675      0.7572       0.7572    1.1185            2
2024 02 12 30.0249 30.9510 30.5409      1.1282       1.1282    1.1454            2
2024 02 13 29.6496 30.5760 30.1669      0.7518       0.7518    1.1727            2
2024 02 14 30.0322 30.9590 30.5507      1.1333       1.1333    1.2004            2
2024 02 15 29.6468 30.5739 30.1666      0.7467       0.7467    1.2285            2
2024 02 16 30.0391 30.9664 30.5601      1.1378       1.1378    1.2571            2
2024 02 17 29.6448 30.5723 30.1670      0.7422       0.7422    1.2861            2
2024 02 18 30.0458 30.9735 30.5691      1.1419       1.1419    1.3155            2
2024 02 19 29.6433 30.5712 30.1679      0.7381       0.7381    1.3453            2
2024 02 20 30.0521 30.9801 30.5778      1.1455       1.1455    1.3756            2
2024 02 21 29.6425 30.5706 30.1693      0.7345       0.7345    1.4062            2
2024 02 22 30.0581 30.9862 30.5860      1.1486       1.1486    1.4373            2
2024 02 23 29.6424 30.5705 30.1714      0.7314       0.7314    1.4688            2
2024 02 24 30.0638 30.9918 30.5938      1.1512       1.1512    1.5007            2
2024 02 25 29.6430 30.5709 30.1740      0.7288       0.7288    1.5330            2
2024 02 26 30.0691 30.9969 30.6011      1.1533       1.1533    1.5657            2
2024 02 27 29.6442 30.5718 30.1772      0.7267       0.7267    1.5988            2
2024 02 28 30.0741 31.0016 30.6080      1.1549       1.1549    1.6323            2
2024 02 29 29.6461 30.5733 30.1809      0.7251       0.7251    1.6662            2
2024 03 01 30.0789 31.0058 30.6146      1.1561       1.1561    1.7005            2
2024 03 02 29.6485 30.5751 30.1851      0.7239       0.7239    1.7352            2
2024 03 03 30.0833 31.0095 30.6207      1.1568       1.1568    1.7702            2
2024 03 04 29.6516 30.5775 30.1899      0.7232       0.7232    1.8056            2
2024 03 05 30.0873 31.0128 30.6264      1.1570       1.1570    1.8413            2
2024 03 06 29.6553 30.5803 30.1951      0.7230       0.7230    1.8774            2
2024 03 07 30.0911 31.0156 30.6317      1.1568       1.1568    1.9139            2
2024 03 08 29.6596 30.5835 30.2009      0.7232       0.7232    1.9507            2
2024 03 09 30.0945 31.0179 30.6365      1.1561       1.1561    1.9878            2
2024 03 10 29.6645 30.5872 30.2071      0.7239       0.7239    2.0253            2
2024 03 11 30.0977 31.0198 30.6410      1.1550       1.1550    2.0631            2
2024 03 12 29.6699 30.5913 30.2138      0.7250       0.7250    2.1012            2
2024 03 13 30.1006 31.0213 30.6450      1.1535       1.1535    2.1396            2
2024 03 14 29.6758 30.5958 30.2208      0.7265       0.7265    2.1783            2
2024 03 15 30.1031 31.0223 30.6486      1.1515       1.1515    2.2172            2
2024 03 16 29.6824 30.6008 30.2284      0.7285       0.7285    2.2565            2
2024 03 17 30.1054 31.0229 30.6519      1.1492       1.1492    2.2960            2
2024 03 18 29.6894 30.6060 30.2363      0.7308       0.7308    2.3358            2
2024 03 19 30.1074 31.0231 30.6548      1.1465       1.1465    2.3758            2
2024 03 20 29.6968 30.6116 30.2445      0.7335       0.7335    2.4160            2
2024 03 21 30.1092 31.0229 30.6572      1.1434       1.1434    2.4565            2
2024 03 22 29.7048 30.6176 30.2532      0.7366       0.7366    2.4971            2
2024 03 23 30.1107 31.0224 30.6594      1.1400       1.1400    2.5380            2
2024 03 24 29.7132 30.6238 30.2621      0.7400       0.7400    2.5790            2
2024 03 25 30.1120 31.0215 30.6612      1.1363       1.1363    2.6203            2
2024 03 26 29.7220 30.6303 30.2714      0.7437       0.7437    2.6616            2
2024 03 27 30.1131 31.0202 30.6627      1.1323       1.1323    2.7032            2
2024 03 28 29.7311 30.6370 30.2808      0.7477       0.7477    2.7448            2
2024 03 29 30.1141 31.0188 30.6640      1.1281       1.1281    2.7866            2
2024 03 30 29.7406 30.6439 30.2905      0.7519       0.7519    2.8285            2
2024 03 31 30.1148 31.0168 30.6648      1.1235       1.1235    2.8705            2
2024 04 01 29.7505 30.6512 30.3005      0.7565       0.7565    2.9125            2
2024 04 02 30.1155 31.0148 30.6655      1.1188       1.1188    2.9546            2
2024 04 03 29.7606 30.6585 30.3105      0.7612       0.7612    2.9968            2
2024 04 04 30.1159 31.0123 30.6658      1.1138       1.1138    3.0390            2
2024 04 05 29.7710 30.6660 30.3208      0.7662       0.7662    3.0812            2
2024 04 06 30.1162 31.0097 30.6659      1.1087       1.1087    3.1234            2
2024 04 07 29.7816 30.6736 30.3311      0.7713       0.7713    3.1656            2
2024 04 08 30.1164 31.0069 30.6658      1.1034       1.1034    3.2077            2
2024 04 09 29.7924 30.6813 30.3416      0.7766       0.7766    3.2498            2
2024 04 10 30.1165 31.0038 30.6654      1.0979       1.0979    3.2919            2
2024 04 11 29.8035 30.6892 30.3521      0.7821       0.7821    3.3338            2
2024 04 12 30.1166 31.0006 30.6650      1.0924       1.0924    3.3757            2
2024 04 13 29.8146 30.6969 30.3626      0.7876       0.7876    3.4175            2
2024 04 14 30.1165 30.9972 30.6642      1.0867       1.0867    3.4591            2
2024 04 15 29.8259 30.7049 30.3732      0.7933       0.7933    3.5005            2
2024 04 16 30.1164 30.9936 30.6634      1.0810       1.0810    3.5418            2
2024 04 17 29.8373 30.7127 30.3837      0.7990       0.7990    3.5829            2
2024 04 18 30.1164 30.9901 30.6624      1.0753       1.0753    3.6238            2
2024 04 19 29.8486 30.7205 30.3942      0.8047       0.8047    3.6645            2
2024 04 20 30.1163 30.9863 30.6613      1.0695       1.0695    3.7050            2
2024 04 21 29.8601 30.7283 30.4046      0.8105       0.8105    3.7452            2
2024 04 22 30.1161 30.9824 30.6600      1.0637       1.0637    3.7851            2
2024 04 23 29.8716 30.7360 30.4148      0.8163       0.8163    3.8247            2
2024 04 24 30.1160 30.9785 30.6586      1.0579       1.0579    3.8640            2
2024 04 25 29.8830 30.7436 30.4250      0.8221       0.8221    3.9030            2
2024 04 26 30.1159 30.9745 30.6572      1.0521       1.0521    3.9417            2
2024 04 27 29.8945 30.7512 30.4351      0.8279       0.8279    3.9799            2
2024 04 28 30.1158 30.9705 30.6557      1.0464       1.0464    4.0178            3
2024 04 29 29.9058 30.7585 30.4449      0.8336       0.8336    4.0553            3
2024 04 30 30.1158 30.9665 30.6541      1.0408       1.0408    4.0924            3
2024 05 01 29.9170 30.7657 30.4545      0.8392       0.8392    4.1291            3
2024 05 02 30.1159 30.9625 30.6525      1.0353       1.0353    4.1652            3
2024 05 03 29.9281 30.7727 30.4639      0.8447       0.8447    4.2010            3
2024 05 04 30.1160 30.9585 30.6508      1.0298       1.0298    4.2362            3
2024 05 05 29.9392 30.7796 30.4731      0.8502       0.8502    4.2709            3
2024 05 06 30.1162 30.9545 30.6492      1.0245       1.0245    4.3051            3
2024 05 07 29.9500 30.7862 30.4819      0.8555       0.8555    4.3388            3
2024 05 08 30.1165 30.9506 30.6475      1.0193       1.0193    4.3719            3
2024 05 09 29.9606 30.7926 30.4906      0.8607       0.8607    4.4044            3
2024 05 10 30.1169 30.9467 30.6458      1.0143       1.0143    4.4363            3
2024 05 11 29.9710 30.7987 30.4988      0.8657       0.8657    4.4677            3
2024 05 12 30.1173 30.9429 30.6441      1.0094       1.0094    4.4984            3
2024 05 13 29.9812 30.8046 30.5069      0.8706       0.8706    4.5284            3
2024 05 14 30.1178 30.9390 30.6424      1.0046       1.0046    4.5578            3
2024 05 15 29.9912 30.8103 30.5146      0.8754       0.8754    4.5866            3
2024 05 16 30.1184 30.9353 30.6406      1.0000       1.0000    4.6146            3
2024 05 17 30.0010 30.8157 30.5220      0.8800       0.8800    4.6420            3
2024 05 18 30.1192 30.9317 30.6390      0.9957       0.9957    4.6686            3
2024 05 19 30.0104 30.8207 30.5289      0.8843       0.8843    4.6946            3
2024 05 20 30.1200 30.9281 30.6373      0.9914       0.9914    4.7197            3
2024 05 21 30.0197 30.8256 30.5357      0.8886       0.8886    4.7441            3
2024 05 22 30.1209 30.9246 30.6356      0.9874       0.9874    4.7678            3
2024 05 23 30.0286 30.8301 30.5420      0.8926       0.8926    4.7907            3
2024 05 24 30.1220 30.9213 30.6340      0.9836       0.9836    4.8127            3
2024 05 25 30.0372 30.8343 30.5479      0.8964       0.8964    4.8340            3
2024 05 26 30.1230 30.9179 30.6323      0.9799       0.9799    4.8545            3
2024 05 27 30.0455 30.8383 30.5535      0.9001       0.9001    4.8741            3
2024 05 28 30.1242 30.9148 30.6308      0.9765       0.9765    4.8929            3
2024 05 29 30.0535 30.8419 30.5586      0.9035       0.9035    4.9108            3
2024 05 30 30.1255 30.9116 30.6291      0.9732       0.9732    4.9279            3
2024 05 31 30.0613 30.8453 30.5635      0.9068       0.9068    4.9441            3
2024 06 01 30.1267 30.9086 30.6275      0.9701       0.9701    4.9594            3
2024 06 02 30.0687 30.8483 30.5680      0.9099       0.9099    4.9739            3
2024 06 03 30.1281 30.9056 30.6259      0.9672       0.9672    4.9874            3
2024 06 04 30.0758 30.8511 30.5720      0.9128       0.9128    5.0001            3
2024 06 05 30.1296 30.9027 30.6243      0.9645       0.9645    5.0118            3
2024 06 06 30.0826 30.8536 30.5757      0.9155       0.9155    5.0227            3
2024 06 07 30.1310 30.8998 30.6226      0.9619       0.9619    5.0326            3
2024 06 08 30.0891 30.8558 30.5792      0.9181       0.9181    5.0415            3
2024 06 09 30.1324 30.8970 30.6209      0.9595       0.9595    5.0496            3
2024 06 10 30.0953 30.8578 30.5822      0.9205       0.9205    5.0567            3
2024 06 11 30.1339 30.8944 30.6192      0.9573       0.9573    5.0629            3
2024 06 12 30.1011 30.8595 30.5848      0.9227       0.9227    5.0681            3
2024 06 13 30.1354 30.8917 30.6175      0.9552       0.9552    5.0724            3
2024 06 14 30.1067 30.8609 30.5871      0.9248       0.9248    5.0757            3
2024 06 15 30.1368 30.8890 30.6156      0.9532       0.9532    5.0781            3
2024 06 16 30.1121 30.8622 30.5892      0.9268       0.9268    5.0795            3
2024 06 17 30.1383 30.8864 30.6137      0.9514       0.9514    5.0800            3
2024 06 18 30.1170 30.8631 30.5909      0.9286       0.9286    5.0795            3
2024 06 19 30.1396 30.8837 30.6117      0.9496       0.9496    5.0781            3
2024 06 20 30.1219 30.8640 30.5923      0.9304       0.9304    5.0757            3
2024 06 21 30.1409 30.8811 30.6097      0.9480       0.9480    5.0724            3
2024 06 22 30.1263 30.8646 30.5934      0.9320       0.9320    5.0681            3
2024 06 23 30.1421 30.8784 30.6075      0.9464       0.9464    5.0629            3
2024 06 24 30.1306 30.8650 30.5943      0.9336       0.9336    5.0567            3
2024 06 25 30.1432 30.8757 30.6051      0.9449       0.9449    5.0496            3
2024 06 26 30.1346 30.8653 30.5949      0.9351       0.9351    5.0415            3
2024 06 27 30.1442 30.8730 30.6027      0.9435       0.9435    5.0326            3
2024 06 28 30.1383 30.8654 30.5952      0.9365       0.9365    5.0227            3
2024 06 29 30.1450 30.8703 30.6002      0.9421       0.9421    5.0118            3
2024 06 30 30.1419 30.8653 30.5953      0.9379       0.9379    5.0001            3
2024 07 01 30.1457 30.8674 30.5974      0.9407       0.9407    4.9874            3
2024 07 02 30.1452 30.8652 30.5952      0.9393       0.9393    4.9739            3
2024 07 03 30.1461 30.8644 30.5944      0.9393       0.9393    4.9594            3
2024 07 04 30.1484 30.8650 30.5950      0.9407       0.9407    4.9441            3
2024 07 05 30.1464 30.8614 30.5913      0.9379       0.9379    4.9279            3
2024 07 06 30.1514 30.8647 30.5945      0.9421       0.9421    4.9108            3
2024 07 07 30.1465 30.8583 30.5880      0.9365       0.9365    4.8929            3
2024 07 08 30.1542 30.8644 30.5939      0.9435       0.9435    4.8741            3
2024 07 09 30.1464 30.8550 30.5845      0.9351       0.9351    4.8545            3
2024 07 10 30.1568 30.8639 30.5931      0.9449       0.9449    4.8340            3
2024 07 11 30.1461 30.8516 30.5807      0.9336       0.9336    4.8127            3
2024 07 12 30.1594 30.8634 30.5923      0.9464       0.9464    4.7907            3
2024 07 13 30.1454 30.8480 30.5766      0.9320       0.9320    4.7678            3
2024 07 14 30.1618 30.8630 30.5913      0.9480       0.9480    4.7441            3
2024 07 15 30.1445 30.8444 30.5724      0.9304       0.9304    4.7197            3
2024 07 16 30.1640 30.8625 30.5902      0.9496       0.9496    4.6946            3
2024 07 17 30.1433 30.8405 30.5678      0.9286       0.9286    4.6686            3
2024 07 18 30.1663 30.8622 30.5892      0.9514       0.9514    4.6420            3
2024 07 19 30.1418 30.8364 30.5631      0.9268       0.9268    4.6146            3
2024 07 20 30.1683 30.8617 30.5879      0.9532       0.9532    4.5866            3
2024 07 21 30.1400 30.8322 30.5579      0.9248       0.9248    4.5578            3
2024 07 22 30.1704 30.8614 30.5867      0.9552       0.9552    4.5284            3
2024 07 23 30.1378 30.8277 30.5526      0.9227       0.9227    4.4984            3
2024 07 24 30.1724 30.8611 30.5855      0.9573       0.9573    4.4677            3
2024 07 25 30.1354 30.8231 30.5469      0.9205       0.9205    4.4363            3
2024 07 26 30.1742 30.8609 30.5842      0.9595       0.9595    4.4044            3
2024 07 27 30.1326 30.8182 30.5410      0.9181       0.9181    4.3719            3
2024 07 28 30.1761 30.8608 30.5829      0.9619       0.9619    4.3388            3
2024 07 29 30.1294 30.8131 30.5347      0.9155       0.9155    4.3051            3
2024 07 30 30.1780 30.8608 30.5817      0.9645       0.9645    4.2709            3
2024 07 31 30.1259 30.8078 30.5281      0.9128       0.9128    4.2362            3
2024 08 01 30.1798 30.8609 30.5805      0.9672       0.9672    4.2010            3
2024 08 02 30.1219 30.8023 30.5212      0.9099       0.9099    4.1652            3
2024 08 03 30.1816 30.8611 30.5794      0.9701       0.9701    4.1291            3
2024 08 04 30.1176 30.7965 30.5140      0.9068       0.9068    4.0924            3
2024 08 05 30.1834 30.8615 30.5783      0.9732       0.9732    4.0553            3
2024 08 06 30.1130 30.7904 30.5064      0.9035       0.9035    4.0178            3
2024 08 07 30.1852 30.8620 30.5772      0.9765       0.9765    3.9799            2
2024 08 08 30.1080 30.7842 30.4986      0.9001       0.9001    3.9417            2
2024 08 09 30.1869 30.8626 30.5762      0.9799       0.9799    3.9030            2
2024 08 10 30.1025 30.7777 30.4905      0.8964       0.8964    3.8640            2
2024 08 11 30.1888 30.8635 30.5754      0.9836       0.9836    3.8247            2
2024 08 12 30.0968 30.7711 30.4821      0.8926       0.8926    3.7851            2
2024 08 13 30.1905 30.8644 30.5745      0.9874       0.9874    3.7452            2
2024 08 14 30.0906 30.7642 30.4733      0.8886       0.8886    3.7050            2
2024 08 15 30.1923 30.8655 30.5738      0.9914       0.9914    3.6645            2
2024 08 16 30.0840 30.7569 30.4642      0.8843       0.8843    3.6238            2
2024 08 17 30.1942 30.8669 30.5732      0.9957       0.9957    3.5829            2
2024 08 18 30.0772 30.7497 30.4550      0.8800       0.8800    3.5418            2
2024 08 19 30.1959 30.8682 30.5726      1.0000       1.0000    3.5005            2
2024 08 20 30.0700 30.7421 30.4454      0.8754       0.8754    3.4591            2
2024 08 21 30.1978 30.8698 30.5721      1.0046       1.0046    3.4175            2
2024 08 22 30.0624 30.7343 30.4356      0.8706       0.8706    3.3757            2
2024 08 23 30.1997 30.8716 30.5718      1.0094       1.0094    3.3338            2
2024 08 24 30.0545 30.7264 30.4255      0.8657       0.8657    3.2919            2
2024 08 25 30.2015 30.8735 30.5715      1.0143       1.0143    3.2498            2
2024 08 26 30.0463 30.7184 30.4153      0.8607       0.8607    3.2077            2
2024 08 27 30.2033 30.8755 30.5713      1.0193       1.0193    3.1656            2
2024 08 28 30.0378 30.7102 30.4048      0.8555       0.8555    3.1234            2
2024 08 29 30.2051 30.8776 30.5712      1.0245       1.0245    3.0812            2
2024 08 30 30.0290 30.7018 30.3942      0.8502       0.8502    3.0390            2
2024 08 31 30.2068 30.8799 30.5711      1.0298       1.0298    2.9968            2
2024 09 01 30.0199 30.6933 30.3833      0.8447       0.8447    2.9546            2
2024 09 02 30.2086 30.8824 30.5712      1.0353       1.0353    2.9125            2
2024 09 03 30.0106 30.6847 30.3723      0.8392       0.8392    2.8705            2
2024 09 04 30.2103 30.8848 30.5712      1.0408       1.0408    2.8285            2
2024 09 05 30.0011 30.6761 30.3613      0.8336       0.8336    2.7866            2
2024 09 06 30.2119 30.8874 30.5713      1.0464       1.0464    2.7448            2
2024 09 07 29.9913 30.6674 30.3500      0.8279       0.8279    2.7032            2
2024 09 08 30.2135 30.8901 30.5715      1.0521       1.0521    2.6616            2
2024 09 09 29.9813 30.6586 30.3387      0.8221       0.8221    2.6203            2
2024 09 10 30.2150 30.8929 30.5717      1.0579       1.0579    2.5790            2
2024 09 11 29.9712 30.6498 30.3273      0.8163       0.8163    2.5380            2
2024 09 12 30.2164 30.8957 30.5720      1.0637       1.0637    2.4971            2
2024 09 13 29.9610 30.6410 30.3160      0.8105       0.8105    2.4565            2
2024 09 14 30.2177 30.8985 30.5722      1.0695       1.0695    2.4160            2
2024 09 15 29.9506 30.6322 30.3046      0.8047       0.8047    2.3758            2
2024 09 16 30.2189 30.9014 30.5724      1.0753       1.0753    2.3358            2
2024 09 17 29.9402 30.6236 30.2933      0.7990       0.7990    2.2960            2
2024 09 18 30.2199 30.9042 30.5725      1.0810       1.0810    2.2565            2
2024 09 19 29.9298 30.6150 30.2821      0.7933       0.7933    2.2172            2
2024 09 20 30.2207 30.9070 30.5727      1.0867       1.0867    2.1783            2
2024 09 21 29.9192 30.6064 30.2708      0.7876       0.7876    2.1396            2
2024 09 22 30.2215 30.9098 30.5728      1.0924       1.0924    2.1012            2
2024 09 23 29.9087 30.5981 30.2598      0.7821       0.7821    2.0631            2
2024 09 24 30.2220 30.9125 30.5728      1.0979       1.0979    2.0253            2
2024 09 25 29.8981 30.5898 30.2487      0.7766       0.7766    1.9878            2
2024 09 26 30.2224 30.9153 30.5728      1.1034       1.1034    1.9507            2
2024 09 27 29.8877 30.5818 30.2380      0.7713       0.7713    1.9139            2
2024 09 28 30.2225 30.9178 30.5726      1.1087       1.1087    1.8774            2
2024 09 29 29.8773 30.5740 30.2274      0.7662       0.7662    1.8413            2
2024 09 30 30.2223 30.9203 30.5723      1.1138       1.1138    1.8056            2
2024 10 01 29.8670 30.5663 30.2170      0.7612       0.7612    1.7702            2
2024 10 02 30.2219 30.9226 30.5719      1.1188       1.1188    1.7352            2
2024 10 03 29.8569 30.5590 30.2070      0.7565       0.7565    1.7005            2
2024 10 04 30.2212 30.9248 30.5713      1.1235       1.1235    1.6662            2
2024 10 05 29.8469 30.5519 30.1971      0.7519       0.7519    1.6323            2
2024 10 06 30.2204 30.9269 30.5707      1.1281       1.1281    1.5988            2
2024 10 07 29.8372 30.5452 30.1877      0.7477       0.7477    1.5657            2
2024 10 08 30.2191 30.9286 30.5697      1.1323       1.1323    1.5330            2
2024 10 09 29.8277 30.5388 30.1785      0.7437       0.7437    1.5007            2
2024 10 10 30.2175 30.9302 30.5686      1.1363       1.1363    1.4688            2
2024 10 11 29.8184 30.5327 30.1698      0.7400       0.7400    1.4373            2
2024 10 12 30.2156 30.9316 30.5672      1.1400       1.1400    1.4062            2
2024 10 13 29.8094 30.5271 30.1614      0.7366       0.7366    1.3756            2
2024 10 14 30.2134 30.9327 30.5657      1.1434       1.1434    1.3453            2
2024 10 15 29.8007 30.5217 30.1534      0.7335       0.7335    1.3155            2
2024 10 16 30.2109 30.9337 30.5639      1.1465       1.1465    1.2861            2
2024 10 17 29.7923 30.5169 30.1459      0.7308       0.7308    1.2571            2
2024 10 18 30.2079 30.9342 30.5619      1.1492       1.1492    1.2285            2
2024 10 19 29.7844 30.5125 30.1388      0.7285       0.7285    1.2004            2
2024 10 20 30.2045 30.9345 30.5595      1.1515       1.1515    1.1727            2
2024 10 21 29.7767 30.5085 30.1322      0.7265       0.7265    1.1454            2
2024 10 22 30.2009 30.9346 30.5570      1.1535       1.1535    1.1185            2
2024 10 23 29.7695 30.5051 30.1263      0.7250       0.7250    1.0921            2
2024 10 24 30.1967 30.9342 30.5541      1.1550       1.1550    1.0660            2
2024 10 25 29.7628 30.5022 30.1208      0.7239       0.7239    1.0404            2
2024 10 26 30.1921 30.9335 30.5508      1.1561       1.1561    1.0153            2
2024 10 27 29.7564 30.4997 30.1158      0.7232       0.7232    0.9905            1
2024 10 28 30.1872 30.9325 30.5473      1.1568       1.1568    0.9662            1
2024 10 29 29.7506 30.4979 30.1115      0.7230       0.7230    0.9423            1
2024 10 30 30.1818 30.9311 30.5435      1.1570       1.1570    0.9188            1
2024 10 31 29.7452 30.4965 30.1077      0.7232       0.7232    0.8957            1
2024 11 01 30.1760 30.9294 30.5394      1.1568       1.1568    0.8731            1
2024 11 02 29.7403 30.4957 30.1045      0.7239       0.7239    0.8509            1
2024 11 03 30.1697 30.9272 30.5349      1.1561       1.1561    0.8290            1
2024 11 04 29.7359 30.4955 30.1020      0.7251       0.7251    0.8076            1
2024 11 05 30.1630 30.9247 30.5300      1.1549       1.1549    0.7866            1
2024 11 06 29.7320 30.4958 30.1001      0.7267       0.7267    0.7660            1
2024 11 07 30.1559 30.9218 30.5249      1.1533       1.1533    0.7458            1
2024 11 08 29.7287 30.4967 30.0987      0.7288       0.7288    0.7260            1
2024 11 09 30.1484 30.9186 30.5195      1.1512       1.1512    0.7065            1
2024 11 10 29.7259 30.4982 30.0981      0.7314       0.7314    0.6875            1
2024 11 11 30.1405 30.9149 30.5137      1.1486       1.1486    0.6689            1
2024 11 12 29.7237 30.5003 30.0980      0.7345       0.7345    0.6506            1
2024 11 13 30.1321 30.9109 30.5075      1.1455       1.1455    0.6327            1
2024 11 14 29.7221 30.5030 30.0987      0.7381       0.7381    0.6152            1
2024 11 15 30.1233 30.9064 30.5011      1.1419       1.1419    0.5981            1
2024 11 16 29.7210 30.5063 30.1000      0.7422       0.7422    0.5813            1
2024 11 17 30.1141 30.9016 30.4943      1.1378       1.1378    0.5649            1
2024 11 18 29.7204 30.5101 30.1019      0.7467       0.7467    0.5489            1
2024 11 19 30.1045 30.8964 30.4872      1.1333       1.1333    0.5332            1
2024 11 20 29.7205 30.5146 30.1045      0.7518       0.7518    0.5179            1
2024 11 21 30.0945 30.8908 30.4798      1.1282       1.1282    0.5029            1
2024 11 22 29.7210 30.5195 30.1076      0.7572       0.7572    0.4882            1
2024 11 23 30.0842 30.8849 30.4722      1.1228       1.1228    0.4739            1
2024 11 24 29.7222 30.5251 30.1115      0.7632       0.7632    0.4599            1
2024 11 25 30.0735 30.8786 30.4642      1.1168       1.1168    0.4463            1
2024 11 26 29.7240 30.5312 30.1160      0.7696       0.7696    0.4330            1
2024 11 27 30.0625 30.8719 30.4559      1.1104       1.1104    0.4200            1
2024 11 28 29.7262 30.5378 30.1211      0.7764       0.7764    0.4073            1
2024 11 29 30.0511 30.8650 30.4475      1.1036       1.1036    0.3949            1
2024 11 30 29.7290 30.5450 30.1268      0.7837       0.7837    0.3828            1
2024 12 01 30.0395 30.8576 30.4387      1.0963       1.0963    0.3711            1
2024 12 02 29.7323 30.5527 30.1330      0.7913       0.7913    0.3596            1
2024 12 03 30.0276 30.8501 30.4298      1.0887       1.0887    0.3484            1
2024 12 04 29.7362 30.5609 30.1400      0.7994       0.7994    0.3375            1
2024 12 05 30.0153 30.8422 30.4206      1.0806       1.0806    0.3268            1
2024 12 06 29.7405 30.5695 30.1474      0.8078       0.8078    0.3165            1
2024 12 07 30.0029 30.8341 30.4113      1.0722       1.0722    0.3064            1
2024 12 08 29.7453 30.5786 30.1552      0.8165       0.8165    0.2966            1
2024 12 09 29.9904 30.8258 30.4019      1.0635       1.0635    0.2870            1
2024 12 10 29.7506 30.5881 30.1637      0.8256       0.8256    0.2777            1
2024 12 11 29.9776 30.8171 30.3923      1.0544       1.0544    0.2687            1
2024 12 12 29.7564 30.5980 30.1727      0.8350       0.8350    0.2599            1
2024 12 13 29.9646 30.8083 30.3825      1.0450       1.0450    0.2513            1
2024 12 14 29.7626 30.6084 30.1822      0.8447       0.8447    0.2430            1
2024 12 15 29.9515 30.7993 30.3727      1.0353       1.0353    0.2349            1
2024 12 16 29.7691 30.6190 30.1920      0.8546       0.8546    0.2270            1
2024 12 17 29.9383 30.7902 30.3629      1.0254       1.0254    0.2194            1
2024 12 18 29.7762 30.6301 30.2023      0.8648       0.8648    0.2120            1
2024 12 19 29.9250 30.7809 30.3529      1.0152       1.0152    0.2048            1
2024 12 20 29.7834 30.6413 30.2130      0.8751       0.8751    0.1978            1
2024 12 21 29.9118 30.7716 30.3430      1.0049       1.0049    0.1910            1
2024 12 22 29.7912 30.6529 30.2241      0.8857       0.8857    0.1844            1
2024 12 23 29.8984 30.7621 30.3330      0.9943       0.9943    0.1779            1
2024 12 24 29.7992 30.6648 30.2355      0.8964       0.8964    0.1717            1
2024 12 25 29.8851 30.7526 30.3232      0.9836       0.9836    0.1657            1
2024 12 26 29.8075 30.6768 30.2472      0.9072       0.9072    0.1599            1
2024 12 27 29.8719 30.7431 30.3134      0.9728       0.9728    0.1542            1
2024 12 28 29.8161 30.6890 30.2592      0.9181       0.9181    0.1487            1
2024 12 29 29.8588 30.7335 30.3036      0.9619       0.9619    0.1434            1
2024 12 30 29.8248 30.7014 30.2714      0.9290       0.9290    0.1382            1
2024 12 31 29.8458 30.7241 30.2941      0.9510       0.9510    0.1332            1
2025 01 01 29.8437 30.7237 30.2937      0.9500       0.9500    0.3696            1
2025 01 02 29.8428 30.7245 30.2945      0.9500       0.9500    0.3813            1
2025 01 03 29.8529 30.7363 30.3064      0.9610       0.9610    0.3934            1
2025 01 04 29.8301 30.7151 30.2852      0.9390       0.9390    0.4057            1
2025 01 05 29.8623 30.7490 30.3192      0.9720       0.9720    0.4183            1
2025 01 06 29.8176 30.7059 30.2762      0.9280       0.9280    0.4313            1
2025 01 07 29.8718 30.7616 30.3321      0.9829       0.9829    0.4445            1
2025 01 08 29.8053 30.6968 30.2673      0.9171       0.9171    0.4581            1
2025 01 09 29.8813 30.7743 30.3451      0.9937       0.9937    0.4721            1
2025 01 10 29.7934 30.6879 30.2588      0.9063       0.9063    0.4863            1
2025 01 11 29.8911 30.7870 30.3582      1.0045       1.0045    0.5009            1
2025 01 12 29.7816 30.6790 30.2505      0.8955       0.8955    0.5158            1
2025 01 13 29.9007 30.7995 30.3712      1.0150       1.0150    0.5311            1
2025 01 14 29.7704 30.6706 30.2426      0.8850       0.8850    0.5467            1
2025 01 15 29.9105 30.8120 30.3843      1.0254       1.0254    0.5627            1
2025 01 16 29.7594 30.6623 30.2350      0.8746       0.8746    0.5790            1
2025 01 17 29.9202 30.8244 30.3974      1.0356       1.0356    0.5957            1
2025 01 18 29.7489 30.6543 30.2277      0.8644       0.8644    0.6128            1
2025 01 19 29.9298 30.8365 30.4103      1.0455       1.0455    0.6302            1
2025 01 20 29.7388 30.6467 30.2209      0.8545       0.8545    0.6480            1
2025 01 21 29.9395 30.8485 30.4232      1.0552       1.0552    0.6662            1
2025 01 22 29.7291 30.6393 30.2145      0.8448       0.8448    0.6848            1
2025 01 23 29.9490 30.8603 30.4360      1.0646       1.0646    0.7038            1
2025 01 24 29.7199 30.6323 30.2085      0.8354       0.8354    0.7231            1
2025 01 25 29.9584 30.8718 30.4486      1.0737       1.0737    0.7428            1
2025 01 26 29.7113 30.6257 30.2030      0.8263       0.8263    0.7630            1
2025 01 27 29.9677 30.8831 30.4610      1.0825       1.0825    0.7835            1
2025 01 28 29.7031 30.6194 30.1979      0.8175       0.8175    0.8044            1
2025 01 29 29.9769 30.8941 30.4732      1.0909       1.0909    0.8258            1
2025 01 30 29.6955 30.6136 30.1934      0.8091       0.8091    0.8475            1
2025 01 31 29.9859 30.9048 30.4852      1.0990       1.0990    0.8697            1
2025 02 01 29.6884 30.6081 30.1893      0.8010       0.8010    0.8922            1
2025 02 02 29.9947 30.9152 30.4970      1.1067       1.1067    0.9152            1
2025 02 03 29.6819 30.6031 30.1857      0.7933       0.7933    0.9386            1
2025 02 04 30.0032 30.9251 30.5084      1.1139       1.1139    0.9624            1
2025 02 05 29.6761 30.5987 30.1827      0.7861       0.7861    0.9866            1
2025 02 06 30.0114 30.9346 30.5195      1.1207       1.1207    1.0113            2
2025 02 07 29.6708 30.5946 30.1803      0.7793       0.7793    1.0363            2
2025 02 08 30.0195 30.9438 30.5304      1.1271       1.1271    1.0618            2
2025 02 09 29.6662 30.5911 30.1784      0.7729       0.7729    1.0878            2
2025 02 10 30.0274 30.9527 30.5409      1.1331       1.1331    1.1141            2
2025 02 11 29.6622 30.5879 30.1770      0.7669       0.7669    1.1409            2
2025 02 12 30.0348 30.9610 30.5510      1.1385       1.1385    1.1680            2
2025 02 13 29.6589 30.5854 30.1763      0.7615       0.7615    1.1957            2
2025 02 14 30.0421 30.9690 30.5608      1.1436       1.1436    1.2237            2
2025 02 15 29.6561 30.5832 30.1761      0.7564       0.7564    1.2521            2
2025 02 16 30.0490 30.9764 30.5702      1.1481       1.1481    1.2810            2
2025 02 17 29.6541 30.5817 30.1765      0.7519       0.7519    1.3103            2
2025 02 18 30.0556 30.9834 30.5792      1.1521       1.1521    1.3400            2
2025 02 19 29.6528 30.5807 30.1775      0.7479       0.7479    1.3702            2
2025 02 20 30.0620 30.9900 30.5878      1.1557       1.1557    1.4007            2
2025 02 21 29.6520 30.5801 30.1790      0.7443       0.7443    1.4317            2
2025 02 22 30.0680 30.9961 30.5960      1.1588       1.1588    1.4630            2
2025 02 23 29.6519 30.5800 30.1810      0.7412       0.7412    1.4948            2
2025 02 24 30.0737 31.0017 30.6038      1.1614       1.1614    1.5270            2
2025 02 25 29.6525 30.5804 30.1837      0.7386       0.7386    1.5596            2
2025 02 26 30.0789 31.0067 30.6111      1.1634       1.1634    1.5925            2
2025 02 27 29.6538 30.5814 30.1870      0.7366       0.7366    1.6259            2
2025 02 28 30.0841 31.0115 30.6181      1.1651       1.1651    1.6597            2
2025 03 01 29.6556 30.5828 30.1906      0.7349       0.7349    1.6938            2
2025 03 02 30.0887 31.0156 30.6246      1.1662       1.1662    1.7283            2
2025 03 03 29.6582 30.5847 30.1949      0.7338       0.7338    1.7632            2
2025 03 04 30.0930 31.0192 30.6306      1.1668       1.1668    1.7985            2
2025 03 05 29.6614 30.5872 30.1998      0.7332       0.7332    1.8341            2
2025 03 06 30.0971 31.0225 30.6363      1.1670       1.1670    1.8700            2
2025 03 07 29.6651 30.5900 30.2051      0.7330       0.7330    1.9064            2
2025 03 08 30.1008 31.0252 30.6415      1.1667       1.1667    1.9430            2
2025 03 09 29.6695 30.5933 30.2109      0.7333       0.7333    1.9800            2
2025 03 10 30.1043 31.0275 30.6464      1.1660       1.1660    2.0173            2
2025 03 11 29.6744 30.5970 30.2171      0.7340       0.7340    2.0550            2
2025 03 12 30.1074 31.0294 30.6508      1.1649       1.1649    2.0929            2
2025 03 13 29.6798 30.6011 30.2238      0.7351       0.7351    2.1312            2
2025 03 14 30.1103 31.0308 30.6548      1.1633       1.1633    2.1697            2
2025 03 15 29.6859 30.6057 30.2310      0.7367       0.7367    2.2085            2
2025 03 16 30.1128 31.0318 30.6584      1.1613       1.1613    2.2476            2
2025 03 17 29.6925 30.6107 30.2386      0.7387       0.7387    2.2870            2
2025 03 18 30.1150 31.0324 30.6616      1.1589       1.1589    2.3266            2
2025 03 19 29.6996 30.6160 30.2466      0.7411       0.7411    2.3664            2
2025 03 20 30.1171 31.0326 30.6645      1.1562       1.1562    2.4065            2
2025 03 21 29.7071 30.6216 30.2549      0.7438       0.7438    2.4468            2
2025 03 22 30.1188 31.0324 30.6670      1.1531       1.1531    2.4873            2
2025 03 23 29.7151 30.6276 30.2636      0.7469       0.7469    2.5280            2
2025 03 24 30.1203 31.0317 30.6690      1.1496       1.1496    2.5689            2
2025 03 25 29.7236 30.6339 30.2726      0.7504       0.7504    2.6099            2
2025 03 26 30.1217 31.0308 30.6709      1.1459       1.1459    2.6512            2
2025 03 27 29.7324 30.6404 30.2818      0.7541       0.7541    2.6925            2
2025 03 28 30.1227 31.0295 30.6723      1.1418       1.1418    2.7340            2
2025 03 29 29.7417 30.6473 30.2914      0.7582       0.7582    2.7756            2
2025 03 30 30.1236 31.0279 30.6735      1.1375       1.1375    2.8174            2
2025 03 31 29.7513 30.6543 30.3012      0.7625       0.7625    2.8592            2
2025 04 01 30.1244 31.0261 30.6744      1.1330       1.1330    2.9010            2
2025 04 02 29.7611 30.6614 30.3111      0.7670       0.7670    2.9430            2
2025 04 03 30.1250 31.0239 30.6750      1.1282       1.1282    2.9850            2
2025 04 04 29.7713 30.6688 30.3212      0.7718       0.7718    3.0270            2
2025 04 05 30.1254 31.0215 30.6753      1.1232       1.1232    3.0690            2
2025 04 06 29.7818 30.6764 30.3315      0.7768       0.7768    3.1111            2
2025 04 07 30.1257 31.0188 30.6754      1.1180       1.1180    3.1531            2
2025 04 08 29.7925 30.6841 30.3420      0.7820       0.7820    3.1951            2
2025 04 09 30.1259 31.0160 30.6753      1.1127       1.1127    3.2370            2
2025 04 10 29.8033 30.6918 30.3524      0.7873       0.7873    3.2789            2
2025 04 11 30.1260 31.0129 30.6749      1.1072       1.1072    3.3207            2
2025 04 12 29.8144 30.6997 30.3630      0.7928       0.7928    3.3624            2
2025 04 13 30.1260 31.0096 30.6743      1.1016       1.1016    3.4040            2
2025 04 14 29.8257 30.7076 30.3736      0.7984       0.7984    3.4454            2
2025 04 15 30.1260 31.0062 30.6736      1.0959       1.0959    3.4868            2
2025 04 16 29.8370 30.7155 30.3842      0.8041       0.8041    3.5279            2
2025 04 17 30.1260 31.0027 30.6728      1.0902       1.0902    3.5688            2
2025 04 18 29.8484 30.7233 30.3948      0.8098       0.8098    3.6096            2
2025 04 19 30.1259 30.9990 30.6717      1.0844       1.0844    3.6501            2
2025 04 20 29.8599 30.7312 30.4053      0.8156       0.8156    3.6904            2
2025 04 21 30.1258 30.9952 30.6706      1.0786       1.0786    3.7304            2
2025 04 22 29.8714 30.7390 30.4157      0.8214       0.8214    3.7702            2
2025 04 23 30.1257 30.9914 30.6693      1.0728       1.0728    3.8097            2
2025 04 24 29.8829 30.7467 30.4260      0.8272       0.8272    3.8488            2
2025 04 25 30.1256 30.9874 30.6680      1.0670       1.0670    3.8877            2
2025 04 26 29.8944 30.7544 30.4362      0.8330       0.8330    3.9262            2
2025 04 27 30.1254 30.9834 30.6665      1.0612       1.0612    3.9643            2
2025 04 28 29.9059 30.7619 30.4462      0.8388       0.8388    4.0020            3
2025 04 29 30.1254 30.9794 30.6650      1.0555       1.0555    4.0394            3
2025 04 30 29.9172 30.7693 30.4560      0.8445       0.8445    4.0763            3
2025 05 01 30.1255 30.9755 30.6635      1.0499       1.0499    4.1128            3
2025 05 02 29.9285 30.7764 30.4656      0.8501       0.8501    4.1488            3
2025 05 03 30.1255 30.9714 30.6618      1.0443       1.0443    4.1844            3
2025 05 04 29.9397 30.7835 30.4751      0.8557       0.8557    4.2195            3
2025 05 05 30.1257 30.9674 30.6602      1.0389       1.0389    4.2541            3
2025 05 06 29.9506 30.7903 30.4842      0.8611       0.8611    4.2882            3
2025 05 07 30.1259 30.9635 30.6585      1.0336       1.0336    4.3217            3
2025 05 08 29.9614 30.7969 30.4931      0.8664       0.8664    4.3547            3
2025 05 09 30.1262 30.9595 30.6568      1.0284       1.0284    4.3870            3
2025 05 10 29.9721 30.8033 30.5017      0.8716       0.8716    4.4189            3
2025 05 11 30.1266 30.9557 30.6552      1.0234       1.0234    4.4501            3
2025 05 12 29.9825 30.8094 30.5100      0.8766       0.8766    4.4806            3
2025 05 13 30.1271 30.9518 30.6535      1.0185       1.0185    4.5106            3
2025 05 14 29.9927 30.8153 30.5180      0.8815       0.8815    4.5399            3
2025 05 15 30.1277 30.9481 30.6518      1.0138       1.0138    4.5685            3
2025 05 16 30.0027 30.8209 30.5256      0.8862       0.8862    4.5965            3
2025 05 17 30.1283 30.9444 30.6501      1.0092       1.0092    4.6237            3
2025 05 18 30.0125 30.8263 30.5330      0.8908       0.8908    4.6503            3
2025 05 19 30.1290 30.9407 30.6484      1.0048       1.0048    4.6761            3
2025 05 20 30.0220 30.8314 30.5400      0.8952       0.8952    4.7011            3
2025 05 21 30.1300 30.9373 30.6468      1.0007       1.0007    4.7255            3
2025 05 22 30.0311 30.8362 30.5466      0.8993       0.8993    4.7490            3
2025 05 23 30.1309 30.9338 30.6451      0.9967       0.9967    4.7718            3
2025 05 24 30.0400 30.8407 30.5529      0.9033       0.9033    4.7938            3
2025 05 25 30.1319 30.9304 30.6434      0.9928       0.9928    4.8150            3
2025 05 26 30.0487 30.8449 30.5588      0.9072       0.9072    4.8354            3
2025 05 27 30.1330 30.9271 30.6418      0.9892       0.9892    4.8549            3
2025 05 28 30.0570 30.8488 30.5644      0.9108       0.9108    4.8736            3
2025 05 29 30.1343 30.9239 30.6402      0.9858       0.9858    4.8915            3
2025 05 30 30.0650 30.8524 30.5695      0.9142       0.9142    4.9085            3
2025 05 31 30.1356 30.9209 30.6387      0.9826       0.9826    4.9246            3
2025 06 01 30.0726 30.8557 30.5742      0.9174       0.9174    4.9399            3
2025 06 02 30.1369 30.9178 30.6370      0.9795       0.9795    4.9543            3
2025 06 03 30.0801 30.8588 30.5787      0.9205       0.9205    4.9678            3
2025 06 04 30.1383 30.9148 30.6354      0.9766       0.9766    4.9804            3
2025 06 05 30.0872 30.8616 30.5828      0.9234       0.9234    4.9921            3
2025 06 06 30.1397 30.9120 30.6338      0.9739       0.9739    5.0029            3
2025 06 07 30.0939 30.8640 30.5864      0.9261       0.9261    5.0127            3
2025 06 08 30.1412 30.9092 30.6322      0.9714       0.9714    5.0217            3
2025 06 09 30.1004 30.8662 30.5897      0.9286       0.9286    5.0297            3
2025 06 10 30.1427 30.9064 30.6305      0.9690       0.9690    5.0368            3
2025 06 11 30.1066 30.8682 30.5927      0.9310       0.9310    5.0429            3
2025 06 12 30.1442 30.9037 30.6288      0.9668       0.9668    5.0481            3
2025 06 13 30.1124 30.8698 30.5953      0.9332       0.9332    5.0524            3
2025 06 14 30.1457 30.9010 30.6270      0.9647       0.9647    5.0557            3
2025 06 15 30.1180 30.8713 30.5977      0.9353       0.9353    5.0581            3
2025 06 16 30.1472 30.8984 30.6252      0.9628       0.9628    5.0595            3
2025 06 17 30.1232 30.8724 30.5996      0.9372       0.9372    5.0600            3
2025 06 18 30.1486 30.8958 30.6233      0.9610       0.9610    5.0595            3
2025 06 19 30.1282 30.8734 30.6012      0.9390       0.9390    5.0581            3
2025 06 20 30.1499 30.8931 30.6213      0.9592       0.9592    5.0557            3
2025 06 21 30.1330 30.8742 30.6027      0.9408       0.9408    5.0524            3
2025 06 22 30.1512 30.8905 30.6192      0.9576       0.9576    5.0481            3
2025 06 23 30.1374 30.8748 30.6037      0.9424       0.9424    5.0429            3
2025 06 24 30.1525 30.8879 30.6171      0.9561       0.9561    5.0368            3
2025 06 25 30.1416 30.8751 30.6045      0.9439       0.9439    5.0297            3
2025 06 26 30.1536 30.8852 30.6147      0.9546       0.9546    5.0217            3
2025 06 27 30.1456 30.8754 30.6050      0.9454       0.9454    5.0127            3
2025 06 28 30.1544 30.8824 30.6122      0.9531       0.9531    5.0029            3
2025 06 29 30.1494 30.8755 30.6054      0.9469       0.9469    4.9921            3
2025 06 30 30.1553 30.8796 30.6096      0.9517       0.9517    4.9804            3
2025 07 01 30.1529 30.8755 30.6055      0.9483       0.9483    4.9678            3
2025 07 02 30.1559 30.8768 30.6068      0.9503       0.9503    4.9543            3
2025 07 03 30.1563 30.8754 30.6054      0.9497       0.9497    4.9399            3
2025 07 04 30.1565 30.8739 30.6039      0.9490       0.9490    4.9246            3
2025 07 05 30.1593 30.8751 30.6050      0.9510       0.9510    4.9085            3
2025 07 06 30.1567 30.8708 30.6007      0.9476       0.9476    4.8915            3
2025 07 07 30.1623 30.8748 30.6045      0.9524       0.9524    4.8736            3
2025 07 08 30.1568 30.8677 30.5973      0.9462       0.9462    4.8549            3
2025 07 09 30.1651 30.8744 30.6039      0.9538       0.9538    4.8354            3
2025 07 10 30.1566 30.8644 30.5937      0.9447       0.9447    4.8150            3
2025 07 11 30.1678 30.8740 30.6032      0.9553       0.9553    4.7938            3
2025 07 12 30.1562 30.8610 30.5899      0.9432       0.9432    4.7718            3
2025 07 13 30.1703 30.8736 30.6023      0.9568       0.9568    4.7490            3
2025 07 14 30.1555 30.8574 30.5858      0.9416       0.9416    4.7255            3
2025 07 15 30.1727 30.8731 30.6013      0.9584       0.9584    4.7011            3
2025 07 16 30.1545 30.8536 30.5815      0.9399       0.9399    4.6761            3
2025 07 17 30.1750 30.8727 30.6003      0.9601       0.9601    4.6503            3
2025 07 18 30.1532 30.8497 30.5768      0.9381       0.9381    4.6237            3
2025 07 19 30.1772 30.8724 30.5992      0.9619       0.9619    4.5965            3
2025 07 20 30.1517 30.8456 30.5720      0.9363       0.9363    4.5685            3
2025 07 21 30.1792 30.8719 30.5979      0.9637       0.9637    4.5399            3
2025 07 22 30.1497 30.8413 30.5668      0.9342       0.9342    4.5106            3
2025 07 23 30.1813 30.8717 30.5968      0.9658       0.9658    4.4806            3
2025 07 24 30.1476 30.8368 30.5614      0.9321       0.9321    4.4501            3
2025 07 25 30.1832 30.8714 30.5955      0.9679       0.9679    4.4189            3
2025 07 26 30.1450 30.8321 30.5556      0.9298       0.9298    4.3870            3
2025 07 27 30.1852 30.8712 30.5942      0.9702       0.9702    4.3547            3
2025 07 28 30.1421 30.8272 30.5496      0.9274       0.9274    4.3217            3
2025 07 29 30.1870 30.8711 30.5929      0.9726       0.9726    4.2882            3
2025 07 30 30.1387 30.8220 30.5432      0.9247       0.9247    4.2541            3
2025 07 31 30.1889 30.8713 30.5918      0.9753       0.9753    4.2195            3
2025 08 01 30.1352 30.8167 30.5366      0.9220       0.9220    4.1844            3
2025 08 02 30.1907 30.8713 30.5906      0.9780       0.9780    4.1488            3
2025 08 03 30.1311 30.8110 30.5295      0.9190       0.9190    4.1128            3
2025 08 04 30.1925 30.8717 30.5895      0.9810       0.9810    4.0763            3
2025 08 05 30.1267 30.8051 30.5222      0.9158       0.9158    4.0394            3
2025 08 06 30.1944 30.8721 30.5884      0.9842       0.9842    4.0020            3
2025 08 07 30.1220 30.7991 30.5146      0.9125       0.9125    3.9643            2
2025 08 08 30.1962 30.8727 30.5874      0.9875       0.9875    3.9262            2
2025 08 09 30.1168 30.7928 30.5067      0.9090       0.9090    3.8877            2
2025 08 10 30.1979 30.8734 30.5864      0.9910       0.9910    3.8488            2
2025 08 11 30.1113 30.7862 30.4984      0.9053       0.9053    3.8097            2
2025 08 12 30.1997 30.8742 30.5855      0.9947       0.9947    3.7702            2
2025 08 13 30.1054 30.7795 30.4899      0.9014       0.9014    3.7304            2
2025 08 14 30.2016 30.8752 30.5847      0.9986       0.9986    3.6904            2
2025 08 15 30.0991 30.7725 30.4811      0.8973       0.8973    3.6501            2
2025 08 16 30.2034 30.8764 30.5841      1.0027       1.0027    3.6096            2
2025 08 17 30.0925 30.7652 30.4719      0.8930       0.8930    3.5688            2
2025 08 18 30.2052 30.8778 30.5835      1.0070       1.0070    3.5279            2
2025 08 19 30.0854 30.7578 30.4625      0.8885       0.8885    3.4868            2
2025 08 20 30.2071 30.8793 30.5830      1.0115       1.0115    3.4454            2
2025 08 21 30.0781 30.7502 30.4529      0.8839       0.8839    3.4040            2
2025 08 22 30.2089 30.8809 30.5825      1.0161       1.0161    3.3624            2
2025 08 23 30.0704 30.7424 30.4430      0.8791       0.8791    3.3207            2
2025 08 24 30.2107 30.8827 30.5822      1.0209       1.0209    3.2789            2
2025 08 25 30.0624 30.7344 30.4328      0.8741       0.8741    3.2370            2
2025 08 26 30.2126 30.8847 30.5820      1.0259       1.0259    3.1951            2
2025 08 27 30.0541 30.7262 30.4224      0.8690       0.8690    3.1531            2
2025 08 28 30.2144 30.8867 30.5818      1.0310       1.0310    3.1111            2
2025 08 29 30.0455 30.7180 30.4119      0.8638       0.8638    3.0690            2
2025 08 30 30.2162 30.8889 30.5816      1.0362       1.0362    3.0270            2
2025 08 31 30.0366 30.7096 30.4011      0.8584       0.8584    2.9850            2
2025 09 01 30.2180 30.8912 30.5816      1.0416       1.0416    2.9430            2
2025 09 02 30.0274 30.7010 30.3902      0.8529       0.8529    2.9010            2
2025 09 03 30.2197 30.8937 30.5817      1.0471       1.0471    2.8592            2
2025 09 04 30.0180 30.6924 30.3792      0.8473       0.8473    2.8174            2
2025 09 05 30.2214 30.8963 30.5818      1.0527       1.0527    2.7756            2
2025 09 06 30.0083 30.6836 30.3680      0.8416       0.8416    2.7340            2
2025 09 07 30.2231 30.8989 30.5820      1.0584       1.0584    2.6925            2
2025 09 08 29.9985 30.6749 30.3567      0.8359       0.8359    2.6512            2
2025 09 09 30.2246 30.9016 30.5821      1.0641       1.0641    2.6099            2
2025 09 10 29.9884 30.6661 30.3454      0.8301       0.8301    2.5689            2
2025 09 11 30.2261 30.9044 30.5824      1.0699       1.0699    2.5280            2
2025 09 12 29.9783 30.6573 30.3340      0.8243       0.8243    2.4873            2
2025 09 13 30.2274 30.9072 30.5826      1.0757       1.0757    2.4468            2
2025 09 14 29.9680 30.6485 30.3226      0.8185       0.8185    2.4065            2
2025 09 15 30.2287 30.9100 30.5828      1.0815       1.0815    2.3664            2
2025 09 16 29.9575 30.6398 30.3112      0.8127       0.8127    2.3266            2
2025 09 17 30.2298 30.9129 30.5830      1.0873       1.0873    2.2870            2
2025 09 18 29.9470 30.6310 30.2998      0.8069       0.8069    2.2476            2
2025 09 19 30.2308 30.9158 30.5832      1.0931       1.0931    2.2085            2
2025 09 20 29.9365 30.6225 30.2885      0.8012       0.8012    2.1697            2
2025 09 21 30.2316 30.9186 30.5833      1.0988       1.0988    2.1312            2
2025 09 22 29.9260 30.6140 30.2774      0.7956       0.7956    2.0929            2
2025 09 23 30.2322 30.9214 30.5834      1.1044       1.1044    2.0550            2
2025 09 24 29.9154 30.6057 30.2663      0.7901       0.7901    2.0173            2
2025 09 25 30.2327 30.9241 30.5833      1.1099       1.1099    1.9800            2
2025 09 26 29.9048 30.5974 30.2553      0.7846       0.7846    1.9430            2
2025 09 27 30.2330 30.9268 30.5833      1.1154       1.1154    1.9064            2
2025 09 28 29.8944 30.5894 30.2446      0.7794       0.7794    1.8700            2
2025 09 29 30.2330 30.9293 30.5831      1.1206       1.1206    1.8341            2
2025 09 30 29.8840 30.5816 30.2341      0.7743       0.7743    1.7985            2
2025 10 01 30.2327 30.9317 30.5828      1.1257       1.1257    1.7632            2
2025 10 02 29.8738 30.5741 30.2238      0.7694       0.7694    1.7283            2
2025 10 03 30.2323 30.9340 30.5823      1.1306       1.1306    1.6938            2
2025 10 04 29.8636 30.5668 30.2137      0.7647       0.7647    1.6597            2
2025 10 05 30.2315 30.9361 30.5817      1.1353       1.1353    1.6259            2
2025 10 06 29.8538 30.5599 30.2040      0.7603       0.7603    1.5925            2
2025 10 07 30.2304 30.9380 30.5808      1.1397       1.1397    1.5596            2
2025 10 08 29.8440 30.5532 30.1946      0.7561       0.7561    1.5270            2
2025 10 09 30.2291 30.9398 30.5798      1.1439       1.1439    1.4948            2
2025 10 10 29.8346 30.5469 30.1856      0.7522       0.7522    1.4630            2
2025 10 11 30.2274 30.9413 30.5786      1.1478       1.1478    1.4317            2
2025 10 12 29.8254 30.5410 30.1769      0.7486       0.7486    1.4007            2
2025 10 13 30.2253 30.9426 30.5772      1.1514       1.1514    1.3702            2
2025 10 14 29.8164 30.5354 30.1686      0.7453       0.7453    1.3400            2
2025 10 15 30.2230 30.9437 30.5756      1.1547       1.1547    1.3103            2
2025 10 16 29.8079 30.5303 30.1608      0.7424       0.7424    1.2810            2
2025 10 17 30.2202 30.9444 30.5736      1.1576       1.1576    1.2521            2
2025 10 18 29.7996 30.5255 30.1535      0.7398       0.7398    1.2237            2
2025 10 19 30.2171 30.9449 30.5715      1.1602       1.1602    1.1957            2
2025 10 20 29.7918 30.5214 30.1467      0.7377       0.7377    1.1680            2
2025 10 21 30.2135 30.9450 30.5690      1.1623       1.1623    1.1409            2
2025 10 22 29.7843 30.5176 30.1403      0.7359       0.7359    1.1141            2
2025 10 23 30.2096 30.9449 30.5662      1.1641       1.1641    1.0878            2
2025 10 24 29.7772 30.5143 30.1344      0.7345       0.7345    1.0618            2
2025 10 25 30.2053 30.9444 30.5632      1.1655       1.1655    1.0363            2
2025 10 26 29.7706 30.5116 30.1292      0.7336       0.7336    1.0113            2
2025 10 27 30.2005 30.9435 30.5598      1.1664       1.1664    0.9866            1
2025 10 28 29.7644 30.5094 30.1244      0.7331       0.7331    0.9624            1
2025 10 29 30.1954 30.9423 30.5562      1.1669       1.1669    0.9386            1
2025 10 30 29.7586 30.5076 30.1202      0.7330       0.7330    0.9152            1
2025 10 31 30.1898 30.9408 30.5522      1.1670       1.1670    0.8922            1
2025 11 01 29.7534 30.5065 30.1167      0.7334       0.7334    0.8697            1
2025 11 02 30.1838 30.9389 30.5479      1.1666       1.1666    0.8475            1
2025 11 03 29.7487 30.5059 30.1138      0.7343       0.7343    0.8258            1
2025 11 04 30.1774 30.9366 30.5433      1.1657       1.1657    0.8044            1
2025 11 05 29.7446 30.5059 30.1115      0.7357       0.7357    0.7835            1
2025 11 06 30.1704 30.9339 30.5383      1.1643       1.1643    0.7630            1
2025 11 07 29.7409 30.5065 30.1097      0.7375       0.7375    0.7428            1
2025 11 08 30.1632 30.9309 30.5330      1.1625       1.1625    0.7231            1
2025 11 09 29.7378 30.5077 30.1087      0.7399       0.7399    0.7038            1
2025 11 10 30.1553 30.9273 30.5273      1.1601       1.1601    0.6848            1
2025 11 11 29.7353 30.5094 30.1083      0.7427       0.7427    0.6662            1
2025 11 12 30.1472 30.9235 30.5214      1.1573       1.1573    0.6480            1
2025 11 13 29.7332 30.5117 30.1085      0.7460       0.7460    0.6302            1
2025 11 14 30.1386 30.9193 30.5151      1.1540       1.1540    0.6128            1
2025 11 15 29.7318 30.5147 30.1094      0.7498       0.7498    0.5957            1
2025 11 16 30.1296 30.9146 30.5084      1.1502       1.1502    0.5790            1
2025 11 17 29.7309 30.5182 30.1110      0.7541       0.7541    0.5627            1
2025 11 18 30.1202 30.9096 30.5015      1.1459       1.1459    0.5467            1
2025 11 19 29.7307 30.5223 30.1132      0.7589       0.7589    0.5311            1
2025 11 20 30.1104 30.9042 30.4942      1.1411       1.1411    0.5158            1
2025 11 21 29.7309 30.5269 30.1160      0.7641       0.7641    0.5009            1
2025 11 22 30.1002 30.8985 30.4867      1.1359       1.1359    0.4863            1
2025 11 23 29.7317 30.5321 30.1195      0.7698       0.7698    0.4721            1
2025 11 24 30.0897 30.8923 30.4789      1.1302       1.1302    0.4581            1
2025 11 25 29.7331 30.5380 30.1237      0.7760       0.7760    0.4445            1
2025 11 26 30.0788 30.8858 30.4707      1.1240       1.1240    0.4313            1
2025 11 27 29.7351 30.5443 30.1284      0.7826       0.7826    0.4183            1
2025 11 28 30.0676 30.8790 30.4623      1.1174       1.1174    0.4057            1
2025 11 29 29.7376 30.5512 30.1338      0.7897       0.7897    0.3934            1
2025 11 30 30.0560 30.8718 30.4536      1.1103       1.1103    0.3813            1
2025 12 01 29.7406 30.5586 30.1397      0.7971       0.7971    0.3696            1
2025 12 02 30.0442 30.8644 30.4448      1.1029       1.1029    0.3582            1
2025 12 03 29.7442 30.5665 30.1463      0.8050       0.8050    0.3470            1
2025 12 04 30.0321 30.8566 30.4357      1.0950       1.0950    0.3361            1
2025 12 05 29.7482 30.5749 30.1534      0.8132       0.8132    0.3256            1
2025 12 06 30.0198 30.8486 30.4265      1.0868       1.0868    0.3153            1
2025 12 07 29.7528 30.5837 30.1610      0.8218       0.8218    0.3052            1
2025 12 08 30.0072 30.8403 30.4170      1.0782       1.0782    0.2954            1
2025 12 09 29.7579 30.5931 30.1693      0.8308       0.8308    0.2859            1
2025 12 10 29.9944 30.8317 30.4074      1.0692       1.0692    0.2767            1
2025 12 11 29.7633 30.6028 30.1779      0.8400       0.8400    0.2676            1
2025 12 12 29.9815 30.8230 30.3977      1.0600       1.0600    0.2589            1
2025 12 13 29.7693 30.6129 30.1872      0.8496       0.8496    0.2503            1
2025 12 14 29.9684 30.8141 30.3879      1.0504       1.0504    0.2421            1
2025 12 15 29.7757 30.6234 30.1968      0.8594       0.8594    0.2340            1
2025 12 16 29.9552 30.8050 30.3780      1.0406       1.0406    0.2262            1
2025 12 17 29.7825 30.6343 30.2069      0.8695       0.8695    0.2185            1
2025 12 18 29.9419 30.7957 30.3680      1.0305       1.0305    0.2111            1
2025 12 19 29.7896 30.6455 30.2175      0.8798       0.8798    0.2040            1
2025 12 20 29.9285 30.7863 30.3580      1.0202       1.0202    0.1970            1
2025 12 21 29.7971 30.6568 30.2283      0.8902       0.8902    0.1902            1
2025 12 22 29.9153 30.7770 30.3481      1.0098       1.0098    0.1836            1
2025 12 23 29.8050 30.6686 30.2396      0.9009       0.9009    0.1772            1
2025 12 24 29.9019 30.7674 30.3381      0.9991       0.9991    0.1711            1
2025 12 25 29.8132 30.6806 30.2512      0.9117       0.9117    0.1650            1
2025 12 26 29.8885 30.7578 30.3282      0.9883       0.9883    0.1592            1
2025 12 27 29.8215 30.6926 30.2629      0.9225       0.9225    0.1536            1
2025 12 28 29.8754 30.7483 30.3185      0.9775       0.9775    0.1481            1
2025 12 29 29.8303 30.7050 30.2751      0.9335       0.9335    0.1428            1
2025 12 30 29.8622 30.7387 30.3088      0.9665       0.9665    0.1376            1
2025 12 31 29.8447 30.7230 30.2930      0.9500       0.9500    0.1327            1
