Name:
Singapore Strait
 
Polygon Middle Longitude:
104.1500 
 
Polygon Middle Latitude:
0.2000  
 
Averaged Maximum Monthly Mean:
29.8794
 
Averaged Monthly Mean (Jan-Dec):
27.5516 27.6699 28.5360 29.4528 29.8794 29.7864 29.2740 28.8100 28.8687 28.8094 29.0191 28.1563
 
First Valid DHW Date:
1985 25 03
 
First Valid BAA Date:
1985 31 03
 
YYYY MM DD SST_MIN SST_MAX SST@90th_HS SSTA@90th_HS 90th_HS>0 DHW_from_90th_HS>1 BAA_7day_max
2012 01 01 30.0634 30.9434 30.5134      0.7900       0.7900    0.0658            1
2012 01 02 30.0625 30.9442 30.5142      0.7900       0.7900    0.0679            1
2012 01 03 30.0726 30.9560 30.5260      0.8010       0.8010    0.0701            1
2012 01 04 30.0498 30.9348 30.5049      0.7790       0.7790    0.0723            1
2012 01 05 30.0819 30.9686 30.5388      0.8119       0.8119    0.0746            1
2012 01 06 30.0374 30.9256 30.4959      0.7681       0.7681    0.0769            1
2012 01 07 30.0914 30.9812 30.5517      0.8228       0.8228    0.0793            1
2012 01 08 30.0252 30.9166 30.4871      0.7572       0.7572    0.0817            1
2012 01 09 30.1010 30.9939 30.5647      0.8336       0.8336    0.0842            1
2012 01 10 30.0132 30.9077 30.4786      0.7464       0.7464    0.0868            1
2012 01 11 30.1106 31.0066 30.5777      0.8443       0.8443    0.0894            1
2012 01 12 30.0016 30.8990 30.4704      0.7357       0.7357    0.0921            1
2012 01 13 30.1204 31.0192 30.5909      0.8549       0.8549    0.0948            1
2012 01 14 29.9903 30.8904 30.4624      0.7251       0.7251    0.0976            1
2012 01 15 30.1301 31.0316 30.6039      0.8652       0.8652    0.1005            1
2012 01 16 29.9794 30.8822 30.4549      0.7148       0.7148    0.1034            1
2012 01 17 30.1398 31.0439 30.6169      0.8754       0.8754    0.1064            1
2012 01 18 29.9689 30.8743 30.4476      0.7046       0.7046    0.1095            1
2012 01 19 30.1495 31.0561 30.6299      0.8853       0.8853    0.1126            1
2012 01 20 29.9588 30.8666 30.4409      0.6947       0.6947    0.1158            1
2012 01 21 30.1591 31.0681 30.6428      0.8950       0.8950    0.1191            1
2012 01 22 29.9492 30.8593 30.4344      0.6850       0.6850    0.1224            1
2012 01 23 30.1686 31.0799 30.6555      0.9044       0.9044    0.1259            1
2012 01 24 29.9400 30.8523 30.4285      0.6756       0.6756    0.1293            1
2012 01 25 30.1781 31.0914 30.6681      0.9135       0.9135    0.1329            1
2012 01 26 29.9313 30.8457 30.4229      0.6665       0.6665    0.1365            1
2012 01 27 30.1873 31.1026 30.6805      0.9222       0.9222    0.1402            1
2012 01 28 29.9232 30.8395 30.4179      0.6578       0.6578    0.1440            1
2012 01 29 30.1964 31.1136 30.6927      0.9306       0.9306    0.1478            1
2012 01 30 29.9156 30.8337 30.4134      0.6494       0.6494    0.1518            1
2012 01 31 30.2054 31.1243 30.7047      0.9387       0.9387    0.1558            1
2012 02 01 29.9086 30.8282 30.4093      0.6413       0.6413    0.1598            1
2012 02 02 30.2141 31.1346 30.7163      0.9463       0.9463    0.1640            1
2012 02 03 29.9022 30.8233 30.4058      0.6337       0.6337    0.1682            1
2012 02 04 30.2227 31.1446 30.7278      0.9536       0.9536    0.1725            1
2012 02 05 29.8962 30.8188 30.4028      0.6264       0.6264    0.1769            1
2012 02 06 30.2310 31.1542 30.7390      0.9604       0.9604    0.1813            1
2012 02 07 29.8910 30.8148 30.4004      0.6196       0.6196    0.1859            1
2012 02 08 30.2391 31.1634 30.7498      0.9668       0.9668    0.1905            1
2012 02 09 29.8864 30.8112 30.3984      0.6132       0.6132    0.1952            1
2012 02 10 30.2469 31.1722 30.7603      0.9728       0.9728    0.1999            1
2012 02 11 29.8823 30.8080 30.3970      0.6072       0.6072    0.2048            1
2012 02 12 30.2544 31.1805 30.7704      0.9782       0.9782    0.2097            1
2012 02 13 29.8791 30.8055 30.3964      0.6018       0.6018    0.2147            1
2012 02 14 30.2617 31.1885 30.7802      0.9833       0.9833    0.2198            1
2012 02 15 29.8763 30.8034 30.3961      0.5967       0.5967    0.2249            1
2012 02 16 30.2686 31.1959 30.7896      0.9878       0.9878    0.2301            1
2012 02 17 29.8743 30.8018 30.3965      0.5922       0.5922    0.2354            1
2012 02 18 30.2753 31.2030 30.7986      0.9919       0.9919    0.2408            1
2012 02 19 29.8728 30.8007 30.3974      0.5881       0.5881    0.2463            1
2012 02 20 30.2816 31.2096 30.8073      0.9955       0.9955    0.2518            1
2012 02 21 29.8720 30.8001 30.3988      0.5845       0.5845    0.2574            1
2012 02 22 30.2876 31.2157 30.8155      0.9986       0.9986    0.2631            1
2012 02 23 29.8719 30.8000 30.4009      0.5814       0.5814    0.2689            1
2012 02 24 30.2933 31.2213 30.8233      1.0012       1.0012    0.2747            1
2012 02 25 29.8725 30.8004 30.4035      0.5788       0.5788    0.2807            1
2012 02 26 30.2986 31.2264 30.8306      1.0033       1.0033    0.2866            1
2012 02 27 29.8737 30.8013 30.4067      0.5767       0.5767    0.2927            1
2012 02 28 30.3036 31.2311 30.8375      1.0049       1.0049    0.2988            1
2012 02 29 29.8756 30.8028 30.4104      0.5751       0.5751    0.3050            1
2012 03 01 30.3084 31.2353 30.8441      1.0061       1.0061    0.3113            1
2012 03 02 29.8780 30.8046 30.4146      0.5739       0.5739    0.3177            1
2012 03 03 30.3128 31.2390 30.8502      1.0068       1.0068    0.3241            1
2012 03 04 29.8811 30.8070 30.4194      0.5732       0.5732    0.3305            1
2012 03 05 30.3168 31.2423 30.8559      1.0070       1.0070    0.3371            1
2012 03 06 29.8848 30.8098 30.4246      0.5730       0.5730    0.3437            1
2012 03 07 30.3206 31.2451 30.8612      1.0068       1.0068    0.3504            1
2012 03 08 29.8891 30.8130 30.4304      0.5732       0.5732    0.3571            1
2012 03 09 30.3240 31.2474 30.8660      1.0061       1.0061    0.3639            1
2012 03 10 29.8940 30.8167 30.4366      0.5739       0.5739    0.3708            1
2012 03 11 30.3272 31.2493 30.8705      1.0050       1.0050    0.3777            1
2012 03 12 29.8994 30.8208 30.4433      0.5750       0.5750    0.3847            1
2012 03 13 30.3301 31.2508 30.8745      1.0035       1.0035    0.3917            1
2012 03 14 29.9053 30.8253 30.4503      0.5765       0.5765    0.3988            1
2012 03 15 30.3326 31.2518 30.8781      1.0015       1.0015    0.4059            1
2012 03 16 29.9119 30.8303 30.4579      0.5785       0.5785    0.4131            1
2012 03 17 30.3349 31.2524 30.8814      0.9992       0.9992    0.4203            1
2012 03 18 29.9189 30.8355 30.4658      0.5808       0.5808    0.4276            1
2012 03 19 30.3369 31.2526 30.8843      0.9965       0.9965    0.4349            1
2012 03 20 29.9263 30.8411 30.4740      0.5835       0.5835    0.4423            1
2012 03 21 30.3387 31.2524 30.8867      0.9934       0.9934    0.4497            1
2012 03 22 29.9343 30.8471 30.4827      0.5866       0.5866    0.4572            1
2012 03 23 30.3402 31.2519 30.8889      0.9900       0.9900    0.4646            1
2012 03 24 29.9427 30.8533 30.4916      0.5900       0.5900    0.4721            1
2012 03 25 30.3415 31.2510 30.8907      0.9863       0.9863    0.4797            1
2012 03 26 29.9515 30.8598 30.5009      0.5937       0.5937    0.4873            1
2012 03 27 30.3426 31.2497 30.8922      0.9823       0.9823    0.4949            1
2012 03 28 29.9606 30.8665 30.5103      0.5977       0.5977    0.5025            1
2012 03 29 30.3436 31.2483 30.8935      0.9781       0.9781    0.5101            1
2012 03 30 29.9701 30.8734 30.5200      0.6019       0.6019    0.5178            1
2012 03 31 30.3443 31.2463 30.8943      0.9735       0.9735    0.5255            1
2012 04 01 29.9800 30.8807 30.5300      0.6065       0.6065    0.5332            1
2012 04 02 30.3450 31.2443 30.8950      0.9688       0.9688    0.5409            1
2012 04 03 29.9901 30.8880 30.5400      0.6112       0.6112    0.5486            1
2012 04 04 30.3454 31.2418 30.8953      0.9638       0.9638    0.5563            1
2012 04 05 30.0005 30.8955 30.5503      0.6162       0.6162    0.5641            1
2012 04 06 30.3457 31.2392 30.8954      0.9587       0.9587    0.5718            1
2012 04 07 30.0111 30.9031 30.5606      0.6213       0.6213    0.5795            1
2012 04 08 30.3459 31.2364 30.8953      0.9534       0.9534    0.5872            1
2012 04 09 30.0219 30.9108 30.5711      0.6266       0.6266    0.5950            1
2012 04 10 30.3460 31.2333 30.8949      0.9479       0.9479    0.6026            1
2012 04 11 30.0330 30.9187 30.5816      0.6321       0.6321    0.6103            1
2012 04 12 30.3461 31.2301 30.8945      0.9424       0.9424    0.6180            1
2012 04 13 30.0441 30.9264 30.5921      0.6376       0.6376    0.6256            1
2012 04 14 30.3460 31.2267 30.8937      0.9367       0.9367    0.6333            1
2012 04 15 30.0554 30.9344 30.6027      0.6433       0.6433    0.6408            1
2012 04 16 30.3459 31.2231 30.8929      0.9310       0.9310    0.6484            1
2012 04 17 30.0668 30.9422 30.6132      0.6490       0.6490    0.6559            1
2012 04 18 30.3459 31.2196 30.8919      0.9253       0.9253    0.6634            1
2012 04 19 30.0781 30.9500 30.6237      0.6547       0.6547    0.6709            1
2012 04 20 30.3458 31.2158 30.8908      0.9195       0.9195    0.6783            1
2012 04 21 30.0896 30.9578 30.6341      0.6605       0.6605    0.6856            1
2012 04 22 30.3456 31.2119 30.8895      0.9137       0.9137    0.6929            1
2012 04 23 30.1011 30.9655 30.6443      0.6663       0.6663    0.7002            1
2012 04 24 30.3455 31.2080 30.8881      0.9079       0.9079    0.7074            1
2012 04 25 30.1125 30.9731 30.6545      0.6721       0.6721    0.7145            1
2012 04 26 30.3454 31.2040 30.8867      0.9021       0.9021    0.7216            1
2012 04 27 30.1240 30.9807 30.6646      0.6779       0.6779    0.7286            1
2012 04 28 30.3453 31.2000 30.8852      0.8964       0.8964    0.7356            1
2012 04 29 30.1353 30.9880 30.6744      0.6836       0.6836    0.7424            1
2012 04 30 30.3453 31.1960 30.8836      0.8908       0.8908    0.7492            1
2012 05 01 30.1465 30.9952 30.6840      0.6892       0.6892    0.7559            1
2012 05 02 30.3454 31.1920 30.8820      0.8853       0.8853    0.7625            1
2012 05 03 30.1576 31.0022 30.6934      0.6947       0.6947    0.7691            1
2012 05 04 30.3455 31.1880 30.8803      0.8798       0.8798    0.7755            1
2012 05 05 30.1687 31.0091 30.7026      0.7002       0.7002    0.7819            1
2012 05 06 30.3457 31.1840 30.8787      0.8745       0.8745    0.7881            1
2012 05 07 30.1795 31.0157 30.7114      0.7055       0.7055    0.7943            1
2012 05 08 30.3460 31.1801 30.8770      0.8693       0.8693    0.8004            1
2012 05 09 30.1901 31.0221 30.7201      0.7107       0.7107    0.8063            1
2012 05 10 30.3464 31.1762 30.8753      0.8643       0.8643    0.8122            1
2012 05 11 30.2005 31.0282 30.7283      0.7157       0.7157    0.8179            1
2012 05 12 30.3468 31.1724 30.8736      0.8594       0.8594    0.8235            1
2012 05 13 30.2107 31.0341 30.7364      0.7206       0.7206    0.8290            1
2012 05 14 30.3473 31.1685 30.8719      0.8546       0.8546    0.8344            1
2012 05 15 30.2207 31.0398 30.7441      0.7254       0.7254    0.8397            1
2012 05 16 30.3479 31.1648 30.8701      0.8500       0.8500    0.8448            1
2012 05 17 30.2305 31.0452 30.7515      0.7300       0.7300    0.8498            1
2012 05 18 30.3487 31.1612 30.8685      0.8457       0.8457    0.8547            1
2012 05 19 30.2399 31.0502 30.7584      0.7343       0.7343    0.8594            1
2012 05 20 30.3495 31.1576 30.8668      0.8414       0.8414    0.8640            1
2012 05 21 30.2492 31.0551 30.7652      0.7386       0.7386    0.8685            1
2012 05 22 30.3504 31.1541 30.8651      0.8374       0.8374    0.8728            1
2012 05 23 30.2581 31.0596 30.7715      0.7426       0.7426    0.8770            1
2012 05 24 30.3515 31.1508 30.8635      0.8336       0.8336    0.8811            1
2012 05 25 30.2667 31.0638 30.7774      0.7464       0.7464    0.8850            1
2012 05 26 30.3525 31.1474 30.8618      0.8299       0.8299    0.8887            1
2012 05 27 30.2750 31.0678 30.7830      0.7501       0.7501    0.8923            1
2012 05 28 30.3537 31.1443 30.8603      0.8265       0.8265    0.8957            1
2012 05 29 30.2830 31.0714 30.7881      0.7535       0.7535    0.8990            1
2012 05 30 30.3550 31.1411 30.8586      0.8232       0.8232    0.9022            1
2012 05 31 30.2908 31.0748 30.7930      0.7568       0.7568    0.9051            1
2012 06 01 30.3562 31.1381 30.8570      0.8201       0.8201    0.9079            1
2012 06 02 30.2982 31.0778 30.7975      0.7599       0.7599    0.9106            1
2012 06 03 30.3576 31.1351 30.8554      0.8172       0.8172    0.9131            1
2012 06 04 30.3053 31.0806 30.8015      0.7628       0.7628    0.9154            1
2012 06 05 30.3591 31.1322 30.8538      0.8145       0.8145    0.9175            1
2012 06 06 30.3121 31.0831 30.8052      0.7655       0.7655    0.9195            1
2012 06 07 30.3605 31.1293 30.8521      0.8119       0.8119    0.9213            1
2012 06 08 30.3186 31.0853 30.8087      0.7681       0.7681    0.9230            1
2012 06 09 30.3619 31.1265 30.8504      0.8095       0.8095    0.9244            1
2012 06 10 30.3248 31.0873 30.8117      0.7705       0.7705    0.9257            1
2012 06 11 30.3634 31.1239 30.8487      0.8073       0.8073    0.9269            1
2012 06 12 30.3306 31.0890 30.8143      0.7727       0.7727    0.9278            1
2012 06 13 30.3649 31.1212 30.8470      0.8052       0.8052    0.9286            1
2012 06 14 30.3362 31.0904 30.8166      0.7748       0.7748    0.9292            1
2012 06 15 30.3663 31.1185 30.8451      0.8032       0.8032    0.9297            1
2012 06 16 30.3416 31.0917 30.8187      0.7768       0.7768    0.9299            1
2012 06 17 30.3678 31.1159 30.8432      0.8014       0.8014    0.9300            1
2012 06 18 30.3465 31.0926 30.8204      0.7786       0.7786    0.9299            1
2012 06 19 30.3691 31.1132 30.8412      0.7996       0.7996    0.9297            1
2012 06 20 30.3514 31.0935 30.8218      0.7804       0.7804    0.9292            1
2012 06 21 30.3704 31.1106 30.8392      0.7980       0.7980    0.9286            1
2012 06 22 30.3558 31.0941 30.8229      0.7820       0.7820    0.9278            1
2012 06 23 30.3716 31.1079 30.8370      0.7964       0.7964    0.9269            1
2012 06 24 30.3601 31.0945 30.8238      0.7836       0.7836    0.9257            1
2012 06 25 30.3727 31.1052 30.8346      0.7949       0.7949    0.9244            1
2012 06 26 30.3641 31.0948 30.8244      0.7851       0.7851    0.9230            1
2012 06 27 30.3737 31.1025 30.8322      0.7935       0.7935    0.9213            1
2012 06 28 30.3678 31.0949 30.8247      0.7865       0.7865    0.9195            1
2012 06 29 30.3745 31.0998 30.8297      0.7921       0.7921    0.9175            1
2012 06 30 30.3714 31.0948 30.8248      0.7879       0.7879    0.9154            1
2012 07 01 30.3752 31.0969 30.8269      0.7907       0.7907    0.9131            1
2012 07 02 30.3747 31.0947 30.8247      0.7893       0.7893    0.9106            1
2012 07 03 30.3756 31.0939 30.8239      0.7893       0.7893    0.9079            1
2012 07 04 30.3779 31.0945 30.8245      0.7907       0.7907    0.9051            1
2012 07 05 30.3759 31.0909 30.8208      0.7879       0.7879    0.9022            1
2012 07 06 30.3809 31.0942 30.8240      0.7921       0.7921    0.8990            1
2012 07 07 30.3760 31.0878 30.8175      0.7865       0.7865    0.8957            1
2012 07 08 30.3837 31.0939 30.8234      0.7935       0.7935    0.8923            1
2012 07 09 30.3759 31.0845 30.8140      0.7851       0.7851    0.8887            1
2012 07 10 30.3863 31.0934 30.8226      0.7949       0.7949    0.8850            1
2012 07 11 30.3756 31.0811 30.8102      0.7836       0.7836    0.8811            1
2012 07 12 30.3889 31.0929 30.8218      0.7964       0.7964    0.8770            1
2012 07 13 30.3749 31.0775 30.8061      0.7820       0.7820    0.8728            1
2012 07 14 30.3913 31.0925 30.8208      0.7980       0.7980    0.8685            1
2012 07 15 30.3740 31.0739 30.8019      0.7804       0.7804    0.8640            1
2012 07 16 30.3935 31.0920 30.8197      0.7996       0.7996    0.8594            1
2012 07 17 30.3728 31.0700 30.7973      0.7786       0.7786    0.8547            1
2012 07 18 30.3958 31.0917 30.8187      0.8014       0.8014    0.8498            1
2012 07 19 30.3713 31.0659 30.7926      0.7768       0.7768    0.8448            1
2012 07 20 30.3978 31.0912 30.8174      0.8032       0.8032    0.8397            1
2012 07 21 30.3695 31.0617 30.7874      0.7748       0.7748    0.8344            1
2012 07 22 30.3999 31.0909 30.8162      0.8052       0.8052    0.8290            1
2012 07 23 30.3673 31.0572 30.7821      0.7727       0.7727    0.8235            1
2012 07 24 30.4019 31.0906 30.8150      0.8073       0.8073    0.8179            1
2012 07 25 30.3649 31.0526 30.7764      0.7705       0.7705    0.8122            1
2012 07 26 30.4037 31.0904 30.8137      0.8095       0.8095    0.8063            1
2012 07 27 30.3621 31.0477 30.7705      0.7681       0.7681    0.8004            1
2012 07 28 30.4056 31.0903 30.8124      0.8119       0.8119    0.7943            1
2012 07 29 30.3589 31.0426 30.7642      0.7655       0.7655    0.7881            1
2012 07 30 30.4075 31.0903 30.8112      0.8145       0.8145    0.7819            1
2012 07 31 30.3554 31.0373 30.7576      0.7628       0.7628    0.7755            1
2012 08 01 30.4093 31.0904 30.8100      0.8172       0.8172    0.7691            1
2012 08 02 30.3514 31.0318 30.7507      0.7599       0.7599    0.7625            1
2012 08 03 30.4111 31.0906 30.8089      0.8201       0.8201    0.7559            1
2012 08 04 30.3471 31.0260 30.7435      0.7568       0.7568    0.7492            1
2012 08 05 30.4129 31.0910 30.8078      0.8232       0.8232    0.7424            1
2012 08 06 30.3425 31.0199 30.7359      0.7535       0.7535    0.7356            1
2012 08 07 30.4147 31.0915 30.8067      0.8265       0.8265    0.7286            1
2012 08 08 30.3375 31.0137 30.7281      0.7501       0.7501    0.7216            1
2012 08 09 30.4164 31.0921 30.8057      0.8299       0.8299    0.7145            1
2012 08 10 30.3320 31.0072 30.7200      0.7464       0.7464    0.7074            1
2012 08 11 30.4183 31.0930 30.8049      0.8336       0.8336    0.7002            1
2012 08 12 30.3263 31.0006 30.7116      0.7426       0.7426    0.6929            1
2012 08 13 30.4200 31.0939 30.8040      0.8374       0.8374    0.6856            1
2012 08 14 30.3201 30.9937 30.7028      0.7386       0.7386    0.6783            1
2012 08 15 30.4218 31.0950 30.8033      0.8414       0.8414    0.6709            1
2012 08 16 30.3135 30.9864 30.6937      0.7343       0.7343    0.6634            1
2012 08 17 30.4237 31.0964 30.8027      0.8457       0.8457    0.6559            1
2012 08 18 30.3067 30.9792 30.6845      0.7300       0.7300    0.6484            1
2012 08 19 30.4254 31.0977 30.8021      0.8500       0.8500    0.6408            1
2012 08 20 30.2995 30.9716 30.6749      0.7254       0.7254    0.6333            1
2012 08 21 30.4273 31.0993 30.8016      0.8546       0.8546    0.6256            1
2012 08 22 30.2919 30.9638 30.6651      0.7206       0.7206    0.6180            1
2012 08 23 30.4292 31.1011 30.8013      0.8594       0.8594    0.6103            1
2012 08 24 30.2840 30.9559 30.6550      0.7157       0.7157    0.6026            1
2012 08 25 30.4310 31.1030 30.8010      0.8643       0.8643    0.5950            1
2012 08 26 30.2758 30.9479 30.6448      0.7107       0.7107    0.5872            1
2012 08 27 30.4328 31.1050 30.8008      0.8693       0.8693    0.5795            1
2012 08 28 30.2673 30.9397 30.6343      0.7055       0.7055    0.5718            1
2012 08 29 30.4346 31.1071 30.8007      0.8745       0.8745    0.5641            1
2012 08 30 30.2585 30.9313 30.6237      0.7002       0.7002    0.5563            1
2012 08 31 30.4363 31.1094 30.8006      0.8798       0.8798    0.5486            1
2012 09 01 30.2494 30.9228 30.6128      0.6947       0.6947    0.5409            1
2012 09 02 30.4381 31.1119 30.8007      0.8853       0.8853    0.5332            1
2012 09 03 30.2401 30.9142 30.6018      0.6892       0.6892    0.5255            1
2012 09 04 30.4398 31.1143 30.8007      0.8908       0.8908    0.5178            1
2012 09 05 30.2306 30.9056 30.5908      0.6836       0.6836    0.5101            1
2012 09 06 30.4414 31.1169 30.8008      0.8964       0.8964    0.5025            1
2012 09 07 30.2208 30.8969 30.5795      0.6779       0.6779    0.4949            1
2012 09 08 30.4430 31.1196 30.8010      0.9021       0.9021    0.4873            1
2012 09 09 30.2108 30.8881 30.5682      0.6721       0.6721    0.4797            1
2012 09 10 30.4445 31.1224 30.8012      0.9079       0.9079    0.4721            1
2012 09 11 30.2007 30.8793 30.5568      0.6663       0.6663    0.4646            1
2012 09 12 30.4459 31.1252 30.8015      0.9137       0.9137    0.4572            1
2012 09 13 30.1905 30.8705 30.5455      0.6605       0.6605    0.4497            1
2012 09 14 30.4472 31.1280 30.8017      0.9195       0.9195    0.4423            1
2012 09 15 30.1801 30.8617 30.5341      0.6547       0.6547    0.4349            1
2012 09 16 30.4484 31.1309 30.8019      0.9253       0.9253    0.4276            1
2012 09 17 30.1697 30.8531 30.5228      0.6490       0.6490    0.4203            1
2012 09 18 30.4494 31.1337 30.8020      0.9310       0.9310    0.4131            1
2012 09 19 30.1593 30.8445 30.5116      0.6433       0.6433    0.4059            1
2012 09 20 30.4502 31.1365 30.8022      0.9367       0.9367    0.3988            1
2012 09 21 30.1487 30.8359 30.5003      0.6376       0.6376    0.3917            1
2012 09 22 30.4510 31.1393 30.8023      0.9424       0.9424    0.3847            1
2012 09 23 30.1382 30.8276 30.4893      0.6321       0.6321    0.3777            1
2012 09 24 30.4515 31.1420 30.8023      0.9479       0.9479    0.3708            1
2012 09 25 30.1276 30.8193 30.4782      0.6266       0.6266    0.3639            1
2012 09 26 30.4519 31.1448 30.8023      0.9534       0.9534    0.3571            1
2012 09 27 30.1172 30.8113 30.4675      0.6213       0.6213    0.3504            1
2012 09 28 30.4520 31.1473 30.8021      0.9587       0.9587    0.3437            1
2012 09 29 30.1068 30.8035 30.4569      0.6162       0.6162    0.3371            1
2012 09 30 30.4518 31.1498 30.8018      0.9638       0.9638    0.3305            1
2012 10 01 30.0965 30.7958 30.4465      0.6112       0.6112    0.3241            1
2012 10 02 30.4514 31.1521 30.8014      0.9688       0.9688    0.3177            1
2012 10 03 30.0864 30.7885 30.4365      0.6065       0.6065    0.3113            1
2012 10 04 30.4507 31.1543 30.8008      0.9735       0.9735    0.3050            1
2012 10 05 30.0764 30.7814 30.4266      0.6019       0.6019    0.2988            1
2012 10 06 30.4499 31.1564 30.8002      0.9781       0.9781    0.2927            1
2012 10 07 30.0667 30.7747 30.4172      0.5977       0.5977    0.2866            1
2012 10 08 30.4486 31.1581 30.7992      0.9823       0.9823    0.2807            1
2012 10 09 30.0572 30.7683 30.4080      0.5937       0.5937    0.2747            1
2012 10 10 30.4470 31.1597 30.7981      0.9863       0.9863    0.2689            1
2012 10 11 30.0479 30.7622 30.3993      0.5900       0.5900    0.2631            1
2012 10 12 30.4451 31.1611 30.7967      0.9900       0.9900    0.2574            1
2012 10 13 30.0389 30.7566 30.3909      0.5866       0.5866    0.2518            1
2012 10 14 30.4429 31.1622 30.7952      0.9934       0.9934    0.2463            1
2012 10 15 30.0302 30.7512 30.3829      0.5835       0.5835    0.2408            1
2012 10 16 30.4404 31.1632 30.7934      0.9965       0.9965    0.2354            1
2012 10 17 30.0218 30.7464 30.3754      0.5808       0.5808    0.2301            1
2012 10 18 30.4374 31.1637 30.7914      0.9992       0.9992    0.2249            1
2012 10 19 30.0139 30.7420 30.3683      0.5785       0.5785    0.2198            1
2012 10 20 30.4340 31.1640 30.7890      1.0015       1.0015    0.2147            1
2012 10 21 30.0062 30.7380 30.3617      0.5765       0.5765    0.2097            1
2012 10 22 30.4304 31.1641 30.7865      1.0035       1.0035    0.2048            1
2012 10 23 29.9990 30.7346 30.3558      0.5750       0.5750    0.1999            1
2012 10 24 30.4262 31.1637 30.7836      1.0050       1.0050    0.1952            1
2012 10 25 29.9923 30.7317 30.3503      0.5739       0.5739    0.1905            1
2012 10 26 30.4216 31.1630 30.7803      1.0061       1.0061    0.1859            1
2012 10 27 29.9859 30.7292 30.3453      0.5732       0.5732    0.1813            1
2012 10 28 30.4167 31.1620 30.7768      1.0068       1.0068    0.1769            1
2012 10 29 29.9801 30.7274 30.3410      0.5730       0.5730    0.1725            1
2012 10 30 30.4113 31.1606 30.7730      1.0070       1.0070    0.1682            1
2012 10 31 29.9747 30.7260 30.3372      0.5732       0.5732    0.1640            1
2012 11 01 30.4055 31.1589 30.7689      1.0068       1.0068    0.1598            1
2012 11 02 29.9698 30.7252 30.3340      0.5739       0.5739    0.1558            1
2012 11 03 30.3992 31.1567 30.7644      1.0061       1.0061    0.1518            1
2012 11 04 29.9654 30.7250 30.3315      0.5751       0.5751    0.1478            1
2012 11 05 30.3925 31.1542 30.7595      1.0049       1.0049    0.1440            1
2012 11 06 29.9615 30.7253 30.3296      0.5767       0.5767    0.1402            1
2012 11 07 30.3854 31.1513 30.7544      1.0033       1.0033    0.1365            1
2012 11 08 29.9582 30.7262 30.3282      0.5788       0.5788    0.1329            1
2012 11 09 30.3779 31.1481 30.7490      1.0012       1.0012    0.1293            1
2012 11 10 29.9554 30.7277 30.3276      0.5814       0.5814    0.1259            1
2012 11 11 30.3700 31.1444 30.7432      0.9986       0.9986    0.1224            1
2012 11 12 29.9532 30.7298 30.3275      0.5845       0.5845    0.1191            1
2012 11 13 30.3616 31.1404 30.7370      0.9955       0.9955    0.1158            1
2012 11 14 29.9516 30.7325 30.3282      0.5881       0.5881    0.1126            1
2012 11 15 30.3528 31.1359 30.7306      0.9919       0.9919    0.1095            1
2012 11 16 29.9505 30.7358 30.3295      0.5922       0.5922    0.1064            1
2012 11 17 30.3436 31.1311 30.7238      0.9878       0.9878    0.1034            1
2012 11 18 29.9499 30.7396 30.3314      0.5967       0.5967    0.1005            1
2012 11 19 30.3340 31.1259 30.7167      0.9833       0.9833    0.0976            1
2012 11 20 29.9500 30.7441 30.3340      0.6018       0.6018    0.0948            1
2012 11 21 30.3240 31.1203 30.7093      0.9782       0.9782    0.0921            1
2012 11 22 29.9505 30.7490 30.3371      0.6072       0.6072    0.0894            1
2012 11 23 30.3137 31.1144 30.7017      0.9728       0.9728    0.0868            1
2012 11 24 29.9517 30.7546 30.3410      0.6132       0.6132    0.0842            1
2012 11 25 30.3030 31.1081 30.6937      0.9668       0.9668    0.0817            1
2012 11 26 29.9535 30.7607 30.3455      0.6196       0.6196    0.0793            1
2012 11 27 30.2920 31.1014 30.6854      0.9604       0.9604    0.0769            1
2012 11 28 29.9557 30.7673 30.3506      0.6264       0.6264    0.0746            1
2012 11 29 30.2806 31.0945 30.6770      0.9536       0.9536    0.0723            1
2012 11 30 29.9585 30.7745 30.3563      0.6337       0.6337    0.0701            1
2012 12 01 30.2690 31.0871 30.6682      0.9463       0.9463    0.0679            1
2012 12 02 29.9618 30.7822 30.3625      0.6413       0.6413    0.0658            1
2012 12 03 30.2571 31.0796 30.6593      0.9387       0.9387    0.0638            1
2012 12 04 29.9657 30.7904 30.3695      0.6494       0.6494    0.0618            1
2012 12 05 30.2448 31.0717 30.6501      0.9306       0.9306    0.0598            1
2012 12 06 29.9700 30.7990 30.3769      0.6578       0.6578    0.0579            1
2012 12 07 30.2324 31.0636 30.6408      0.9222       0.9222    0.0561            1
2012 12 08 29.9748 30.8081 30.3847      0.6665       0.6665    0.0543            1
2012 12 09 30.2199 31.0553 30.6314      0.9135       0.9135    0.0525            1
2012 12 10 29.9801 30.8176 30.3932      0.6756       0.6756    0.0508            1
2012 12 11 30.2071 31.0466 30.6218      0.9044       0.9044    0.0492            1
2012 12 12 29.9859 30.8275 30.4022      0.6850       0.6850    0.0476            1
2012 12 13 30.1941 31.0378 30.6120      0.8950       0.8950    0.0460            1
2012 12 14 29.9921 30.8379 30.4117      0.6947       0.6947    0.0445            1
2012 12 15 30.1810 31.0288 30.6022      0.8853       0.8853    0.0430            1
2012 12 16 29.9986 30.8485 30.4215      0.7046       0.7046    0.0416            1
2012 12 17 30.1678 31.0197 30.5924      0.8754       0.8754    0.0402            1
2012 12 18 30.0057 30.8596 30.4318      0.7148       0.7148    0.0388            1
2012 12 19 30.1545 31.0104 30.5824      0.8652       0.8652    0.0375            1
2012 12 20 30.0129 30.8708 30.4425      0.7251       0.7251    0.0362            1
2012 12 21 30.1413 31.0011 30.5725      0.8549       0.8549    0.0350            1
2012 12 22 30.0207 30.8824 30.4536      0.7357       0.7357    0.0338            1
2012 12 23 30.1279 30.9916 30.5625      0.8443       0.8443    0.0326            1
2012 12 24 30.0287 30.8943 30.4650      0.7464       0.7464    0.0314            1
2012 12 25 30.1146 30.9821 30.5527      0.8336       0.8336    0.0303            1
2012 12 26 30.0370 30.9063 30.4767      0.7572       0.7572    0.0000            1
2012 12 27 30.1014 30.9726 30.5429      0.8228       0.8228    0.0000            1
2012 12 28 30.0456 30.9185 30.4887      0.7681       0.7681    0.0000            1
2012 12 29 30.0883 30.9630 30.5331      0.8119       0.8119    0.0000            1
2012 12 30 30.0543 30.9309 30.5009      0.7790       0.7790    0.0000            1
2012 12 31 30.0753 30.9536 30.5236      0.8010       0.8010    0.0000            1
2013 01 01 30.0532 30.9332 30.5032      0.7800       0.7800    0.0840            1
2013 01 02 30.0523 30.9340 30.5040      0.7800       0.7800    0.0867            1
2013 01 03 30.0624 30.9458 30.5159      0.7910       0.7910    0.0894            1
2013 01 04 30.0396 30.9246 30.4947      0.7690       0.7690    0.0922            1
2013 01 05 30.0718 30.9585 30.5287      0.8020       0.8020    0.0951            1
2013 01 06 30.0271 30.9154 30.4857      0.7580       0.7580    0.0980            1
2013 01 07 30.0813 30.9711 30.5416      0.8129       0.8129    0.1010            1
2013 01 08 30.0148 30.9063 30.4768      0.7471       0.7471    0.1041            1
2013 01 09 30.0908 30.9838 30.5546      0.8237       0.8237    0.1073            1
2013 01 10 30.0029 30.8974 30.4683      0.7363       0.7363    0.1105            1
2013 01 11 30.1006 30.9965 30.5677      0.8345       0.8345    0.1138            1
2013 01 12 29.9911 30.8885 30.4600      0.7255       0.7255    0.1172            1
2013 01 13 30.1102 31.0090 30.5807      0.8450       0.8450    0.1207            1
2013 01 14 29.9799 30.8801 30.4521      0.7150       0.7150    0.1243            1
2013 01 15 30.1200 31.0215 30.5938      0.8554       0.8554    0.1279            1
2013 01 16 29.9689 30.8718 30.4445      0.7046       0.7046    0.1316            1
2013 01 17 30.1297 31.0339 30.6069      0.8656       0.8656    0.1354            1
2013 01 18 29.9584 30.8638 30.4372      0.6944       0.6944    0.1393            1
2013 01 19 30.1393 31.0460 30.6198      0.8755       0.8755    0.1432            1
2013 01 20 29.9483 30.8562 30.4304      0.6845       0.6845    0.1473            1
2013 01 21 30.1490 31.0580 30.6327      0.8852       0.8852    0.1514            1
2013 01 22 29.9386 30.8488 30.4240      0.6748       0.6748    0.1556            1
2013 01 23 30.1585 31.0698 30.6455      0.8946       0.8946    0.1599            1
2013 01 24 29.9294 30.8418 30.4180      0.6654       0.6654    0.1643            1
2013 01 25 30.1679 31.0813 30.6581      0.9037       0.9037    0.1688            1
2013 01 26 29.9208 30.8352 30.4125      0.6563       0.6563    0.1734            1
2013 01 27 30.1772 31.0926 30.6705      0.9125       0.9125    0.1781            1
2013 01 28 29.9126 30.8289 30.4074      0.6475       0.6475    0.1828            1
2013 01 29 30.1864 31.1036 30.6827      0.9209       0.9209    0.1877            1
2013 01 30 29.9050 30.8231 30.4029      0.6391       0.6391    0.1926            1
2013 01 31 30.1954 31.1143 30.6947      0.9290       0.9290    0.1976            1
2013 02 01 29.8979 30.8176 30.3988      0.6310       0.6310    0.2028            1
2013 02 02 30.2042 31.1247 30.7065      0.9367       0.9367    0.2080            1
2013 02 03 29.8914 30.8126 30.3952      0.6233       0.6233    0.2133            1
2013 02 04 30.2127 31.1346 30.7179      0.9439       0.9439    0.2187            1
2013 02 05 29.8856 30.8082 30.3922      0.6161       0.6161    0.2242            1
2013 02 06 30.2209 31.1441 30.7290      0.9507       0.9507    0.2298            1
2013 02 07 29.8803 30.8041 30.3898      0.6093       0.6093    0.2355            1
2013 02 08 30.2290 31.1533 30.7399      0.9571       0.9571    0.2413            1
2013 02 09 29.8757 30.8006 30.3879      0.6029       0.6029    0.2472            1
2013 02 10 30.2369 31.1622 30.7504      0.9631       0.9631    0.2532            1
2013 02 11 29.8717 30.7974 30.3865      0.5969       0.5969    0.2593            1
2013 02 12 30.2443 31.1705 30.7605      0.9685       0.9685    0.2655            1
2013 02 13 29.8684 30.7949 30.3858      0.5915       0.5915    0.2717            1
2013 02 14 30.2516 31.1785 30.7703      0.9736       0.9736    0.2781            1
2013 02 15 29.8656 30.7927 30.3856      0.5864       0.5864    0.2846            1
2013 02 16 30.2585 31.1859 30.7797      0.9781       0.9781    0.2911            1
2013 02 17 29.8636 30.7912 30.3860      0.5819       0.5819    0.2978            1
2013 02 18 30.2651 31.1929 30.7887      0.9821       0.9821    0.3046            1
2013 02 19 29.8623 30.7902 30.3870      0.5779       0.5779    0.3114            1
2013 02 20 30.2715 31.1995 30.7973      0.9857       0.9857    0.3183            1
2013 02 21 29.8615 30.7896 30.3885      0.5743       0.5743    0.3254            1
2013 02 22 30.2775 31.2056 30.8055      0.9888       0.9888    0.3325            1
2013 02 23 29.8614 30.7895 30.3905      0.5712       0.5712    0.3397            1
2013 02 24 30.2832 31.2112 30.8133      0.9914       0.9914    0.3470            1
2013 02 25 29.8620 30.7899 30.3932      0.5686       0.5686    0.3544            1
2013 02 26 30.2884 31.2162 30.8206      0.9934       0.9934    0.3619            1
2013 02 27 29.8633 30.7909 30.3965      0.5666       0.5666    0.3695            1
2013 02 28 30.2936 31.2210 30.8276      0.9951       0.9951    0.3772            1
2013 03 01 29.8651 30.7923 30.4001      0.5649       0.5649    0.3850            1
2013 03 02 30.2982 31.2251 30.8341      0.9962       0.9962    0.3928            1
2013 03 03 29.8677 30.7942 30.4044      0.5638       0.5638    0.4007            1
2013 03 04 30.3025 31.2287 30.8401      0.9968       0.9968    0.4087            1
2013 03 05 29.8709 30.7967 30.4093      0.5632       0.5632    0.4168            1
2013 03 06 30.3066 31.2320 30.8458      0.9970       0.9970    0.4250            1
2013 03 07 29.8746 30.7995 30.4146      0.5630       0.5630    0.4333            1
2013 03 08 30.3103 31.2347 30.8510      0.9967       0.9967    0.4416            1
2013 03 09 29.8790 30.8028 30.4204      0.5633       0.5633    0.4500            1
2013 03 10 30.3138 31.2370 30.8559      0.9960       0.9960    0.4585            1
2013 03 11 29.8839 30.8065 30.4266      0.5640       0.5640    0.4670            1
2013 03 12 30.3169 31.2389 30.8603      0.9949       0.9949    0.4757            1
2013 03 13 29.8893 30.8106 30.4333      0.5651       0.5651    0.4844            1
2013 03 14 30.3198 31.2403 30.8643      0.9933       0.9933    0.4931            1
2013 03 15 29.8954 30.8152 30.4405      0.5667       0.5667    0.5019            1
2013 03 16 30.3223 31.2413 30.8679      0.9913       0.9913    0.5108            1
2013 03 17 29.9020 30.8202 30.4481      0.5687       0.5687    0.5198            1
2013 03 18 30.3245 31.2419 30.8711      0.9889       0.9889    0.5288            1
2013 03 19 29.9091 30.8255 30.4561      0.5711       0.5711    0.5378            1
2013 03 20 30.3266 31.2421 30.8740      0.9862       0.9862    0.5469            1
2013 03 21 29.9166 30.8311 30.4644      0.5738       0.5738    0.5561            1
2013 03 22 30.3283 31.2419 30.8765      0.9831       0.9831    0.5653            1
2013 03 23 29.9246 30.8371 30.4731      0.5769       0.5769    0.5745            1
2013 03 24 30.3298 31.2412 30.8785      0.9796       0.9796    0.5838            1
2013 03 25 29.9331 30.8434 30.4821      0.5804       0.5804    0.5932            1
2013 03 26 30.3312 31.2403 30.8804      0.9759       0.9759    0.6025            1
2013 03 27 29.9419 30.8499 30.4913      0.5841       0.5841    0.6119            1
2013 03 28 30.3322 31.2390 30.8818      0.9718       0.9718    0.6214            1
2013 03 29 29.9512 30.8568 30.5009      0.5882       0.5882    0.6308            1
2013 03 30 30.3331 31.2374 30.8830      0.9675       0.9675    0.6403            1
2013 03 31 29.9608 30.8638 30.5107      0.5925       0.5925    0.6498            1
2013 04 01 30.3339 31.2356 30.8839      0.9630       0.9630    0.6593            1
2013 04 02 29.9706 30.8709 30.5206      0.5970       0.5970    0.6689            1
2013 04 03 30.3345 31.2334 30.8845      0.9582       0.9582    0.6784            1
2013 04 04 29.9808 30.8783 30.5307      0.6018       0.6018    0.6880            1
2013 04 05 30.3349 31.2310 30.8848      0.9532       0.9532    0.6975            1
2013 04 06 29.9913 30.8859 30.5410      0.6068       0.6068    0.7071            1
2013 04 07 30.3352 31.2283 30.8849      0.9480       0.9480    0.7166            1
2013 04 08 30.0020 30.8936 30.5515      0.6120       0.6120    0.7262            1
2013 04 09 30.3354 31.2255 30.8848      0.9427       0.9427    0.7357            1
2013 04 10 30.0128 30.9013 30.5619      0.6173       0.6173    0.7452            1
2013 04 11 30.3355 31.2224 30.8844      0.9372       0.9372    0.7547            1
2013 04 12 30.0239 30.9092 30.5725      0.6228       0.6228    0.7642            1
2013 04 13 30.3355 31.2191 30.8838      0.9316       0.9316    0.7736            1
2013 04 14 30.0352 30.9171 30.5831      0.6284       0.6284    0.7831            1
2013 04 15 30.3355 31.2157 30.8831      0.9259       0.9259    0.7924            1
2013 04 16 30.0465 30.9250 30.5937      0.6341       0.6341    0.8018            1
2013 04 17 30.3355 31.2122 30.8823      0.9202       0.9202    0.8111            1
2013 04 18 30.0579 30.9328 30.6043      0.6398       0.6398    0.8204            1
2013 04 19 30.3354 31.2085 30.8812      0.9144       0.9144    0.8296            1
2013 04 20 30.0694 30.9407 30.6148      0.6456       0.6456    0.8387            1
2013 04 21 30.3353 31.2047 30.8801      0.9086       0.9086    0.8478            1
2013 04 22 30.0809 30.9485 30.6252      0.6514       0.6514    0.8569            1
2013 04 23 30.3352 31.2009 30.8788      0.9028       0.9028    0.8658            1
2013 04 24 30.0924 30.9562 30.6355      0.6572       0.6572    0.8747            1
2013 04 25 30.3351 31.1969 30.8775      0.8970       0.8970    0.8836            1
2013 04 26 30.1039 30.9639 30.6457      0.6630       0.6630    0.8923            1
2013 04 27 30.3349 31.1929 30.8760      0.8912       0.8912    0.9010            1
2013 04 28 30.1154 30.9714 30.6557      0.6688       0.6688    0.9096            1
2013 04 29 30.3349 31.1889 30.8745      0.8855       0.8855    0.9180            1
2013 04 30 30.1267 30.9788 30.6655      0.6745       0.6745    0.9264            1
2013 05 01 30.3350 31.1850 30.8730      0.8799       0.8799    0.9347            1
2013 05 02 30.1380 30.9859 30.6751      0.6801       0.6801    0.9429            1
2013 05 03 30.3350 31.1809 30.8713      0.8743       0.8743    0.9510            1
2013 05 04 30.1492 30.9930 30.6846      0.6857       0.6857    0.9590            1
2013 05 05 30.3352 31.1769 30.8697      0.8689       0.8689    0.9668            1
2013 05 06 30.1601 30.9998 30.6937      0.6911       0.6911    0.9746            1
2013 05 07 30.3354 31.1730 30.8680      0.8636       0.8636    0.9822            1
2013 05 08 30.1709 31.0064 30.7026      0.6964       0.6964    0.9897            1
2013 05 09 30.3357 31.1690 30.8663      0.8584       0.8584    0.9971            1
2013 05 10 30.1816 31.0128 30.7112      0.7016       0.7016    1.0043            2
2013 05 11 30.3361 31.1652 30.8647      0.8534       0.8534    1.0114            2
2013 05 12 30.1920 31.0189 30.7195      0.7066       0.7066    1.0183            2
2013 05 13 30.3366 31.1613 30.8630      0.8485       0.8485    1.0251            2
2013 05 14 30.2022 31.0248 30.7275      0.7115       0.7115    1.0318            2
2013 05 15 30.3372 31.1576 30.8613      0.8438       0.8438    1.0383            2
2013 05 16 30.2122 31.0304 30.7351      0.7162       0.7162    1.0447            2
2013 05 17 30.3378 31.1539 30.8596      0.8392       0.8392    1.0508            2
2013 05 18 30.2220 31.0358 30.7425      0.7208       0.7208    1.0569            2
2013 05 19 30.3385 31.1502 30.8579      0.8348       0.8348    1.0627            2
2013 05 20 30.2315 31.0409 30.7495      0.7252       0.7252    1.0684            2
2013 05 21 30.3395 31.1468 30.8563      0.8307       0.8307    1.0740            2
2013 05 22 30.2406 31.0457 30.7561      0.7293       0.7293    1.0793            2
2013 05 23 30.3404 31.1433 30.8546      0.8267       0.8267    1.0845            2
2013 05 24 30.2495 31.0502 30.7624      0.7333       0.7333    1.0895            2
2013 05 25 30.3414 31.1399 30.8529      0.8228       0.8228    1.0943            2
2013 05 26 30.2582 31.0544 30.7683      0.7372       0.7372    1.0989            2
2013 05 27 30.3425 31.1366 30.8513      0.8192       0.8192    1.1034            2
2013 05 28 30.2665 31.0583 30.7739      0.7408       0.7408    1.1076            2
2013 05 29 30.3438 31.1334 30.8497      0.8158       0.8158    1.1117            2
2013 05 30 30.2745 31.0619 30.7790      0.7442       0.7442    1.1156            2
2013 05 31 30.3451 31.1304 30.8482      0.8126       0.8126    1.1192            2
2013 06 01 30.2821 31.0652 30.7837      0.7474       0.7474    1.1227            2
2013 06 02 30.3464 31.1273 30.8465      0.8095       0.8095    1.1260            2
2013 06 03 30.2896 31.0683 30.7882      0.7505       0.7505    1.1290            2
2013 06 04 30.3478 31.1243 30.8449      0.8066       0.8066    1.1319            2
2013 06 05 30.2967 31.0711 30.7923      0.7534       0.7534    1.1346            2
2013 06 06 30.3492 31.1215 30.8433      0.8039       0.8039    1.1370            2
2013 06 07 30.3034 31.0735 30.7959      0.7561       0.7561    1.1393            2
2013 06 08 30.3507 31.1187 30.8417      0.8014       0.8014    1.1413            2
2013 06 09 30.3099 31.0757 30.7992      0.7586       0.7586    1.1431            2
2013 06 10 30.3522 31.1159 30.8400      0.7990       0.7990    1.1447            2
2013 06 11 30.3161 31.0777 30.8022      0.7610       0.7610    1.1461            2
2013 06 12 30.3537 31.1132 30.8383      0.7968       0.7968    1.1473            2
2013 06 13 30.3219 31.0793 30.8048      0.7632       0.7632    1.1483            2
2013 06 14 30.3552 31.1105 30.8365      0.7947       0.7947    1.1490            2
2013 06 15 30.3275 31.0808 30.8072      0.7653       0.7653    1.1496            2
2013 06 16 30.3567 31.1079 30.8347      0.7928       0.7928    1.1499            2
2013 06 17 30.3327 31.0819 30.8091      0.7672       0.7672    1.1500            2
2013 06 18 30.3581 31.1053 30.8328      0.7910       0.7910    1.1499            2
2013 06 19 30.3377 31.0829 30.8107      0.7690       0.7690    1.1496            2
2013 06 20 30.3594 31.1026 30.8308      0.7892       0.7892    1.1490            2
2013 06 21 30.3425 31.0837 30.8122      0.7708       0.7708    1.1483            2
2013 06 22 30.3607 31.1000 30.8287      0.7876       0.7876    1.1473            2
2013 06 23 30.3469 31.0843 30.8132      0.7724       0.7724    1.1461            2
2013 06 24 30.3620 31.0974 30.8266      0.7861       0.7861    1.1447            2
2013 06 25 30.3511 31.0846 30.8140      0.7739       0.7739    1.1431            2
2013 06 26 30.3631 31.0947 30.8242      0.7846       0.7846    1.1413            2
2013 06 27 30.3551 31.0849 30.8145      0.7754       0.7754    1.1393            2
2013 06 28 30.3639 31.0919 30.8217      0.7831       0.7831    1.1370            2
2013 06 29 30.3589 31.0850 30.8149      0.7769       0.7769    1.1346            2
2013 06 30 30.3648 31.0891 30.8191      0.7817       0.7817    1.1319            2
2013 07 01 30.3624 31.0850 30.8150      0.7783       0.7783    1.1290            2
2013 07 02 30.3654 31.0863 30.8163      0.7803       0.7803    1.1260            2
2013 07 03 30.3658 31.0849 30.8149      0.7797       0.7797    1.1227            2
2013 07 04 30.3660 31.0834 30.8134      0.7790       0.7790    1.1192            2
2013 07 05 30.3688 31.0846 30.8145      0.7810       0.7810    1.1156            2
2013 07 06 30.3662 31.0803 30.8102      0.7776       0.7776    1.1117            2
2013 07 07 30.3718 31.0843 30.8140      0.7824       0.7824    1.1076            2
2013 07 08 30.3663 31.0772 30.8068      0.7762       0.7762    1.1034            2
2013 07 09 30.3746 31.0839 30.8134      0.7838       0.7838    1.0989            2
2013 07 10 30.3661 31.0739 30.8032      0.7747       0.7747    1.0943            2
2013 07 11 30.3773 31.0835 30.8127      0.7853       0.7853    1.0895            2
2013 07 12 30.3657 31.0705 30.7994      0.7732       0.7732    1.0845            2
2013 07 13 30.3798 31.0831 30.8118      0.7868       0.7868    1.0793            2
2013 07 14 30.3650 31.0669 30.7953      0.7716       0.7716    1.0740            2
2013 07 15 30.3822 31.0826 30.8108      0.7884       0.7884    1.0684            2
2013 07 16 30.3640 31.0631 30.7910      0.7699       0.7699    1.0627            2
2013 07 17 30.3845 31.0822 30.8098      0.7901       0.7901    1.0569            2
2013 07 18 30.3627 31.0592 30.7863      0.7681       0.7681    1.0508            2
2013 07 19 30.3867 31.0819 30.8087      0.7919       0.7919    1.0447            2
2013 07 20 30.3612 31.0551 30.7815      0.7663       0.7663    1.0383            2
2013 07 21 30.3887 31.0814 30.8074      0.7937       0.7937    1.0318            2
2013 07 22 30.3592 31.0508 30.7763      0.7642       0.7642    1.0251            2
2013 07 23 30.3908 31.0812 30.8063      0.7958       0.7958    1.0183            2
2013 07 24 30.3571 31.0463 30.7709      0.7621       0.7621    1.0114            2
2013 07 25 30.3927 31.0809 30.8050      0.7979       0.7979    1.0043            2
2013 07 26 30.3545 31.0416 30.7651      0.7598       0.7598    0.9971            1
2013 07 27 30.3947 31.0807 30.8037      0.8002       0.8002    0.9897            1
2013 07 28 30.3516 31.0367 30.7591      0.7574       0.7574    0.9822            1
2013 07 29 30.3965 31.0806 30.8024      0.8026       0.8026    0.9746            1
2013 07 30 30.3482 31.0315 30.7527      0.7547       0.7547    0.9668            1
2013 07 31 30.3984 31.0808 30.8013      0.8053       0.8053    0.9590            1
2013 08 01 30.3447 31.0262 30.7461      0.7520       0.7520    0.9510            1
2013 08 02 30.4002 31.0808 30.8001      0.8080       0.8080    0.9429            1
2013 08 03 30.3406 31.0205 30.7390      0.7490       0.7490    0.9347            1
2013 08 04 30.4020 31.0812 30.7990      0.8110       0.8110    0.9264            1
2013 08 05 30.3362 31.0146 30.7317      0.7458       0.7458    0.9180            1
2013 08 06 30.4039 31.0816 30.7979      0.8142       0.8142    0.9096            1
2013 08 07 30.3315 31.0086 30.7241      0.7425       0.7425    0.9010            1
2013 08 08 30.4057 31.0822 30.7969      0.8175       0.8175    0.8923            1
2013 08 09 30.3263 31.0023 30.7162      0.7390       0.7390    0.8836            1
2013 08 10 30.4074 31.0829 30.7959      0.8210       0.8210    0.8747            1
2013 08 11 30.3208 30.9957 30.7079      0.7353       0.7353    0.8658            1
2013 08 12 30.4092 31.0837 30.7950      0.8247       0.8247    0.8569            1
2013 08 13 30.3149 30.9890 30.6994      0.7314       0.7314    0.8478            1
2013 08 14 30.4111 31.0847 30.7942      0.8286       0.8286    0.8387            1
2013 08 15 30.3086 30.9820 30.6906      0.7273       0.7273    0.8296            1
2013 08 16 30.4129 31.0859 30.7936      0.8327       0.8327    0.8204            1
2013 08 17 30.3020 30.9747 30.6814      0.7230       0.7230    0.8111            1
2013 08 18 30.4147 31.0873 30.7930      0.8370       0.8370    0.8018            1
2013 08 19 30.2949 30.9673 30.6720      0.7185       0.7185    0.7924            1
2013 08 20 30.4166 31.0888 30.7925      0.8415       0.8415    0.7831            1
2013 08 21 30.2876 30.9597 30.6624      0.7139       0.7139    0.7736            1
2013 08 22 30.4184 31.0904 30.7920      0.8461       0.8461    0.7642            1
2013 08 23 30.2799 30.9519 30.6525      0.7091       0.7091    0.7547            1
2013 08 24 30.4202 31.0922 30.7917      0.8509       0.8509    0.7452            1
2013 08 25 30.2719 30.9439 30.6423      0.7041       0.7041    0.7357            1
2013 08 26 30.4221 31.0942 30.7915      0.8559       0.8559    0.7262            1
2013 08 27 30.2636 30.9357 30.6319      0.6990       0.6990    0.7166            1
2013 08 28 30.4239 31.0962 30.7913      0.8610       0.8610    0.7071            1
2013 08 29 30.2550 30.9275 30.6214      0.6938       0.6938    0.6975            1
2013 08 30 30.4257 31.0984 30.7911      0.8662       0.8662    0.6880            1
2013 08 31 30.2461 30.9191 30.6106      0.6884       0.6884    0.6784            1
2013 09 01 30.4275 31.1007 30.7911      0.8716       0.8716    0.6689            1
2013 09 02 30.2369 30.9105 30.5997      0.6829       0.6829    0.6593            1
2013 09 03 30.4292 31.1032 30.7912      0.8771       0.8771    0.6498            1
2013 09 04 30.2275 30.9019 30.5887      0.6773       0.6773    0.6403            1
2013 09 05 30.4309 31.1058 30.7913      0.8827       0.8827    0.6308            1
2013 09 06 30.2178 30.8931 30.5775      0.6716       0.6716    0.6214            1
2013 09 07 30.4326 31.1084 30.7915      0.8884       0.8884    0.6119            1
2013 09 08 30.2080 30.8844 30.5662      0.6659       0.6659    0.6025            1
2013 09 09 30.4341 31.1111 30.7916      0.8941       0.8941    0.5932            1
2013 09 10 30.1979 30.8756 30.5549      0.6601       0.6601    0.5838            1
2013 09 11 30.4356 31.1139 30.7919      0.8999       0.8999    0.5745            1
2013 09 12 30.1878 30.8668 30.5435      0.6543       0.6543    0.5653            1
2013 09 13 30.4369 31.1167 30.7921      0.9057       0.9057    0.5561            1
2013 09 14 30.1775 30.8580 30.5321      0.6485       0.6485    0.5469            1
2013 09 15 30.4382 31.1195 30.7923      0.9115       0.9115    0.5378            1
2013 09 16 30.1670 30.8493 30.5207      0.6427       0.6427    0.5288            1
2013 09 17 30.4393 31.1224 30.7925      0.9173       0.9173    0.5198            1
2013 09 18 30.1565 30.8405 30.5093      0.6369       0.6369    0.5108            1
2013 09 19 30.4403 31.1253 30.7927      0.9231       0.9231    0.5019            1
2013 09 20 30.1460 30.8320 30.4980      0.6312       0.6312    0.4931            1
2013 09 21 30.4411 31.1281 30.7928      0.9288       0.9288    0.4844            1
2013 09 22 30.1355 30.8235 30.4869      0.6256       0.6256    0.4757            1
2013 09 23 30.4417 31.1309 30.7929      0.9344       0.9344    0.4670            1
2013 09 24 30.1249 30.8152 30.4758      0.6201       0.6201    0.4585            1
2013 09 25 30.4422 31.1336 30.7928      0.9399       0.9399    0.4500            1
2013 09 26 30.1143 30.8069 30.4648      0.6146       0.6146    0.4416            1
2013 09 27 30.4425 31.1363 30.7928      0.9454       0.9454    0.4333            1
2013 09 28 30.1039 30.7989 30.4541      0.6094       0.6094    0.4250            1
2013 09 29 30.4425 31.1388 30.7926      0.9506       0.9506    0.4168            1
2013 09 30 30.0935 30.7911 30.4436      0.6043       0.6043    0.4087            1
2013 10 01 30.4422 31.1412 30.7923      0.9557       0.9557    0.4007            1
2013 10 02 30.0833 30.7836 30.4333      0.5994       0.5994    0.3928            1
2013 10 03 30.4418 31.1435 30.7918      0.9606       0.9606    0.3850            1
2013 10 04 30.0731 30.7763 30.4232      0.5947       0.5947    0.3772            1
2013 10 05 30.4410 31.1456 30.7912      0.9653       0.9653    0.3695            1
2013 10 06 30.0633 30.7694 30.4135      0.5903       0.5903    0.3619            1
2013 10 07 30.4399 31.1475 30.7903      0.9697       0.9697    0.3544            1
2013 10 08 30.0535 30.7627 30.4041      0.5861       0.5861    0.3470            1
2013 10 09 30.4386 31.1493 30.7893      0.9739       0.9739    0.3397            1
2013 10 10 30.0441 30.7564 30.3951      0.5822       0.5822    0.3325            1
2013 10 11 30.4369 31.1508 30.7881      0.9778       0.9778    0.3254            1
2013 10 12 30.0349 30.7505 30.3864      0.5786       0.5786    0.3183            1
2013 10 13 30.4348 31.1521 30.7867      0.9814       0.9814    0.3114            1
2013 10 14 30.0259 30.7449 30.3781      0.5753       0.5753    0.3046            1
2013 10 15 30.4325 31.1532 30.7851      0.9847       0.9847    0.2978            1
2013 10 16 30.0174 30.7398 30.3703      0.5724       0.5724    0.2911            1
2013 10 17 30.4297 31.1539 30.7831      0.9876       0.9876    0.2846            1
2013 10 18 30.0091 30.7350 30.3630      0.5698       0.5698    0.2781            1
2013 10 19 30.4266 31.1544 30.7810      0.9902       0.9902    0.2717            1
2013 10 20 30.0013 30.7309 30.3562      0.5677       0.5677    0.2655            1
2013 10 21 30.4230 31.1545 30.7785      0.9923       0.9923    0.2593            1
2013 10 22 29.9938 30.7271 30.3498      0.5659       0.5659    0.2532            1
2013 10 23 30.4191 31.1544 30.7757      0.9941       0.9941    0.2472            1
2013 10 24 29.9867 30.7238 30.3439      0.5645       0.5645    0.2413            1
2013 10 25 30.4148 31.1539 30.7727      0.9955       0.9955    0.2355            1
2013 10 26 29.9801 30.7211 30.3387      0.5636       0.5636    0.2298            1
2013 10 27 30.4100 31.1530 30.7693      0.9964       0.9964    0.2242            1
2013 10 28 29.9739 30.7189 30.3339      0.5631       0.5631    0.2187            1
2013 10 29 30.4049 31.1518 30.7657      0.9969       0.9969    0.2133            1
2013 10 30 29.9681 30.7171 30.3297      0.5630       0.5630    0.2080            1
2013 10 31 30.3993 31.1503 30.7617      0.9970       0.9970    0.2028            1
2013 11 01 29.9629 30.7160 30.3262      0.5634       0.5634    0.1976            1
2013 11 02 30.3933 31.1484 30.7574      0.9966       0.9966    0.1926            1
2013 11 03 29.9582 30.7154 30.3233      0.5643       0.5643    0.1877            1
2013 11 04 30.3869 31.1461 30.7528      0.9957       0.9957    0.1828            1
2013 11 05 29.9541 30.7154 30.3210      0.5657       0.5657    0.1781            1
2013 11 06 30.3799 31.1434 30.7478      0.9943       0.9943    0.1734            1
2013 11 07 29.9504 30.7160 30.3192      0.5675       0.5675    0.1688            1
2013 11 08 30.3727 31.1404 30.7425      0.9925       0.9925    0.1643            1
2013 11 09 29.9473 30.7172 30.3182      0.5699       0.5699    0.1599            1
2013 11 10 30.3648 31.1368 30.7368      0.9901       0.9901    0.1556            1
2013 11 11 29.9448 30.7189 30.3178      0.5727       0.5727    0.1514            1
2013 11 12 30.3567 31.1330 30.7309      0.9873       0.9873    0.1473            1
2013 11 13 29.9427 30.7212 30.3180      0.5760       0.5760    0.1432            1
2013 11 14 30.3481 31.1288 30.7246      0.9840       0.9840    0.1393            1
2013 11 15 29.9413 30.7242 30.3189      0.5798       0.5798    0.1354            1
2013 11 16 30.3391 31.1241 30.7179      0.9802       0.9802    0.1316            1
2013 11 17 29.9404 30.7277 30.3205      0.5841       0.5841    0.1279            1
2013 11 18 30.3297 31.1191 30.7110      0.9759       0.9759    0.1243            1
2013 11 19 29.9402 30.7318 30.3227      0.5889       0.5889    0.1207            1
2013 11 20 30.3199 31.1137 30.7037      0.9711       0.9711    0.1172            1
2013 11 21 29.9404 30.7364 30.3255      0.5941       0.5941    0.1138            1
2013 11 22 30.3097 31.1080 30.6962      0.9659       0.9659    0.1105            1
2013 11 23 29.9412 30.7416 30.3290      0.5998       0.5998    0.1073            1
2013 11 24 30.2992 31.1018 30.6884      0.9602       0.9602    0.1041            1
2013 11 25 29.9426 30.7475 30.3332      0.6060       0.6060    0.1010            1
2013 11 26 30.2883 31.0953 30.6802      0.9540       0.9540    0.0980            1
2013 11 27 29.9446 30.7538 30.3379      0.6126       0.6126    0.0951            1
2013 11 28 30.2771 31.0885 30.6718      0.9474       0.9474    0.0922            1
2013 11 29 29.9471 30.7607 30.3433      0.6197       0.6197    0.0894            1
2013 11 30 30.2655 31.0813 30.6631      0.9403       0.9403    0.0867            1
2013 12 01 29.9501 30.7681 30.3492      0.6271       0.6271    0.0840            1
2013 12 02 30.2537 31.0739 30.6543      0.9329       0.9329    0.0814            1
2013 12 03 29.9537 30.7760 30.3558      0.6350       0.6350    0.0789            1
2013 12 04 30.2416 31.0661 30.6452      0.9250       0.9250    0.0764            1
2013 12 05 29.9577 30.7844 30.3629      0.6432       0.6432    0.0740            1
2013 12 06 30.2293 31.0581 30.6360      0.9168       0.9168    0.0716            1
2013 12 07 29.9623 30.7932 30.3705      0.6518       0.6518    0.0694            1
2013 12 08 30.2167 31.0498 30.6265      0.9082       0.9082    0.0671            1
2013 12 09 29.9674 30.8026 30.3788      0.6608       0.6608    0.0650            1
2013 12 10 30.2039 31.0412 30.6169      0.8992       0.8992    0.0629            1
2013 12 11 29.9728 30.8123 30.3874      0.6700       0.6700    0.0608            1
2013 12 12 30.1910 31.0325 30.6072      0.8900       0.8900    0.0588            1
2013 12 13 29.9788 30.8224 30.3967      0.6796       0.6796    0.0569            1
2013 12 14 30.1779 31.0236 30.5974      0.8804       0.8804    0.0550            1
2013 12 15 29.9852 30.8329 30.4063      0.6894       0.6894    0.0532            1
2013 12 16 30.1647 31.0145 30.5875      0.8706       0.8706    0.0514            1
2013 12 17 29.9920 30.8438 30.4164      0.6995       0.6995    0.0497            1
2013 12 18 30.1514 31.0052 30.5775      0.8605       0.8605    0.0480            1
2013 12 19 29.9991 30.8550 30.4270      0.7098       0.7098    0.0464            1
2013 12 20 30.1380 30.9958 30.5675      0.8502       0.8502    0.0448            1
2013 12 21 30.0066 30.8663 30.4378      0.7202       0.7202    0.0432            1
2013 12 22 30.1248 30.9865 30.5576      0.8398       0.8398    0.0417            1
2013 12 23 30.0145 30.8781 30.4491      0.7309       0.7309    0.0403            1
2013 12 24 30.1114 30.9769 30.5476      0.8291       0.8291    0.0389            1
2013 12 25 30.0227 30.8901 30.4607      0.7417       0.7417    0.0375            1
2013 12 26 30.0980 30.9673 30.5377      0.8183       0.8183    0.0362            1
2013 12 27 30.0310 30.9021 30.4724      0.7525       0.7525    0.0349            1
2013 12 28 30.0849 30.9578 30.5280      0.8075       0.8075    0.0337            1
2013 12 29 30.0398 30.9145 30.4846      0.7635       0.7635    0.0325            1
2013 12 30 30.0717 30.9482 30.5183      0.7965       0.7965    0.0313            1
2013 12 31 30.0542 30.9325 30.5025      0.7800       0.7800    0.0302            1
2014 01 01 30.0732 30.9532 30.5232      0.8000       0.8000    0.0621            1
2014 01 02 30.0723 30.9540 30.5240      0.8000       0.8000    0.0641            1
2014 01 03 30.0824 30.9658 30.5359      0.8110       0.8110    0.0661            1
2014 01 04 30.0596 30.9446 30.5147      0.7890       0.7890    0.0681            1
2014 01 05 30.0918 30.9785 30.5487      0.8220       0.8220    0.0703            1
2014 01 06 30.0471 30.9354 30.5057      0.7780       0.7780    0.0724            1
2014 01 07 30.1013 30.9911 30.5616      0.8329       0.8329    0.0747            1
2014 01 08 30.0348 30.9263 30.4968      0.7671       0.7671    0.0770            1
2014 01 09 30.1108 31.0038 30.5746      0.8437       0.8437    0.0793            1
2014 01 10 30.0229 30.9174 30.4883      0.7563       0.7563    0.0817            1
2014 01 11 30.1206 31.0165 30.5877      0.8545       0.8545    0.0841            1
2014 01 12 30.0111 30.9085 30.4800      0.7455       0.7455    0.0867            1
2014 01 13 30.1302 31.0290 30.6007      0.8650       0.8650    0.0892            1
2014 01 14 29.9999 30.9001 30.4721      0.7350       0.7350    0.0918            1
2014 01 15 30.1400 31.0415 30.6138      0.8754       0.8754    0.0945            1
2014 01 16 29.9889 30.8918 30.4645      0.7246       0.7246    0.0973            1
2014 01 17 30.1497 31.0539 30.6269      0.8856       0.8856    0.1001            1
2014 01 18 29.9784 30.8838 30.4572      0.7144       0.7144    0.1029            1
2014 01 19 30.1593 31.0660 30.6398      0.8955       0.8955    0.1059            1
2014 01 20 29.9683 30.8762 30.4504      0.7045       0.7045    0.1089            1
2014 01 21 30.1690 31.0780 30.6527      0.9052       0.9052    0.1119            1
2014 01 22 29.9586 30.8688 30.4440      0.6948       0.6948    0.1150            1
2014 01 23 30.1785 31.0898 30.6655      0.9146       0.9146    0.1182            1
2014 01 24 29.9494 30.8618 30.4380      0.6854       0.6854    0.1215            1
2014 01 25 30.1879 31.1013 30.6781      0.9237       0.9237    0.1248            1
2014 01 26 29.9408 30.8552 30.4325      0.6763       0.6763    0.1282            1
2014 01 27 30.1972 31.1126 30.6905      0.9325       0.9325    0.1316            1
2014 01 28 29.9326 30.8489 30.4274      0.6675       0.6675    0.1351            1
2014 01 29 30.2064 31.1236 30.7027      0.9409       0.9409    0.1387            1
2014 01 30 29.9250 30.8431 30.4229      0.6591       0.6591    0.1424            1
2014 01 31 30.2154 31.1343 30.7147      0.9490       0.9490    0.1461            1
2014 02 01 29.9179 30.8376 30.4188      0.6510       0.6510    0.1499            1
2014 02 02 30.2242 31.1447 30.7265      0.9567       0.9567    0.1537            1
2014 02 03 29.9114 30.8326 30.4152      0.6433       0.6433    0.1577            1
2014 02 04 30.2327 31.1546 30.7379      0.9639       0.9639    0.1617            1
2014 02 05 29.9056 30.8282 30.4122      0.6361       0.6361    0.1657            1
2014 02 06 30.2409 31.1641 30.7490      0.9707       0.9707    0.1699            1
2014 02 07 29.9003 30.8241 30.4098      0.6293       0.6293    0.1741            1
2014 02 08 30.2490 31.1733 30.7599      0.9771       0.9771    0.1784            1
2014 02 09 29.8957 30.8206 30.4079      0.6229       0.6229    0.1827            1
2014 02 10 30.2569 31.1822 30.7704      0.9831       0.9831    0.1872            1
2014 02 11 29.8917 30.8174 30.4065      0.6169       0.6169    0.1916            1
2014 02 12 30.2643 31.1905 30.7805      0.9885       0.9885    0.1962            1
2014 02 13 29.8884 30.8149 30.4058      0.6115       0.6115    0.2009            1
2014 02 14 30.2716 31.1985 30.7903      0.9936       0.9936    0.2056            1
2014 02 15 29.8856 30.8127 30.4056      0.6064       0.6064    0.2103            1
2014 02 16 30.2785 31.2059 30.7997      0.9981       0.9981    0.2152            1
2014 02 17 29.8836 30.8112 30.4060      0.6019       0.6019    0.2201            1
2014 02 18 30.2851 31.2129 30.8087      1.0021       1.0021    0.2251            1
2014 02 19 29.8823 30.8102 30.4070      0.5979       0.5979    0.2302            1
2014 02 20 30.2915 31.2195 30.8173      1.0057       1.0057    0.2353            1
2014 02 21 29.8815 30.8096 30.4085      0.5943       0.5943    0.2405            1
2014 02 22 30.2975 31.2256 30.8255      1.0088       1.0088    0.2458            1
2014 02 23 29.8814 30.8095 30.4105      0.5912       0.5912    0.2511            1
2014 02 24 30.3032 31.2312 30.8333      1.0114       1.0114    0.2565            1
2014 02 25 29.8820 30.8099 30.4132      0.5886       0.5886    0.2620            1
2014 02 26 30.3084 31.2362 30.8406      1.0134       1.0134    0.2675            1
2014 02 27 29.8833 30.8109 30.4165      0.5866       0.5866    0.2731            1
2014 02 28 30.3136 31.2410 30.8476      1.0151       1.0151    0.2788            1
2014 03 01 29.8851 30.8123 30.4201      0.5849       0.5849    0.2845            1
2014 03 02 30.3182 31.2451 30.8541      1.0162       1.0162    0.2903            1
2014 03 03 29.8877 30.8142 30.4244      0.5838       0.5838    0.2962            1
2014 03 04 30.3225 31.2487 30.8601      1.0168       1.0168    0.3021            1
2014 03 05 29.8909 30.8167 30.4293      0.5832       0.5832    0.3081            1
2014 03 06 30.3266 31.2520 30.8658      1.0170       1.0170    0.3141            1
2014 03 07 29.8946 30.8195 30.4346      0.5830       0.5830    0.3202            1
2014 03 08 30.3303 31.2547 30.8710      1.0167       1.0167    0.3264            1
2014 03 09 29.8990 30.8228 30.4404      0.5833       0.5833    0.3326            1
2014 03 10 30.3338 31.2570 30.8759      1.0160       1.0160    0.3389            1
2014 03 11 29.9039 30.8265 30.4466      0.5840       0.5840    0.3452            1
2014 03 12 30.3369 31.2589 30.8803      1.0149       1.0149    0.3516            1
2014 03 13 29.9093 30.8306 30.4533      0.5851       0.5851    0.3580            1
2014 03 14 30.3398 31.2603 30.8843      1.0133       1.0133    0.3645            1
2014 03 15 29.9154 30.8352 30.4605      0.5867       0.5867    0.3710            1
2014 03 16 30.3423 31.2613 30.8879      1.0113       1.0113    0.3776            1
2014 03 17 29.9220 30.8402 30.4681      0.5887       0.5887    0.3842            1
2014 03 18 30.3445 31.2619 30.8911      1.0089       1.0089    0.3908            1
2014 03 19 29.9291 30.8455 30.4761      0.5911       0.5911    0.3975            1
2014 03 20 30.3466 31.2621 30.8940      1.0062       1.0062    0.4043            1
2014 03 21 29.9366 30.8511 30.4844      0.5938       0.5938    0.4110            1
2014 03 22 30.3483 31.2619 30.8965      1.0031       1.0031    0.4178            1
2014 03 23 29.9446 30.8571 30.4931      0.5969       0.5969    0.4247            1
2014 03 24 30.3498 31.2612 30.8985      0.9996       0.9996    0.4315            1
2014 03 25 29.9531 30.8634 30.5021      0.6004       0.6004    0.4384            1
2014 03 26 30.3512 31.2603 30.9004      0.9959       0.9959    0.4454            1
2014 03 27 29.9619 30.8699 30.5113      0.6041       0.6041    0.4523            1
2014 03 28 30.3522 31.2590 30.9018      0.9918       0.9918    0.4593            1
2014 03 29 29.9712 30.8768 30.5209      0.6082       0.6082    0.4663            1
2014 03 30 30.3531 31.2574 30.9030      0.9875       0.9875    0.4733            1
2014 03 31 29.9808 30.8838 30.5307      0.6125       0.6125    0.4803            1
2014 04 01 30.3539 31.2556 30.9039      0.9830       0.9830    0.4873            1
2014 04 02 29.9906 30.8909 30.5406      0.6170       0.6170    0.4944            1
2014 04 03 30.3545 31.2534 30.9045      0.9782       0.9782    0.5014            1
2014 04 04 30.0008 30.8983 30.5507      0.6218       0.6218    0.5085            1
2014 04 05 30.3549 31.2510 30.9048      0.9732       0.9732    0.5156            1
2014 04 06 30.0113 30.9059 30.5610      0.6268       0.6268    0.5226            1
2014 04 07 30.3552 31.2483 30.9049      0.9680       0.9680    0.5297            1
2014 04 08 30.0220 30.9136 30.5715      0.6320       0.6320    0.5367            1
2014 04 09 30.3554 31.2455 30.9048      0.9627       0.9627    0.5438            1
2014 04 10 30.0328 30.9213 30.5819      0.6373       0.6373    0.5508            1
2014 04 11 30.3555 31.2424 30.9044      0.9572       0.9572    0.5578            1
2014 04 12 30.0439 30.9292 30.5925      0.6428       0.6428    0.5648            1
2014 04 13 30.3555 31.2391 30.9038      0.9516       0.9516    0.5718            1
2014 04 14 30.0552 30.9371 30.6031      0.6484       0.6484    0.5788            1
2014 04 15 30.3555 31.2357 30.9031      0.9459       0.9459    0.5857            1
2014 04 16 30.0665 30.9450 30.6137      0.6541       0.6541    0.5926            1
2014 04 17 30.3555 31.2322 30.9023      0.9402       0.9402    0.5995            1
2014 04 18 30.0779 30.9528 30.6243      0.6598       0.6598    0.6064            1
2014 04 19 30.3554 31.2285 30.9012      0.9344       0.9344    0.6132            1
2014 04 20 30.0894 30.9607 30.6348      0.6656       0.6656    0.6199            1
2014 04 21 30.3553 31.2247 30.9001      0.9286       0.9286    0.6267            1
2014 04 22 30.1009 30.9685 30.6452      0.6714       0.6714    0.6333            1
2014 04 23 30.3552 31.2209 30.8988      0.9228       0.9228    0.6400            1
2014 04 24 30.1124 30.9762 30.6555      0.6772       0.6772    0.6465            1
2014 04 25 30.3551 31.2169 30.8975      0.9170       0.9170    0.6531            1
2014 04 26 30.1239 30.9839 30.6657      0.6830       0.6830    0.6595            1
2014 04 27 30.3549 31.2129 30.8960      0.9112       0.9112    0.6659            1
2014 04 28 30.1354 30.9914 30.6757      0.6888       0.6888    0.6723            1
2014 04 29 30.3549 31.2089 30.8945      0.9055       0.9055    0.6786            1
2014 04 30 30.1467 30.9988 30.6855      0.6945       0.6945    0.6848            1
2014 05 01 30.3550 31.2050 30.8930      0.8999       0.8999    0.6909            1
2014 05 02 30.1580 31.0059 30.6951      0.7001       0.7001    0.6969            1
2014 05 03 30.3550 31.2009 30.8913      0.8943       0.8943    0.7029            1
2014 05 04 30.1692 31.0130 30.7046      0.7057       0.7057    0.7088            1
2014 05 05 30.3552 31.1969 30.8897      0.8889       0.8889    0.7146            1
2014 05 06 30.1801 31.0198 30.7137      0.7111       0.7111    0.7203            1
2014 05 07 30.3554 31.1930 30.8880      0.8836       0.8836    0.7260            1
2014 05 08 30.1909 31.0264 30.7226      0.7164       0.7164    0.7315            1
2014 05 09 30.3557 31.1890 30.8863      0.8784       0.8784    0.7370            1
2014 05 10 30.2016 31.0328 30.7312      0.7216       0.7216    0.7423            1
2014 05 11 30.3561 31.1852 30.8847      0.8734       0.8734    0.7475            1
2014 05 12 30.2120 31.0389 30.7395      0.7266       0.7266    0.7527            1
2014 05 13 30.3566 31.1813 30.8830      0.8685       0.8685    0.7577            1
2014 05 14 30.2222 31.0448 30.7475      0.7315       0.7315    0.7626            1
2014 05 15 30.3572 31.1776 30.8813      0.8638       0.8638    0.7674            1
2014 05 16 30.2322 31.0504 30.7551      0.7362       0.7362    0.7721            1
2014 05 17 30.3578 31.1739 30.8796      0.8592       0.8592    0.7767            1
2014 05 18 30.2420 31.0558 30.7625      0.7408       0.7408    0.7812            1
2014 05 19 30.3585 31.1702 30.8779      0.8548       0.8548    0.7855            1
2014 05 20 30.2515 31.0609 30.7695      0.7452       0.7452    0.7897            1
2014 05 21 30.3595 31.1668 30.8763      0.8507       0.8507    0.7938            1
2014 05 22 30.2606 31.0657 30.7761      0.7493       0.7493    0.7978            1
2014 05 23 30.3604 31.1633 30.8746      0.8467       0.8467    0.8016            1
2014 05 24 30.2695 31.0702 30.7824      0.7533       0.7533    0.8053            1
2014 05 25 30.3614 31.1599 30.8729      0.8428       0.8428    0.8088            1
2014 05 26 30.2782 31.0744 30.7883      0.7572       0.7572    0.8123            1
2014 05 27 30.3625 31.1566 30.8713      0.8392       0.8392    0.8155            1
2014 05 28 30.2865 31.0783 30.7939      0.7608       0.7608    0.8187            1
2014 05 29 30.3638 31.1534 30.8697      0.8358       0.8358    0.8217            1
2014 05 30 30.2945 31.0819 30.7990      0.7642       0.7642    0.8245            1
2014 05 31 30.3651 31.1504 30.8682      0.8326       0.8326    0.8273            1
2014 06 01 30.3021 31.0852 30.8037      0.7674       0.7674    0.8298            1
2014 06 02 30.3664 31.1473 30.8665      0.8295       0.8295    0.8322            1
2014 06 03 30.3096 31.0883 30.8082      0.7705       0.7705    0.8345            1
2014 06 04 30.3678 31.1443 30.8649      0.8266       0.8266    0.8366            1
2014 06 05 30.3167 31.0911 30.8123      0.7734       0.7734    0.8386            1
2014 06 06 30.3692 31.1415 30.8633      0.8239       0.8239    0.8404            1
2014 06 07 30.3234 31.0935 30.8159      0.7761       0.7761    0.8421            1
2014 06 08 30.3707 31.1387 30.8617      0.8214       0.8214    0.8436            1
2014 06 09 30.3299 31.0957 30.8192      0.7786       0.7786    0.8449            1
2014 06 10 30.3722 31.1359 30.8600      0.8190       0.8190    0.8461            1
2014 06 11 30.3361 31.0977 30.8222      0.7810       0.7810    0.8471            1
2014 06 12 30.3737 31.1332 30.8583      0.8168       0.8168    0.8480            1
2014 06 13 30.3419 31.0993 30.8248      0.7832       0.7832    0.8487            1
2014 06 14 30.3752 31.1305 30.8565      0.8147       0.8147    0.8493            1
2014 06 15 30.3475 31.1008 30.8272      0.7853       0.7853    0.8497            1
2014 06 16 30.3767 31.1279 30.8547      0.8128       0.8128    0.8499            1
2014 06 17 30.3527 31.1019 30.8291      0.7872       0.7872    0.8500            1
2014 06 18 30.3781 31.1253 30.8528      0.8110       0.8110    0.8499            1
2014 06 19 30.3577 31.1029 30.8307      0.7890       0.7890    0.8497            1
2014 06 20 30.3794 31.1226 30.8508      0.8092       0.8092    0.8493            1
2014 06 21 30.3625 31.1037 30.8322      0.7908       0.7908    0.8487            1
2014 06 22 30.3807 31.1200 30.8487      0.8076       0.8076    0.8480            1
2014 06 23 30.3669 31.1043 30.8332      0.7924       0.7924    0.8471            1
2014 06 24 30.3820 31.1174 30.8466      0.8061       0.8061    0.8461            1
2014 06 25 30.3711 31.1046 30.8340      0.7939       0.7939    0.8449            1
2014 06 26 30.3831 31.1147 30.8442      0.8046       0.8046    0.8436            1
2014 06 27 30.3751 31.1049 30.8345      0.7954       0.7954    0.8421            1
2014 06 28 30.3839 31.1119 30.8417      0.8031       0.8031    0.8404            1
2014 06 29 30.3789 31.1050 30.8349      0.7969       0.7969    0.8386            1
2014 06 30 30.3848 31.1091 30.8391      0.8017       0.8017    0.8366            1
2014 07 01 30.3824 31.1050 30.8350      0.7983       0.7983    0.8345            1
2014 07 02 30.3854 31.1063 30.8363      0.8003       0.8003    0.8322            1
2014 07 03 30.3858 31.1049 30.8349      0.7997       0.7997    0.8298            1
2014 07 04 30.3860 31.1034 30.8334      0.7990       0.7990    0.8273            1
2014 07 05 30.3888 31.1046 30.8345      0.8010       0.8010    0.8245            1
2014 07 06 30.3862 31.1003 30.8302      0.7976       0.7976    0.8217            1
2014 07 07 30.3918 31.1043 30.8340      0.8024       0.8024    0.8187            1
2014 07 08 30.3863 31.0972 30.8268      0.7962       0.7962    0.8155            1
2014 07 09 30.3946 31.1039 30.8334      0.8038       0.8038    0.8123            1
2014 07 10 30.3861 31.0939 30.8232      0.7947       0.7947    0.8088            1
2014 07 11 30.3973 31.1035 30.8327      0.8053       0.8053    0.8053            1
2014 07 12 30.3857 31.0905 30.8194      0.7932       0.7932    0.8016            1
2014 07 13 30.3998 31.1031 30.8318      0.8068       0.8068    0.7978            1
2014 07 14 30.3850 31.0869 30.8153      0.7916       0.7916    0.7938            1
2014 07 15 30.4022 31.1026 30.8308      0.8084       0.8084    0.7897            1
2014 07 16 30.3840 31.0831 30.8110      0.7899       0.7899    0.7855            1
2014 07 17 30.4045 31.1022 30.8298      0.8101       0.8101    0.7812            1
2014 07 18 30.3827 31.0792 30.8063      0.7881       0.7881    0.7767            1
2014 07 19 30.4067 31.1019 30.8287      0.8119       0.8119    0.7721            1
2014 07 20 30.3812 31.0751 30.8015      0.7863       0.7863    0.7674            1
2014 07 21 30.4087 31.1014 30.8274      0.8137       0.8137    0.7626            1
2014 07 22 30.3792 31.0708 30.7963      0.7842       0.7842    0.7577            1
2014 07 23 30.4108 31.1012 30.8263      0.8158       0.8158    0.7527            1
2014 07 24 30.3771 31.0663 30.7909      0.7821       0.7821    0.7475            1
2014 07 25 30.4127 31.1009 30.8250      0.8179       0.8179    0.7423            1
2014 07 26 30.3745 31.0616 30.7851      0.7798       0.7798    0.7370            1
2014 07 27 30.4147 31.1007 30.8237      0.8202       0.8202    0.7315            1
2014 07 28 30.3716 31.0567 30.7791      0.7774       0.7774    0.7260            1
2014 07 29 30.4165 31.1006 30.8224      0.8226       0.8226    0.7203            1
2014 07 30 30.3682 31.0515 30.7727      0.7747       0.7747    0.7146            1
2014 07 31 30.4184 31.1008 30.8213      0.8253       0.8253    0.7088            1
2014 08 01 30.3647 31.0462 30.7661      0.7720       0.7720    0.7029            1
2014 08 02 30.4202 31.1008 30.8201      0.8280       0.8280    0.6969            1
2014 08 03 30.3606 31.0405 30.7590      0.7690       0.7690    0.6909            1
2014 08 04 30.4220 31.1012 30.8190      0.8310       0.8310    0.6848            1
2014 08 05 30.3562 31.0346 30.7517      0.7658       0.7658    0.6786            1
2014 08 06 30.4239 31.1016 30.8179      0.8342       0.8342    0.6723            1
2014 08 07 30.3515 31.0286 30.7441      0.7625       0.7625    0.6659            1
2014 08 08 30.4257 31.1022 30.8169      0.8375       0.8375    0.6595            1
2014 08 09 30.3463 31.0223 30.7362      0.7590       0.7590    0.6531            1
2014 08 10 30.4274 31.1029 30.8159      0.8410       0.8410    0.6465            1
2014 08 11 30.3408 31.0157 30.7279      0.7553       0.7553    0.6400            1
2014 08 12 30.4292 31.1037 30.8150      0.8447       0.8447    0.6333            1
2014 08 13 30.3349 31.0090 30.7194      0.7514       0.7514    0.6267            1
2014 08 14 30.4311 31.1047 30.8142      0.8486       0.8486    0.6199            1
2014 08 15 30.3286 31.0020 30.7106      0.7473       0.7473    0.6132            1
2014 08 16 30.4329 31.1059 30.8136      0.8527       0.8527    0.6064            1
2014 08 17 30.3220 30.9947 30.7014      0.7430       0.7430    0.5995            1
2014 08 18 30.4347 31.1073 30.8130      0.8570       0.8570    0.5926            1
2014 08 19 30.3149 30.9873 30.6920      0.7385       0.7385    0.5857            1
2014 08 20 30.4366 31.1088 30.8125      0.8615       0.8615    0.5788            1
2014 08 21 30.3076 30.9797 30.6824      0.7339       0.7339    0.5718            1
2014 08 22 30.4384 31.1104 30.8120      0.8661       0.8661    0.5648            1
2014 08 23 30.2999 30.9719 30.6725      0.7291       0.7291    0.5578            1
2014 08 24 30.4402 31.1122 30.8117      0.8709       0.8709    0.5508            1
2014 08 25 30.2919 30.9639 30.6623      0.7241       0.7241    0.5438            1
2014 08 26 30.4421 31.1142 30.8115      0.8759       0.8759    0.5367            1
2014 08 27 30.2836 30.9557 30.6519      0.7190       0.7190    0.5297            1
2014 08 28 30.4439 31.1162 30.8113      0.8810       0.8810    0.5226            1
2014 08 29 30.2750 30.9475 30.6414      0.7138       0.7138    0.5156            1
2014 08 30 30.4457 31.1184 30.8111      0.8862       0.8862    0.5085            1
2014 08 31 30.2661 30.9391 30.6306      0.7084       0.7084    0.5014            1
2014 09 01 30.4475 31.1207 30.8111      0.8916       0.8916    0.4944            1
2014 09 02 30.2569 30.9305 30.6197      0.7029       0.7029    0.4873            1
2014 09 03 30.4492 31.1232 30.8112      0.8971       0.8971    0.4803            1
2014 09 04 30.2475 30.9219 30.6087      0.6973       0.6973    0.4733            1
2014 09 05 30.4509 31.1258 30.8113      0.9027       0.9027    0.4663            1
2014 09 06 30.2378 30.9131 30.5975      0.6916       0.6916    0.4593            1
2014 09 07 30.4526 31.1284 30.8115      0.9084       0.9084    0.4523            1
2014 09 08 30.2280 30.9044 30.5862      0.6859       0.6859    0.4454            1
2014 09 09 30.4541 31.1311 30.8116      0.9141       0.9141    0.4384            1
2014 09 10 30.2179 30.8956 30.5749      0.6801       0.6801    0.4315            1
2014 09 11 30.4556 31.1339 30.8119      0.9199       0.9199    0.4247            1
2014 09 12 30.2078 30.8868 30.5635      0.6743       0.6743    0.4178            1
2014 09 13 30.4569 31.1367 30.8121      0.9257       0.9257    0.4110            1
2014 09 14 30.1975 30.8780 30.5521      0.6685       0.6685    0.4043            1
2014 09 15 30.4582 31.1395 30.8123      0.9315       0.9315    0.3975            1
2014 09 16 30.1870 30.8693 30.5407      0.6627       0.6627    0.3908            1
2014 09 17 30.4593 31.1424 30.8125      0.9373       0.9373    0.3842            1
2014 09 18 30.1765 30.8605 30.5293      0.6569       0.6569    0.3776            1
2014 09 19 30.4603 31.1453 30.8127      0.9431       0.9431    0.3710            1
2014 09 20 30.1660 30.8520 30.5180      0.6512       0.6512    0.3645            1
2014 09 21 30.4611 31.1481 30.8128      0.9488       0.9488    0.3580            1
2014 09 22 30.1555 30.8435 30.5069      0.6456       0.6456    0.3516            1
2014 09 23 30.4617 31.1509 30.8129      0.9544       0.9544    0.3452            1
2014 09 24 30.1449 30.8352 30.4958      0.6401       0.6401    0.3389            1
2014 09 25 30.4622 31.1536 30.8128      0.9599       0.9599    0.3326            1
2014 09 26 30.1343 30.8269 30.4848      0.6346       0.6346    0.3264            1
2014 09 27 30.4625 31.1563 30.8128      0.9654       0.9654    0.3202            1
2014 09 28 30.1239 30.8189 30.4741      0.6294       0.6294    0.3141            1
2014 09 29 30.4625 31.1588 30.8126      0.9706       0.9706    0.3081            1
2014 09 30 30.1135 30.8111 30.4636      0.6243       0.6243    0.3021            1
2014 10 01 30.4622 31.1612 30.8123      0.9757       0.9757    0.2962            1
2014 10 02 30.1033 30.8036 30.4533      0.6194       0.6194    0.2903            1
2014 10 03 30.4618 31.1635 30.8118      0.9806       0.9806    0.2845            1
2014 10 04 30.0931 30.7963 30.4432      0.6147       0.6147    0.2788            1
2014 10 05 30.4610 31.1656 30.8112      0.9853       0.9853    0.2731            1
2014 10 06 30.0833 30.7894 30.4335      0.6103       0.6103    0.2675            1
2014 10 07 30.4599 31.1675 30.8103      0.9897       0.9897    0.2620            1
2014 10 08 30.0735 30.7827 30.4241      0.6061       0.6061    0.2565            1
2014 10 09 30.4586 31.1693 30.8093      0.9939       0.9939    0.2511            1
2014 10 10 30.0641 30.7764 30.4151      0.6022       0.6022    0.2458            1
2014 10 11 30.4569 31.1708 30.8081      0.9978       0.9978    0.2405            1
2014 10 12 30.0549 30.7705 30.4064      0.5986       0.5986    0.2353            1
2014 10 13 30.4548 31.1721 30.8067      1.0014       1.0014    0.2302            1
2014 10 14 30.0459 30.7649 30.3981      0.5953       0.5953    0.2251            1
2014 10 15 30.4525 31.1732 30.8051      1.0047       1.0047    0.2201            1
2014 10 16 30.0374 30.7598 30.3903      0.5924       0.5924    0.2152            1
2014 10 17 30.4497 31.1739 30.8031      1.0076       1.0076    0.2103            1
2014 10 18 30.0291 30.7550 30.3830      0.5898       0.5898    0.2056            1
2014 10 19 30.4466 31.1744 30.8010      1.0102       1.0102    0.2009            1
2014 10 20 30.0213 30.7509 30.3762      0.5877       0.5877    0.1962            1
2014 10 21 30.4430 31.1745 30.7985      1.0123       1.0123    0.1916            1
2014 10 22 30.0138 30.7471 30.3698      0.5859       0.5859    0.1872            1
2014 10 23 30.4391 31.1744 30.7957      1.0141       1.0141    0.1827            1
2014 10 24 30.0067 30.7438 30.3639      0.5845       0.5845    0.1784            1
2014 10 25 30.4348 31.1739 30.7927      1.0155       1.0155    0.1741            1
2014 10 26 30.0001 30.7411 30.3587      0.5836       0.5836    0.1699            1
2014 10 27 30.4300 31.1730 30.7893      1.0164       1.0164    0.1657            1
2014 10 28 29.9939 30.7389 30.3539      0.5831       0.5831    0.1617            1
2014 10 29 30.4249 31.1718 30.7857      1.0169       1.0169    0.1577            1
2014 10 30 29.9881 30.7371 30.3497      0.5830       0.5830    0.1537            1
2014 10 31 30.4193 31.1703 30.7817      1.0170       1.0170    0.1499            1
2014 11 01 29.9829 30.7360 30.3462      0.5834       0.5834    0.1461            1
2014 11 02 30.4133 31.1684 30.7774      1.0166       1.0166    0.1424            1
2014 11 03 29.9782 30.7354 30.3433      0.5843       0.5843    0.1387            1
2014 11 04 30.4069 31.1661 30.7728      1.0157       1.0157    0.1351            1
2014 11 05 29.9741 30.7354 30.3410      0.5857       0.5857    0.1316            1
2014 11 06 30.3999 31.1634 30.7678      1.0143       1.0143    0.1282            1
2014 11 07 29.9704 30.7360 30.3392      0.5875       0.5875    0.1248            1
2014 11 08 30.3927 31.1604 30.7625      1.0125       1.0125    0.1215            1
2014 11 09 29.9673 30.7372 30.3382      0.5899       0.5899    0.1182            1
2014 11 10 30.3848 31.1568 30.7568      1.0101       1.0101    0.1150            1
2014 11 11 29.9648 30.7389 30.3378      0.5927       0.5927    0.1119            1
2014 11 12 30.3767 31.1530 30.7509      1.0073       1.0073    0.1089            1
2014 11 13 29.9627 30.7412 30.3380      0.5960       0.5960    0.1059            1
2014 11 14 30.3681 31.1488 30.7446      1.0040       1.0040    0.1029            1
2014 11 15 29.9613 30.7442 30.3389      0.5998       0.5998    0.1001            1
2014 11 16 30.3591 31.1441 30.7379      1.0002       1.0002    0.0973            1
2014 11 17 29.9604 30.7477 30.3405      0.6041       0.6041    0.0945            1
2014 11 18 30.3497 31.1391 30.7310      0.9959       0.9959    0.0918            1
2014 11 19 29.9602 30.7518 30.3427      0.6089       0.6089    0.0892            1
2014 11 20 30.3399 31.1337 30.7237      0.9911       0.9911    0.0867            1
2014 11 21 29.9604 30.7564 30.3455      0.6141       0.6141    0.0841            1
2014 11 22 30.3297 31.1280 30.7162      0.9859       0.9859    0.0817            1
2014 11 23 29.9612 30.7616 30.3490      0.6198       0.6198    0.0793            1
2014 11 24 30.3192 31.1218 30.7084      0.9802       0.9802    0.0770            1
2014 11 25 29.9626 30.7675 30.3532      0.6260       0.6260    0.0747            1
2014 11 26 30.3083 31.1153 30.7002      0.9740       0.9740    0.0724            1
2014 11 27 29.9646 30.7738 30.3579      0.6326       0.6326    0.0703            1
2014 11 28 30.2971 31.1085 30.6918      0.9674       0.9674    0.0681            1
2014 11 29 29.9671 30.7807 30.3633      0.6397       0.6397    0.0661            1
2014 11 30 30.2855 31.1013 30.6831      0.9603       0.9603    0.0641            1
2014 12 01 29.9701 30.7881 30.3692      0.6471       0.6471    0.0621            1
2014 12 02 30.2737 31.0939 30.6743      0.9529       0.9529    0.0602            1
2014 12 03 29.9737 30.7960 30.3758      0.6550       0.6550    0.0583            1
2014 12 04 30.2616 31.0861 30.6652      0.9450       0.9450    0.0565            1
2014 12 05 29.9777 30.8044 30.3829      0.6632       0.6632    0.0547            1
2014 12 06 30.2493 31.0781 30.6560      0.9368       0.9368    0.0530            1
2014 12 07 29.9823 30.8132 30.3905      0.6718       0.6718    0.0513            1
2014 12 08 30.2367 31.0698 30.6465      0.9282       0.9282    0.0496            1
2014 12 09 29.9874 30.8226 30.3988      0.6808       0.6808    0.0480            1
2014 12 10 30.2239 31.0612 30.6369      0.9192       0.9192    0.0465            1
2014 12 11 29.9928 30.8323 30.4074      0.6900       0.6900    0.0450            1
2014 12 12 30.2110 31.0525 30.6272      0.9100       0.9100    0.0435            1
2014 12 13 29.9988 30.8424 30.4167      0.6996       0.6996    0.0421            1
2014 12 14 30.1979 31.0436 30.6174      0.9004       0.9004    0.0407            1
2014 12 15 30.0052 30.8529 30.4263      0.7094       0.7094    0.0393            1
2014 12 16 30.1847 31.0345 30.6075      0.8906       0.8906    0.0380            1
2014 12 17 30.0120 30.8638 30.4364      0.7195       0.7195    0.0367            1
2014 12 18 30.1714 31.0252 30.5975      0.8805       0.8805    0.0355            1
2014 12 19 30.0191 30.8750 30.4470      0.7298       0.7298    0.0343            1
2014 12 20 30.1580 31.0158 30.5875      0.8702       0.8702    0.0331            1
2014 12 21 30.0266 30.8863 30.4578      0.7402       0.7402    0.0320            1
2014 12 22 30.1448 31.0065 30.5776      0.8598       0.8598    0.0308            1
2014 12 23 30.0345 30.8981 30.4691      0.7509       0.7509    0.0000            1
2014 12 24 30.1314 30.9969 30.5676      0.8491       0.8491    0.0000            1
2014 12 25 30.0427 30.9101 30.4807      0.7617       0.7617    0.0000            1
2014 12 26 30.1180 30.9873 30.5577      0.8383       0.8383    0.0000            1
2014 12 27 30.0510 30.9221 30.4924      0.7725       0.7725    0.0000            1
2014 12 28 30.1049 30.9778 30.5480      0.8275       0.8275    0.0000            1
2014 12 29 30.0598 30.9345 30.5046      0.7835       0.7835    0.0000            1
2014 12 30 30.0917 30.9682 30.5383      0.8165       0.8165    0.0000            1
2014 12 31 30.0742 30.9525 30.5225      0.8000       0.8000    0.0000            1
2015 01 01 30.0632 30.9432 30.5132      0.7900       0.7900    0.0855            1
2015 01 02 30.0623 30.9440 30.5140      0.7900       0.7900    0.0882            1
2015 01 03 30.0724 30.9558 30.5259      0.8010       0.8010    0.0910            1
2015 01 04 30.0496 30.9346 30.5047      0.7790       0.7790    0.0938            1
2015 01 05 30.0818 30.9685 30.5387      0.8120       0.8120    0.0967            1
2015 01 06 30.0371 30.9254 30.4957      0.7680       0.7680    0.0997            1
2015 01 07 30.0913 30.9811 30.5516      0.8229       0.8229    0.1028            1
2015 01 08 30.0248 30.9163 30.4868      0.7571       0.7571    0.1059            1
2015 01 09 30.1008 30.9938 30.5646      0.8337       0.8337    0.1092            1
2015 01 10 30.0129 30.9074 30.4783      0.7463       0.7463    0.1124            1
2015 01 11 30.1106 31.0065 30.5777      0.8445       0.8445    0.1158            1
2015 01 12 30.0011 30.8985 30.4700      0.7355       0.7355    0.1193            1
2015 01 13 30.1202 31.0190 30.5907      0.8550       0.8550    0.1228            1
2015 01 14 29.9899 30.8901 30.4621      0.7250       0.7250    0.1264            1
2015 01 15 30.1300 31.0315 30.6038      0.8654       0.8654    0.1301            1
2015 01 16 29.9789 30.8818 30.4545      0.7146       0.7146    0.1339            1
2015 01 17 30.1397 31.0439 30.6169      0.8756       0.8756    0.1377            1
2015 01 18 29.9684 30.8738 30.4472      0.7044       0.7044    0.1417            1
2015 01 19 30.1493 31.0560 30.6298      0.8855       0.8855    0.1457            1
2015 01 20 29.9583 30.8662 30.4404      0.6945       0.6945    0.1498            1
2015 01 21 30.1590 31.0680 30.6427      0.8952       0.8952    0.1540            1
2015 01 22 29.9486 30.8588 30.4340      0.6848       0.6848    0.1583            1
2015 01 23 30.1685 31.0798 30.6555      0.9046       0.9046    0.1627            1
2015 01 24 29.9394 30.8518 30.4280      0.6754       0.6754    0.1672            1
2015 01 25 30.1779 31.0913 30.6681      0.9137       0.9137    0.1718            1
2015 01 26 29.9308 30.8452 30.4225      0.6663       0.6663    0.1764            1
2015 01 27 30.1872 31.1026 30.6805      0.9225       0.9225    0.1812            1
2015 01 28 29.9226 30.8389 30.4174      0.6575       0.6575    0.1860            1
2015 01 29 30.1964 31.1136 30.6927      0.9309       0.9309    0.1909            1
2015 01 30 29.9150 30.8331 30.4129      0.6491       0.6491    0.1960            1
2015 01 31 30.2054 31.1243 30.7047      0.9390       0.9390    0.2011            1
2015 02 01 29.9079 30.8276 30.4088      0.6410       0.6410    0.2063            1
2015 02 02 30.2142 31.1347 30.7165      0.9467       0.9467    0.2116            1
2015 02 03 29.9014 30.8226 30.4052      0.6333       0.6333    0.2170            1
2015 02 04 30.2227 31.1446 30.7279      0.9539       0.9539    0.2225            1
2015 02 05 29.8956 30.8182 30.4022      0.6261       0.6261    0.2281            1
2015 02 06 30.2309 31.1541 30.7390      0.9607       0.9607    0.2338            1
2015 02 07 29.8903 30.8141 30.3998      0.6193       0.6193    0.2396            1
2015 02 08 30.2390 31.1633 30.7499      0.9671       0.9671    0.2455            1
2015 02 09 29.8857 30.8106 30.3979      0.6129       0.6129    0.2515            1
2015 02 10 30.2469 31.1722 30.7604      0.9731       0.9731    0.2576            1
2015 02 11 29.8817 30.8074 30.3965      0.6069       0.6069    0.2638            1
2015 02 12 30.2543 31.1805 30.7705      0.9785       0.9785    0.2701            1
2015 02 13 29.8784 30.8049 30.3958      0.6015       0.6015    0.2765            1
2015 02 14 30.2616 31.1885 30.7803      0.9836       0.9836    0.2829            1
2015 02 15 29.8756 30.8027 30.3956      0.5964       0.5964    0.2895            1
2015 02 16 30.2685 31.1959 30.7897      0.9881       0.9881    0.2962            1
2015 02 17 29.8736 30.8012 30.3960      0.5919       0.5919    0.3030            1
2015 02 18 30.2751 31.2029 30.7987      0.9921       0.9921    0.3098            1
2015 02 19 29.8723 30.8002 30.3970      0.5879       0.5879    0.3168            1
2015 02 20 30.2815 31.2095 30.8073      0.9957       0.9957    0.3239            1
2015 02 21 29.8715 30.7996 30.3985      0.5843       0.5843    0.3310            1
2015 02 22 30.2875 31.2156 30.8155      0.9988       0.9988    0.3383            1
2015 02 23 29.8714 30.7995 30.4005      0.5812       0.5812    0.3456            1
2015 02 24 30.2932 31.2212 30.8233      1.0014       1.0014    0.3531            1
2015 02 25 29.8720 30.7999 30.4032      0.5786       0.5786    0.3606            1
2015 02 26 30.2984 31.2262 30.8306      1.0034       1.0034    0.3682            1
2015 02 27 29.8733 30.8009 30.4065      0.5766       0.5766    0.3760            1
2015 02 28 30.3036 31.2310 30.8376      1.0051       1.0051    0.3838            1
2015 03 01 29.8751 30.8023 30.4101      0.5749       0.5749    0.3917            1
2015 03 02 30.3082 31.2351 30.8441      1.0062       1.0062    0.3996            1
2015 03 03 29.8777 30.8042 30.4144      0.5738       0.5738    0.4077            1
2015 03 04 30.3125 31.2387 30.8501      1.0068       1.0068    0.4159            1
2015 03 05 29.8809 30.8067 30.4193      0.5732       0.5732    0.4241            1
2015 03 06 30.3166 31.2420 30.8558      1.0070       1.0070    0.4324            1
2015 03 07 29.8846 30.8095 30.4246      0.5730       0.5730    0.4408            1
2015 03 08 30.3203 31.2447 30.8610      1.0067       1.0067    0.4493            1
2015 03 09 29.8890 30.8128 30.4304      0.5733       0.5733    0.4578            1
2015 03 10 30.3238 31.2470 30.8659      1.0060       1.0060    0.4665            1
2015 03 11 29.8939 30.8165 30.4366      0.5740       0.5740    0.4752            1
2015 03 12 30.3269 31.2489 30.8703      1.0049       1.0049    0.4839            1
2015 03 13 29.8993 30.8206 30.4433      0.5751       0.5751    0.4928            1
2015 03 14 30.3298 31.2503 30.8743      1.0033       1.0033    0.5017            1
2015 03 15 29.9054 30.8252 30.4505      0.5767       0.5767    0.5107            1
2015 03 16 30.3323 31.2513 30.8779      1.0013       1.0013    0.5197            1
2015 03 17 29.9120 30.8302 30.4581      0.5787       0.5787    0.5288            1
2015 03 18 30.3345 31.2519 30.8811      0.9989       0.9989    0.5380            1
2015 03 19 29.9191 30.8355 30.4661      0.5811       0.5811    0.5472            1
2015 03 20 30.3366 31.2521 30.8840      0.9962       0.9962    0.5564            1
2015 03 21 29.9266 30.8411 30.4744      0.5838       0.5838    0.5658            1
2015 03 22 30.3383 31.2519 30.8865      0.9931       0.9931    0.5751            1
2015 03 23 29.9346 30.8471 30.4831      0.5869       0.5869    0.5845            1
2015 03 24 30.3398 31.2512 30.8885      0.9896       0.9896    0.5940            1
2015 03 25 29.9431 30.8534 30.4921      0.5904       0.5904    0.6035            1
2015 03 26 30.3412 31.2503 30.8904      0.9859       0.9859    0.6130            1
2015 03 27 29.9519 30.8599 30.5013      0.5941       0.5941    0.6226            1
2015 03 28 30.3422 31.2490 30.8918      0.9818       0.9818    0.6322            1
2015 03 29 29.9612 30.8668 30.5109      0.5982       0.5982    0.6418            1
2015 03 30 30.3431 31.2474 30.8930      0.9775       0.9775    0.6514            1
2015 03 31 29.9708 30.8738 30.5207      0.6025       0.6025    0.6611            1
2015 04 01 30.3439 31.2456 30.8939      0.9730       0.9730    0.6708            1
2015 04 02 29.9806 30.8809 30.5306      0.6070       0.6070    0.6805            1
2015 04 03 30.3445 31.2434 30.8945      0.9682       0.9682    0.6902            1
2015 04 04 29.9908 30.8883 30.5407      0.6118       0.6118    0.6999            1
2015 04 05 30.3449 31.2410 30.8948      0.9632       0.9632    0.7096            1
2015 04 06 30.0013 30.8959 30.5510      0.6168       0.6168    0.7194            1
2015 04 07 30.3452 31.2383 30.8949      0.9580       0.9580    0.7291            1
2015 04 08 30.0120 30.9036 30.5615      0.6220       0.6220    0.7388            1
2015 04 09 30.3454 31.2355 30.8948      0.9527       0.9527    0.7485            1
2015 04 10 30.0228 30.9113 30.5719      0.6273       0.6273    0.7582            1
2015 04 11 30.3455 31.2324 30.8944      0.9472       0.9472    0.7678            1
2015 04 12 30.0339 30.9192 30.5825      0.6328       0.6328    0.7775            1
2015 04 13 30.3455 31.2291 30.8938      0.9416       0.9416    0.7871            1
2015 04 14 30.0452 30.9271 30.5931      0.6384       0.6384    0.7967            1
2015 04 15 30.3455 31.2257 30.8931      0.9359       0.9359    0.8062            1
2015 04 16 30.0565 30.9350 30.6037      0.6441       0.6441    0.8157            1
2015 04 17 30.3455 31.2222 30.8923      0.9302       0.9302    0.8252            1
2015 04 18 30.0679 30.9428 30.6143      0.6498       0.6498    0.8346            1
2015 04 19 30.3454 31.2185 30.8912      0.9244       0.9244    0.8440            1
2015 04 20 30.0794 30.9507 30.6248      0.6556       0.6556    0.8533            1
2015 04 21 30.3453 31.2147 30.8901      0.9186       0.9186    0.8626            1
2015 04 22 30.0909 30.9585 30.6352      0.6614       0.6614    0.8718            1
2015 04 23 30.3452 31.2109 30.8888      0.9128       0.9128    0.8809            1
2015 04 24 30.1024 30.9662 30.6455      0.6672       0.6672    0.8899            1
2015 04 25 30.3451 31.2069 30.8875      0.9070       0.9070    0.8989            1
2015 04 26 30.1139 30.9739 30.6557      0.6730       0.6730    0.9078            1
2015 04 27 30.3449 31.2029 30.8860      0.9012       0.9012    0.9166            1
2015 04 28 30.1254 30.9814 30.6657      0.6788       0.6788    0.9254            1
2015 04 29 30.3449 31.1989 30.8845      0.8955       0.8955    0.9340            1
2015 04 30 30.1367 30.9888 30.6755      0.6845       0.6845    0.9425            1
2015 05 01 30.3450 31.1950 30.8830      0.8899       0.8899    0.9510            1
2015 05 02 30.1480 30.9959 30.6851      0.6901       0.6901    0.9593            1
2015 05 03 30.3450 31.1909 30.8813      0.8843       0.8843    0.9675            1
2015 05 04 30.1592 31.0030 30.6946      0.6957       0.6957    0.9757            1
2015 05 05 30.3452 31.1869 30.8797      0.8789       0.8789    0.9837            1
2015 05 06 30.1701 31.0098 30.7037      0.7011       0.7011    0.9915            1
2015 05 07 30.3454 31.1830 30.8780      0.8736       0.8736    0.9993            1
2015 05 08 30.1809 31.0164 30.7126      0.7064       0.7064    1.0069            2
2015 05 09 30.3457 31.1790 30.8763      0.8684       0.8684    1.0144            2
2015 05 10 30.1916 31.0228 30.7212      0.7116       0.7116    1.0218            2
2015 05 11 30.3461 31.1752 30.8747      0.8634       0.8634    1.0290            2
2015 05 12 30.2020 31.0289 30.7295      0.7166       0.7166    1.0360            2
2015 05 13 30.3466 31.1713 30.8730      0.8585       0.8585    1.0430            2
2015 05 14 30.2122 31.0348 30.7375      0.7215       0.7215    1.0497            2
2015 05 15 30.3472 31.1676 30.8713      0.8538       0.8538    1.0564            2
2015 05 16 30.2222 31.0404 30.7451      0.7262       0.7262    1.0628            2
2015 05 17 30.3478 31.1639 30.8696      0.8492       0.8492    1.0691            2
2015 05 18 30.2320 31.0458 30.7525      0.7308       0.7308    1.0753            2
2015 05 19 30.3485 31.1602 30.8679      0.8448       0.8448    1.0812            2
2015 05 20 30.2415 31.0509 30.7595      0.7352       0.7352    1.0870            2
2015 05 21 30.3495 31.1568 30.8663      0.8407       0.8407    1.0926            2
2015 05 22 30.2506 31.0557 30.7661      0.7393       0.7393    1.0981            2
2015 05 23 30.3504 31.1533 30.8646      0.8367       0.8367    1.1034            2
2015 05 24 30.2595 31.0602 30.7724      0.7433       0.7433    1.1084            2
2015 05 25 30.3514 31.1499 30.8629      0.8328       0.8328    1.1133            2
2015 05 26 30.2682 31.0644 30.7783      0.7472       0.7472    1.1181            2
2015 05 27 30.3525 31.1466 30.8613      0.8292       0.8292    1.1226            2
2015 05 28 30.2765 31.0683 30.7839      0.7508       0.7508    1.1269            2
2015 05 29 30.3538 31.1434 30.8597      0.8258       0.8258    1.1310            2
2015 05 30 30.2845 31.0719 30.7890      0.7542       0.7542    1.1350            2
2015 05 31 30.3551 31.1404 30.8582      0.8226       0.8226    1.1387            2
2015 06 01 30.2921 31.0752 30.7937      0.7574       0.7574    1.1422            2
2015 06 02 30.3564 31.1373 30.8565      0.8195       0.8195    1.1456            2
2015 06 03 30.2996 31.0783 30.7982      0.7605       0.7605    1.1487            2
2015 06 04 30.3578 31.1343 30.8549      0.8166       0.8166    1.1516            2
2015 06 05 30.3067 31.0811 30.8023      0.7634       0.7634    1.1543            2
2015 06 06 30.3592 31.1315 30.8533      0.8139       0.8139    1.1568            2
2015 06 07 30.3134 31.0835 30.8059      0.7661       0.7661    1.1591            2
2015 06 08 30.3607 31.1287 30.8517      0.8114       0.8114    1.1611            2
2015 06 09 30.3199 31.0857 30.8092      0.7686       0.7686    1.1630            2
2015 06 10 30.3622 31.1259 30.8500      0.8090       0.8090    1.1646            2
2015 06 11 30.3261 31.0877 30.8122      0.7710       0.7710    1.1661            2
2015 06 12 30.3637 31.1232 30.8483      0.8068       0.8068    1.1673            2
2015 06 13 30.3319 31.0893 30.8148      0.7732       0.7732    1.1682            2
2015 06 14 30.3652 31.1205 30.8465      0.8047       0.8047    1.1690            2
2015 06 15 30.3375 31.0908 30.8172      0.7753       0.7753    1.1696            2
2015 06 16 30.3667 31.1179 30.8447      0.8028       0.8028    1.1699            2
2015 06 17 30.3427 31.0919 30.8191      0.7772       0.7772    1.1700            2
2015 06 18 30.3681 31.1153 30.8428      0.8010       0.8010    1.1699            2
2015 06 19 30.3477 31.0929 30.8207      0.7790       0.7790    1.1696            2
2015 06 20 30.3694 31.1126 30.8408      0.7992       0.7992    1.1690            2
2015 06 21 30.3525 31.0937 30.8222      0.7808       0.7808    1.1682            2
2015 06 22 30.3707 31.1100 30.8387      0.7976       0.7976    1.1673            2
2015 06 23 30.3569 31.0943 30.8232      0.7824       0.7824    1.1661            2
2015 06 24 30.3720 31.1074 30.8366      0.7961       0.7961    1.1646            2
2015 06 25 30.3611 31.0946 30.8240      0.7839       0.7839    1.1630            2
2015 06 26 30.3731 31.1047 30.8342      0.7946       0.7946    1.1611            2
2015 06 27 30.3651 31.0949 30.8245      0.7854       0.7854    1.1591            2
2015 06 28 30.3739 31.1019 30.8317      0.7931       0.7931    1.1568            2
2015 06 29 30.3689 31.0950 30.8249      0.7869       0.7869    1.1543            2
2015 06 30 30.3748 31.0991 30.8291      0.7917       0.7917    1.1516            2
2015 07 01 30.3724 31.0950 30.8250      0.7883       0.7883    1.1487            2
2015 07 02 30.3754 31.0963 30.8263      0.7903       0.7903    1.1456            2
2015 07 03 30.3758 31.0949 30.8249      0.7897       0.7897    1.1422            2
2015 07 04 30.3760 31.0934 30.8234      0.7890       0.7890    1.1387            2
2015 07 05 30.3788 31.0946 30.8245      0.7910       0.7910    1.1350            2
2015 07 06 30.3762 31.0903 30.8202      0.7876       0.7876    1.1310            2
2015 07 07 30.3818 31.0943 30.8240      0.7924       0.7924    1.1269            2
2015 07 08 30.3763 31.0872 30.8168      0.7862       0.7862    1.1226            2
2015 07 09 30.3846 31.0939 30.8234      0.7938       0.7938    1.1181            2
2015 07 10 30.3761 31.0839 30.8132      0.7847       0.7847    1.1133            2
2015 07 11 30.3873 31.0935 30.8227      0.7953       0.7953    1.1084            2
2015 07 12 30.3757 31.0805 30.8094      0.7832       0.7832    1.1034            2
2015 07 13 30.3898 31.0931 30.8218      0.7968       0.7968    1.0981            2
2015 07 14 30.3750 31.0769 30.8053      0.7816       0.7816    1.0926            2
2015 07 15 30.3922 31.0926 30.8208      0.7984       0.7984    1.0870            2
2015 07 16 30.3740 31.0731 30.8010      0.7799       0.7799    1.0812            2
2015 07 17 30.3945 31.0922 30.8198      0.8001       0.8001    1.0753            2
2015 07 18 30.3727 31.0692 30.7963      0.7781       0.7781    1.0691            2
2015 07 19 30.3967 31.0919 30.8187      0.8019       0.8019    1.0628            2
2015 07 20 30.3712 31.0651 30.7915      0.7763       0.7763    1.0564            2
2015 07 21 30.3987 31.0914 30.8174      0.8037       0.8037    1.0497            2
2015 07 22 30.3692 31.0608 30.7863      0.7742       0.7742    1.0430            2
2015 07 23 30.4008 31.0912 30.8163      0.8058       0.8058    1.0360            2
2015 07 24 30.3671 31.0563 30.7809      0.7721       0.7721    1.0290            2
2015 07 25 30.4027 31.0909 30.8150      0.8079       0.8079    1.0218            2
2015 07 26 30.3645 31.0516 30.7751      0.7698       0.7698    1.0144            2
2015 07 27 30.4047 31.0907 30.8137      0.8102       0.8102    1.0069            2
2015 07 28 30.3616 31.0467 30.7691      0.7674       0.7674    0.9993            1
2015 07 29 30.4065 31.0906 30.8124      0.8126       0.8126    0.9915            1
2015 07 30 30.3582 31.0415 30.7627      0.7647       0.7647    0.9837            1
2015 07 31 30.4084 31.0908 30.8113      0.8153       0.8153    0.9757            1
2015 08 01 30.3547 31.0362 30.7561      0.7620       0.7620    0.9675            1
2015 08 02 30.4102 31.0908 30.8101      0.8180       0.8180    0.9593            1
2015 08 03 30.3506 31.0305 30.7490      0.7590       0.7590    0.9510            1
2015 08 04 30.4120 31.0912 30.8090      0.8210       0.8210    0.9425            1
2015 08 05 30.3462 31.0246 30.7417      0.7558       0.7558    0.9340            1
2015 08 06 30.4139 31.0916 30.8079      0.8242       0.8242    0.9254            1
2015 08 07 30.3415 31.0186 30.7341      0.7525       0.7525    0.9166            1
2015 08 08 30.4157 31.0922 30.8069      0.8275       0.8275    0.9078            1
2015 08 09 30.3363 31.0123 30.7262      0.7490       0.7490    0.8989            1
2015 08 10 30.4174 31.0929 30.8059      0.8310       0.8310    0.8899            1
2015 08 11 30.3308 31.0057 30.7179      0.7453       0.7453    0.8809            1
2015 08 12 30.4192 31.0937 30.8050      0.8347       0.8347    0.8718            1
2015 08 13 30.3249 30.9990 30.7094      0.7414       0.7414    0.8626            1
2015 08 14 30.4211 31.0947 30.8042      0.8386       0.8386    0.8533            1
2015 08 15 30.3186 30.9920 30.7006      0.7373       0.7373    0.8440            1
2015 08 16 30.4229 31.0959 30.8036      0.8427       0.8427    0.8346            1
2015 08 17 30.3120 30.9847 30.6914      0.7330       0.7330    0.8252            1
2015 08 18 30.4247 31.0973 30.8030      0.8470       0.8470    0.8157            1
2015 08 19 30.3049 30.9773 30.6820      0.7285       0.7285    0.8062            1
2015 08 20 30.4266 31.0988 30.8025      0.8515       0.8515    0.7967            1
2015 08 21 30.2976 30.9697 30.6724      0.7239       0.7239    0.7871            1
2015 08 22 30.4284 31.1004 30.8020      0.8561       0.8561    0.7775            1
2015 08 23 30.2899 30.9619 30.6625      0.7191       0.7191    0.7678            1
2015 08 24 30.4302 31.1022 30.8017      0.8609       0.8609    0.7582            1
2015 08 25 30.2819 30.9539 30.6523      0.7141       0.7141    0.7485            1
2015 08 26 30.4321 31.1042 30.8015      0.8659       0.8659    0.7388            1
2015 08 27 30.2736 30.9457 30.6419      0.7090       0.7090    0.7291            1
2015 08 28 30.4339 31.1062 30.8013      0.8710       0.8710    0.7194            1
2015 08 29 30.2650 30.9375 30.6314      0.7038       0.7038    0.7096            1
2015 08 30 30.4357 31.1084 30.8011      0.8762       0.8762    0.6999            1
2015 08 31 30.2561 30.9291 30.6206      0.6984       0.6984    0.6902            1
2015 09 01 30.4375 31.1107 30.8011      0.8816       0.8816    0.6805            1
2015 09 02 30.2469 30.9205 30.6097      0.6929       0.6929    0.6708            1
2015 09 03 30.4392 31.1132 30.8012      0.8871       0.8871    0.6611            1
2015 09 04 30.2375 30.9119 30.5987      0.6873       0.6873    0.6514            1
2015 09 05 30.4409 31.1158 30.8013      0.8927       0.8927    0.6418            1
2015 09 06 30.2278 30.9031 30.5875      0.6816       0.6816    0.6322            1
2015 09 07 30.4426 31.1184 30.8015      0.8984       0.8984    0.6226            1
2015 09 08 30.2180 30.8944 30.5762      0.6759       0.6759    0.6130            1
2015 09 09 30.4441 31.1211 30.8016      0.9041       0.9041    0.6035            1
2015 09 10 30.2079 30.8856 30.5649      0.6701       0.6701    0.5940            1
2015 09 11 30.4456 31.1239 30.8019      0.9099       0.9099    0.5845            1
2015 09 12 30.1978 30.8768 30.5535      0.6643       0.6643    0.5751            1
2015 09 13 30.4469 31.1267 30.8021      0.9157       0.9157    0.5658            1
2015 09 14 30.1875 30.8680 30.5421      0.6585       0.6585    0.5564            1
2015 09 15 30.4482 31.1295 30.8023      0.9215       0.9215    0.5472            1
2015 09 16 30.1770 30.8593 30.5307      0.6527       0.6527    0.5380            1
2015 09 17 30.4493 31.1324 30.8025      0.9273       0.9273    0.5288            1
2015 09 18 30.1665 30.8505 30.5193      0.6469       0.6469    0.5197            1
2015 09 19 30.4503 31.1353 30.8027      0.9331       0.9331    0.5107            1
2015 09 20 30.1560 30.8420 30.5080      0.6412       0.6412    0.5017            1
2015 09 21 30.4511 31.1381 30.8028      0.9388       0.9388    0.4928            1
2015 09 22 30.1455 30.8335 30.4969      0.6356       0.6356    0.4839            1
2015 09 23 30.4517 31.1409 30.8029      0.9444       0.9444    0.4752            1
2015 09 24 30.1349 30.8252 30.4858      0.6301       0.6301    0.4665            1
2015 09 25 30.4522 31.1436 30.8028      0.9499       0.9499    0.4578            1
2015 09 26 30.1243 30.8169 30.4748      0.6246       0.6246    0.4493            1
2015 09 27 30.4525 31.1463 30.8028      0.9554       0.9554    0.4408            1
2015 09 28 30.1139 30.8089 30.4641      0.6194       0.6194    0.4324            1
2015 09 29 30.4525 31.1488 30.8026      0.9606       0.9606    0.4241            1
2015 09 30 30.1035 30.8011 30.4536      0.6143       0.6143    0.4159            1
2015 10 01 30.4522 31.1512 30.8023      0.9657       0.9657    0.4077            1
2015 10 02 30.0933 30.7936 30.4433      0.6094       0.6094    0.3996            1
2015 10 03 30.4518 31.1535 30.8018      0.9706       0.9706    0.3917            1
2015 10 04 30.0831 30.7863 30.4332      0.6047       0.6047    0.3838            1
2015 10 05 30.4510 31.1556 30.8012      0.9753       0.9753    0.3760            1
2015 10 06 30.0733 30.7794 30.4235      0.6003       0.6003    0.3682            1
2015 10 07 30.4499 31.1575 30.8003      0.9797       0.9797    0.3606            1
2015 10 08 30.0635 30.7727 30.4141      0.5961       0.5961    0.3531            1
2015 10 09 30.4486 31.1593 30.7993      0.9839       0.9839    0.3456            1
2015 10 10 30.0541 30.7664 30.4051      0.5922       0.5922    0.3383            1
2015 10 11 30.4469 31.1608 30.7981      0.9878       0.9878    0.3310            1
2015 10 12 30.0449 30.7605 30.3964      0.5886       0.5886    0.3239            1
2015 10 13 30.4448 31.1621 30.7967      0.9914       0.9914    0.3168            1
2015 10 14 30.0359 30.7549 30.3881      0.5853       0.5853    0.3098            1
2015 10 15 30.4425 31.1632 30.7951      0.9947       0.9947    0.3030            1
2015 10 16 30.0274 30.7498 30.3803      0.5824       0.5824    0.2962            1
2015 10 17 30.4397 31.1639 30.7931      0.9976       0.9976    0.2895            1
2015 10 18 30.0191 30.7450 30.3730      0.5798       0.5798    0.2829            1
2015 10 19 30.4366 31.1644 30.7910      1.0002       1.0002    0.2765            1
2015 10 20 30.0113 30.7409 30.3662      0.5777       0.5777    0.2701            1
2015 10 21 30.4330 31.1645 30.7885      1.0023       1.0023    0.2638            1
2015 10 22 30.0038 30.7371 30.3598      0.5759       0.5759    0.2576            1
2015 10 23 30.4291 31.1644 30.7857      1.0041       1.0041    0.2515            1
2015 10 24 29.9967 30.7338 30.3539      0.5745       0.5745    0.2455            1
2015 10 25 30.4248 31.1639 30.7827      1.0055       1.0055    0.2396            1
2015 10 26 29.9901 30.7311 30.3487      0.5736       0.5736    0.2338            1
2015 10 27 30.4200 31.1630 30.7793      1.0064       1.0064    0.2281            1
2015 10 28 29.9839 30.7289 30.3439      0.5731       0.5731    0.2225            1
2015 10 29 30.4149 31.1618 30.7757      1.0069       1.0069    0.2170            1
2015 10 30 29.9781 30.7271 30.3397      0.5730       0.5730    0.2116            1
2015 10 31 30.4093 31.1603 30.7717      1.0070       1.0070    0.2063            1
2015 11 01 29.9729 30.7260 30.3362      0.5734       0.5734    0.2011            1
2015 11 02 30.4033 31.1584 30.7674      1.0066       1.0066    0.1960            1
2015 11 03 29.9682 30.7254 30.3333      0.5743       0.5743    0.1909            1
2015 11 04 30.3969 31.1561 30.7628      1.0057       1.0057    0.1860            1
2015 11 05 29.9641 30.7254 30.3310      0.5757       0.5757    0.1812            1
2015 11 06 30.3899 31.1534 30.7578      1.0043       1.0043    0.1764            1
2015 11 07 29.9604 30.7260 30.3292      0.5775       0.5775    0.1718            1
2015 11 08 30.3827 31.1504 30.7525      1.0025       1.0025    0.1672            1
2015 11 09 29.9573 30.7272 30.3282      0.5799       0.5799    0.1627            1
2015 11 10 30.3748 31.1468 30.7468      1.0001       1.0001    0.1583            1
2015 11 11 29.9548 30.7289 30.3278      0.5827       0.5827    0.1540            1
2015 11 12 30.3667 31.1430 30.7409      0.9973       0.9973    0.1498            1
2015 11 13 29.9527 30.7312 30.3280      0.5860       0.5860    0.1457            1
2015 11 14 30.3581 31.1388 30.7346      0.9940       0.9940    0.1417            1
2015 11 15 29.9513 30.7342 30.3289      0.5898       0.5898    0.1377            1
2015 11 16 30.3491 31.1341 30.7279      0.9902       0.9902    0.1339            1
2015 11 17 29.9504 30.7377 30.3305      0.5941       0.5941    0.1301            1
2015 11 18 30.3397 31.1291 30.7210      0.9859       0.9859    0.1264            1
2015 11 19 29.9502 30.7418 30.3327      0.5989       0.5989    0.1228            1
2015 11 20 30.3299 31.1237 30.7137      0.9811       0.9811    0.1193            1
2015 11 21 29.9504 30.7464 30.3355      0.6041       0.6041    0.1158            1
2015 11 22 30.3197 31.1180 30.7062      0.9759       0.9759    0.1124            1
2015 11 23 29.9512 30.7516 30.3390      0.6098       0.6098    0.1092            1
2015 11 24 30.3092 31.1118 30.6984      0.9702       0.9702    0.1059            1
2015 11 25 29.9526 30.7575 30.3432      0.6160       0.6160    0.1028            1
2015 11 26 30.2983 31.1053 30.6902      0.9640       0.9640    0.0997            1
2015 11 27 29.9546 30.7638 30.3479      0.6226       0.6226    0.0967            1
2015 11 28 30.2871 31.0985 30.6818      0.9574       0.9574    0.0938            1
2015 11 29 29.9571 30.7707 30.3533      0.6297       0.6297    0.0910            1
2015 11 30 30.2755 31.0913 30.6731      0.9503       0.9503    0.0882            1
2015 12 01 29.9601 30.7781 30.3592      0.6371       0.6371    0.0855            1
2015 12 02 30.2637 31.0839 30.6643      0.9429       0.9429    0.0828            1
2015 12 03 29.9637 30.7860 30.3658      0.6450       0.6450    0.0802            1
2015 12 04 30.2516 31.0761 30.6552      0.9350       0.9350    0.0777            1
2015 12 05 29.9677 30.7944 30.3729      0.6532       0.6532    0.0753            1
2015 12 06 30.2393 31.0681 30.6460      0.9268       0.9268    0.0729            1
2015 12 07 29.9723 30.8032 30.3805      0.6618       0.6618    0.0706            1
2015 12 08 30.2267 31.0598 30.6365      0.9182       0.9182    0.0683            1
2015 12 09 29.9774 30.8126 30.3888      0.6708       0.6708    0.0661            1
2015 12 10 30.2139 31.0512 30.6269      0.9092       0.9092    0.0640            1
2015 12 11 29.9828 30.8223 30.3974      0.6800       0.6800    0.0619            1
2015 12 12 30.2010 31.0425 30.6172      0.9000       0.9000    0.0599            1
2015 12 13 29.9888 30.8324 30.4067      0.6896       0.6896    0.0579            1
2015 12 14 30.1879 31.0336 30.6074      0.8904       0.8904    0.0560            1
2015 12 15 29.9952 30.8429 30.4163      0.6994       0.6994    0.0541            1
2015 12 16 30.1747 31.0245 30.5975      0.8806       0.8806    0.0523            1
2015 12 17 30.0020 30.8538 30.4264      0.7095       0.7095    0.0505            1
2015 12 18 30.1614 31.0152 30.5875      0.8705       0.8705    0.0488            1
2015 12 19 30.0091 30.8650 30.4370      0.7198       0.7198    0.0472            1
2015 12 20 30.1480 31.0058 30.5775      0.8602       0.8602    0.0455            1
2015 12 21 30.0166 30.8763 30.4478      0.7302       0.7302    0.0440            1
2015 12 22 30.1348 30.9965 30.5676      0.8498       0.8498    0.0425            1
2015 12 23 30.0245 30.8881 30.4591      0.7409       0.7409    0.0410            1
2015 12 24 30.1214 30.9869 30.5576      0.8391       0.8391    0.0396            1
2015 12 25 30.0327 30.9001 30.4707      0.7517       0.7517    0.0382            1
2015 12 26 30.1080 30.9773 30.5477      0.8283       0.8283    0.0368            1
2015 12 27 30.0410 30.9121 30.4824      0.7625       0.7625    0.0355            1
2015 12 28 30.0949 30.9678 30.5380      0.8175       0.8175    0.0342            1
2015 12 29 30.0498 30.9245 30.4946      0.7735       0.7735    0.0330            1
2015 12 30 30.0817 30.9582 30.5283      0.8065       0.8065    0.0318            1
2015 12 31 30.0642 30.9425 30.5125      0.7900       0.7900    0.0307            1
2016 01 01 30.0534 30.9334 30.5034      0.7800       0.7800    0.0764            1
2016 01 02 30.0525 30.9342 30.5042      0.7800       0.7800    0.0789            1
2016 01 03 30.0626 30.9460 30.5160      0.7910       0.7910    0.0814            1
2016 01 04 30.0398 30.9248 30.4949      0.7690       0.7690    0.0840            1
2016 01 05 30.0719 30.9586 30.5288      0.8019       0.8019    0.0866            1
2016 01 06 30.0274 30.9156 30.4859      0.7581       0.7581    0.0893            1
2016 01 07 30.0814 30.9712 30.5417      0.8128       0.8128    0.0921            1
2016 01 08 30.0152 30.9066 30.4771      0.7472       0.7472    0.0949            1
2016 01 09 30.0910 30.9839 30.5547      0.8236       0.8236    0.0978            1
2016 01 10 30.0032 30.8977 30.4686      0.7364       0.7364    0.1008            1
2016 01 11 30.1006 30.9966 30.5677      0.8343       0.8343    0.1038            1
2016 01 12 29.9916 30.8890 30.4604      0.7257       0.7257    0.1069            1
2016 01 13 30.1104 31.0092 30.5809      0.8449       0.8449    0.1101            1
2016 01 14 29.9803 30.8804 30.4524      0.7151       0.7151    0.1134            1
2016 01 15 30.1201 31.0216 30.5939      0.8552       0.8552    0.1167            1
2016 01 16 29.9694 30.8722 30.4449      0.7048       0.7048    0.1201            1
2016 01 17 30.1298 31.0339 30.6069      0.8654       0.8654    0.1236            1
2016 01 18 29.9589 30.8643 30.4376      0.6946       0.6946    0.1272            1
2016 01 19 30.1395 31.0461 30.6199      0.8753       0.8753    0.1308            1
2016 01 20 29.9488 30.8566 30.4309      0.6847       0.6847    0.1345            1
2016 01 21 30.1491 31.0581 30.6328      0.8850       0.8850    0.1383            1
2016 01 22 29.9392 30.8493 30.4244      0.6750       0.6750    0.1422            1
2016 01 23 30.1586 31.0699 30.6455      0.8944       0.8944    0.1462            1
2016 01 24 29.9300 30.8423 30.4185      0.6656       0.6656    0.1502            1
2016 01 25 30.1681 31.0814 30.6581      0.9035       0.9035    0.1543            1
2016 01 26 29.9213 30.8357 30.4129      0.6565       0.6565    0.1585            1
2016 01 27 30.1773 31.0926 30.6705      0.9122       0.9122    0.1628            1
2016 01 28 29.9132 30.8295 30.4079      0.6478       0.6478    0.1672            1
2016 01 29 30.1864 31.1036 30.6827      0.9206       0.9206    0.1717            1
2016 01 30 29.9056 30.8237 30.4034      0.6394       0.6394    0.1762            1
2016 01 31 30.1954 31.1143 30.6947      0.9287       0.9287    0.1809            1
2016 02 01 29.8986 30.8182 30.3993      0.6313       0.6313    0.1856            1
2016 02 02 30.2041 31.1246 30.7063      0.9363       0.9363    0.1904            1
2016 02 03 29.8922 30.8133 30.3958      0.6237       0.6237    0.1953            1
2016 02 04 30.2127 31.1346 30.7178      0.9436       0.9436    0.2003            1
2016 02 05 29.8862 30.8088 30.3928      0.6164       0.6164    0.2054            1
2016 02 06 30.2210 31.1442 30.7290      0.9504       0.9504    0.2106            1
2016 02 07 29.8810 30.8048 30.3904      0.6096       0.6096    0.2158            1
2016 02 08 30.2291 31.1534 30.7398      0.9568       0.9568    0.2212            1
2016 02 09 29.8764 30.8012 30.3884      0.6032       0.6032    0.2266            1
2016 02 10 30.2369 31.1622 30.7503      0.9628       0.9628    0.2322            1
2016 02 11 29.8723 30.7980 30.3870      0.5972       0.5972    0.2378            1
2016 02 12 30.2444 31.1705 30.7604      0.9682       0.9682    0.2435            1
2016 02 13 29.8691 30.7955 30.3864      0.5918       0.5918    0.2493            1
2016 02 14 30.2517 31.1785 30.7702      0.9733       0.9733    0.2552            1
2016 02 15 29.8663 30.7934 30.3861      0.5867       0.5867    0.2612            1
2016 02 16 30.2586 31.1859 30.7796      0.9778       0.9778    0.2673            1
2016 02 17 29.8643 30.7918 30.3865      0.5822       0.5822    0.2734            1
2016 02 18 30.2653 31.1930 30.7886      0.9819       0.9819    0.2797            1
2016 02 19 29.8628 30.7907 30.3874      0.5781       0.5781    0.2860            1
2016 02 20 30.2716 31.1996 30.7973      0.9855       0.9855    0.2924            1
2016 02 21 29.8620 30.7901 30.3888      0.5745       0.5745    0.2990            1
2016 02 22 30.2776 31.2057 30.8055      0.9886       0.9886    0.3056            1
2016 02 23 29.8619 30.7900 30.3909      0.5714       0.5714    0.3123            1
2016 02 24 30.2833 31.2113 30.8133      0.9912       0.9912    0.3191            1
2016 02 25 29.8625 30.7904 30.3935      0.5688       0.5688    0.3259            1
2016 02 26 30.2886 31.2164 30.8206      0.9933       0.9933    0.3329            1
2016 02 27 29.8637 30.7913 30.3967      0.5667       0.5667    0.3399            1
2016 02 28 30.2936 31.2211 30.8275      0.9949       0.9949    0.3470            1
2016 02 29 29.8656 30.7928 30.4004      0.5651       0.5651    0.3542            1
2016 03 01 30.2984 31.2253 30.8341      0.9961       0.9961    0.3615            1
2016 03 02 29.8680 30.7946 30.4046      0.5639       0.5639    0.3689            1
2016 03 03 30.3028 31.2290 30.8402      0.9968       0.9968    0.3763            1
2016 03 04 29.8711 30.7970 30.4094      0.5632       0.5632    0.3839            1
2016 03 05 30.3068 31.2323 30.8459      0.9970       0.9970    0.3915            1
2016 03 06 29.8748 30.7998 30.4146      0.5630       0.5630    0.3991            1
2016 03 07 30.3106 31.2351 30.8512      0.9968       0.9968    0.4069            1
2016 03 08 29.8791 30.8030 30.4204      0.5632       0.5632    0.4147            1
2016 03 09 30.3140 31.2374 30.8560      0.9961       0.9961    0.4226            1
2016 03 10 29.8840 30.8067 30.4266      0.5639       0.5639    0.4306            1
2016 03 11 30.3172 31.2393 30.8605      0.9950       0.9950    0.4386            1
2016 03 12 29.8894 30.8108 30.4333      0.5650       0.5650    0.4467            1
2016 03 13 30.3201 31.2408 30.8645      0.9935       0.9935    0.4549            1
2016 03 14 29.8953 30.8153 30.4403      0.5665       0.5665    0.4631            1
2016 03 15 30.3226 31.2418 30.8681      0.9915       0.9915    0.4714            1
2016 03 16 29.9019 30.8203 30.4479      0.5685       0.5685    0.4797            1
2016 03 17 30.3249 31.2424 30.8714      0.9892       0.9892    0.4881            1
2016 03 18 29.9089 30.8255 30.4558      0.5708       0.5708    0.4966            1
2016 03 19 30.3269 31.2426 30.8743      0.9865       0.9865    0.5051            1
2016 03 20 29.9163 30.8311 30.4640      0.5735       0.5735    0.5136            1
2016 03 21 30.3287 31.2424 30.8767      0.9834       0.9834    0.5222            1
2016 03 22 29.9243 30.8371 30.4727      0.5766       0.5766    0.5309            1
2016 03 23 30.3302 31.2419 30.8789      0.9800       0.9800    0.5396            1
2016 03 24 29.9327 30.8433 30.4816      0.5800       0.5800    0.5483            1
2016 03 25 30.3315 31.2410 30.8807      0.9763       0.9763    0.5571            1
2016 03 26 29.9415 30.8498 30.4909      0.5837       0.5837    0.5659            1
2016 03 27 30.3326 31.2397 30.8822      0.9723       0.9723    0.5747            1
2016 03 28 29.9506 30.8565 30.5003      0.5877       0.5877    0.5835            1
2016 03 29 30.3336 31.2383 30.8835      0.9681       0.9681    0.5924            1
2016 03 30 29.9601 30.8634 30.5100      0.5919       0.5919    0.6013            1
2016 03 31 30.3343 31.2363 30.8843      0.9635       0.9635    0.6103            1
2016 04 01 29.9700 30.8707 30.5200      0.5965       0.5965    0.6192            1
2016 04 02 30.3350 31.2343 30.8850      0.9588       0.9588    0.6281            1
2016 04 03 29.9801 30.8780 30.5300      0.6012       0.6012    0.6371            1
2016 04 04 30.3354 31.2318 30.8853      0.9538       0.9538    0.6461            1
2016 04 05 29.9905 30.8855 30.5403      0.6062       0.6062    0.6551            1
2016 04 06 30.3357 31.2292 30.8854      0.9487       0.9487    0.6640            1
2016 04 07 30.0011 30.8931 30.5506      0.6113       0.6113    0.6730            1
2016 04 08 30.3359 31.2264 30.8853      0.9434       0.9434    0.6820            1
2016 04 09 30.0119 30.9008 30.5611      0.6166       0.6166    0.6909            1
2016 04 10 30.3360 31.2233 30.8849      0.9379       0.9379    0.6998            1
2016 04 11 30.0230 30.9087 30.5716      0.6221       0.6221    0.7088            1
2016 04 12 30.3361 31.2201 30.8845      0.9324       0.9324    0.7177            1
2016 04 13 30.0341 30.9164 30.5821      0.6276       0.6276    0.7265            1
2016 04 14 30.3360 31.2167 30.8837      0.9267       0.9267    0.7354            1
2016 04 15 30.0454 30.9244 30.5927      0.6333       0.6333    0.7442            1
2016 04 16 30.3359 31.2131 30.8829      0.9210       0.9210    0.7530            1
2016 04 17 30.0568 30.9322 30.6032      0.6390       0.6390    0.7617            1
2016 04 18 30.3359 31.2096 30.8819      0.9153       0.9153    0.7704            1
2016 04 19 30.0681 30.9400 30.6137      0.6447       0.6447    0.7791            1
2016 04 20 30.3358 31.2058 30.8808      0.9095       0.9095    0.7877            1
2016 04 21 30.0796 30.9478 30.6241      0.6505       0.6505    0.7962            1
2016 04 22 30.3356 31.2019 30.8795      0.9037       0.9037    0.8047            1
2016 04 23 30.0911 30.9555 30.6343      0.6563       0.6563    0.8131            1
2016 04 24 30.3355 31.1980 30.8781      0.8979       0.8979    0.8215            1
2016 04 25 30.1025 30.9631 30.6445      0.6621       0.6621    0.8298            1
2016 04 26 30.3354 31.1940 30.8767      0.8921       0.8921    0.8380            1
2016 04 27 30.1140 30.9707 30.6546      0.6679       0.6679    0.8461            1
2016 04 28 30.3353 31.1900 30.8752      0.8864       0.8864    0.8542            1
2016 04 29 30.1253 30.9780 30.6644      0.6736       0.6736    0.8622            1
2016 04 30 30.3353 31.1860 30.8736      0.8808       0.8808    0.8700            1
2016 05 01 30.1365 30.9852 30.6740      0.6792       0.6792    0.8778            1
2016 05 02 30.3354 31.1820 30.8720      0.8753       0.8753    0.8855            1
2016 05 03 30.1476 30.9922 30.6834      0.6847       0.6847    0.8931            1
2016 05 04 30.3355 31.1780 30.8703      0.8698       0.8698    0.9006            1
2016 05 05 30.1587 30.9991 30.6926      0.6902       0.6902    0.9080            1
2016 05 06 30.3357 31.1740 30.8687      0.8645       0.8645    0.9153            1
2016 05 07 30.1695 31.0057 30.7014      0.6955       0.6955    0.9224            1
2016 05 08 30.3360 31.1701 30.8670      0.8593       0.8593    0.9295            1
2016 05 09 30.1801 31.0121 30.7101      0.7007       0.7007    0.9364            1
2016 05 10 30.3364 31.1662 30.8653      0.8543       0.8543    0.9432            1
2016 05 11 30.1905 31.0182 30.7183      0.7057       0.7057    0.9498            1
2016 05 12 30.3368 31.1624 30.8636      0.8494       0.8494    0.9563            1
2016 05 13 30.2007 31.0241 30.7264      0.7106       0.7106    0.9627            1
2016 05 14 30.3373 31.1585 30.8619      0.8446       0.8446    0.9690            1
2016 05 15 30.2107 31.0298 30.7341      0.7154       0.7154    0.9751            1
2016 05 16 30.3379 31.1548 30.8601      0.8400       0.8400    0.9811            1
2016 05 17 30.2205 31.0352 30.7415      0.7200       0.7200    0.9869            1
2016 05 18 30.3387 31.1512 30.8585      0.8357       0.8357    0.9925            1
2016 05 19 30.2299 31.0402 30.7484      0.7243       0.7243    0.9981            1
2016 05 20 30.3395 31.1476 30.8568      0.8314       0.8314    1.0034            2
2016 05 21 30.2392 31.0451 30.7552      0.7286       0.7286    1.0086            2
2016 05 22 30.3404 31.1441 30.8551      0.8274       0.8274    1.0136            2
2016 05 23 30.2481 31.0496 30.7615      0.7326       0.7326    1.0185            2
2016 05 24 30.3415 31.1408 30.8535      0.8236       0.8236    1.0232            2
2016 05 25 30.2567 31.0538 30.7674      0.7364       0.7364    1.0277            2
2016 05 26 30.3425 31.1374 30.8518      0.8199       0.8199    1.0321            2
2016 05 27 30.2650 31.0578 30.7730      0.7401       0.7401    1.0362            2
2016 05 28 30.3437 31.1343 30.8503      0.8165       0.8165    1.0402            2
2016 05 29 30.2730 31.0614 30.7781      0.7435       0.7435    1.0440            2
2016 05 30 30.3450 31.1311 30.8486      0.8132       0.8132    1.0477            2
2016 05 31 30.2808 31.0648 30.7830      0.7468       0.7468    1.0511            2
2016 06 01 30.3462 31.1281 30.8470      0.8101       0.8101    1.0544            2
2016 06 02 30.2882 31.0678 30.7875      0.7499       0.7499    1.0574            2
2016 06 03 30.3476 31.1251 30.8454      0.8072       0.8072    1.0603            2
2016 06 04 30.2953 31.0706 30.7915      0.7528       0.7528    1.0630            2
2016 06 05 30.3491 31.1222 30.8438      0.8045       0.8045    1.0655            2
2016 06 06 30.3021 31.0731 30.7952      0.7555       0.7555    1.0678            2
2016 06 07 30.3505 31.1193 30.8421      0.8019       0.8019    1.0699            2
2016 06 08 30.3086 31.0753 30.7987      0.7581       0.7581    1.0718            2
2016 06 09 30.3519 31.1165 30.8404      0.7995       0.7995    1.0735            2
2016 06 10 30.3148 31.0773 30.8017      0.7605       0.7605    1.0750            2
2016 06 11 30.3534 31.1139 30.8387      0.7973       0.7973    1.0764            2
2016 06 12 30.3206 31.0790 30.8043      0.7627       0.7627    1.0775            2
2016 06 13 30.3549 31.1112 30.8370      0.7952       0.7952    1.0784            2
2016 06 14 30.3262 31.0804 30.8066      0.7648       0.7648    1.0791            2
2016 06 15 30.3563 31.1085 30.8351      0.7932       0.7932    1.0796            2
2016 06 16 30.3316 31.0817 30.8087      0.7668       0.7668    1.0799            2
2016 06 17 30.3578 31.1059 30.8332      0.7914       0.7914    1.0800            2
2016 06 18 30.3365 31.0826 30.8104      0.7686       0.7686    1.0799            2
2016 06 19 30.3591 31.1032 30.8312      0.7896       0.7896    1.0796            2
2016 06 20 30.3414 31.0835 30.8118      0.7704       0.7704    1.0791            2
2016 06 21 30.3604 31.1006 30.8292      0.7880       0.7880    1.0784            2
2016 06 22 30.3458 31.0841 30.8129      0.7720       0.7720    1.0775            2
2016 06 23 30.3616 31.0979 30.8270      0.7864       0.7864    1.0764            2
2016 06 24 30.3501 31.0845 30.8138      0.7736       0.7736    1.0750            2
2016 06 25 30.3627 31.0952 30.8246      0.7849       0.7849    1.0735            2
2016 06 26 30.3541 31.0848 30.8144      0.7751       0.7751    1.0718            2
2016 06 27 30.3637 31.0925 30.8222      0.7835       0.7835    1.0699            2
2016 06 28 30.3578 31.0849 30.8147      0.7765       0.7765    1.0678            2
2016 06 29 30.3645 31.0898 30.8197      0.7821       0.7821    1.0655            2
2016 06 30 30.3614 31.0848 30.8148      0.7779       0.7779    1.0630            2
2016 07 01 30.3652 31.0869 30.8169      0.7807       0.7807    1.0603            2
2016 07 02 30.3647 31.0847 30.8147      0.7793       0.7793    1.0574            2
2016 07 03 30.3656 31.0839 30.8139      0.7793       0.7793    1.0544            2
2016 07 04 30.3679 31.0845 30.8145      0.7807       0.7807    1.0511            2
2016 07 05 30.3659 31.0809 30.8108      0.7779       0.7779    1.0477            2
2016 07 06 30.3709 31.0842 30.8140      0.7821       0.7821    1.0440            2
2016 07 07 30.3660 31.0778 30.8075      0.7765       0.7765    1.0402            2
2016 07 08 30.3737 31.0839 30.8134      0.7835       0.7835    1.0362            2
2016 07 09 30.3659 31.0745 30.8040      0.7751       0.7751    1.0321            2
2016 07 10 30.3763 31.0834 30.8126      0.7849       0.7849    1.0277            2
2016 07 11 30.3656 31.0711 30.8002      0.7736       0.7736    1.0232            2
2016 07 12 30.3789 31.0829 30.8118      0.7864       0.7864    1.0185            2
2016 07 13 30.3649 31.0675 30.7961      0.7720       0.7720    1.0136            2
2016 07 14 30.3813 31.0825 30.8108      0.7880       0.7880    1.0086            2
2016 07 15 30.3640 31.0639 30.7919      0.7704       0.7704    1.0034            2
2016 07 16 30.3835 31.0820 30.8097      0.7896       0.7896    0.9981            1
2016 07 17 30.3628 31.0600 30.7873      0.7686       0.7686    0.9925            1
2016 07 18 30.3858 31.0817 30.8087      0.7914       0.7914    0.9869            1
2016 07 19 30.3613 31.0559 30.7826      0.7668       0.7668    0.9811            1
2016 07 20 30.3878 31.0812 30.8074      0.7932       0.7932    0.9751            1
2016 07 21 30.3595 31.0517 30.7774      0.7648       0.7648    0.9690            1
2016 07 22 30.3899 31.0809 30.8062      0.7952       0.7952    0.9627            1
2016 07 23 30.3573 31.0472 30.7721      0.7627       0.7627    0.9563            1
2016 07 24 30.3919 31.0806 30.8050      0.7973       0.7973    0.9498            1
2016 07 25 30.3549 31.0426 30.7664      0.7605       0.7605    0.9432            1
2016 07 26 30.3937 31.0804 30.8037      0.7995       0.7995    0.9364            1
2016 07 27 30.3521 31.0377 30.7605      0.7581       0.7581    0.9295            1
2016 07 28 30.3956 31.0803 30.8024      0.8019       0.8019    0.9224            1
2016 07 29 30.3489 31.0326 30.7542      0.7555       0.7555    0.9153            1
2016 07 30 30.3975 31.0803 30.8012      0.8045       0.8045    0.9080            1
2016 07 31 30.3454 31.0273 30.7476      0.7528       0.7528    0.9006            1
2016 08 01 30.3993 31.0804 30.8000      0.8072       0.8072    0.8931            1
2016 08 02 30.3414 31.0218 30.7407      0.7499       0.7499    0.8855            1
2016 08 03 30.4011 31.0806 30.7989      0.8101       0.8101    0.8778            1
2016 08 04 30.3371 31.0160 30.7335      0.7468       0.7468    0.8700            1
2016 08 05 30.4029 31.0810 30.7978      0.8132       0.8132    0.8622            1
2016 08 06 30.3325 31.0099 30.7259      0.7435       0.7435    0.8542            1
2016 08 07 30.4047 31.0815 30.7967      0.8165       0.8165    0.8461            1
2016 08 08 30.3275 31.0037 30.7181      0.7401       0.7401    0.8380            1
2016 08 09 30.4064 31.0821 30.7957      0.8199       0.8199    0.8298            1
2016 08 10 30.3220 30.9972 30.7100      0.7364       0.7364    0.8215            1
2016 08 11 30.4083 31.0830 30.7949      0.8236       0.8236    0.8131            1
2016 08 12 30.3163 30.9906 30.7016      0.7326       0.7326    0.8047            1
2016 08 13 30.4100 31.0839 30.7940      0.8274       0.8274    0.7962            1
2016 08 14 30.3101 30.9837 30.6928      0.7286       0.7286    0.7877            1
2016 08 15 30.4118 31.0850 30.7933      0.8314       0.8314    0.7791            1
2016 08 16 30.3035 30.9764 30.6837      0.7243       0.7243    0.7704            1
2016 08 17 30.4137 31.0864 30.7927      0.8357       0.8357    0.7617            1
2016 08 18 30.2967 30.9692 30.6745      0.7200       0.7200    0.7530            1
2016 08 19 30.4154 31.0877 30.7921      0.8400       0.8400    0.7442            1
2016 08 20 30.2895 30.9616 30.6649      0.7154       0.7154    0.7354            1
2016 08 21 30.4173 31.0893 30.7916      0.8446       0.8446    0.7265            1
2016 08 22 30.2819 30.9538 30.6551      0.7106       0.7106    0.7177            1
2016 08 23 30.4192 31.0911 30.7913      0.8494       0.8494    0.7088            1
2016 08 24 30.2740 30.9459 30.6450      0.7057       0.7057    0.6998            1
2016 08 25 30.4210 31.0930 30.7910      0.8543       0.8543    0.6909            1
2016 08 26 30.2658 30.9379 30.6348      0.7007       0.7007    0.6820            1
2016 08 27 30.4228 31.0950 30.7908      0.8593       0.8593    0.6730            1
2016 08 28 30.2573 30.9297 30.6243      0.6955       0.6955    0.6640            1
2016 08 29 30.4246 31.0971 30.7907      0.8645       0.8645    0.6551            1
2016 08 30 30.2485 30.9213 30.6137      0.6902       0.6902    0.6461            1
2016 08 31 30.4263 31.0994 30.7906      0.8698       0.8698    0.6371            1
2016 09 01 30.2394 30.9128 30.6028      0.6847       0.6847    0.6281            1
2016 09 02 30.4281 31.1019 30.7907      0.8753       0.8753    0.6192            1
2016 09 03 30.2301 30.9042 30.5918      0.6792       0.6792    0.6103            1
2016 09 04 30.4298 31.1043 30.7907      0.8808       0.8808    0.6013            1
2016 09 05 30.2206 30.8956 30.5808      0.6736       0.6736    0.5924            1
2016 09 06 30.4314 31.1069 30.7908      0.8864       0.8864    0.5835            1
2016 09 07 30.2108 30.8869 30.5695      0.6679       0.6679    0.5747            1
2016 09 08 30.4330 31.1096 30.7910      0.8921       0.8921    0.5659            1
2016 09 09 30.2008 30.8781 30.5582      0.6621       0.6621    0.5571            1
2016 09 10 30.4345 31.1124 30.7912      0.8979       0.8979    0.5483            1
2016 09 11 30.1907 30.8693 30.5468      0.6563       0.6563    0.5396            1
2016 09 12 30.4359 31.1152 30.7915      0.9037       0.9037    0.5309            1
2016 09 13 30.1805 30.8605 30.5355      0.6505       0.6505    0.5222            1
2016 09 14 30.4372 31.1180 30.7917      0.9095       0.9095    0.5136            1
2016 09 15 30.1701 30.8517 30.5241      0.6447       0.6447    0.5051            1
2016 09 16 30.4384 31.1209 30.7919      0.9153       0.9153    0.4966            1
2016 09 17 30.1597 30.8431 30.5128      0.6390       0.6390    0.4881            1
2016 09 18 30.4394 31.1237 30.7920      0.9210       0.9210    0.4797            1
2016 09 19 30.1493 30.8345 30.5016      0.6333       0.6333    0.4714            1
2016 09 20 30.4402 31.1265 30.7922      0.9267       0.9267    0.4631            1
2016 09 21 30.1387 30.8259 30.4903      0.6276       0.6276    0.4549            1
2016 09 22 30.4410 31.1293 30.7923      0.9324       0.9324    0.4467            1
2016 09 23 30.1282 30.8176 30.4793      0.6221       0.6221    0.4386            1
2016 09 24 30.4415 31.1320 30.7923      0.9379       0.9379    0.4306            1
2016 09 25 30.1176 30.8093 30.4682      0.6166       0.6166    0.4226            1
2016 09 26 30.4419 31.1348 30.7923      0.9434       0.9434    0.4147            1
2016 09 27 30.1072 30.8013 30.4575      0.6113       0.6113    0.4069            1
2016 09 28 30.4420 31.1373 30.7921      0.9487       0.9487    0.3991            1
2016 09 29 30.0968 30.7935 30.4469      0.6062       0.6062    0.3915            1
2016 09 30 30.4418 31.1398 30.7918      0.9538       0.9538    0.3839            1
2016 10 01 30.0865 30.7858 30.4365      0.6012       0.6012    0.3763            1
2016 10 02 30.4414 31.1421 30.7914      0.9588       0.9588    0.3689            1
2016 10 03 30.0764 30.7785 30.4265      0.5965       0.5965    0.3615            1
2016 10 04 30.4407 31.1443 30.7908      0.9635       0.9635    0.3542            1
2016 10 05 30.0664 30.7714 30.4166      0.5919       0.5919    0.3470            1
2016 10 06 30.4399 31.1464 30.7902      0.9681       0.9681    0.3399            1
2016 10 07 30.0567 30.7647 30.4072      0.5877       0.5877    0.3329            1
2016 10 08 30.4386 31.1481 30.7892      0.9723       0.9723    0.3259            1
2016 10 09 30.0472 30.7583 30.3980      0.5837       0.5837    0.3191            1
2016 10 10 30.4370 31.1497 30.7881      0.9763       0.9763    0.3123            1
2016 10 11 30.0379 30.7522 30.3893      0.5800       0.5800    0.3056            1
2016 10 12 30.4351 31.1511 30.7867      0.9800       0.9800    0.2990            1
2016 10 13 30.0289 30.7466 30.3809      0.5766       0.5766    0.2924            1
2016 10 14 30.4329 31.1522 30.7852      0.9834       0.9834    0.2860            1
2016 10 15 30.0202 30.7412 30.3729      0.5735       0.5735    0.2797            1
2016 10 16 30.4304 31.1532 30.7834      0.9865       0.9865    0.2734            1
2016 10 17 30.0118 30.7364 30.3654      0.5708       0.5708    0.2673            1
2016 10 18 30.4274 31.1537 30.7814      0.9892       0.9892    0.2612            1
2016 10 19 30.0039 30.7320 30.3583      0.5685       0.5685    0.2552            1
2016 10 20 30.4240 31.1540 30.7790      0.9915       0.9915    0.2493            1
2016 10 21 29.9962 30.7280 30.3517      0.5665       0.5665    0.2435            1
2016 10 22 30.4204 31.1541 30.7765      0.9935       0.9935    0.2378            1
2016 10 23 29.9890 30.7246 30.3458      0.5650       0.5650    0.2322            1
2016 10 24 30.4162 31.1537 30.7736      0.9950       0.9950    0.2266            1
2016 10 25 29.9823 30.7217 30.3403      0.5639       0.5639    0.2212            1
2016 10 26 30.4116 31.1530 30.7703      0.9961       0.9961    0.2158            1
2016 10 27 29.9759 30.7192 30.3353      0.5632       0.5632    0.2106            1
2016 10 28 30.4067 31.1520 30.7668      0.9968       0.9968    0.2054            1
2016 10 29 29.9701 30.7174 30.3310      0.5630       0.5630    0.2003            1
2016 10 30 30.4013 31.1506 30.7630      0.9970       0.9970    0.1953            1
2016 10 31 29.9647 30.7160 30.3272      0.5632       0.5632    0.1904            1
2016 11 01 30.3955 31.1489 30.7589      0.9968       0.9968    0.1856            1
2016 11 02 29.9598 30.7152 30.3240      0.5639       0.5639    0.1809            1
2016 11 03 30.3892 31.1467 30.7544      0.9961       0.9961    0.1762            1
2016 11 04 29.9554 30.7150 30.3215      0.5651       0.5651    0.1717            1
2016 11 05 30.3825 31.1442 30.7495      0.9949       0.9949    0.1672            1
2016 11 06 29.9515 30.7153 30.3196      0.5667       0.5667    0.1628            1
2016 11 07 30.3754 31.1413 30.7444      0.9933       0.9933    0.1585            1
2016 11 08 29.9482 30.7162 30.3182      0.5688       0.5688    0.1543            1
2016 11 09 30.3679 31.1381 30.7390      0.9912       0.9912    0.1502            1
2016 11 10 29.9454 30.7177 30.3176      0.5714       0.5714    0.1462            1
2016 11 11 30.3600 31.1344 30.7332      0.9886       0.9886    0.1422            1
2016 11 12 29.9432 30.7198 30.3175      0.5745       0.5745    0.1383            1
2016 11 13 30.3516 31.1304 30.7270      0.9855       0.9855    0.1345            1
2016 11 14 29.9416 30.7225 30.3182      0.5781       0.5781    0.1308            1
2016 11 15 30.3428 31.1259 30.7206      0.9819       0.9819    0.1272            1
2016 11 16 29.9405 30.7258 30.3195      0.5822       0.5822    0.1236            1
2016 11 17 30.3336 31.1211 30.7138      0.9778       0.9778    0.1201            1
2016 11 18 29.9399 30.7296 30.3214      0.5867       0.5867    0.1167            1
2016 11 19 30.3240 31.1159 30.7067      0.9733       0.9733    0.1134            1
2016 11 20 29.9400 30.7341 30.3240      0.5918       0.5918    0.1101            1
2016 11 21 30.3140 31.1103 30.6993      0.9682       0.9682    0.1069            1
2016 11 22 29.9405 30.7390 30.3271      0.5972       0.5972    0.1038            1
2016 11 23 30.3037 31.1044 30.6917      0.9628       0.9628    0.1008            1
2016 11 24 29.9417 30.7446 30.3310      0.6032       0.6032    0.0978            1
2016 11 25 30.2930 31.0981 30.6837      0.9568       0.9568    0.0949            1
2016 11 26 29.9435 30.7507 30.3355      0.6096       0.6096    0.0921            1
2016 11 27 30.2820 31.0914 30.6754      0.9504       0.9504    0.0893            1
2016 11 28 29.9457 30.7573 30.3406      0.6164       0.6164    0.0866            1
2016 11 29 30.2706 31.0845 30.6670      0.9436       0.9436    0.0840            1
2016 11 30 29.9485 30.7645 30.3463      0.6237       0.6237    0.0814            1
2016 12 01 30.2590 31.0771 30.6582      0.9363       0.9363    0.0789            1
2016 12 02 29.9518 30.7722 30.3525      0.6313       0.6313    0.0764            1
2016 12 03 30.2471 31.0696 30.6493      0.9287       0.9287    0.0741            1
2016 12 04 29.9557 30.7804 30.3595      0.6394       0.6394    0.0717            1
2016 12 05 30.2348 31.0617 30.6401      0.9206       0.9206    0.0695            1
2016 12 06 29.9600 30.7890 30.3669      0.6478       0.6478    0.0673            1
2016 12 07 30.2224 31.0536 30.6308      0.9122       0.9122    0.0651            1
2016 12 08 29.9648 30.7981 30.3747      0.6565       0.6565    0.0631            1
2016 12 09 30.2099 31.0453 30.6214      0.9035       0.9035    0.0610            1
2016 12 10 29.9701 30.8076 30.3832      0.6656       0.6656    0.0590            1
2016 12 11 30.1971 31.0366 30.6118      0.8944       0.8944    0.0571            1
2016 12 12 29.9759 30.8175 30.3922      0.6750       0.6750    0.0553            1
2016 12 13 30.1841 31.0278 30.6020      0.8850       0.8850    0.0534            1
2016 12 14 29.9821 30.8279 30.4017      0.6847       0.6847    0.0517            1
2016 12 15 30.1710 31.0188 30.5922      0.8753       0.8753    0.0499            1
2016 12 16 29.9886 30.8385 30.4115      0.6946       0.6946    0.0483            1
2016 12 17 30.1578 31.0097 30.5824      0.8654       0.8654    0.0466            1
2016 12 18 29.9957 30.8496 30.4218      0.7048       0.7048    0.0451            1
2016 12 19 30.1445 31.0004 30.5724      0.8552       0.8552    0.0435            1
2016 12 20 30.0029 30.8608 30.4325      0.7151       0.7151    0.0420            1
2016 12 21 30.1313 30.9911 30.5625      0.8449       0.8449    0.0406            1
2016 12 22 30.0107 30.8724 30.4436      0.7257       0.7257    0.0392            1
2016 12 23 30.1179 30.9816 30.5525      0.8343       0.8343    0.0378            1
2016 12 24 30.0187 30.8843 30.4550      0.7364       0.7364    0.0365            1
2016 12 25 30.1046 30.9721 30.5427      0.8236       0.8236    0.0352            1
2016 12 26 30.0270 30.8963 30.4667      0.7472       0.7472    0.0340            1
2016 12 27 30.0914 30.9626 30.5329      0.8128       0.8128    0.0328            1
2016 12 28 30.0356 30.9085 30.4787      0.7581       0.7581    0.0316            1
2016 12 29 30.0783 30.9530 30.5231      0.8019       0.8019    0.0305            1
2016 12 30 30.0443 30.9209 30.4909      0.7690       0.7690    0.0000            1
2016 12 31 30.0653 30.9436 30.5136      0.7910       0.7910    0.0000            1
2017 01 01 30.0432 30.9232 30.4932      0.7700       0.7700    0.0738            1
2017 01 02 30.0423 30.9240 30.4940      0.7700       0.7700    0.0761            1
2017 01 03 30.0524 30.9358 30.5059      0.7810       0.7810    0.0785            1
2017 01 04 30.0296 30.9146 30.4847      0.7590       0.7590    0.0810            1
2017 01 05 30.0618 30.9485 30.5187      0.7920       0.7920    0.0835            1
2017 01 06 30.0171 30.9054 30.4757      0.7480       0.7480    0.0861            1
2017 01 07 30.0713 30.9611 30.5316      0.8029       0.8029    0.0887            1
2017 01 08 30.0048 30.8963 30.4668      0.7371       0.7371    0.0914            1
2017 01 09 30.0808 30.9738 30.5446      0.8137       0.8137    0.0942            1
2017 01 10 29.9929 30.8874 30.4583      0.7263       0.7263    0.0971            1
2017 01 11 30.0906 30.9865 30.5577      0.8245       0.8245    0.1000            1
2017 01 12 29.9811 30.8785 30.4500      0.7155       0.7155    0.1030            1
2017 01 13 30.1002 30.9990 30.5707      0.8350       0.8350    0.1060            1
2017 01 14 29.9699 30.8701 30.4421      0.7050       0.7050    0.1091            1
2017 01 15 30.1100 31.0115 30.5838      0.8454       0.8454    0.1123            1
2017 01 16 29.9589 30.8618 30.4345      0.6946       0.6946    0.1156            1
2017 01 17 30.1197 31.0239 30.5969      0.8556       0.8556    0.1189            1
2017 01 18 29.9484 30.8538 30.4272      0.6844       0.6844    0.1223            1
2017 01 19 30.1293 31.0360 30.6098      0.8655       0.8655    0.1258            1
2017 01 20 29.9383 30.8462 30.4204      0.6745       0.6745    0.1294            1
2017 01 21 30.1390 31.0480 30.6227      0.8752       0.8752    0.1330            1
2017 01 22 29.9286 30.8388 30.4140      0.6648       0.6648    0.1367            1
2017 01 23 30.1485 31.0598 30.6355      0.8846       0.8846    0.1405            1
2017 01 24 29.9194 30.8318 30.4080      0.6554       0.6554    0.1443            1
2017 01 25 30.1579 31.0713 30.6481      0.8937       0.8937    0.1483            1
2017 01 26 29.9108 30.8252 30.4025      0.6463       0.6463    0.1523            1
2017 01 27 30.1672 31.0826 30.6605      0.9025       0.9025    0.1564            1
2017 01 28 29.9026 30.8189 30.3974      0.6375       0.6375    0.1606            1
2017 01 29 30.1764 31.0936 30.6727      0.9109       0.9109    0.1648            1
2017 01 30 29.8950 30.8131 30.3929      0.6291       0.6291    0.1692            1
2017 01 31 30.1854 31.1043 30.6847      0.9190       0.9190    0.1736            1
2017 02 01 29.8879 30.8076 30.3888      0.6210       0.6210    0.1781            1
2017 02 02 30.1942 31.1147 30.6965      0.9267       0.9267    0.1827            1
2017 02 03 29.8814 30.8026 30.3852      0.6133       0.6133    0.1873            1
2017 02 04 30.2027 31.1246 30.7079      0.9339       0.9339    0.1921            1
2017 02 05 29.8756 30.7982 30.3822      0.6061       0.6061    0.1969            1
2017 02 06 30.2109 31.1341 30.7190      0.9407       0.9407    0.2019            1
2017 02 07 29.8703 30.7941 30.3798      0.5993       0.5993    0.2069            1
2017 02 08 30.2190 31.1433 30.7299      0.9471       0.9471    0.2119            1
2017 02 09 29.8657 30.7906 30.3779      0.5929       0.5929    0.2171            1
2017 02 10 30.2269 31.1522 30.7404      0.9531       0.9531    0.2224            1
2017 02 11 29.8617 30.7874 30.3765      0.5869       0.5869    0.2277            1
2017 02 12 30.2343 31.1605 30.7505      0.9585       0.9585    0.2331            1
2017 02 13 29.8584 30.7849 30.3758      0.5815       0.5815    0.2387            1
2017 02 14 30.2416 31.1685 30.7603      0.9636       0.9636    0.2443            1
2017 02 15 29.8556 30.7827 30.3756      0.5764       0.5764    0.2499            1
2017 02 16 30.2485 31.1759 30.7697      0.9681       0.9681    0.2557            1
2017 02 17 29.8536 30.7812 30.3760      0.5719       0.5719    0.2615            1
2017 02 18 30.2551 31.1829 30.7787      0.9721       0.9721    0.2675            1
2017 02 19 29.8523 30.7802 30.3770      0.5679       0.5679    0.2735            1
2017 02 20 30.2615 31.1895 30.7873      0.9757       0.9757    0.2796            1
2017 02 21 29.8515 30.7796 30.3785      0.5643       0.5643    0.2858            1
2017 02 22 30.2675 31.1956 30.7955      0.9788       0.9788    0.2920            1
2017 02 23 29.8514 30.7795 30.3805      0.5612       0.5612    0.2984            1
2017 02 24 30.2732 31.2012 30.8033      0.9814       0.9814    0.3048            1
2017 02 25 29.8520 30.7799 30.3832      0.5586       0.5586    0.3113            1
2017 02 26 30.2784 31.2062 30.8106      0.9834       0.9834    0.3179            1
2017 02 27 29.8533 30.7809 30.3865      0.5566       0.5566    0.3245            1
2017 02 28 30.2836 31.2110 30.8176      0.9851       0.9851    0.3313            1
2017 03 01 29.8551 30.7823 30.3901      0.5549       0.5549    0.3381            1
2017 03 02 30.2882 31.2151 30.8241      0.9862       0.9862    0.3450            1
2017 03 03 29.8577 30.7842 30.3944      0.5538       0.5538    0.3519            1
2017 03 04 30.2925 31.2187 30.8301      0.9868       0.9868    0.3590            1
2017 03 05 29.8609 30.7867 30.3993      0.5532       0.5532    0.3661            1
2017 03 06 30.2966 31.2220 30.8358      0.9870       0.9870    0.3733            1
2017 03 07 29.8646 30.7895 30.4046      0.5530       0.5530    0.3805            1
2017 03 08 30.3003 31.2247 30.8410      0.9867       0.9867    0.3878            1
2017 03 09 29.8690 30.7928 30.4104      0.5533       0.5533    0.3952            1
2017 03 10 30.3038 31.2270 30.8459      0.9860       0.9860    0.4027            1
2017 03 11 29.8739 30.7965 30.4166      0.5540       0.5540    0.4102            1
2017 03 12 30.3069 31.2289 30.8503      0.9849       0.9849    0.4178            1
2017 03 13 29.8793 30.8006 30.4233      0.5551       0.5551    0.4254            1
2017 03 14 30.3098 31.2303 30.8543      0.9833       0.9833    0.4331            1
2017 03 15 29.8854 30.8052 30.4305      0.5567       0.5567    0.4408            1
2017 03 16 30.3123 31.2313 30.8579      0.9813       0.9813    0.4486            1
2017 03 17 29.8920 30.8102 30.4381      0.5587       0.5587    0.4565            1
2017 03 18 30.3145 31.2319 30.8611      0.9789       0.9789    0.4644            1
2017 03 19 29.8991 30.8155 30.4461      0.5611       0.5611    0.4723            1
2017 03 20 30.3166 31.2321 30.8640      0.9762       0.9762    0.4803            1
2017 03 21 29.9066 30.8211 30.4544      0.5638       0.5638    0.4884            1
2017 03 22 30.3183 31.2319 30.8665      0.9731       0.9731    0.4965            1
2017 03 23 29.9146 30.8271 30.4631      0.5669       0.5669    0.5046            1
2017 03 24 30.3198 31.2312 30.8685      0.9696       0.9696    0.5128            1
2017 03 25 29.9231 30.8334 30.4721      0.5704       0.5704    0.5210            1
2017 03 26 30.3212 31.2303 30.8704      0.9659       0.9659    0.5292            1
2017 03 27 29.9319 30.8399 30.4813      0.5741       0.5741    0.5374            1
2017 03 28 30.3222 31.2290 30.8718      0.9618       0.9618    0.5457            1
2017 03 29 29.9412 30.8468 30.4909      0.5782       0.5782    0.5540            1
2017 03 30 30.3231 31.2274 30.8730      0.9575       0.9575    0.5624            1
2017 03 31 29.9508 30.8538 30.5007      0.5825       0.5825    0.5707            1
2017 04 01 30.3239 31.2256 30.8739      0.9530       0.9530    0.5791            1
2017 04 02 29.9606 30.8609 30.5106      0.5870       0.5870    0.5874            1
2017 04 03 30.3245 31.2234 30.8745      0.9482       0.9482    0.5958            1
2017 04 04 29.9708 30.8683 30.5207      0.5918       0.5918    0.6042            1
2017 04 05 30.3249 31.2210 30.8748      0.9432       0.9432    0.6126            1
2017 04 06 29.9813 30.8759 30.5310      0.5968       0.5968    0.6210            1
2017 04 07 30.3252 31.2183 30.8749      0.9380       0.9380    0.6294            1
2017 04 08 29.9920 30.8836 30.5415      0.6020       0.6020    0.6378            1
2017 04 09 30.3254 31.2155 30.8748      0.9327       0.9327    0.6461            1
2017 04 10 30.0028 30.8913 30.5519      0.6073       0.6073    0.6545            1
2017 04 11 30.3255 31.2124 30.8744      0.9272       0.9272    0.6628            1
2017 04 12 30.0139 30.8992 30.5625      0.6128       0.6128    0.6712            1
2017 04 13 30.3255 31.2091 30.8738      0.9216       0.9216    0.6795            1
2017 04 14 30.0252 30.9071 30.5731      0.6184       0.6184    0.6877            1
2017 04 15 30.3255 31.2057 30.8731      0.9159       0.9159    0.6960            1
2017 04 16 30.0365 30.9150 30.5837      0.6241       0.6241    0.7042            1
2017 04 17 30.3255 31.2022 30.8723      0.9102       0.9102    0.7124            1
2017 04 18 30.0479 30.9228 30.5943      0.6298       0.6298    0.7205            1
2017 04 19 30.3254 31.1985 30.8712      0.9044       0.9044    0.7286            1
2017 04 20 30.0594 30.9307 30.6048      0.6356       0.6356    0.7366            1
2017 04 21 30.3253 31.1947 30.8701      0.8986       0.8986    0.7446            1
2017 04 22 30.0709 30.9385 30.6152      0.6414       0.6414    0.7525            1
2017 04 23 30.3252 31.1909 30.8688      0.8928       0.8928    0.7604            1
2017 04 24 30.0824 30.9462 30.6255      0.6472       0.6472    0.7682            1
2017 04 25 30.3251 31.1869 30.8675      0.8870       0.8870    0.7760            1
2017 04 26 30.0939 30.9539 30.6357      0.6530       0.6530    0.7837            1
2017 04 27 30.3249 31.1829 30.8660      0.8812       0.8812    0.7913            1
2017 04 28 30.1054 30.9614 30.6457      0.6588       0.6588    0.7988            1
2017 04 29 30.3249 31.1789 30.8645      0.8755       0.8755    0.8063            1
2017 04 30 30.1167 30.9688 30.6555      0.6645       0.6645    0.8136            1
2017 05 01 30.3250 31.1750 30.8630      0.8699       0.8699    0.8209            1
2017 05 02 30.1280 30.9759 30.6651      0.6701       0.6701    0.8281            1
2017 05 03 30.3250 31.1709 30.8613      0.8643       0.8643    0.8352            1
2017 05 04 30.1392 30.9830 30.6746      0.6757       0.6757    0.8422            1
2017 05 05 30.3252 31.1669 30.8597      0.8589       0.8589    0.8491            1
2017 05 06 30.1501 30.9898 30.6837      0.6811       0.6811    0.8559            1
2017 05 07 30.3254 31.1630 30.8580      0.8536       0.8536    0.8626            1
2017 05 08 30.1609 30.9964 30.6926      0.6864       0.6864    0.8692            1
2017 05 09 30.3257 31.1590 30.8563      0.8484       0.8484    0.8757            1
2017 05 10 30.1716 31.0028 30.7012      0.6916       0.6916    0.8820            1
2017 05 11 30.3261 31.1552 30.8547      0.8434       0.8434    0.8883            1
2017 05 12 30.1820 31.0089 30.7095      0.6966       0.6966    0.8944            1
2017 05 13 30.3266 31.1513 30.8530      0.8385       0.8385    0.9003            1
2017 05 14 30.1922 31.0148 30.7175      0.7015       0.7015    0.9062            1
2017 05 15 30.3272 31.1476 30.8513      0.8338       0.8338    0.9119            1
2017 05 16 30.2022 31.0204 30.7251      0.7062       0.7062    0.9175            1
2017 05 17 30.3278 31.1439 30.8496      0.8292       0.8292    0.9229            1
2017 05 18 30.2120 31.0258 30.7325      0.7108       0.7108    0.9282            1
2017 05 19 30.3285 31.1402 30.8479      0.8248       0.8248    0.9334            1
2017 05 20 30.2215 31.0309 30.7395      0.7152       0.7152    0.9384            1
2017 05 21 30.3295 31.1368 30.8463      0.8207       0.8207    0.9432            1
2017 05 22 30.2306 31.0357 30.7461      0.7193       0.7193    0.9479            1
2017 05 23 30.3304 31.1333 30.8446      0.8167       0.8167    0.9525            1
2017 05 24 30.2395 31.0402 30.7524      0.7233       0.7233    0.9569            1
2017 05 25 30.3314 31.1299 30.8429      0.8128       0.8128    0.9611            1
2017 05 26 30.2482 31.0444 30.7583      0.7272       0.7272    0.9652            1
2017 05 27 30.3325 31.1266 30.8413      0.8092       0.8092    0.9691            1
2017 05 28 30.2565 31.0483 30.7639      0.7308       0.7308    0.9728            1
2017 05 29 30.3338 31.1234 30.8397      0.8058       0.8058    0.9764            1
2017 05 30 30.2645 31.0519 30.7690      0.7342       0.7342    0.9798            1
2017 05 31 30.3351 31.1204 30.8382      0.8026       0.8026    0.9830            1
2017 06 01 30.2721 31.0552 30.7737      0.7374       0.7374    0.9860            1
2017 06 02 30.3364 31.1173 30.8365      0.7995       0.7995    0.9889            1
2017 06 03 30.2796 31.0583 30.7782      0.7405       0.7405    0.9916            1
2017 06 04 30.3378 31.1143 30.8349      0.7966       0.7966    0.9941            1
2017 06 05 30.2867 31.0611 30.7823      0.7434       0.7434    0.9964            1
2017 06 06 30.3392 31.1115 30.8333      0.7939       0.7939    0.9986            1
2017 06 07 30.2934 31.0635 30.7859      0.7461       0.7461    1.0006            2
2017 06 08 30.3407 31.1087 30.8317      0.7914       0.7914    1.0024            2
2017 06 09 30.2999 31.0657 30.7892      0.7486       0.7486    1.0040            2
2017 06 10 30.3422 31.1059 30.8300      0.7890       0.7890    1.0054            2
2017 06 11 30.3061 31.0677 30.7922      0.7510       0.7510    1.0066            2
2017 06 12 30.3437 31.1032 30.8283      0.7868       0.7868    1.0076            2
2017 06 13 30.3119 31.0693 30.7948      0.7532       0.7532    1.0085            2
2017 06 14 30.3452 31.1005 30.8265      0.7847       0.7847    1.0091            2
2017 06 15 30.3175 31.0708 30.7972      0.7553       0.7553    1.0096            2
2017 06 16 30.3467 31.0979 30.8247      0.7828       0.7828    1.0099            2
2017 06 17 30.3227 31.0719 30.7991      0.7572       0.7572    1.0100            2
2017 06 18 30.3481 31.0953 30.8228      0.7810       0.7810    1.0099            2
2017 06 19 30.3277 31.0729 30.8007      0.7590       0.7590    1.0096            2
2017 06 20 30.3494 31.0926 30.8208      0.7792       0.7792    1.0091            2
2017 06 21 30.3325 31.0737 30.8022      0.7608       0.7608    1.0085            2
2017 06 22 30.3507 31.0900 30.8187      0.7776       0.7776    1.0076            2
2017 06 23 30.3369 31.0743 30.8032      0.7624       0.7624    1.0066            2
2017 06 24 30.3520 31.0874 30.8166      0.7761       0.7761    1.0054            2
2017 06 25 30.3411 31.0746 30.8040      0.7639       0.7639    1.0040            2
2017 06 26 30.3531 31.0847 30.8142      0.7746       0.7746    1.0024            2
2017 06 27 30.3451 31.0749 30.8045      0.7654       0.7654    1.0006            2
2017 06 28 30.3539 31.0819 30.8117      0.7731       0.7731    0.9986            1
2017 06 29 30.3489 31.0750 30.8049      0.7669       0.7669    0.9964            1
2017 06 30 30.3548 31.0791 30.8091      0.7717       0.7717    0.9941            1
2017 07 01 30.3524 31.0750 30.8050      0.7683       0.7683    0.9916            1
2017 07 02 30.3554 31.0763 30.8063      0.7703       0.7703    0.9889            1
2017 07 03 30.3558 31.0749 30.8049      0.7697       0.7697    0.9860            1
2017 07 04 30.3560 31.0734 30.8034      0.7690       0.7690    0.9830            1
2017 07 05 30.3588 31.0746 30.8045      0.7710       0.7710    0.9798            1
2017 07 06 30.3562 31.0703 30.8002      0.7676       0.7676    0.9764            1
2017 07 07 30.3618 31.0743 30.8040      0.7724       0.7724    0.9728            1
2017 07 08 30.3563 31.0672 30.7968      0.7662       0.7662    0.9691            1
2017 07 09 30.3646 31.0739 30.8034      0.7738       0.7738    0.9652            1
2017 07 10 30.3561 31.0639 30.7932      0.7647       0.7647    0.9611            1
2017 07 11 30.3673 31.0735 30.8027      0.7753       0.7753    0.9569            1
2017 07 12 30.3557 31.0605 30.7894      0.7632       0.7632    0.9525            1
2017 07 13 30.3698 31.0731 30.8018      0.7768       0.7768    0.9479            1
2017 07 14 30.3550 31.0569 30.7853      0.7616       0.7616    0.9432            1
2017 07 15 30.3722 31.0726 30.8008      0.7784       0.7784    0.9384            1
2017 07 16 30.3540 31.0531 30.7810      0.7599       0.7599    0.9334            1
2017 07 17 30.3745 31.0722 30.7998      0.7801       0.7801    0.9282            1
2017 07 18 30.3527 31.0492 30.7763      0.7581       0.7581    0.9229            1
2017 07 19 30.3767 31.0719 30.7987      0.7819       0.7819    0.9175            1
2017 07 20 30.3512 31.0451 30.7715      0.7563       0.7563    0.9119            1
2017 07 21 30.3787 31.0714 30.7974      0.7837       0.7837    0.9062            1
2017 07 22 30.3492 31.0408 30.7663      0.7542       0.7542    0.9003            1
2017 07 23 30.3808 31.0712 30.7963      0.7858       0.7858    0.8944            1
2017 07 24 30.3471 31.0363 30.7609      0.7521       0.7521    0.8883            1
2017 07 25 30.3827 31.0709 30.7950      0.7879       0.7879    0.8820            1
2017 07 26 30.3445 31.0316 30.7551      0.7498       0.7498    0.8757            1
2017 07 27 30.3847 31.0707 30.7937      0.7902       0.7902    0.8692            1
2017 07 28 30.3416 31.0267 30.7491      0.7474       0.7474    0.8626            1
2017 07 29 30.3865 31.0706 30.7924      0.7926       0.7926    0.8559            1
2017 07 30 30.3382 31.0215 30.7427      0.7447       0.7447    0.8491            1
2017 07 31 30.3884 31.0708 30.7913      0.7953       0.7953    0.8422            1
2017 08 01 30.3347 31.0162 30.7361      0.7420       0.7420    0.8352            1
2017 08 02 30.3902 31.0708 30.7901      0.7980       0.7980    0.8281            1
2017 08 03 30.3306 31.0105 30.7290      0.7390       0.7390    0.8209            1
2017 08 04 30.3920 31.0712 30.7890      0.8010       0.8010    0.8136            1
2017 08 05 30.3262 31.0046 30.7217      0.7358       0.7358    0.8063            1
2017 08 06 30.3939 31.0716 30.7879      0.8042       0.8042    0.7988            1
2017 08 07 30.3215 30.9986 30.7141      0.7325       0.7325    0.7913            1
2017 08 08 30.3957 31.0722 30.7869      0.8075       0.8075    0.7837            1
2017 08 09 30.3163 30.9923 30.7062      0.7290       0.7290    0.7760            1
2017 08 10 30.3974 31.0729 30.7859      0.8110       0.8110    0.7682            1
2017 08 11 30.3108 30.9857 30.6979      0.7253       0.7253    0.7604            1
2017 08 12 30.3992 31.0737 30.7850      0.8147       0.8147    0.7525            1
2017 08 13 30.3049 30.9790 30.6894      0.7214       0.7214    0.7446            1
2017 08 14 30.4011 31.0747 30.7842      0.8186       0.8186    0.7366            1
2017 08 15 30.2986 30.9720 30.6806      0.7173       0.7173    0.7286            1
2017 08 16 30.4029 31.0759 30.7836      0.8227       0.8227    0.7205            1
2017 08 17 30.2920 30.9647 30.6714      0.7130       0.7130    0.7124            1
2017 08 18 30.4047 31.0773 30.7830      0.8270       0.8270    0.7042            1
2017 08 19 30.2849 30.9573 30.6620      0.7085       0.7085    0.6960            1
2017 08 20 30.4066 31.0788 30.7825      0.8315       0.8315    0.6877            1
2017 08 21 30.2776 30.9497 30.6524      0.7039       0.7039    0.6795            1
2017 08 22 30.4084 31.0804 30.7820      0.8361       0.8361    0.6712            1
2017 08 23 30.2699 30.9419 30.6425      0.6991       0.6991    0.6628            1
2017 08 24 30.4102 31.0822 30.7817      0.8409       0.8409    0.6545            1
2017 08 25 30.2619 30.9339 30.6323      0.6941       0.6941    0.6461            1
2017 08 26 30.4121 31.0842 30.7815      0.8459       0.8459    0.6378            1
2017 08 27 30.2536 30.9257 30.6219      0.6890       0.6890    0.6294            1
2017 08 28 30.4139 31.0862 30.7813      0.8510       0.8510    0.6210            1
2017 08 29 30.2450 30.9175 30.6114      0.6838       0.6838    0.6126            1
2017 08 30 30.4157 31.0884 30.7811      0.8562       0.8562    0.6042            1
2017 08 31 30.2361 30.9091 30.6006      0.6784       0.6784    0.5958            1
2017 09 01 30.4175 31.0907 30.7811      0.8616       0.8616    0.5874            1
2017 09 02 30.2269 30.9005 30.5897      0.6729       0.6729    0.5791            1
2017 09 03 30.4192 31.0932 30.7812      0.8671       0.8671    0.5707            1
2017 09 04 30.2175 30.8919 30.5787      0.6673       0.6673    0.5624            1
2017 09 05 30.4209 31.0958 30.7813      0.8727       0.8727    0.5540            1
2017 09 06 30.2078 30.8831 30.5675      0.6616       0.6616    0.5457            1
2017 09 07 30.4226 31.0984 30.7815      0.8784       0.8784    0.5374            1
2017 09 08 30.1980 30.8744 30.5562      0.6559       0.6559    0.5292            1
2017 09 09 30.4241 31.1011 30.7816      0.8841       0.8841    0.5210            1
2017 09 10 30.1879 30.8656 30.5449      0.6501       0.6501    0.5128            1
2017 09 11 30.4256 31.1039 30.7819      0.8899       0.8899    0.5046            1
2017 09 12 30.1778 30.8568 30.5335      0.6443       0.6443    0.4965            1
2017 09 13 30.4269 31.1067 30.7821      0.8957       0.8957    0.4884            1
2017 09 14 30.1675 30.8480 30.5221      0.6385       0.6385    0.4803            1
2017 09 15 30.4282 31.1095 30.7823      0.9015       0.9015    0.4723            1
2017 09 16 30.1570 30.8393 30.5107      0.6327       0.6327    0.4644            1
2017 09 17 30.4293 31.1124 30.7825      0.9073       0.9073    0.4565            1
2017 09 18 30.1465 30.8305 30.4993      0.6269       0.6269    0.4486            1
2017 09 19 30.4303 31.1153 30.7827      0.9131       0.9131    0.4408            1
2017 09 20 30.1360 30.8220 30.4880      0.6212       0.6212    0.4331            1
2017 09 21 30.4311 31.1181 30.7828      0.9188       0.9188    0.4254            1
2017 09 22 30.1255 30.8135 30.4769      0.6156       0.6156    0.4178            1
2017 09 23 30.4317 31.1209 30.7829      0.9244       0.9244    0.4102            1
2017 09 24 30.1149 30.8052 30.4658      0.6101       0.6101    0.4027            1
2017 09 25 30.4322 31.1236 30.7828      0.9299       0.9299    0.3952            1
2017 09 26 30.1043 30.7969 30.4548      0.6046       0.6046    0.3878            1
2017 09 27 30.4325 31.1263 30.7828      0.9354       0.9354    0.3805            1
2017 09 28 30.0939 30.7889 30.4441      0.5994       0.5994    0.3733            1
2017 09 29 30.4325 31.1288 30.7826      0.9406       0.9406    0.3661            1
2017 09 30 30.0835 30.7811 30.4336      0.5943       0.5943    0.3590            1
2017 10 01 30.4322 31.1312 30.7823      0.9457       0.9457    0.3519            1
2017 10 02 30.0733 30.7736 30.4233      0.5894       0.5894    0.3450            1
2017 10 03 30.4318 31.1335 30.7818      0.9506       0.9506    0.3381            1
2017 10 04 30.0631 30.7663 30.4132      0.5847       0.5847    0.3313            1
2017 10 05 30.4310 31.1356 30.7812      0.9553       0.9553    0.3245            1
2017 10 06 30.0533 30.7594 30.4035      0.5803       0.5803    0.3179            1
2017 10 07 30.4299 31.1375 30.7803      0.9597       0.9597    0.3113            1
2017 10 08 30.0435 30.7527 30.3941      0.5761       0.5761    0.3048            1
2017 10 09 30.4286 31.1393 30.7793      0.9639       0.9639    0.2984            1
2017 10 10 30.0341 30.7464 30.3851      0.5722       0.5722    0.2920            1
2017 10 11 30.4269 31.1408 30.7781      0.9678       0.9678    0.2858            1
2017 10 12 30.0249 30.7405 30.3764      0.5686       0.5686    0.2796            1
2017 10 13 30.4248 31.1421 30.7767      0.9714       0.9714    0.2735            1
2017 10 14 30.0159 30.7349 30.3681      0.5653       0.5653    0.2675            1
2017 10 15 30.4225 31.1432 30.7751      0.9747       0.9747    0.2615            1
2017 10 16 30.0074 30.7298 30.3603      0.5624       0.5624    0.2557            1
2017 10 17 30.4197 31.1439 30.7731      0.9776       0.9776    0.2499            1
2017 10 18 29.9991 30.7250 30.3530      0.5598       0.5598    0.2443            1
2017 10 19 30.4166 31.1444 30.7710      0.9802       0.9802    0.2387            1
2017 10 20 29.9913 30.7209 30.3462      0.5577       0.5577    0.2331            1
2017 10 21 30.4130 31.1445 30.7685      0.9823       0.9823    0.2277            1
2017 10 22 29.9838 30.7171 30.3398      0.5559       0.5559    0.2224            1
2017 10 23 30.4091 31.1444 30.7657      0.9841       0.9841    0.2171            1
2017 10 24 29.9767 30.7138 30.3339      0.5545       0.5545    0.2119            1
2017 10 25 30.4048 31.1439 30.7627      0.9855       0.9855    0.2069            1
2017 10 26 29.9701 30.7111 30.3287      0.5536       0.5536    0.2019            1
2017 10 27 30.4000 31.1430 30.7593      0.9864       0.9864    0.1969            1
2017 10 28 29.9639 30.7089 30.3239      0.5531       0.5531    0.1921            1
2017 10 29 30.3949 31.1418 30.7557      0.9869       0.9869    0.1873            1
2017 10 30 29.9581 30.7071 30.3197      0.5530       0.5530    0.1827            1
2017 10 31 30.3893 31.1403 30.7517      0.9870       0.9870    0.1781            1
2017 11 01 29.9529 30.7060 30.3162      0.5534       0.5534    0.1736            1
2017 11 02 30.3833 31.1384 30.7474      0.9866       0.9866    0.1692            1
2017 11 03 29.9482 30.7054 30.3133      0.5543       0.5543    0.1648            1
2017 11 04 30.3769 31.1361 30.7428      0.9857       0.9857    0.1606            1
2017 11 05 29.9441 30.7054 30.3110      0.5557       0.5557    0.1564            1
2017 11 06 30.3699 31.1334 30.7378      0.9843       0.9843    0.1523            1
2017 11 07 29.9404 30.7060 30.3092      0.5575       0.5575    0.1483            1
2017 11 08 30.3627 31.1304 30.7325      0.9825       0.9825    0.1443            1
2017 11 09 29.9373 30.7072 30.3082      0.5599       0.5599    0.1405            1
2017 11 10 30.3548 31.1268 30.7268      0.9801       0.9801    0.1367            1
2017 11 11 29.9348 30.7089 30.3078      0.5627       0.5627    0.1330            1
2017 11 12 30.3467 31.1230 30.7209      0.9773       0.9773    0.1294            1
2017 11 13 29.9327 30.7112 30.3080      0.5660       0.5660    0.1258            1
2017 11 14 30.3381 31.1188 30.7146      0.9740       0.9740    0.1223            1
2017 11 15 29.9313 30.7142 30.3089      0.5698       0.5698    0.1189            1
2017 11 16 30.3291 31.1141 30.7079      0.9702       0.9702    0.1156            1
2017 11 17 29.9304 30.7177 30.3105      0.5741       0.5741    0.1123            1
2017 11 18 30.3197 31.1091 30.7010      0.9659       0.9659    0.1091            1
2017 11 19 29.9302 30.7218 30.3127      0.5789       0.5789    0.1060            1
2017 11 20 30.3099 31.1037 30.6937      0.9611       0.9611    0.1030            1
2017 11 21 29.9304 30.7264 30.3155      0.5841       0.5841    0.1000            1
2017 11 22 30.2997 31.0980 30.6862      0.9559       0.9559    0.0971            1
2017 11 23 29.9312 30.7316 30.3190      0.5898       0.5898    0.0942            1
2017 11 24 30.2892 31.0918 30.6784      0.9502       0.9502    0.0914            1
2017 11 25 29.9326 30.7375 30.3232      0.5960       0.5960    0.0887            1
2017 11 26 30.2783 31.0853 30.6702      0.9440       0.9440    0.0861            1
2017 11 27 29.9346 30.7438 30.3279      0.6026       0.6026    0.0835            1
2017 11 28 30.2671 31.0785 30.6618      0.9374       0.9374    0.0810            1
2017 11 29 29.9371 30.7507 30.3333      0.6097       0.6097    0.0785            1
2017 11 30 30.2555 31.0713 30.6531      0.9303       0.9303    0.0761            1
2017 12 01 29.9401 30.7581 30.3392      0.6171       0.6171    0.0738            1
2017 12 02 30.2437 31.0639 30.6443      0.9229       0.9229    0.0715            1
2017 12 03 29.9437 30.7660 30.3458      0.6250       0.6250    0.0693            1
2017 12 04 30.2316 31.0561 30.6352      0.9150       0.9150    0.0671            1
2017 12 05 29.9477 30.7744 30.3529      0.6332       0.6332    0.0650            1
2017 12 06 30.2193 31.0481 30.6260      0.9068       0.9068    0.0629            1
2017 12 07 29.9523 30.7832 30.3605      0.6418       0.6418    0.0609            1
2017 12 08 30.2067 31.0398 30.6165      0.8982       0.8982    0.0590            1
2017 12 09 29.9574 30.7926 30.3688      0.6508       0.6508    0.0571            1
2017 12 10 30.1939 31.0312 30.6069      0.8892       0.8892    0.0552            1
2017 12 11 29.9628 30.8023 30.3774      0.6600       0.6600    0.0534            1
2017 12 12 30.1810 31.0225 30.5972      0.8800       0.8800    0.0517            1
2017 12 13 29.9688 30.8124 30.3867      0.6696       0.6696    0.0500            1
2017 12 14 30.1679 31.0136 30.5874      0.8704       0.8704    0.0483            1
2017 12 15 29.9752 30.8229 30.3963      0.6794       0.6794    0.0467            1
2017 12 16 30.1547 31.0045 30.5775      0.8606       0.8606    0.0451            1
2017 12 17 29.9820 30.8338 30.4064      0.6895       0.6895    0.0436            1
2017 12 18 30.1414 30.9952 30.5675      0.8505       0.8505    0.0421            1
2017 12 19 29.9891 30.8450 30.4170      0.6998       0.6998    0.0407            1
2017 12 20 30.1280 30.9858 30.5575      0.8402       0.8402    0.0393            1
2017 12 21 29.9966 30.8563 30.4278      0.7102       0.7102    0.0380            1
2017 12 22 30.1148 30.9765 30.5476      0.8298       0.8298    0.0367            1
2017 12 23 30.0045 30.8681 30.4391      0.7209       0.7209    0.0354            1
2017 12 24 30.1014 30.9669 30.5376      0.8191       0.8191    0.0341            1
2017 12 25 30.0127 30.8801 30.4507      0.7317       0.7317    0.0329            1
2017 12 26 30.0880 30.9573 30.5277      0.8083       0.8083    0.0318            1
2017 12 27 30.0210 30.8921 30.4624      0.7425       0.7425    0.0307            1
2017 12 28 30.0749 30.9478 30.5180      0.7975       0.7975    0.0000            1
2017 12 29 30.0298 30.9045 30.4746      0.7535       0.7535    0.0000            1
2017 12 30 30.0617 30.9382 30.5083      0.7865       0.7865    0.0000            1
2017 12 31 30.0442 30.9225 30.4925      0.7700       0.7700    0.0000            1
2018 01 01 30.0532 30.9332 30.5032      0.7800       0.7800    0.0716            1
2018 01 02 30.0523 30.9340 30.5040      0.7800       0.7800    0.0739            1
2018 01 03 30.0624 30.9458 30.5159      0.7910       0.7910    0.0762            1
2018 01 04 30.0396 30.9246 30.4947      0.7690       0.7690    0.0786            1
2018 01 05 30.0718 30.9585 30.5287      0.8020       0.8020    0.0810            1
2018 01 06 30.0271 30.9154 30.4857      0.7580       0.7580    0.0835            1
2018 01 07 30.0813 30.9711 30.5416      0.8129       0.8129    0.0861            1
2018 01 08 30.0148 30.9063 30.4768      0.7471       0.7471    0.0887            1
2018 01 09 30.0908 30.9838 30.5546      0.8237       0.8237    0.0914            1
2018 01 10 30.0029 30.8974 30.4683      0.7363       0.7363    0.0942            1
2018 01 11 30.1006 30.9965 30.5677      0.8345       0.8345    0.0970            1
2018 01 12 29.9911 30.8885 30.4600      0.7255       0.7255    0.0999            1
2018 01 13 30.1102 31.0090 30.5807      0.8450       0.8450    0.1029            1
2018 01 14 29.9799 30.8801 30.4521      0.7150       0.7150    0.1059            1
2018 01 15 30.1200 31.0215 30.5938      0.8554       0.8554    0.1090            1
2018 01 16 29.9689 30.8718 30.4445      0.7046       0.7046    0.1121            1
2018 01 17 30.1297 31.0339 30.6069      0.8656       0.8656    0.1154            1
2018 01 18 29.9584 30.8638 30.4372      0.6944       0.6944    0.1187            1
2018 01 19 30.1393 31.0460 30.6198      0.8755       0.8755    0.1221            1
2018 01 20 29.9483 30.8562 30.4304      0.6845       0.6845    0.1255            1
2018 01 21 30.1490 31.0580 30.6327      0.8852       0.8852    0.1290            1
2018 01 22 29.9386 30.8488 30.4240      0.6748       0.6748    0.1326            1
2018 01 23 30.1585 31.0698 30.6455      0.8946       0.8946    0.1363            1
2018 01 24 29.9294 30.8418 30.4180      0.6654       0.6654    0.1400            1
2018 01 25 30.1679 31.0813 30.6581      0.9037       0.9037    0.1439            1
2018 01 26 29.9208 30.8352 30.4125      0.6563       0.6563    0.1478            1
2018 01 27 30.1772 31.0926 30.6705      0.9125       0.9125    0.1517            1
2018 01 28 29.9126 30.8289 30.4074      0.6475       0.6475    0.1558            1
2018 01 29 30.1864 31.1036 30.6827      0.9209       0.9209    0.1599            1
2018 01 30 29.9050 30.8231 30.4029      0.6391       0.6391    0.1641            1
2018 01 31 30.1954 31.1143 30.6947      0.9290       0.9290    0.1684            1
2018 02 01 29.8979 30.8176 30.3988      0.6310       0.6310    0.1728            1
2018 02 02 30.2042 31.1247 30.7065      0.9367       0.9367    0.1773            1
2018 02 03 29.8914 30.8126 30.3952      0.6233       0.6233    0.1818            1
2018 02 04 30.2127 31.1346 30.7179      0.9439       0.9439    0.1864            1
2018 02 05 29.8856 30.8082 30.3922      0.6161       0.6161    0.1911            1
2018 02 06 30.2209 31.1441 30.7290      0.9507       0.9507    0.1959            1
2018 02 07 29.8803 30.8041 30.3898      0.6093       0.6093    0.2007            1
2018 02 08 30.2290 31.1533 30.7399      0.9571       0.9571    0.2057            1
2018 02 09 29.8757 30.8006 30.3879      0.6029       0.6029    0.2107            1
2018 02 10 30.2369 31.1622 30.7504      0.9631       0.9631    0.2158            1
2018 02 11 29.8717 30.7974 30.3865      0.5969       0.5969    0.2210            1
2018 02 12 30.2443 31.1705 30.7605      0.9685       0.9685    0.2262            1
2018 02 13 29.8684 30.7949 30.3858      0.5915       0.5915    0.2316            1
2018 02 14 30.2516 31.1785 30.7703      0.9736       0.9736    0.2370            1
2018 02 15 29.8656 30.7927 30.3856      0.5864       0.5864    0.2425            1
2018 02 16 30.2585 31.1859 30.7797      0.9781       0.9781    0.2481            1
2018 02 17 29.8636 30.7912 30.3860      0.5819       0.5819    0.2538            1
2018 02 18 30.2651 31.1929 30.7887      0.9821       0.9821    0.2595            1
2018 02 19 29.8623 30.7902 30.3870      0.5779       0.5779    0.2654            1
2018 02 20 30.2715 31.1995 30.7973      0.9857       0.9857    0.2713            1
2018 02 21 29.8615 30.7896 30.3885      0.5743       0.5743    0.2773            1
2018 02 22 30.2775 31.2056 30.8055      0.9888       0.9888    0.2834            1
2018 02 23 29.8614 30.7895 30.3905      0.5712       0.5712    0.2895            1
2018 02 24 30.2832 31.2112 30.8133      0.9914       0.9914    0.2957            1
2018 02 25 29.8620 30.7899 30.3932      0.5686       0.5686    0.3021            1
2018 02 26 30.2884 31.2162 30.8206      0.9934       0.9934    0.3084            1
2018 02 27 29.8633 30.7909 30.3965      0.5666       0.5666    0.3149            1
2018 02 28 30.2936 31.2210 30.8276      0.9951       0.9951    0.3214            1
2018 03 01 29.8651 30.7923 30.4001      0.5649       0.5649    0.3280            1
2018 03 02 30.2982 31.2251 30.8341      0.9962       0.9962    0.3347            1
2018 03 03 29.8677 30.7942 30.4044      0.5638       0.5638    0.3415            1
2018 03 04 30.3025 31.2287 30.8401      0.9968       0.9968    0.3483            1
2018 03 05 29.8709 30.7967 30.4093      0.5632       0.5632    0.3552            1
2018 03 06 30.3066 31.2320 30.8458      0.9970       0.9970    0.3622            1
2018 03 07 29.8746 30.7995 30.4146      0.5630       0.5630    0.3692            1
2018 03 08 30.3103 31.2347 30.8510      0.9967       0.9967    0.3763            1
2018 03 09 29.8790 30.8028 30.4204      0.5633       0.5633    0.3835            1
2018 03 10 30.3138 31.2370 30.8559      0.9960       0.9960    0.3907            1
2018 03 11 29.8839 30.8065 30.4266      0.5640       0.5640    0.3980            1
2018 03 12 30.3169 31.2389 30.8603      0.9949       0.9949    0.4053            1
2018 03 13 29.8893 30.8106 30.4333      0.5651       0.5651    0.4128            1
2018 03 14 30.3198 31.2403 30.8643      0.9933       0.9933    0.4202            1
2018 03 15 29.8954 30.8152 30.4405      0.5667       0.5667    0.4277            1
2018 03 16 30.3223 31.2413 30.8679      0.9913       0.9913    0.4353            1
2018 03 17 29.9020 30.8202 30.4481      0.5687       0.5687    0.4429            1
2018 03 18 30.3245 31.2419 30.8711      0.9889       0.9889    0.4506            1
2018 03 19 29.9091 30.8255 30.4561      0.5711       0.5711    0.4583            1
2018 03 20 30.3266 31.2421 30.8740      0.9862       0.9862    0.4661            1
2018 03 21 29.9166 30.8311 30.4644      0.5738       0.5738    0.4739            1
2018 03 22 30.3283 31.2419 30.8765      0.9831       0.9831    0.4817            1
2018 03 23 29.9246 30.8371 30.4731      0.5769       0.5769    0.4896            1
2018 03 24 30.3298 31.2412 30.8785      0.9796       0.9796    0.4975            1
2018 03 25 29.9331 30.8434 30.4821      0.5804       0.5804    0.5055            1
2018 03 26 30.3312 31.2403 30.8804      0.9759       0.9759    0.5135            1
2018 03 27 29.9419 30.8499 30.4913      0.5841       0.5841    0.5215            1
2018 03 28 30.3322 31.2390 30.8818      0.9718       0.9718    0.5295            1
2018 03 29 29.9512 30.8568 30.5009      0.5882       0.5882    0.5376            1
2018 03 30 30.3331 31.2374 30.8830      0.9675       0.9675    0.5457            1
2018 03 31 29.9608 30.8638 30.5107      0.5925       0.5925    0.5538            1
2018 04 01 30.3339 31.2356 30.8839      0.9630       0.9630    0.5619            1
2018 04 02 29.9706 30.8709 30.5206      0.5970       0.5970    0.5700            1
2018 04 03 30.3345 31.2334 30.8845      0.9582       0.9582    0.5781            1
2018 04 04 29.9808 30.8783 30.5307      0.6018       0.6018    0.5863            1
2018 04 05 30.3349 31.2310 30.8848      0.9532       0.9532    0.5944            1
2018 04 06 29.9913 30.8859 30.5410      0.6068       0.6068    0.6025            1
2018 04 07 30.3352 31.2283 30.8849      0.9480       0.9480    0.6107            1
2018 04 08 30.0020 30.8936 30.5515      0.6120       0.6120    0.6188            1
2018 04 09 30.3354 31.2255 30.8848      0.9427       0.9427    0.6269            1
2018 04 10 30.0128 30.9013 30.5619      0.6173       0.6173    0.6350            1
2018 04 11 30.3355 31.2224 30.8844      0.9372       0.9372    0.6431            1
2018 04 12 30.0239 30.9092 30.5725      0.6228       0.6228    0.6512            1
2018 04 13 30.3355 31.2191 30.8838      0.9316       0.9316    0.6593            1
2018 04 14 30.0352 30.9171 30.5831      0.6284       0.6284    0.6673            1
2018 04 15 30.3355 31.2157 30.8831      0.9259       0.9259    0.6753            1
2018 04 16 30.0465 30.9250 30.5937      0.6341       0.6341    0.6833            1
2018 04 17 30.3355 31.2122 30.8823      0.9202       0.9202    0.6912            1
2018 04 18 30.0579 30.9328 30.6043      0.6398       0.6398    0.6991            1
2018 04 19 30.3354 31.2085 30.8812      0.9144       0.9144    0.7069            1
2018 04 20 30.0694 30.9407 30.6148      0.6456       0.6456    0.7147            1
2018 04 21 30.3353 31.2047 30.8801      0.9086       0.9086    0.7225            1
2018 04 22 30.0809 30.9485 30.6252      0.6514       0.6514    0.7302            1
2018 04 23 30.3352 31.2009 30.8788      0.9028       0.9028    0.7378            1
2018 04 24 30.0924 30.9562 30.6355      0.6572       0.6572    0.7454            1
2018 04 25 30.3351 31.1969 30.8775      0.8970       0.8970    0.7529            1
2018 04 26 30.1039 30.9639 30.6457      0.6630       0.6630    0.7604            1
2018 04 27 30.3349 31.1929 30.8760      0.8912       0.8912    0.7678            1
2018 04 28 30.1154 30.9714 30.6557      0.6688       0.6688    0.7751            1
2018 04 29 30.3349 31.1889 30.8745      0.8855       0.8855    0.7823            1
2018 04 30 30.1267 30.9788 30.6655      0.6745       0.6745    0.7895            1
2018 05 01 30.3350 31.1850 30.8730      0.8799       0.8799    0.7966            1
2018 05 02 30.1380 30.9859 30.6751      0.6801       0.6801    0.8035            1
2018 05 03 30.3350 31.1809 30.8713      0.8743       0.8743    0.8104            1
2018 05 04 30.1492 30.9930 30.6846      0.6857       0.6857    0.8172            1
2018 05 05 30.3352 31.1769 30.8697      0.8689       0.8689    0.8239            1
2018 05 06 30.1601 30.9998 30.6937      0.6911       0.6911    0.8305            1
2018 05 07 30.3354 31.1730 30.8680      0.8636       0.8636    0.8370            1
2018 05 08 30.1709 31.0064 30.7026      0.6964       0.6964    0.8434            1
2018 05 09 30.3357 31.1690 30.8663      0.8584       0.8584    0.8497            1
2018 05 10 30.1816 31.0128 30.7112      0.7016       0.7016    0.8558            1
2018 05 11 30.3361 31.1652 30.8647      0.8534       0.8534    0.8619            1
2018 05 12 30.1920 31.0189 30.7195      0.7066       0.7066    0.8678            1
2018 05 13 30.3366 31.1613 30.8630      0.8485       0.8485    0.8736            1
2018 05 14 30.2022 31.0248 30.7275      0.7115       0.7115    0.8793            1
2018 05 15 30.3372 31.1576 30.8613      0.8438       0.8438    0.8848            1
2018 05 16 30.2122 31.0304 30.7351      0.7162       0.7162    0.8902            1
2018 05 17 30.3378 31.1539 30.8596      0.8392       0.8392    0.8955            1
2018 05 18 30.2220 31.0358 30.7425      0.7208       0.7208    0.9006            1
2018 05 19 30.3385 31.1502 30.8579      0.8348       0.8348    0.9056            1
2018 05 20 30.2315 31.0409 30.7495      0.7252       0.7252    0.9105            1
2018 05 21 30.3395 31.1468 30.8563      0.8307       0.8307    0.9152            1
2018 05 22 30.2406 31.0457 30.7561      0.7293       0.7293    0.9198            1
2018 05 23 30.3404 31.1433 30.8546      0.8267       0.8267    0.9242            1
2018 05 24 30.2495 31.0502 30.7624      0.7333       0.7333    0.9284            1
2018 05 25 30.3414 31.1399 30.8529      0.8228       0.8228    0.9325            1
2018 05 26 30.2582 31.0544 30.7683      0.7372       0.7372    0.9365            1
2018 05 27 30.3425 31.1366 30.8513      0.8192       0.8192    0.9403            1
2018 05 28 30.2665 31.0583 30.7739      0.7408       0.7408    0.9439            1
2018 05 29 30.3438 31.1334 30.8497      0.8158       0.8158    0.9474            1
2018 05 30 30.2745 31.0619 30.7790      0.7442       0.7442    0.9507            1
2018 05 31 30.3451 31.1304 30.8482      0.8126       0.8126    0.9538            1
2018 06 01 30.2821 31.0652 30.7837      0.7474       0.7474    0.9567            1
2018 06 02 30.3464 31.1273 30.8465      0.8095       0.8095    0.9595            1
2018 06 03 30.2896 31.0683 30.7882      0.7505       0.7505    0.9621            1
2018 06 04 30.3478 31.1243 30.8449      0.8066       0.8066    0.9646            1
2018 06 05 30.2967 31.0711 30.7923      0.7534       0.7534    0.9668            1
2018 06 06 30.3492 31.1215 30.8433      0.8039       0.8039    0.9689            1
2018 06 07 30.3034 31.0735 30.7959      0.7561       0.7561    0.9708            1
2018 06 08 30.3507 31.1187 30.8417      0.8014       0.8014    0.9726            1
2018 06 09 30.3099 31.0757 30.7992      0.7586       0.7586    0.9741            1
2018 06 10 30.3522 31.1159 30.8400      0.7990       0.7990    0.9755            1
2018 06 11 30.3161 31.0777 30.8022      0.7610       0.7610    0.9767            1
2018 06 12 30.3537 31.1132 30.8383      0.7968       0.7968    0.9777            1
2018 06 13 30.3219 31.0793 30.8048      0.7632       0.7632    0.9785            1
2018 06 14 30.3552 31.1105 30.8365      0.7947       0.7947    0.9792            1
2018 06 15 30.3275 31.0808 30.8072      0.7653       0.7653    0.9796            1
2018 06 16 30.3567 31.1079 30.8347      0.7928       0.7928    0.9799            1
2018 06 17 30.3327 31.0819 30.8091      0.7672       0.7672    0.9800            1
2018 06 18 30.3581 31.1053 30.8328      0.7910       0.7910    0.9799            1
2018 06 19 30.3377 31.0829 30.8107      0.7690       0.7690    0.9796            1
2018 06 20 30.3594 31.1026 30.8308      0.7892       0.7892    0.9792            1
2018 06 21 30.3425 31.0837 30.8122      0.7708       0.7708    0.9785            1
2018 06 22 30.3607 31.1000 30.8287      0.7876       0.7876    0.9777            1
2018 06 23 30.3469 31.0843 30.8132      0.7724       0.7724    0.9767            1
2018 06 24 30.3620 31.0974 30.8266      0.7861       0.7861    0.9755            1
2018 06 25 30.3511 31.0846 30.8140      0.7739       0.7739    0.9741            1
2018 06 26 30.3631 31.0947 30.8242      0.7846       0.7846    0.9726            1
2018 06 27 30.3551 31.0849 30.8145      0.7754       0.7754    0.9708            1
2018 06 28 30.3639 31.0919 30.8217      0.7831       0.7831    0.9689            1
2018 06 29 30.3589 31.0850 30.8149      0.7769       0.7769    0.9668            1
2018 06 30 30.3648 31.0891 30.8191      0.7817       0.7817    0.9646            1
2018 07 01 30.3624 31.0850 30.8150      0.7783       0.7783    0.9621            1
2018 07 02 30.3654 31.0863 30.8163      0.7803       0.7803    0.9595            1
2018 07 03 30.3658 31.0849 30.8149      0.7797       0.7797    0.9567            1
2018 07 04 30.3660 31.0834 30.8134      0.7790       0.7790    0.9538            1
2018 07 05 30.3688 31.0846 30.8145      0.7810       0.7810    0.9507            1
2018 07 06 30.3662 31.0803 30.8102      0.7776       0.7776    0.9474            1
2018 07 07 30.3718 31.0843 30.8140      0.7824       0.7824    0.9439            1
2018 07 08 30.3663 31.0772 30.8068      0.7762       0.7762    0.9403            1
2018 07 09 30.3746 31.0839 30.8134      0.7838       0.7838    0.9365            1
2018 07 10 30.3661 31.0739 30.8032      0.7747       0.7747    0.9325            1
2018 07 11 30.3773 31.0835 30.8127      0.7853       0.7853    0.9284            1
2018 07 12 30.3657 31.0705 30.7994      0.7732       0.7732    0.9242            1
2018 07 13 30.3798 31.0831 30.8118      0.7868       0.7868    0.9198            1
2018 07 14 30.3650 31.0669 30.7953      0.7716       0.7716    0.9152            1
2018 07 15 30.3822 31.0826 30.8108      0.7884       0.7884    0.9105            1
2018 07 16 30.3640 31.0631 30.7910      0.7699       0.7699    0.9056            1
2018 07 17 30.3845 31.0822 30.8098      0.7901       0.7901    0.9006            1
2018 07 18 30.3627 31.0592 30.7863      0.7681       0.7681    0.8955            1
2018 07 19 30.3867 31.0819 30.8087      0.7919       0.7919    0.8902            1
2018 07 20 30.3612 31.0551 30.7815      0.7663       0.7663    0.8848            1
2018 07 21 30.3887 31.0814 30.8074      0.7937       0.7937    0.8793            1
2018 07 22 30.3592 31.0508 30.7763      0.7642       0.7642    0.8736            1
2018 07 23 30.3908 31.0812 30.8063      0.7958       0.7958    0.8678            1
2018 07 24 30.3571 31.0463 30.7709      0.7621       0.7621    0.8619            1
2018 07 25 30.3927 31.0809 30.8050      0.7979       0.7979    0.8558            1
2018 07 26 30.3545 31.0416 30.7651      0.7598       0.7598    0.8497            1
2018 07 27 30.3947 31.0807 30.8037      0.8002       0.8002    0.8434            1
2018 07 28 30.3516 31.0367 30.7591      0.7574       0.7574    0.8370            1
2018 07 29 30.3965 31.0806 30.8024      0.8026       0.8026    0.8305            1
2018 07 30 30.3482 31.0315 30.7527      0.7547       0.7547    0.8239            1
2018 07 31 30.3984 31.0808 30.8013      0.8053       0.8053    0.8172            1
2018 08 01 30.3447 31.0262 30.7461      0.7520       0.7520    0.8104            1
2018 08 02 30.4002 31.0808 30.8001      0.8080       0.8080    0.8035            1
2018 08 03 30.3406 31.0205 30.7390      0.7490       0.7490    0.7966            1
2018 08 04 30.4020 31.0812 30.7990      0.8110       0.8110    0.7895            1
2018 08 05 30.3362 31.0146 30.7317      0.7458       0.7458    0.7823            1
2018 08 06 30.4039 31.0816 30.7979      0.8142       0.8142    0.7751            1
2018 08 07 30.3315 31.0086 30.7241      0.7425       0.7425    0.7678            1
2018 08 08 30.4057 31.0822 30.7969      0.8175       0.8175    0.7604            1
2018 08 09 30.3263 31.0023 30.7162      0.7390       0.7390    0.7529            1
2018 08 10 30.4074 31.0829 30.7959      0.8210       0.8210    0.7454            1
2018 08 11 30.3208 30.9957 30.7079      0.7353       0.7353    0.7378            1
2018 08 12 30.4092 31.0837 30.7950      0.8247       0.8247    0.7302            1
2018 08 13 30.3149 30.9890 30.6994      0.7314       0.7314    0.7225            1
2018 08 14 30.4111 31.0847 30.7942      0.8286       0.8286    0.7147            1
2018 08 15 30.3086 30.9820 30.6906      0.7273       0.7273    0.7069            1
2018 08 16 30.4129 31.0859 30.7936      0.8327       0.8327    0.6991            1
2018 08 17 30.3020 30.9747 30.6814      0.7230       0.7230    0.6912            1
2018 08 18 30.4147 31.0873 30.7930      0.8370       0.8370    0.6833            1
2018 08 19 30.2949 30.9673 30.6720      0.7185       0.7185    0.6753            1
2018 08 20 30.4166 31.0888 30.7925      0.8415       0.8415    0.6673            1
2018 08 21 30.2876 30.9597 30.6624      0.7139       0.7139    0.6593            1
2018 08 22 30.4184 31.0904 30.7920      0.8461       0.8461    0.6512            1
2018 08 23 30.2799 30.9519 30.6525      0.7091       0.7091    0.6431            1
2018 08 24 30.4202 31.0922 30.7917      0.8509       0.8509    0.6350            1
2018 08 25 30.2719 30.9439 30.6423      0.7041       0.7041    0.6269            1
2018 08 26 30.4221 31.0942 30.7915      0.8559       0.8559    0.6188            1
2018 08 27 30.2636 30.9357 30.6319      0.6990       0.6990    0.6107            1
2018 08 28 30.4239 31.0962 30.7913      0.8610       0.8610    0.6025            1
2018 08 29 30.2550 30.9275 30.6214      0.6938       0.6938    0.5944            1
2018 08 30 30.4257 31.0984 30.7911      0.8662       0.8662    0.5863            1
2018 08 31 30.2461 30.9191 30.6106      0.6884       0.6884    0.5781            1
2018 09 01 30.4275 31.1007 30.7911      0.8716       0.8716    0.5700            1
2018 09 02 30.2369 30.9105 30.5997      0.6829       0.6829    0.5619            1
2018 09 03 30.4292 31.1032 30.7912      0.8771       0.8771    0.5538            1
2018 09 04 30.2275 30.9019 30.5887      0.6773       0.6773    0.5457            1
2018 09 05 30.4309 31.1058 30.7913      0.8827       0.8827    0.5376            1
2018 09 06 30.2178 30.8931 30.5775      0.6716       0.6716    0.5295            1
2018 09 07 30.4326 31.1084 30.7915      0.8884       0.8884    0.5215            1
2018 09 08 30.2080 30.8844 30.5662      0.6659       0.6659    0.5135            1
2018 09 09 30.4341 31.1111 30.7916      0.8941       0.8941    0.5055            1
2018 09 10 30.1979 30.8756 30.5549      0.6601       0.6601    0.4975            1
2018 09 11 30.4356 31.1139 30.7919      0.8999       0.8999    0.4896            1
2018 09 12 30.1878 30.8668 30.5435      0.6543       0.6543    0.4817            1
2018 09 13 30.4369 31.1167 30.7921      0.9057       0.9057    0.4739            1
2018 09 14 30.1775 30.8580 30.5321      0.6485       0.6485    0.4661            1
2018 09 15 30.4382 31.1195 30.7923      0.9115       0.9115    0.4583            1
2018 09 16 30.1670 30.8493 30.5207      0.6427       0.6427    0.4506            1
2018 09 17 30.4393 31.1224 30.7925      0.9173       0.9173    0.4429            1
2018 09 18 30.1565 30.8405 30.5093      0.6369       0.6369    0.4353            1
2018 09 19 30.4403 31.1253 30.7927      0.9231       0.9231    0.4277            1
2018 09 20 30.1460 30.8320 30.4980      0.6312       0.6312    0.4202            1
2018 09 21 30.4411 31.1281 30.7928      0.9288       0.9288    0.4128            1
2018 09 22 30.1355 30.8235 30.4869      0.6256       0.6256    0.4053            1
2018 09 23 30.4417 31.1309 30.7929      0.9344       0.9344    0.3980            1
2018 09 24 30.1249 30.8152 30.4758      0.6201       0.6201    0.3907            1
2018 09 25 30.4422 31.1336 30.7928      0.9399       0.9399    0.3835            1
2018 09 26 30.1143 30.8069 30.4648      0.6146       0.6146    0.3763            1
2018 09 27 30.4425 31.1363 30.7928      0.9454       0.9454    0.3692            1
2018 09 28 30.1039 30.7989 30.4541      0.6094       0.6094    0.3622            1
2018 09 29 30.4425 31.1388 30.7926      0.9506       0.9506    0.3552            1
2018 09 30 30.0935 30.7911 30.4436      0.6043       0.6043    0.3483            1
2018 10 01 30.4422 31.1412 30.7923      0.9557       0.9557    0.3415            1
2018 10 02 30.0833 30.7836 30.4333      0.5994       0.5994    0.3347            1
2018 10 03 30.4418 31.1435 30.7918      0.9606       0.9606    0.3280            1
2018 10 04 30.0731 30.7763 30.4232      0.5947       0.5947    0.3214            1
2018 10 05 30.4410 31.1456 30.7912      0.9653       0.9653    0.3149            1
2018 10 06 30.0633 30.7694 30.4135      0.5903       0.5903    0.3084            1
2018 10 07 30.4399 31.1475 30.7903      0.9697       0.9697    0.3021            1
2018 10 08 30.0535 30.7627 30.4041      0.5861       0.5861    0.2957            1
2018 10 09 30.4386 31.1493 30.7893      0.9739       0.9739    0.2895            1
2018 10 10 30.0441 30.7564 30.3951      0.5822       0.5822    0.2834            1
2018 10 11 30.4369 31.1508 30.7881      0.9778       0.9778    0.2773            1
2018 10 12 30.0349 30.7505 30.3864      0.5786       0.5786    0.2713            1
2018 10 13 30.4348 31.1521 30.7867      0.9814       0.9814    0.2654            1
2018 10 14 30.0259 30.7449 30.3781      0.5753       0.5753    0.2595            1
2018 10 15 30.4325 31.1532 30.7851      0.9847       0.9847    0.2538            1
2018 10 16 30.0174 30.7398 30.3703      0.5724       0.5724    0.2481            1
2018 10 17 30.4297 31.1539 30.7831      0.9876       0.9876    0.2425            1
2018 10 18 30.0091 30.7350 30.3630      0.5698       0.5698    0.2370            1
2018 10 19 30.4266 31.1544 30.7810      0.9902       0.9902    0.2316            1
2018 10 20 30.0013 30.7309 30.3562      0.5677       0.5677    0.2262            1
2018 10 21 30.4230 31.1545 30.7785      0.9923       0.9923    0.2210            1
2018 10 22 29.9938 30.7271 30.3498      0.5659       0.5659    0.2158            1
2018 10 23 30.4191 31.1544 30.7757      0.9941       0.9941    0.2107            1
2018 10 24 29.9867 30.7238 30.3439      0.5645       0.5645    0.2057            1
2018 10 25 30.4148 31.1539 30.7727      0.9955       0.9955    0.2007            1
2018 10 26 29.9801 30.7211 30.3387      0.5636       0.5636    0.1959            1
2018 10 27 30.4100 31.1530 30.7693      0.9964       0.9964    0.1911            1
2018 10 28 29.9739 30.7189 30.3339      0.5631       0.5631    0.1864            1
2018 10 29 30.4049 31.1518 30.7657      0.9969       0.9969    0.1818            1
2018 10 30 29.9681 30.7171 30.3297      0.5630       0.5630    0.1773            1
2018 10 31 30.3993 31.1503 30.7617      0.9970       0.9970    0.1728            1
2018 11 01 29.9629 30.7160 30.3262      0.5634       0.5634    0.1684            1
2018 11 02 30.3933 31.1484 30.7574      0.9966       0.9966    0.1641            1
2018 11 03 29.9582 30.7154 30.3233      0.5643       0.5643    0.1599            1
2018 11 04 30.3869 31.1461 30.7528      0.9957       0.9957    0.1558            1
2018 11 05 29.9541 30.7154 30.3210      0.5657       0.5657    0.1517            1
2018 11 06 30.3799 31.1434 30.7478      0.9943       0.9943    0.1478            1
2018 11 07 29.9504 30.7160 30.3192      0.5675       0.5675    0.1439            1
2018 11 08 30.3727 31.1404 30.7425      0.9925       0.9925    0.1400            1
2018 11 09 29.9473 30.7172 30.3182      0.5699       0.5699    0.1363            1
2018 11 10 30.3648 31.1368 30.7368      0.9901       0.9901    0.1326            1
2018 11 11 29.9448 30.7189 30.3178      0.5727       0.5727    0.1290            1
2018 11 12 30.3567 31.1330 30.7309      0.9873       0.9873    0.1255            1
2018 11 13 29.9427 30.7212 30.3180      0.5760       0.5760    0.1221            1
2018 11 14 30.3481 31.1288 30.7246      0.9840       0.9840    0.1187            1
2018 11 15 29.9413 30.7242 30.3189      0.5798       0.5798    0.1154            1
2018 11 16 30.3391 31.1241 30.7179      0.9802       0.9802    0.1121            1
2018 11 17 29.9404 30.7277 30.3205      0.5841       0.5841    0.1090            1
2018 11 18 30.3297 31.1191 30.7110      0.9759       0.9759    0.1059            1
2018 11 19 29.9402 30.7318 30.3227      0.5889       0.5889    0.1029            1
2018 11 20 30.3199 31.1137 30.7037      0.9711       0.9711    0.0999            1
2018 11 21 29.9404 30.7364 30.3255      0.5941       0.5941    0.0970            1
2018 11 22 30.3097 31.1080 30.6962      0.9659       0.9659    0.0942            1
2018 11 23 29.9412 30.7416 30.3290      0.5998       0.5998    0.0914            1
2018 11 24 30.2992 31.1018 30.6884      0.9602       0.9602    0.0887            1
2018 11 25 29.9426 30.7475 30.3332      0.6060       0.6060    0.0861            1
2018 11 26 30.2883 31.0953 30.6802      0.9540       0.9540    0.0835            1
2018 11 27 29.9446 30.7538 30.3379      0.6126       0.6126    0.0810            1
2018 11 28 30.2771 31.0885 30.6718      0.9474       0.9474    0.0786            1
2018 11 29 29.9471 30.7607 30.3433      0.6197       0.6197    0.0762            1
2018 11 30 30.2655 31.0813 30.6631      0.9403       0.9403    0.0739            1
2018 12 01 29.9501 30.7681 30.3492      0.6271       0.6271    0.0716            1
2018 12 02 30.2537 31.0739 30.6543      0.9329       0.9329    0.0694            1
2018 12 03 29.9537 30.7760 30.3558      0.6350       0.6350    0.0672            1
2018 12 04 30.2416 31.0661 30.6452      0.9250       0.9250    0.0651            1
2018 12 05 29.9577 30.7844 30.3629      0.6432       0.6432    0.0631            1
2018 12 06 30.2293 31.0581 30.6360      0.9168       0.9168    0.0611            1
2018 12 07 29.9623 30.7932 30.3705      0.6518       0.6518    0.0591            1
2018 12 08 30.2167 31.0498 30.6265      0.9082       0.9082    0.0572            1
2018 12 09 29.9674 30.8026 30.3788      0.6608       0.6608    0.0554            1
2018 12 10 30.2039 31.0412 30.6169      0.8992       0.8992    0.0536            1
2018 12 11 29.9728 30.8123 30.3874      0.6700       0.6700    0.0518            1
2018 12 12 30.1910 31.0325 30.6072      0.8900       0.8900    0.0501            1
2018 12 13 29.9788 30.8224 30.3967      0.6796       0.6796    0.0485            1
2018 12 14 30.1779 31.0236 30.5974      0.8804       0.8804    0.0469            1
2018 12 15 29.9852 30.8329 30.4063      0.6894       0.6894    0.0453            1
2018 12 16 30.1647 31.0145 30.5875      0.8706       0.8706    0.0438            1
2018 12 17 29.9920 30.8438 30.4164      0.6995       0.6995    0.0423            1
2018 12 18 30.1514 31.0052 30.5775      0.8605       0.8605    0.0409            1
2018 12 19 29.9991 30.8550 30.4270      0.7098       0.7098    0.0395            1
2018 12 20 30.1380 30.9958 30.5675      0.8502       0.8502    0.0382            1
2018 12 21 30.0066 30.8663 30.4378      0.7202       0.7202    0.0368            1
2018 12 22 30.1248 30.9865 30.5576      0.8398       0.8398    0.0356            1
2018 12 23 30.0145 30.8781 30.4491      0.7309       0.7309    0.0343            1
2018 12 24 30.1114 30.9769 30.5476      0.8291       0.8291    0.0331            1
2018 12 25 30.0227 30.8901 30.4607      0.7417       0.7417    0.0320            1
2018 12 26 30.0980 30.9673 30.5377      0.8183       0.8183    0.0308            1
2018 12 27 30.0310 30.9021 30.4724      0.7525       0.7525    0.0000            1
2018 12 28 30.0849 30.9578 30.5280      0.8075       0.8075    0.0000            1
2018 12 29 30.0398 30.9145 30.4846      0.7635       0.7635    0.0000            1
2018 12 30 30.0717 30.9482 30.5183      0.7965       0.7965    0.0000            1
2018 12 31 30.0542 30.9325 30.5025      0.7800       0.7800    0.0000            1
2019 01 01 30.0532 30.9332 30.5032      0.7800       0.7800    0.0913            1
2019 01 02 30.0523 30.9340 30.5040      0.7800       0.7800    0.0942            1
2019 01 03 30.0624 30.9458 30.5159      0.7910       0.7910    0.0972            1
2019 01 04 30.0396 30.9246 30.4947      0.7690       0.7690    0.1002            1
2019 01 05 30.0718 30.9585 30.5287      0.8020       0.8020    0.1033            1
2019 01 06 30.0271 30.9154 30.4857      0.7580       0.7580    0.1065            1
2019 01 07 30.0813 30.9711 30.5416      0.8129       0.8129    0.1098            1
2019 01 08 30.0148 30.9063 30.4768      0.7471       0.7471    0.1132            1
2019 01 09 30.0908 30.9838 30.5546      0.8237       0.8237    0.1166            1
2019 01 10 30.0029 30.8974 30.4683      0.7363       0.7363    0.1201            1
2019 01 11 30.1006 30.9965 30.5677      0.8345       0.8345    0.1237            1
2019 01 12 29.9911 30.8885 30.4600      0.7255       0.7255    0.1274            1
2019 01 13 30.1102 31.0090 30.5807      0.8450       0.8450    0.1312            1
2019 01 14 29.9799 30.8801 30.4521      0.7150       0.7150    0.1351            1
2019 01 15 30.1200 31.0215 30.5938      0.8554       0.8554    0.1390            1
2019 01 16 29.9689 30.8718 30.4445      0.7046       0.7046    0.1430            1
2019 01 17 30.1297 31.0339 30.6069      0.8656       0.8656    0.1472            1
2019 01 18 29.9584 30.8638 30.4372      0.6944       0.6944    0.1514            1
2019 01 19 30.1393 31.0460 30.6198      0.8755       0.8755    0.1557            1
2019 01 20 29.9483 30.8562 30.4304      0.6845       0.6845    0.1601            1
2019 01 21 30.1490 31.0580 30.6327      0.8852       0.8852    0.1646            1
2019 01 22 29.9386 30.8488 30.4240      0.6748       0.6748    0.1692            1
2019 01 23 30.1585 31.0698 30.6455      0.8946       0.8946    0.1739            1
2019 01 24 29.9294 30.8418 30.4180      0.6654       0.6654    0.1786            1
2019 01 25 30.1679 31.0813 30.6581      0.9037       0.9037    0.1835            1
2019 01 26 29.9208 30.8352 30.4125      0.6563       0.6563    0.1885            1
2019 01 27 30.1772 31.0926 30.6705      0.9125       0.9125    0.1936            1
2019 01 28 29.9126 30.8289 30.4074      0.6475       0.6475    0.1987            1
2019 01 29 30.1864 31.1036 30.6827      0.9209       0.9209    0.2040            1
2019 01 30 29.9050 30.8231 30.4029      0.6391       0.6391    0.2094            1
2019 01 31 30.1954 31.1143 30.6947      0.9290       0.9290    0.2148            1
2019 02 01 29.8979 30.8176 30.3988      0.6310       0.6310    0.2204            1
2019 02 02 30.2042 31.1247 30.7065      0.9367       0.9367    0.2261            1
2019 02 03 29.8914 30.8126 30.3952      0.6233       0.6233    0.2319            1
2019 02 04 30.2127 31.1346 30.7179      0.9439       0.9439    0.2377            1
2019 02 05 29.8856 30.8082 30.3922      0.6161       0.6161    0.2437            1
2019 02 06 30.2209 31.1441 30.7290      0.9507       0.9507    0.2498            1
2019 02 07 29.8803 30.8041 30.3898      0.6093       0.6093    0.2560            1
2019 02 08 30.2290 31.1533 30.7399      0.9571       0.9571    0.2623            1
2019 02 09 29.8757 30.8006 30.3879      0.6029       0.6029    0.2687            1
2019 02 10 30.2369 31.1622 30.7504      0.9631       0.9631    0.2752            1
2019 02 11 29.8717 30.7974 30.3865      0.5969       0.5969    0.2818            1
2019 02 12 30.2443 31.1705 30.7605      0.9685       0.9685    0.2885            1
2019 02 13 29.8684 30.7949 30.3858      0.5915       0.5915    0.2954            1
2019 02 14 30.2516 31.1785 30.7703      0.9736       0.9736    0.3023            1
2019 02 15 29.8656 30.7927 30.3856      0.5864       0.5864    0.3093            1
2019 02 16 30.2585 31.1859 30.7797      0.9781       0.9781    0.3165            1
2019 02 17 29.8636 30.7912 30.3860      0.5819       0.5819    0.3237            1
2019 02 18 30.2651 31.1929 30.7887      0.9821       0.9821    0.3310            1
2019 02 19 29.8623 30.7902 30.3870      0.5779       0.5779    0.3385            1
2019 02 20 30.2715 31.1995 30.7973      0.9857       0.9857    0.3460            1
2019 02 21 29.8615 30.7896 30.3885      0.5743       0.5743    0.3537            1
2019 02 22 30.2775 31.2056 30.8055      0.9888       0.9888    0.3614            1
2019 02 23 29.8614 30.7895 30.3905      0.5712       0.5712    0.3693            1
2019 02 24 30.2832 31.2112 30.8133      0.9914       0.9914    0.3772            1
2019 02 25 29.8620 30.7899 30.3932      0.5686       0.5686    0.3853            1
2019 02 26 30.2884 31.2162 30.8206      0.9934       0.9934    0.3934            1
2019 02 27 29.8633 30.7909 30.3965      0.5666       0.5666    0.4017            1
2019 02 28 30.2936 31.2210 30.8276      0.9951       0.9951    0.4100            1
2019 03 01 29.8651 30.7923 30.4001      0.5649       0.5649    0.4184            1
2019 03 02 30.2982 31.2251 30.8341      0.9962       0.9962    0.4270            1
2019 03 03 29.8677 30.7942 30.4044      0.5638       0.5638    0.4356            1
2019 03 04 30.3025 31.2287 30.8401      0.9968       0.9968    0.4443            1
2019 03 05 29.8709 30.7967 30.4093      0.5632       0.5632    0.4531            1
2019 03 06 30.3066 31.2320 30.8458      0.9970       0.9970    0.4620            1
2019 03 07 29.8746 30.7995 30.4146      0.5630       0.5630    0.4709            1
2019 03 08 30.3103 31.2347 30.8510      0.9967       0.9967    0.4800            1
2019 03 09 29.8790 30.8028 30.4204      0.5633       0.5633    0.4891            1
2019 03 10 30.3138 31.2370 30.8559      0.9960       0.9960    0.4984            1
2019 03 11 29.8839 30.8065 30.4266      0.5640       0.5640    0.5076            1
2019 03 12 30.3169 31.2389 30.8603      0.9949       0.9949    0.5170            1
2019 03 13 29.8893 30.8106 30.4333      0.5651       0.5651    0.5265            1
2019 03 14 30.3198 31.2403 30.8643      0.9933       0.9933    0.5360            1
2019 03 15 29.8954 30.8152 30.4405      0.5667       0.5667    0.5456            1
2019 03 16 30.3223 31.2413 30.8679      0.9913       0.9913    0.5552            1
2019 03 17 29.9020 30.8202 30.4481      0.5687       0.5687    0.5650            1
2019 03 18 30.3245 31.2419 30.8711      0.9889       0.9889    0.5747            1
2019 03 19 29.9091 30.8255 30.4561      0.5711       0.5711    0.5846            1
2019 03 20 30.3266 31.2421 30.8740      0.9862       0.9862    0.5945            1
2019 03 21 29.9166 30.8311 30.4644      0.5738       0.5738    0.6044            1
2019 03 22 30.3283 31.2419 30.8765      0.9831       0.9831    0.6145            1
2019 03 23 29.9246 30.8371 30.4731      0.5769       0.5769    0.6245            1
2019 03 24 30.3298 31.2412 30.8785      0.9796       0.9796    0.6346            1
2019 03 25 29.9331 30.8434 30.4821      0.5804       0.5804    0.6447            1
2019 03 26 30.3312 31.2403 30.8804      0.9759       0.9759    0.6549            1
2019 03 27 29.9419 30.8499 30.4913      0.5841       0.5841    0.6651            1
2019 03 28 30.3322 31.2390 30.8818      0.9718       0.9718    0.6754            1
2019 03 29 29.9512 30.8568 30.5009      0.5882       0.5882    0.6857            1
2019 03 30 30.3331 31.2374 30.8830      0.9675       0.9675    0.6960            1
2019 03 31 29.9608 30.8638 30.5107      0.5925       0.5925    0.7063            1
2019 04 01 30.3339 31.2356 30.8839      0.9630       0.9630    0.7167            1
2019 04 02 29.9706 30.8709 30.5206      0.5970       0.5970    0.7270            1
2019 04 03 30.3345 31.2334 30.8845      0.9582       0.9582    0.7374            1
2019 04 04 29.9808 30.8783 30.5307      0.6018       0.6018    0.7478            1
2019 04 05 30.3349 31.2310 30.8848      0.9532       0.9532    0.7582            1
2019 04 06 29.9913 30.8859 30.5410      0.6068       0.6068    0.7685            1
2019 04 07 30.3352 31.2283 30.8849      0.9480       0.9480    0.7789            1
2019 04 08 30.0020 30.8936 30.5515      0.6120       0.6120    0.7893            1
2019 04 09 30.3354 31.2255 30.8848      0.9427       0.9427    0.7997            1
2019 04 10 30.0128 30.9013 30.5619      0.6173       0.6173    0.8100            1
2019 04 11 30.3355 31.2224 30.8844      0.9372       0.9372    0.8203            1
2019 04 12 30.0239 30.9092 30.5725      0.6228       0.6228    0.8306            1
2019 04 13 30.3355 31.2191 30.8838      0.9316       0.9316    0.8409            1
2019 04 14 30.0352 30.9171 30.5831      0.6284       0.6284    0.8511            1
2019 04 15 30.3355 31.2157 30.8831      0.9259       0.9259    0.8614            1
2019 04 16 30.0465 30.9250 30.5937      0.6341       0.6341    0.8715            1
2019 04 17 30.3355 31.2122 30.8823      0.9202       0.9202    0.8816            1
2019 04 18 30.0579 30.9328 30.6043      0.6398       0.6398    0.8917            1
2019 04 19 30.3354 31.2085 30.8812      0.9144       0.9144    0.9017            1
2019 04 20 30.0694 30.9407 30.6148      0.6456       0.6456    0.9117            1
2019 04 21 30.3353 31.2047 30.8801      0.9086       0.9086    0.9216            1
2019 04 22 30.0809 30.9485 30.6252      0.6514       0.6514    0.9314            1
2019 04 23 30.3352 31.2009 30.8788      0.9028       0.9028    0.9411            1
2019 04 24 30.0924 30.9562 30.6355      0.6572       0.6572    0.9508            1
2019 04 25 30.3351 31.1969 30.8775      0.8970       0.8970    0.9604            1
2019 04 26 30.1039 30.9639 30.6457      0.6630       0.6630    0.9699            1
2019 04 27 30.3349 31.1929 30.8760      0.8912       0.8912    0.9793            1
2019 04 28 30.1154 30.9714 30.6557      0.6688       0.6688    0.9886            1
2019 04 29 30.3349 31.1889 30.8745      0.8855       0.8855    0.9979            1
2019 04 30 30.1267 30.9788 30.6655      0.6745       0.6745    1.0070            2
2019 05 01 30.3350 31.1850 30.8730      0.8799       0.8799    1.0160            2
2019 05 02 30.1380 30.9859 30.6751      0.6801       0.6801    1.0249            2
2019 05 03 30.3350 31.1809 30.8713      0.8743       0.8743    1.0337            2
2019 05 04 30.1492 30.9930 30.6846      0.6857       0.6857    1.0424            2
2019 05 05 30.3352 31.1769 30.8697      0.8689       0.8689    1.0509            2
2019 05 06 30.1601 30.9998 30.6937      0.6911       0.6911    1.0593            2
2019 05 07 30.3354 31.1730 30.8680      0.8636       0.8636    1.0676            2
2019 05 08 30.1709 31.0064 30.7026      0.6964       0.6964    1.0758            2
2019 05 09 30.3357 31.1690 30.8663      0.8584       0.8584    1.0838            2
2019 05 10 30.1816 31.0128 30.7112      0.7016       0.7016    1.0916            2
2019 05 11 30.3361 31.1652 30.8647      0.8534       0.8534    1.0993            2
2019 05 12 30.1920 31.0189 30.7195      0.7066       0.7066    1.1069            2
2019 05 13 30.3366 31.1613 30.8630      0.8485       0.8485    1.1143            2
2019 05 14 30.2022 31.0248 30.7275      0.7115       0.7115    1.1215            2
2019 05 15 30.3372 31.1576 30.8613      0.8438       0.8438    1.1286            2
2019 05 16 30.2122 31.0304 30.7351      0.7162       0.7162    1.1355            2
2019 05 17 30.3378 31.1539 30.8596      0.8392       0.8392    1.1422            2
2019 05 18 30.2220 31.0358 30.7425      0.7208       0.7208    1.1488            2
2019 05 19 30.3385 31.1502 30.8579      0.8348       0.8348    1.1552            2
2019 05 20 30.2315 31.0409 30.7495      0.7252       0.7252    1.1614            2
2019 05 21 30.3395 31.1468 30.8563      0.8307       0.8307    1.1674            2
2019 05 22 30.2406 31.0457 30.7561      0.7293       0.7293    1.1732            2
2019 05 23 30.3404 31.1433 30.8546      0.8267       0.8267    1.1788            2
2019 05 24 30.2495 31.0502 30.7624      0.7333       0.7333    1.1842            2
2019 05 25 30.3414 31.1399 30.8529      0.8228       0.8228    1.1895            2
2019 05 26 30.2582 31.0544 30.7683      0.7372       0.7372    1.1945            2
2019 05 27 30.3425 31.1366 30.8513      0.8192       0.8192    1.1993            2
2019 05 28 30.2665 31.0583 30.7739      0.7408       0.7408    1.2040            2
2019 05 29 30.3438 31.1334 30.8497      0.8158       0.8158    1.2084            2
2019 05 30 30.2745 31.0619 30.7790      0.7442       0.7442    1.2126            2
2019 05 31 30.3451 31.1304 30.8482      0.8126       0.8126    1.2166            2
2019 06 01 30.2821 31.0652 30.7837      0.7474       0.7474    1.2203            2
2019 06 02 30.3464 31.1273 30.8465      0.8095       0.8095    1.2239            2
2019 06 03 30.2896 31.0683 30.7882      0.7505       0.7505    1.2272            2
2019 06 04 30.3478 31.1243 30.8449      0.8066       0.8066    1.2303            2
2019 06 05 30.2967 31.0711 30.7923      0.7534       0.7534    1.2332            2
2019 06 06 30.3492 31.1215 30.8433      0.8039       0.8039    1.2359            2
2019 06 07 30.3034 31.0735 30.7959      0.7561       0.7561    1.2383            2
2019 06 08 30.3507 31.1187 30.8417      0.8014       0.8014    1.2405            2
2019 06 09 30.3099 31.0757 30.7992      0.7586       0.7586    1.2425            2
2019 06 10 30.3522 31.1159 30.8400      0.7990       0.7990    1.2443            2
2019 06 11 30.3161 31.0777 30.8022      0.7610       0.7610    1.2458            2
2019 06 12 30.3537 31.1132 30.8383      0.7968       0.7968    1.2471            2
2019 06 13 30.3219 31.0793 30.8048      0.7632       0.7632    1.2481            2
2019 06 14 30.3552 31.1105 30.8365      0.7947       0.7947    1.2489            2
2019 06 15 30.3275 31.0808 30.8072      0.7653       0.7653    1.2495            2
2019 06 16 30.3567 31.1079 30.8347      0.7928       0.7928    1.2499            2
2019 06 17 30.3327 31.0819 30.8091      0.7672       0.7672    1.2500            2
2019 06 18 30.3581 31.1053 30.8328      0.7910       0.7910    1.2499            2
2019 06 19 30.3377 31.0829 30.8107      0.7690       0.7690    1.2495            2
2019 06 20 30.3594 31.1026 30.8308      0.7892       0.7892    1.2489            2
2019 06 21 30.3425 31.0837 30.8122      0.7708       0.7708    1.2481            2
2019 06 22 30.3607 31.1000 30.8287      0.7876       0.7876    1.2471            2
2019 06 23 30.3469 31.0843 30.8132      0.7724       0.7724    1.2458            2
2019 06 24 30.3620 31.0974 30.8266      0.7861       0.7861    1.2443            2
2019 06 25 30.3511 31.0846 30.8140      0.7739       0.7739    1.2425            2
2019 06 26 30.3631 31.0947 30.8242      0.7846       0.7846    1.2405            2
2019 06 27 30.3551 31.0849 30.8145      0.7754       0.7754    1.2383            2
2019 06 28 30.3639 31.0919 30.8217      0.7831       0.7831    1.2359            2
2019 06 29 30.3589 31.0850 30.8149      0.7769       0.7769    1.2332            2
2019 06 30 30.3648 31.0891 30.8191      0.7817       0.7817    1.2303            2
2019 07 01 30.3624 31.0850 30.8150      0.7783       0.7783    1.2272            2
2019 07 02 30.3654 31.0863 30.8163      0.7803       0.7803    1.2239            2
2019 07 03 30.3658 31.0849 30.8149      0.7797       0.7797    1.2203            2
2019 07 04 30.3660 31.0834 30.8134      0.7790       0.7790    1.2166            2
2019 07 05 30.3688 31.0846 30.8145      0.7810       0.7810    1.2126            2
2019 07 06 30.3662 31.0803 30.8102      0.7776       0.7776    1.2084            2
2019 07 07 30.3718 31.0843 30.8140      0.7824       0.7824    1.2040            2
2019 07 08 30.3663 31.0772 30.8068      0.7762       0.7762    1.1993            2
2019 07 09 30.3746 31.0839 30.8134      0.7838       0.7838    1.1945            2
2019 07 10 30.3661 31.0739 30.8032      0.7747       0.7747    1.1895            2
2019 07 11 30.3773 31.0835 30.8127      0.7853       0.7853    1.1842            2
2019 07 12 30.3657 31.0705 30.7994      0.7732       0.7732    1.1788            2
2019 07 13 30.3798 31.0831 30.8118      0.7868       0.7868    1.1732            2
2019 07 14 30.3650 31.0669 30.7953      0.7716       0.7716    1.1674            2
2019 07 15 30.3822 31.0826 30.8108      0.7884       0.7884    1.1614            2
2019 07 16 30.3640 31.0631 30.7910      0.7699       0.7699    1.1552            2
2019 07 17 30.3845 31.0822 30.8098      0.7901       0.7901    1.1488            2
2019 07 18 30.3627 31.0592 30.7863      0.7681       0.7681    1.1422            2
2019 07 19 30.3867 31.0819 30.8087      0.7919       0.7919    1.1355            2
2019 07 20 30.3612 31.0551 30.7815      0.7663       0.7663    1.1286            2
2019 07 21 30.3887 31.0814 30.8074      0.7937       0.7937    1.1215            2
2019 07 22 30.3592 31.0508 30.7763      0.7642       0.7642    1.1143            2
2019 07 23 30.3908 31.0812 30.8063      0.7958       0.7958    1.1069            2
2019 07 24 30.3571 31.0463 30.7709      0.7621       0.7621    1.0993            2
2019 07 25 30.3927 31.0809 30.8050      0.7979       0.7979    1.0916            2
2019 07 26 30.3545 31.0416 30.7651      0.7598       0.7598    1.0838            2
2019 07 27 30.3947 31.0807 30.8037      0.8002       0.8002    1.0758            2
2019 07 28 30.3516 31.0367 30.7591      0.7574       0.7574    1.0676            2
2019 07 29 30.3965 31.0806 30.8024      0.8026       0.8026    1.0593            2
2019 07 30 30.3482 31.0315 30.7527      0.7547       0.7547    1.0509            2
2019 07 31 30.3984 31.0808 30.8013      0.8053       0.8053    1.0424            2
2019 08 01 30.3447 31.0262 30.7461      0.7520       0.7520    1.0337            2
2019 08 02 30.4002 31.0808 30.8001      0.8080       0.8080    1.0249            2
2019 08 03 30.3406 31.0205 30.7390      0.7490       0.7490    1.0160            2
2019 08 04 30.4020 31.0812 30.7990      0.8110       0.8110    1.0070            2
2019 08 05 30.3362 31.0146 30.7317      0.7458       0.7458    0.9979            1
2019 08 06 30.4039 31.0816 30.7979      0.8142       0.8142    0.9886            1
2019 08 07 30.3315 31.0086 30.7241      0.7425       0.7425    0.9793            1
2019 08 08 30.4057 31.0822 30.7969      0.8175       0.8175    0.9699            1
2019 08 09 30.3263 31.0023 30.7162      0.7390       0.7390    0.9604            1
2019 08 10 30.4074 31.0829 30.7959      0.8210       0.8210    0.9508            1
2019 08 11 30.3208 30.9957 30.7079      0.7353       0.7353    0.9411            1
2019 08 12 30.4092 31.0837 30.7950      0.8247       0.8247    0.9314            1
2019 08 13 30.3149 30.9890 30.6994      0.7314       0.7314    0.9216            1
2019 08 14 30.4111 31.0847 30.7942      0.8286       0.8286    0.9117            1
2019 08 15 30.3086 30.9820 30.6906      0.7273       0.7273    0.9017            1
2019 08 16 30.4129 31.0859 30.7936      0.8327       0.8327    0.8917            1
2019 08 17 30.3020 30.9747 30.6814      0.7230       0.7230    0.8816            1
2019 08 18 30.4147 31.0873 30.7930      0.8370       0.8370    0.8715            1
2019 08 19 30.2949 30.9673 30.6720      0.7185       0.7185    0.8614            1
2019 08 20 30.4166 31.0888 30.7925      0.8415       0.8415    0.8511            1
2019 08 21 30.2876 30.9597 30.6624      0.7139       0.7139    0.8409            1
2019 08 22 30.4184 31.0904 30.7920      0.8461       0.8461    0.8306            1
2019 08 23 30.2799 30.9519 30.6525      0.7091       0.7091    0.8203            1
2019 08 24 30.4202 31.0922 30.7917      0.8509       0.8509    0.8100            1
2019 08 25 30.2719 30.9439 30.6423      0.7041       0.7041    0.7997            1
2019 08 26 30.4221 31.0942 30.7915      0.8559       0.8559    0.7893            1
2019 08 27 30.2636 30.9357 30.6319      0.6990       0.6990    0.7789            1
2019 08 28 30.4239 31.0962 30.7913      0.8610       0.8610    0.7685            1
2019 08 29 30.2550 30.9275 30.6214      0.6938       0.6938    0.7582            1
2019 08 30 30.4257 31.0984 30.7911      0.8662       0.8662    0.7478            1
2019 08 31 30.2461 30.9191 30.6106      0.6884       0.6884    0.7374            1
2019 09 01 30.4275 31.1007 30.7911      0.8716       0.8716    0.7270            1
2019 09 02 30.2369 30.9105 30.5997      0.6829       0.6829    0.7167            1
2019 09 03 30.4292 31.1032 30.7912      0.8771       0.8771    0.7063            1
2019 09 04 30.2275 30.9019 30.5887      0.6773       0.6773    0.6960            1
2019 09 05 30.4309 31.1058 30.7913      0.8827       0.8827    0.6857            1
2019 09 06 30.2178 30.8931 30.5775      0.6716       0.6716    0.6754            1
2019 09 07 30.4326 31.1084 30.7915      0.8884       0.8884    0.6651            1
2019 09 08 30.2080 30.8844 30.5662      0.6659       0.6659    0.6549            1
2019 09 09 30.4341 31.1111 30.7916      0.8941       0.8941    0.6447            1
2019 09 10 30.1979 30.8756 30.5549      0.6601       0.6601    0.6346            1
2019 09 11 30.4356 31.1139 30.7919      0.8999       0.8999    0.6245            1
2019 09 12 30.1878 30.8668 30.5435      0.6543       0.6543    0.6145            1
2019 09 13 30.4369 31.1167 30.7921      0.9057       0.9057    0.6044            1
2019 09 14 30.1775 30.8580 30.5321      0.6485       0.6485    0.5945            1
2019 09 15 30.4382 31.1195 30.7923      0.9115       0.9115    0.5846            1
2019 09 16 30.1670 30.8493 30.5207      0.6427       0.6427    0.5747            1
2019 09 17 30.4393 31.1224 30.7925      0.9173       0.9173    0.5650            1
2019 09 18 30.1565 30.8405 30.5093      0.6369       0.6369    0.5552            1
2019 09 19 30.4403 31.1253 30.7927      0.9231       0.9231    0.5456            1
2019 09 20 30.1460 30.8320 30.4980      0.6312       0.6312    0.5360            1
2019 09 21 30.4411 31.1281 30.7928      0.9288       0.9288    0.5265            1
2019 09 22 30.1355 30.8235 30.4869      0.6256       0.6256    0.5170            1
2019 09 23 30.4417 31.1309 30.7929      0.9344       0.9344    0.5076            1
2019 09 24 30.1249 30.8152 30.4758      0.6201       0.6201    0.4984            1
2019 09 25 30.4422 31.1336 30.7928      0.9399       0.9399    0.4891            1
2019 09 26 30.1143 30.8069 30.4648      0.6146       0.6146    0.4800            1
2019 09 27 30.4425 31.1363 30.7928      0.9454       0.9454    0.4709            1
2019 09 28 30.1039 30.7989 30.4541      0.6094       0.6094    0.4620            1
2019 09 29 30.4425 31.1388 30.7926      0.9506       0.9506    0.4531            1
2019 09 30 30.0935 30.7911 30.4436      0.6043       0.6043    0.4443            1
2019 10 01 30.4422 31.1412 30.7923      0.9557       0.9557    0.4356            1
2019 10 02 30.0833 30.7836 30.4333      0.5994       0.5994    0.4270            1
2019 10 03 30.4418 31.1435 30.7918      0.9606       0.9606    0.4184            1
2019 10 04 30.0731 30.7763 30.4232      0.5947       0.5947    0.4100            1
2019 10 05 30.4410 31.1456 30.7912      0.9653       0.9653    0.4017            1
2019 10 06 30.0633 30.7694 30.4135      0.5903       0.5903    0.3934            1
2019 10 07 30.4399 31.1475 30.7903      0.9697       0.9697    0.3853            1
2019 10 08 30.0535 30.7627 30.4041      0.5861       0.5861    0.3772            1
2019 10 09 30.4386 31.1493 30.7893      0.9739       0.9739    0.3693            1
2019 10 10 30.0441 30.7564 30.3951      0.5822       0.5822    0.3614            1
2019 10 11 30.4369 31.1508 30.7881      0.9778       0.9778    0.3537            1
2019 10 12 30.0349 30.7505 30.3864      0.5786       0.5786    0.3460            1
2019 10 13 30.4348 31.1521 30.7867      0.9814       0.9814    0.3385            1
2019 10 14 30.0259 30.7449 30.3781      0.5753       0.5753    0.3310            1
2019 10 15 30.4325 31.1532 30.7851      0.9847       0.9847    0.3237            1
2019 10 16 30.0174 30.7398 30.3703      0.5724       0.5724    0.3165            1
2019 10 17 30.4297 31.1539 30.7831      0.9876       0.9876    0.3093            1
2019 10 18 30.0091 30.7350 30.3630      0.5698       0.5698    0.3023            1
2019 10 19 30.4266 31.1544 30.7810      0.9902       0.9902    0.2954            1
2019 10 20 30.0013 30.7309 30.3562      0.5677       0.5677    0.2885            1
2019 10 21 30.4230 31.1545 30.7785      0.9923       0.9923    0.2818            1
2019 10 22 29.9938 30.7271 30.3498      0.5659       0.5659    0.2752            1
2019 10 23 30.4191 31.1544 30.7757      0.9941       0.9941    0.2687            1
2019 10 24 29.9867 30.7238 30.3439      0.5645       0.5645    0.2623            1
2019 10 25 30.4148 31.1539 30.7727      0.9955       0.9955    0.2560            1
2019 10 26 29.9801 30.7211 30.3387      0.5636       0.5636    0.2498            1
2019 10 27 30.4100 31.1530 30.7693      0.9964       0.9964    0.2437            1
2019 10 28 29.9739 30.7189 30.3339      0.5631       0.5631    0.2377            1
2019 10 29 30.4049 31.1518 30.7657      0.9969       0.9969    0.2319            1
2019 10 30 29.9681 30.7171 30.3297      0.5630       0.5630    0.2261            1
2019 10 31 30.3993 31.1503 30.7617      0.9970       0.9970    0.2204            1
2019 11 01 29.9629 30.7160 30.3262      0.5634       0.5634    0.2148            1
2019 11 02 30.3933 31.1484 30.7574      0.9966       0.9966    0.2094            1
2019 11 03 29.9582 30.7154 30.3233      0.5643       0.5643    0.2040            1
2019 11 04 30.3869 31.1461 30.7528      0.9957       0.9957    0.1987            1
2019 11 05 29.9541 30.7154 30.3210      0.5657       0.5657    0.1936            1
2019 11 06 30.3799 31.1434 30.7478      0.9943       0.9943    0.1885            1
2019 11 07 29.9504 30.7160 30.3192      0.5675       0.5675    0.1835            1
2019 11 08 30.3727 31.1404 30.7425      0.9925       0.9925    0.1786            1
2019 11 09 29.9473 30.7172 30.3182      0.5699       0.5699    0.1739            1
2019 11 10 30.3648 31.1368 30.7368      0.9901       0.9901    0.1692            1
2019 11 11 29.9448 30.7189 30.3178      0.5727       0.5727    0.1646            1
2019 11 12 30.3567 31.1330 30.7309      0.9873       0.9873    0.1601            1
2019 11 13 29.9427 30.7212 30.3180      0.5760       0.5760    0.1557            1
2019 11 14 30.3481 31.1288 30.7246      0.9840       0.9840    0.1514            1
2019 11 15 29.9413 30.7242 30.3189      0.5798       0.5798    0.1472            1
2019 11 16 30.3391 31.1241 30.7179      0.9802       0.9802    0.1430            1
2019 11 17 29.9404 30.7277 30.3205      0.5841       0.5841    0.1390            1
2019 11 18 30.3297 31.1191 30.7110      0.9759       0.9759    0.1351            1
2019 11 19 29.9402 30.7318 30.3227      0.5889       0.5889    0.1312            1
2019 11 20 30.3199 31.1137 30.7037      0.9711       0.9711    0.1274            1
2019 11 21 29.9404 30.7364 30.3255      0.5941       0.5941    0.1237            1
2019 11 22 30.3097 31.1080 30.6962      0.9659       0.9659    0.1201            1
2019 11 23 29.9412 30.7416 30.3290      0.5998       0.5998    0.1166            1
2019 11 24 30.2992 31.1018 30.6884      0.9602       0.9602    0.1132            1
2019 11 25 29.9426 30.7475 30.3332      0.6060       0.6060    0.1098            1
2019 11 26 30.2883 31.0953 30.6802      0.9540       0.9540    0.1065            1
2019 11 27 29.9446 30.7538 30.3379      0.6126       0.6126    0.1033            1
2019 11 28 30.2771 31.0885 30.6718      0.9474       0.9474    0.1002            1
2019 11 29 29.9471 30.7607 30.3433      0.6197       0.6197    0.0972            1
2019 11 30 30.2655 31.0813 30.6631      0.9403       0.9403    0.0942            1
2019 12 01 29.9501 30.7681 30.3492      0.6271       0.6271    0.0913            1
2019 12 02 30.2537 31.0739 30.6543      0.9329       0.9329    0.0885            1
2019 12 03 29.9537 30.7760 30.3558      0.6350       0.6350    0.0857            1
2019 12 04 30.2416 31.0661 30.6452      0.9250       0.9250    0.0830            1
2019 12 05 29.9577 30.7844 30.3629      0.6432       0.6432    0.0804            1
2019 12 06 30.2293 31.0581 30.6360      0.9168       0.9168    0.0779            1
2019 12 07 29.9623 30.7932 30.3705      0.6518       0.6518    0.0754            1
2019 12 08 30.2167 31.0498 30.6265      0.9082       0.9082    0.0730            1
2019 12 09 29.9674 30.8026 30.3788      0.6608       0.6608    0.0706            1
2019 12 10 30.2039 31.0412 30.6169      0.8992       0.8992    0.0683            1
2019 12 11 29.9728 30.8123 30.3874      0.6700       0.6700    0.0661            1
2019 12 12 30.1910 31.0325 30.6072      0.8900       0.8900    0.0640            1
2019 12 13 29.9788 30.8224 30.3967      0.6796       0.6796    0.0618            1
2019 12 14 30.1779 31.0236 30.5974      0.8804       0.8804    0.0598            1
2019 12 15 29.9852 30.8329 30.4063      0.6894       0.6894    0.0578            1
2019 12 16 30.1647 31.0145 30.5875      0.8706       0.8706    0.0559            1
2019 12 17 29.9920 30.8438 30.4164      0.6995       0.6995    0.0540            1
2019 12 18 30.1514 31.0052 30.5775      0.8605       0.8605    0.0522            1
2019 12 19 29.9991 30.8550 30.4270      0.7098       0.7098    0.0504            1
2019 12 20 30.1380 30.9958 30.5675      0.8502       0.8502    0.0487            1
2019 12 21 30.0066 30.8663 30.4378      0.7202       0.7202    0.0470            1
2019 12 22 30.1248 30.9865 30.5576      0.8398       0.8398    0.0454            1
2019 12 23 30.0145 30.8781 30.4491      0.7309       0.7309    0.0438            1
2019 12 24 30.1114 30.9769 30.5476      0.8291       0.8291    0.0423            1
2019 12 25 30.0227 30.8901 30.4607      0.7417       0.7417    0.0408            1
2019 12 26 30.0980 30.9673 30.5377      0.8183       0.8183    0.0393            1
2019 12 27 30.0310 30.9021 30.4724      0.7525       0.7525    0.0379            1
2019 12 28 30.0849 30.9578 30.5280      0.8075       0.8075    0.0366            1
2019 12 29 30.0398 30.9145 30.4846      0.7635       0.7635    0.0353            1
2019 12 30 30.0717 30.9482 30.5183      0.7965       0.7965    0.0340            1
2019 12 31 30.0542 30.9325 30.5025      0.7800       0.7800    0.0328            1
2020 01 01 30.0634 30.9434 30.5134      0.7900       0.7900    0.0757            1
2020 01 02 30.0625 30.9442 30.5142      0.7900       0.7900    0.0782            1
2020 01 03 30.0726 30.9560 30.5260      0.8010       0.8010    0.0806            1
2020 01 04 30.0498 30.9348 30.5049      0.7790       0.7790    0.0832            1
2020 01 05 30.0819 30.9686 30.5388      0.8119       0.8119    0.0858            1
2020 01 06 30.0374 30.9256 30.4959      0.7681       0.7681    0.0885            1
2020 01 07 30.0914 30.9812 30.5517      0.8228       0.8228    0.0912            1
2020 01 08 30.0252 30.9166 30.4871      0.7572       0.7572    0.0940            1
2020 01 09 30.1010 30.9939 30.5647      0.8336       0.8336    0.0969            1
2020 01 10 30.0132 30.9077 30.4786      0.7464       0.7464    0.0998            1
2020 01 11 30.1106 31.0066 30.5777      0.8443       0.8443    0.1028            1
2020 01 12 30.0016 30.8990 30.4704      0.7357       0.7357    0.1059            1
2020 01 13 30.1204 31.0192 30.5909      0.8549       0.8549    0.1091            1
2020 01 14 29.9903 30.8904 30.4624      0.7251       0.7251    0.1123            1
2020 01 15 30.1301 31.0316 30.6039      0.8652       0.8652    0.1156            1
2020 01 16 29.9794 30.8822 30.4549      0.7148       0.7148    0.1190            1
2020 01 17 30.1398 31.0439 30.6169      0.8754       0.8754    0.1224            1
2020 01 18 29.9689 30.8743 30.4476      0.7046       0.7046    0.1260            1
2020 01 19 30.1495 31.0561 30.6299      0.8853       0.8853    0.1296            1
2020 01 20 29.9588 30.8666 30.4409      0.6947       0.6947    0.1333            1
2020 01 21 30.1591 31.0681 30.6428      0.8950       0.8950    0.1370            1
2020 01 22 29.9492 30.8593 30.4344      0.6850       0.6850    0.1409            1
2020 01 23 30.1686 31.0799 30.6555      0.9044       0.9044    0.1448            1
2020 01 24 29.9400 30.8523 30.4285      0.6756       0.6756    0.1488            1
2020 01 25 30.1781 31.0914 30.6681      0.9135       0.9135    0.1529            1
2020 01 26 29.9313 30.8457 30.4229      0.6665       0.6665    0.1571            1
2020 01 27 30.1873 31.1026 30.6805      0.9222       0.9222    0.1613            1
2020 01 28 29.9232 30.8395 30.4179      0.6578       0.6578    0.1657            1
2020 01 29 30.1964 31.1136 30.6927      0.9306       0.9306    0.1701            1
2020 01 30 29.9156 30.8337 30.4134      0.6494       0.6494    0.1746            1
2020 01 31 30.2054 31.1243 30.7047      0.9387       0.9387    0.1792            1
2020 02 01 29.9086 30.8282 30.4093      0.6413       0.6413    0.1839            1
2020 02 02 30.2141 31.1346 30.7163      0.9463       0.9463    0.1887            1
2020 02 03 29.9022 30.8233 30.4058      0.6337       0.6337    0.1935            1
2020 02 04 30.2227 31.1446 30.7278      0.9536       0.9536    0.1985            1
2020 02 05 29.8962 30.8188 30.4028      0.6264       0.6264    0.2035            1
2020 02 06 30.2310 31.1542 30.7390      0.9604       0.9604    0.2086            1
2020 02 07 29.8910 30.8148 30.4004      0.6196       0.6196    0.2138            1
2020 02 08 30.2391 31.1634 30.7498      0.9668       0.9668    0.2191            1
2020 02 09 29.8864 30.8112 30.3984      0.6132       0.6132    0.2245            1
2020 02 10 30.2469 31.1722 30.7603      0.9728       0.9728    0.2300            1
2020 02 11 29.8823 30.8080 30.3970      0.6072       0.6072    0.2356            1
2020 02 12 30.2544 31.1805 30.7704      0.9782       0.9782    0.2412            1
2020 02 13 29.8791 30.8055 30.3964      0.6018       0.6018    0.2470            1
2020 02 14 30.2617 31.1885 30.7802      0.9833       0.9833    0.2528            1
2020 02 15 29.8763 30.8034 30.3961      0.5967       0.5967    0.2588            1
2020 02 16 30.2686 31.1959 30.7896      0.9878       0.9878    0.2648            1
2020 02 17 29.8743 30.8018 30.3965      0.5922       0.5922    0.2709            1
2020 02 18 30.2753 31.2030 30.7986      0.9919       0.9919    0.2771            1
2020 02 19 29.8728 30.8007 30.3974      0.5881       0.5881    0.2834            1
2020 02 20 30.2816 31.2096 30.8073      0.9955       0.9955    0.2897            1
2020 02 21 29.8720 30.8001 30.3988      0.5845       0.5845    0.2962            1
2020 02 22 30.2876 31.2157 30.8155      0.9986       0.9986    0.3027            1
2020 02 23 29.8719 30.8000 30.4009      0.5814       0.5814    0.3094            1
2020 02 24 30.2933 31.2213 30.8233      1.0012       1.0012    0.3161            1
2020 02 25 29.8725 30.8004 30.4035      0.5788       0.5788    0.3229            1
2020 02 26 30.2986 31.2264 30.8306      1.0033       1.0033    0.3298            1
2020 02 27 29.8737 30.8013 30.4067      0.5767       0.5767    0.3368            1
2020 02 28 30.3036 31.2311 30.8375      1.0049       1.0049    0.3438            1
2020 02 29 29.8756 30.8028 30.4104      0.5751       0.5751    0.3510            1
2020 03 01 30.3084 31.2353 30.8441      1.0061       1.0061    0.3582            1
2020 03 02 29.8780 30.8046 30.4146      0.5739       0.5739    0.3655            1
2020 03 03 30.3128 31.2390 30.8502      1.0068       1.0068    0.3729            1
2020 03 04 29.8811 30.8070 30.4194      0.5732       0.5732    0.3803            1
2020 03 05 30.3168 31.2423 30.8559      1.0070       1.0070    0.3878            1
2020 03 06 29.8848 30.8098 30.4246      0.5730       0.5730    0.3954            1
2020 03 07 30.3206 31.2451 30.8612      1.0068       1.0068    0.4031            1
2020 03 08 29.8891 30.8130 30.4304      0.5732       0.5732    0.4109            1
2020 03 09 30.3240 31.2474 30.8660      1.0061       1.0061    0.4187            1
2020 03 10 29.8940 30.8167 30.4366      0.5739       0.5739    0.4266            1
2020 03 11 30.3272 31.2493 30.8705      1.0050       1.0050    0.4345            1
2020 03 12 29.8994 30.8208 30.4433      0.5750       0.5750    0.4426            1
2020 03 13 30.3301 31.2508 30.8745      1.0035       1.0035    0.4507            1
2020 03 14 29.9053 30.8253 30.4503      0.5765       0.5765    0.4588            1
2020 03 15 30.3326 31.2518 30.8781      1.0015       1.0015    0.4670            1
2020 03 16 29.9119 30.8303 30.4579      0.5785       0.5785    0.4753            1
2020 03 17 30.3349 31.2524 30.8814      0.9992       0.9992    0.4836            1
2020 03 18 29.9189 30.8355 30.4658      0.5808       0.5808    0.4920            1
2020 03 19 30.3369 31.2526 30.8843      0.9965       0.9965    0.5004            1
2020 03 20 29.9263 30.8411 30.4740      0.5835       0.5835    0.5089            1
2020 03 21 30.3387 31.2524 30.8867      0.9934       0.9934    0.5174            1
2020 03 22 29.9343 30.8471 30.4827      0.5866       0.5866    0.5260            1
2020 03 23 30.3402 31.2519 30.8889      0.9900       0.9900    0.5346            1
2020 03 24 29.9427 30.8533 30.4916      0.5900       0.5900    0.5432            1
2020 03 25 30.3415 31.2510 30.8907      0.9863       0.9863    0.5519            1
2020 03 26 29.9515 30.8598 30.5009      0.5937       0.5937    0.5606            1
2020 03 27 30.3426 31.2497 30.8922      0.9823       0.9823    0.5694            1
2020 03 28 29.9606 30.8665 30.5103      0.5977       0.5977    0.5781            1
2020 03 29 30.3436 31.2483 30.8935      0.9781       0.9781    0.5869            1
2020 03 30 29.9701 30.8734 30.5200      0.6019       0.6019    0.5958            1
2020 03 31 30.3443 31.2463 30.8943      0.9735       0.9735    0.6046            1
2020 04 01 29.9800 30.8807 30.5300      0.6065       0.6065    0.6135            1
2020 04 02 30.3450 31.2443 30.8950      0.9688       0.9688    0.6223            1
2020 04 03 29.9901 30.8880 30.5400      0.6112       0.6112    0.6312            1
2020 04 04 30.3454 31.2418 30.8953      0.9638       0.9638    0.6401            1
2020 04 05 30.0005 30.8955 30.5503      0.6162       0.6162    0.6490            1
2020 04 06 30.3457 31.2392 30.8954      0.9587       0.9587    0.6579            1
2020 04 07 30.0111 30.9031 30.5606      0.6213       0.6213    0.6668            1
2020 04 08 30.3459 31.2364 30.8953      0.9534       0.9534    0.6756            1
2020 04 09 30.0219 30.9108 30.5711      0.6266       0.6266    0.6845            1
2020 04 10 30.3460 31.2333 30.8949      0.9479       0.9479    0.6934            1
2020 04 11 30.0330 30.9187 30.5816      0.6321       0.6321    0.7022            1
2020 04 12 30.3461 31.2301 30.8945      0.9424       0.9424    0.7110            1
2020 04 13 30.0441 30.9264 30.5921      0.6376       0.6376    0.7198            1
2020 04 14 30.3460 31.2267 30.8937      0.9367       0.9367    0.7286            1
2020 04 15 30.0554 30.9344 30.6027      0.6433       0.6433    0.7373            1
2020 04 16 30.3459 31.2231 30.8929      0.9310       0.9310    0.7460            1
2020 04 17 30.0668 30.9422 30.6132      0.6490       0.6490    0.7547            1
2020 04 18 30.3459 31.2196 30.8919      0.9253       0.9253    0.7633            1
2020 04 19 30.0781 30.9500 30.6237      0.6547       0.6547    0.7719            1
2020 04 20 30.3458 31.2158 30.8908      0.9195       0.9195    0.7804            1
2020 04 21 30.0896 30.9578 30.6341      0.6605       0.6605    0.7888            1
2020 04 22 30.3456 31.2119 30.8895      0.9137       0.9137    0.7973            1
2020 04 23 30.1011 30.9655 30.6443      0.6663       0.6663    0.8056            1
2020 04 24 30.3455 31.2080 30.8881      0.9079       0.9079    0.8139            1
2020 04 25 30.1125 30.9731 30.6545      0.6721       0.6721    0.8221            1
2020 04 26 30.3454 31.2040 30.8867      0.9021       0.9021    0.8302            1
2020 04 27 30.1240 30.9807 30.6646      0.6779       0.6779    0.8383            1
2020 04 28 30.3453 31.2000 30.8852      0.8964       0.8964    0.8463            1
2020 04 29 30.1353 30.9880 30.6744      0.6836       0.6836    0.8542            1
2020 04 30 30.3453 31.1960 30.8836      0.8908       0.8908    0.8620            1
2020 05 01 30.1465 30.9952 30.6840      0.6892       0.6892    0.8697            1
2020 05 02 30.3454 31.1920 30.8820      0.8853       0.8853    0.8773            1
2020 05 03 30.1576 31.0022 30.6934      0.6947       0.6947    0.8848            1
2020 05 04 30.3455 31.1880 30.8803      0.8798       0.8798    0.8923            1
2020 05 05 30.1687 31.0091 30.7026      0.7002       0.7002    0.8996            1
2020 05 06 30.3457 31.1840 30.8787      0.8745       0.8745    0.9068            1
2020 05 07 30.1795 31.0157 30.7114      0.7055       0.7055    0.9139            1
2020 05 08 30.3460 31.1801 30.8770      0.8693       0.8693    0.9208            1
2020 05 09 30.1901 31.0221 30.7201      0.7107       0.7107    0.9277            1
2020 05 10 30.3464 31.1762 30.8753      0.8643       0.8643    0.9344            1
2020 05 11 30.2005 31.0282 30.7283      0.7157       0.7157    0.9410            1
2020 05 12 30.3468 31.1724 30.8736      0.8594       0.8594    0.9475            1
2020 05 13 30.2107 31.0341 30.7364      0.7206       0.7206    0.9538            1
2020 05 14 30.3473 31.1685 30.8719      0.8546       0.8546    0.9600            1
2020 05 15 30.2207 31.0398 30.7441      0.7254       0.7254    0.9661            1
2020 05 16 30.3479 31.1648 30.8701      0.8500       0.8500    0.9720            1
2020 05 17 30.2305 31.0452 30.7515      0.7300       0.7300    0.9777            1
2020 05 18 30.3487 31.1612 30.8685      0.8457       0.8457    0.9834            1
2020 05 19 30.2399 31.0502 30.7584      0.7343       0.7343    0.9888            1
2020 05 20 30.3495 31.1576 30.8668      0.8414       0.8414    0.9941            1
2020 05 21 30.2492 31.0551 30.7652      0.7386       0.7386    0.9993            1
2020 05 22 30.3504 31.1541 30.8651      0.8374       0.8374    1.0042            2
2020 05 23 30.2581 31.0596 30.7715      0.7426       0.7426    1.0091            2
2020 05 24 30.3515 31.1508 30.8635      0.8336       0.8336    1.0137            2
2020 05 25 30.2667 31.0638 30.7774      0.7464       0.7464    1.0182            2
2020 05 26 30.3525 31.1474 30.8618      0.8299       0.8299    1.0225            2
2020 05 27 30.2750 31.0678 30.7830      0.7501       0.7501    1.0266            2
2020 05 28 30.3537 31.1443 30.8603      0.8265       0.8265    1.0306            2
2020 05 29 30.2830 31.0714 30.7881      0.7535       0.7535    1.0344            2
2020 05 30 30.3550 31.1411 30.8586      0.8232       0.8232    1.0380            2
2020 05 31 30.2908 31.0748 30.7930      0.7568       0.7568    1.0414            2
2020 06 01 30.3562 31.1381 30.8570      0.8201       0.8201    1.0446            2
2020 06 02 30.2982 31.0778 30.7975      0.7599       0.7599    1.0476            2
2020 06 03 30.3576 31.1351 30.8554      0.8172       0.8172    1.0505            2
2020 06 04 30.3053 31.0806 30.8015      0.7628       0.7628    1.0532            2
2020 06 05 30.3591 31.1322 30.8538      0.8145       0.8145    1.0556            2
2020 06 06 30.3121 31.0831 30.8052      0.7655       0.7655    1.0579            2
2020 06 07 30.3605 31.1293 30.8521      0.8119       0.8119    1.0600            2
2020 06 08 30.3186 31.0853 30.8087      0.7681       0.7681    1.0619            2
2020 06 09 30.3619 31.1265 30.8504      0.8095       0.8095    1.0636            2
2020 06 10 30.3248 31.0873 30.8117      0.7705       0.7705    1.0651            2
2020 06 11 30.3634 31.1239 30.8487      0.8073       0.8073    1.0664            2
2020 06 12 30.3306 31.0890 30.8143      0.7727       0.7727    1.0675            2
2020 06 13 30.3649 31.1212 30.8470      0.8052       0.8052    1.0684            2
2020 06 14 30.3362 31.0904 30.8166      0.7748       0.7748    1.0691            2
2020 06 15 30.3663 31.1185 30.8451      0.8032       0.8032    1.0696            2
2020 06 16 30.3416 31.0917 30.8187      0.7768       0.7768    1.0699            2
2020 06 17 30.3678 31.1159 30.8432      0.8014       0.8014    1.0700            2
2020 06 18 30.3465 31.0926 30.8204      0.7786       0.7786    1.0699            2
2020 06 19 30.3691 31.1132 30.8412      0.7996       0.7996    1.0696            2
2020 06 20 30.3514 31.0935 30.8218      0.7804       0.7804    1.0691            2
2020 06 21 30.3704 31.1106 30.8392      0.7980       0.7980    1.0684            2
2020 06 22 30.3558 31.0941 30.8229      0.7820       0.7820    1.0675            2
2020 06 23 30.3716 31.1079 30.8370      0.7964       0.7964    1.0664            2
2020 06 24 30.3601 31.0945 30.8238      0.7836       0.7836    1.0651            2
2020 06 25 30.3727 31.1052 30.8346      0.7949       0.7949    1.0636            2
2020 06 26 30.3641 31.0948 30.8244      0.7851       0.7851    1.0619            2
2020 06 27 30.3737 31.1025 30.8322      0.7935       0.7935    1.0600            2
2020 06 28 30.3678 31.0949 30.8247      0.7865       0.7865    1.0579            2
2020 06 29 30.3745 31.0998 30.8297      0.7921       0.7921    1.0556            2
2020 06 30 30.3714 31.0948 30.8248      0.7879       0.7879    1.0532            2
2020 07 01 30.3752 31.0969 30.8269      0.7907       0.7907    1.0505            2
2020 07 02 30.3747 31.0947 30.8247      0.7893       0.7893    1.0476            2
2020 07 03 30.3756 31.0939 30.8239      0.7893       0.7893    1.0446            2
2020 07 04 30.3779 31.0945 30.8245      0.7907       0.7907    1.0414            2
2020 07 05 30.3759 31.0909 30.8208      0.7879       0.7879    1.0380            2
2020 07 06 30.3809 31.0942 30.8240      0.7921       0.7921    1.0344            2
2020 07 07 30.3760 31.0878 30.8175      0.7865       0.7865    1.0306            2
2020 07 08 30.3837 31.0939 30.8234      0.7935       0.7935    1.0266            2
2020 07 09 30.3759 31.0845 30.8140      0.7851       0.7851    1.0225            2
2020 07 10 30.3863 31.0934 30.8226      0.7949       0.7949    1.0182            2
2020 07 11 30.3756 31.0811 30.8102      0.7836       0.7836    1.0137            2
2020 07 12 30.3889 31.0929 30.8218      0.7964       0.7964    1.0091            2
2020 07 13 30.3749 31.0775 30.8061      0.7820       0.7820    1.0042            2
2020 07 14 30.3913 31.0925 30.8208      0.7980       0.7980    0.9993            1
2020 07 15 30.3740 31.0739 30.8019      0.7804       0.7804    0.9941            1
2020 07 16 30.3935 31.0920 30.8197      0.7996       0.7996    0.9888            1
2020 07 17 30.3728 31.0700 30.7973      0.7786       0.7786    0.9834            1
2020 07 18 30.3958 31.0917 30.8187      0.8014       0.8014    0.9777            1
2020 07 19 30.3713 31.0659 30.7926      0.7768       0.7768    0.9720            1
2020 07 20 30.3978 31.0912 30.8174      0.8032       0.8032    0.9661            1
2020 07 21 30.3695 31.0617 30.7874      0.7748       0.7748    0.9600            1
2020 07 22 30.3999 31.0909 30.8162      0.8052       0.8052    0.9538            1
2020 07 23 30.3673 31.0572 30.7821      0.7727       0.7727    0.9475            1
2020 07 24 30.4019 31.0906 30.8150      0.8073       0.8073    0.9410            1
2020 07 25 30.3649 31.0526 30.7764      0.7705       0.7705    0.9344            1
2020 07 26 30.4037 31.0904 30.8137      0.8095       0.8095    0.9277            1
2020 07 27 30.3621 31.0477 30.7705      0.7681       0.7681    0.9208            1
2020 07 28 30.4056 31.0903 30.8124      0.8119       0.8119    0.9139            1
2020 07 29 30.3589 31.0426 30.7642      0.7655       0.7655    0.9068            1
2020 07 30 30.4075 31.0903 30.8112      0.8145       0.8145    0.8996            1
2020 07 31 30.3554 31.0373 30.7576      0.7628       0.7628    0.8923            1
2020 08 01 30.4093 31.0904 30.8100      0.8172       0.8172    0.8848            1
2020 08 02 30.3514 31.0318 30.7507      0.7599       0.7599    0.8773            1
2020 08 03 30.4111 31.0906 30.8089      0.8201       0.8201    0.8697            1
2020 08 04 30.3471 31.0260 30.7435      0.7568       0.7568    0.8620            1
2020 08 05 30.4129 31.0910 30.8078      0.8232       0.8232    0.8542            1
2020 08 06 30.3425 31.0199 30.7359      0.7535       0.7535    0.8463            1
2020 08 07 30.4147 31.0915 30.8067      0.8265       0.8265    0.8383            1
2020 08 08 30.3375 31.0137 30.7281      0.7501       0.7501    0.8302            1
2020 08 09 30.4164 31.0921 30.8057      0.8299       0.8299    0.8221            1
2020 08 10 30.3320 31.0072 30.7200      0.7464       0.7464    0.8139            1
2020 08 11 30.4183 31.0930 30.8049      0.8336       0.8336    0.8056            1
2020 08 12 30.3263 31.0006 30.7116      0.7426       0.7426    0.7973            1
2020 08 13 30.4200 31.0939 30.8040      0.8374       0.8374    0.7888            1
2020 08 14 30.3201 30.9937 30.7028      0.7386       0.7386    0.7804            1
2020 08 15 30.4218 31.0950 30.8033      0.8414       0.8414    0.7719            1
2020 08 16 30.3135 30.9864 30.6937      0.7343       0.7343    0.7633            1
2020 08 17 30.4237 31.0964 30.8027      0.8457       0.8457    0.7547            1
2020 08 18 30.3067 30.9792 30.6845      0.7300       0.7300    0.7460            1
2020 08 19 30.4254 31.0977 30.8021      0.8500       0.8500    0.7373            1
2020 08 20 30.2995 30.9716 30.6749      0.7254       0.7254    0.7286            1
2020 08 21 30.4273 31.0993 30.8016      0.8546       0.8546    0.7198            1
2020 08 22 30.2919 30.9638 30.6651      0.7206       0.7206    0.7110            1
2020 08 23 30.4292 31.1011 30.8013      0.8594       0.8594    0.7022            1
2020 08 24 30.2840 30.9559 30.6550      0.7157       0.7157    0.6934            1
2020 08 25 30.4310 31.1030 30.8010      0.8643       0.8643    0.6845            1
2020 08 26 30.2758 30.9479 30.6448      0.7107       0.7107    0.6756            1
2020 08 27 30.4328 31.1050 30.8008      0.8693       0.8693    0.6668            1
2020 08 28 30.2673 30.9397 30.6343      0.7055       0.7055    0.6579            1
2020 08 29 30.4346 31.1071 30.8007      0.8745       0.8745    0.6490            1
2020 08 30 30.2585 30.9313 30.6237      0.7002       0.7002    0.6401            1
2020 08 31 30.4363 31.1094 30.8006      0.8798       0.8798    0.6312            1
2020 09 01 30.2494 30.9228 30.6128      0.6947       0.6947    0.6223            1
2020 09 02 30.4381 31.1119 30.8007      0.8853       0.8853    0.6135            1
2020 09 03 30.2401 30.9142 30.6018      0.6892       0.6892    0.6046            1
2020 09 04 30.4398 31.1143 30.8007      0.8908       0.8908    0.5958            1
2020 09 05 30.2306 30.9056 30.5908      0.6836       0.6836    0.5869            1
2020 09 06 30.4414 31.1169 30.8008      0.8964       0.8964    0.5781            1
2020 09 07 30.2208 30.8969 30.5795      0.6779       0.6779    0.5694            1
2020 09 08 30.4430 31.1196 30.8010      0.9021       0.9021    0.5606            1
2020 09 09 30.2108 30.8881 30.5682      0.6721       0.6721    0.5519            1
2020 09 10 30.4445 31.1224 30.8012      0.9079       0.9079    0.5432            1
2020 09 11 30.2007 30.8793 30.5568      0.6663       0.6663    0.5346            1
2020 09 12 30.4459 31.1252 30.8015      0.9137       0.9137    0.5260            1
2020 09 13 30.1905 30.8705 30.5455      0.6605       0.6605    0.5174            1
2020 09 14 30.4472 31.1280 30.8017      0.9195       0.9195    0.5089            1
2020 09 15 30.1801 30.8617 30.5341      0.6547       0.6547    0.5004            1
2020 09 16 30.4484 31.1309 30.8019      0.9253       0.9253    0.4920            1
2020 09 17 30.1697 30.8531 30.5228      0.6490       0.6490    0.4836            1
2020 09 18 30.4494 31.1337 30.8020      0.9310       0.9310    0.4753            1
2020 09 19 30.1593 30.8445 30.5116      0.6433       0.6433    0.4670            1
2020 09 20 30.4502 31.1365 30.8022      0.9367       0.9367    0.4588            1
2020 09 21 30.1487 30.8359 30.5003      0.6376       0.6376    0.4507            1
2020 09 22 30.4510 31.1393 30.8023      0.9424       0.9424    0.4426            1
2020 09 23 30.1382 30.8276 30.4893      0.6321       0.6321    0.4345            1
2020 09 24 30.4515 31.1420 30.8023      0.9479       0.9479    0.4266            1
2020 09 25 30.1276 30.8193 30.4782      0.6266       0.6266    0.4187            1
2020 09 26 30.4519 31.1448 30.8023      0.9534       0.9534    0.4109            1
2020 09 27 30.1172 30.8113 30.4675      0.6213       0.6213    0.4031            1
2020 09 28 30.4520 31.1473 30.8021      0.9587       0.9587    0.3954            1
2020 09 29 30.1068 30.8035 30.4569      0.6162       0.6162    0.3878            1
2020 09 30 30.4518 31.1498 30.8018      0.9638       0.9638    0.3803            1
2020 10 01 30.0965 30.7958 30.4465      0.6112       0.6112    0.3729            1
2020 10 02 30.4514 31.1521 30.8014      0.9688       0.9688    0.3655            1
2020 10 03 30.0864 30.7885 30.4365      0.6065       0.6065    0.3582            1
2020 10 04 30.4507 31.1543 30.8008      0.9735       0.9735    0.3510            1
2020 10 05 30.0764 30.7814 30.4266      0.6019       0.6019    0.3438            1
2020 10 06 30.4499 31.1564 30.8002      0.9781       0.9781    0.3368            1
2020 10 07 30.0667 30.7747 30.4172      0.5977       0.5977    0.3298            1
2020 10 08 30.4486 31.1581 30.7992      0.9823       0.9823    0.3229            1
2020 10 09 30.0572 30.7683 30.4080      0.5937       0.5937    0.3161            1
2020 10 10 30.4470 31.1597 30.7981      0.9863       0.9863    0.3094            1
2020 10 11 30.0479 30.7622 30.3993      0.5900       0.5900    0.3027            1
2020 10 12 30.4451 31.1611 30.7967      0.9900       0.9900    0.2962            1
2020 10 13 30.0389 30.7566 30.3909      0.5866       0.5866    0.2897            1
2020 10 14 30.4429 31.1622 30.7952      0.9934       0.9934    0.2834            1
2020 10 15 30.0302 30.7512 30.3829      0.5835       0.5835    0.2771            1
2020 10 16 30.4404 31.1632 30.7934      0.9965       0.9965    0.2709            1
2020 10 17 30.0218 30.7464 30.3754      0.5808       0.5808    0.2648            1
2020 10 18 30.4374 31.1637 30.7914      0.9992       0.9992    0.2588            1
2020 10 19 30.0139 30.7420 30.3683      0.5785       0.5785    0.2528            1
2020 10 20 30.4340 31.1640 30.7890      1.0015       1.0015    0.2470            1
2020 10 21 30.0062 30.7380 30.3617      0.5765       0.5765    0.2412            1
2020 10 22 30.4304 31.1641 30.7865      1.0035       1.0035    0.2356            1
2020 10 23 29.9990 30.7346 30.3558      0.5750       0.5750    0.2300            1
2020 10 24 30.4262 31.1637 30.7836      1.0050       1.0050    0.2245            1
2020 10 25 29.9923 30.7317 30.3503      0.5739       0.5739    0.2191            1
2020 10 26 30.4216 31.1630 30.7803      1.0061       1.0061    0.2138            1
2020 10 27 29.9859 30.7292 30.3453      0.5732       0.5732    0.2086            1
2020 10 28 30.4167 31.1620 30.7768      1.0068       1.0068    0.2035            1
2020 10 29 29.9801 30.7274 30.3410      0.5730       0.5730    0.1985            1
2020 10 30 30.4113 31.1606 30.7730      1.0070       1.0070    0.1935            1
2020 10 31 29.9747 30.7260 30.3372      0.5732       0.5732    0.1887            1
2020 11 01 30.4055 31.1589 30.7689      1.0068       1.0068    0.1839            1
2020 11 02 29.9698 30.7252 30.3340      0.5739       0.5739    0.1792            1
2020 11 03 30.3992 31.1567 30.7644      1.0061       1.0061    0.1746            1
2020 11 04 29.9654 30.7250 30.3315      0.5751       0.5751    0.1701            1
2020 11 05 30.3925 31.1542 30.7595      1.0049       1.0049    0.1657            1
2020 11 06 29.9615 30.7253 30.3296      0.5767       0.5767    0.1613            1
2020 11 07 30.3854 31.1513 30.7544      1.0033       1.0033    0.1571            1
2020 11 08 29.9582 30.7262 30.3282      0.5788       0.5788    0.1529            1
2020 11 09 30.3779 31.1481 30.7490      1.0012       1.0012    0.1488            1
2020 11 10 29.9554 30.7277 30.3276      0.5814       0.5814    0.1448            1
2020 11 11 30.3700 31.1444 30.7432      0.9986       0.9986    0.1409            1
2020 11 12 29.9532 30.7298 30.3275      0.5845       0.5845    0.1370            1
2020 11 13 30.3616 31.1404 30.7370      0.9955       0.9955    0.1333            1
2020 11 14 29.9516 30.7325 30.3282      0.5881       0.5881    0.1296            1
2020 11 15 30.3528 31.1359 30.7306      0.9919       0.9919    0.1260            1
2020 11 16 29.9505 30.7358 30.3295      0.5922       0.5922    0.1224            1
2020 11 17 30.3436 31.1311 30.7238      0.9878       0.9878    0.1190            1
2020 11 18 29.9499 30.7396 30.3314      0.5967       0.5967    0.1156            1
2020 11 19 30.3340 31.1259 30.7167      0.9833       0.9833    0.1123            1
2020 11 20 29.9500 30.7441 30.3340      0.6018       0.6018    0.1091            1
2020 11 21 30.3240 31.1203 30.7093      0.9782       0.9782    0.1059            1
2020 11 22 29.9505 30.7490 30.3371      0.6072       0.6072    0.1028            1
2020 11 23 30.3137 31.1144 30.7017      0.9728       0.9728    0.0998            1
2020 11 24 29.9517 30.7546 30.3410      0.6132       0.6132    0.0969            1
2020 11 25 30.3030 31.1081 30.6937      0.9668       0.9668    0.0940            1
2020 11 26 29.9535 30.7607 30.3455      0.6196       0.6196    0.0912            1
2020 11 27 30.2920 31.1014 30.6854      0.9604       0.9604    0.0885            1
2020 11 28 29.9557 30.7673 30.3506      0.6264       0.6264    0.0858            1
2020 11 29 30.2806 31.0945 30.6770      0.9536       0.9536    0.0832            1
2020 11 30 29.9585 30.7745 30.3563      0.6337       0.6337    0.0806            1
2020 12 01 30.2690 31.0871 30.6682      0.9463       0.9463    0.0782            1
2020 12 02 29.9618 30.7822 30.3625      0.6413       0.6413    0.0757            1
2020 12 03 30.2571 31.0796 30.6593      0.9387       0.9387    0.0734            1
2020 12 04 29.9657 30.7904 30.3695      0.6494       0.6494    0.0711            1
2020 12 05 30.2448 31.0717 30.6501      0.9306       0.9306    0.0688            1
2020 12 06 29.9700 30.7990 30.3769      0.6578       0.6578    0.0667            1
2020 12 07 30.2324 31.0636 30.6408      0.9222       0.9222    0.0645            1
2020 12 08 29.9748 30.8081 30.3847      0.6665       0.6665    0.0625            1
2020 12 09 30.2199 31.0553 30.6314      0.9135       0.9135    0.0605            1
2020 12 10 29.9801 30.8176 30.3932      0.6756       0.6756    0.0585            1
2020 12 11 30.2071 31.0466 30.6218      0.9044       0.9044    0.0566            1
2020 12 12 29.9859 30.8275 30.4022      0.6850       0.6850    0.0547            1
2020 12 13 30.1941 31.0378 30.6120      0.8950       0.8950    0.0529            1
2020 12 14 29.9921 30.8379 30.4117      0.6947       0.6947    0.0512            1
2020 12 15 30.1810 31.0288 30.6022      0.8853       0.8853    0.0495            1
2020 12 16 29.9986 30.8485 30.4215      0.7046       0.7046    0.0478            1
2020 12 17 30.1678 31.0197 30.5924      0.8754       0.8754    0.0462            1
2020 12 18 30.0057 30.8596 30.4318      0.7148       0.7148    0.0446            1
2020 12 19 30.1545 31.0104 30.5824      0.8652       0.8652    0.0431            1
2020 12 20 30.0129 30.8708 30.4425      0.7251       0.7251    0.0417            1
2020 12 21 30.1413 31.0011 30.5725      0.8549       0.8549    0.0402            1
2020 12 22 30.0207 30.8824 30.4536      0.7357       0.7357    0.0388            1
2020 12 23 30.1279 30.9916 30.5625      0.8443       0.8443    0.0375            1
2020 12 24 30.0287 30.8943 30.4650      0.7464       0.7464    0.0362            1
2020 12 25 30.1146 30.9821 30.5527      0.8336       0.8336    0.0349            1
2020 12 26 30.0370 30.9063 30.4767      0.7572       0.7572    0.0337            1
2020 12 27 30.1014 30.9726 30.5429      0.8228       0.8228    0.0325            1
2020 12 28 30.0456 30.9185 30.4887      0.7681       0.7681    0.0313            1
2020 12 29 30.0883 30.9630 30.5331      0.8119       0.8119    0.0302            1
2020 12 30 30.0543 30.9309 30.5009      0.7790       0.7790    0.0000            1
2020 12 31 30.0753 30.9536 30.5236      0.8010       0.8010    0.0000            1
2021 01 01 30.0632 30.9432 30.5132      0.7900       0.7900    0.0913            1
2021 01 02 30.0623 30.9440 30.5140      0.7900       0.7900    0.0942            1
2021 01 03 30.0724 30.9558 30.5259      0.8010       0.8010    0.0972            1
2021 01 04 30.0496 30.9346 30.5047      0.7790       0.7790    0.1002            1
2021 01 05 30.0818 30.9685 30.5387      0.8120       0.8120    0.1033            1
2021 01 06 30.0371 30.9254 30.4957      0.7680       0.7680    0.1065            1
2021 01 07 30.0913 30.9811 30.5516      0.8229       0.8229    0.1098            1
2021 01 08 30.0248 30.9163 30.4868      0.7571       0.7571    0.1132            1
2021 01 09 30.1008 30.9938 30.5646      0.8337       0.8337    0.1166            1
2021 01 10 30.0129 30.9074 30.4783      0.7463       0.7463    0.1201            1
2021 01 11 30.1106 31.0065 30.5777      0.8445       0.8445    0.1237            1
2021 01 12 30.0011 30.8985 30.4700      0.7355       0.7355    0.1274            1
2021 01 13 30.1202 31.0190 30.5907      0.8550       0.8550    0.1312            1
2021 01 14 29.9899 30.8901 30.4621      0.7250       0.7250    0.1351            1
2021 01 15 30.1300 31.0315 30.6038      0.8654       0.8654    0.1390            1
2021 01 16 29.9789 30.8818 30.4545      0.7146       0.7146    0.1430            1
2021 01 17 30.1397 31.0439 30.6169      0.8756       0.8756    0.1472            1
2021 01 18 29.9684 30.8738 30.4472      0.7044       0.7044    0.1514            1
2021 01 19 30.1493 31.0560 30.6298      0.8855       0.8855    0.1557            1
2021 01 20 29.9583 30.8662 30.4404      0.6945       0.6945    0.1601            1
2021 01 21 30.1590 31.0680 30.6427      0.8952       0.8952    0.1646            1
2021 01 22 29.9486 30.8588 30.4340      0.6848       0.6848    0.1692            1
2021 01 23 30.1685 31.0798 30.6555      0.9046       0.9046    0.1739            1
2021 01 24 29.9394 30.8518 30.4280      0.6754       0.6754    0.1786            1
2021 01 25 30.1779 31.0913 30.6681      0.9137       0.9137    0.1835            1
2021 01 26 29.9308 30.8452 30.4225      0.6663       0.6663    0.1885            1
2021 01 27 30.1872 31.1026 30.6805      0.9225       0.9225    0.1936            1
2021 01 28 29.9226 30.8389 30.4174      0.6575       0.6575    0.1987            1
2021 01 29 30.1964 31.1136 30.6927      0.9309       0.9309    0.2040            1
2021 01 30 29.9150 30.8331 30.4129      0.6491       0.6491    0.2094            1
2021 01 31 30.2054 31.1243 30.7047      0.9390       0.9390    0.2148            1
2021 02 01 29.9079 30.8276 30.4088      0.6410       0.6410    0.2204            1
2021 02 02 30.2142 31.1347 30.7165      0.9467       0.9467    0.2261            1
2021 02 03 29.9014 30.8226 30.4052      0.6333       0.6333    0.2319            1
2021 02 04 30.2227 31.1446 30.7279      0.9539       0.9539    0.2377            1
2021 02 05 29.8956 30.8182 30.4022      0.6261       0.6261    0.2437            1
2021 02 06 30.2309 31.1541 30.7390      0.9607       0.9607    0.2498            1
2021 02 07 29.8903 30.8141 30.3998      0.6193       0.6193    0.2560            1
2021 02 08 30.2390 31.1633 30.7499      0.9671       0.9671    0.2623            1
2021 02 09 29.8857 30.8106 30.3979      0.6129       0.6129    0.2687            1
2021 02 10 30.2469 31.1722 30.7604      0.9731       0.9731    0.2752            1
2021 02 11 29.8817 30.8074 30.3965      0.6069       0.6069    0.2818            1
2021 02 12 30.2543 31.1805 30.7705      0.9785       0.9785    0.2885            1
2021 02 13 29.8784 30.8049 30.3958      0.6015       0.6015    0.2954            1
2021 02 14 30.2616 31.1885 30.7803      0.9836       0.9836    0.3023            1
2021 02 15 29.8756 30.8027 30.3956      0.5964       0.5964    0.3093            1
2021 02 16 30.2685 31.1959 30.7897      0.9881       0.9881    0.3165            1
2021 02 17 29.8736 30.8012 30.3960      0.5919       0.5919    0.3237            1
2021 02 18 30.2751 31.2029 30.7987      0.9921       0.9921    0.3310            1
2021 02 19 29.8723 30.8002 30.3970      0.5879       0.5879    0.3385            1
2021 02 20 30.2815 31.2095 30.8073      0.9957       0.9957    0.3460            1
2021 02 21 29.8715 30.7996 30.3985      0.5843       0.5843    0.3537            1
2021 02 22 30.2875 31.2156 30.8155      0.9988       0.9988    0.3614            1
2021 02 23 29.8714 30.7995 30.4005      0.5812       0.5812    0.3693            1
2021 02 24 30.2932 31.2212 30.8233      1.0014       1.0014    0.3772            1
2021 02 25 29.8720 30.7999 30.4032      0.5786       0.5786    0.3853            1
2021 02 26 30.2984 31.2262 30.8306      1.0034       1.0034    0.3934            1
2021 02 27 29.8733 30.8009 30.4065      0.5766       0.5766    0.4017            1
2021 02 28 30.3036 31.2310 30.8376      1.0051       1.0051    0.4100            1
2021 03 01 29.8751 30.8023 30.4101      0.5749       0.5749    0.4184            1
2021 03 02 30.3082 31.2351 30.8441      1.0062       1.0062    0.4270            1
2021 03 03 29.8777 30.8042 30.4144      0.5738       0.5738    0.4356            1
2021 03 04 30.3125 31.2387 30.8501      1.0068       1.0068    0.4443            1
2021 03 05 29.8809 30.8067 30.4193      0.5732       0.5732    0.4531            1
2021 03 06 30.3166 31.2420 30.8558      1.0070       1.0070    0.4620            1
2021 03 07 29.8846 30.8095 30.4246      0.5730       0.5730    0.4709            1
2021 03 08 30.3203 31.2447 30.8610      1.0067       1.0067    0.4800            1
2021 03 09 29.8890 30.8128 30.4304      0.5733       0.5733    0.4891            1
2021 03 10 30.3238 31.2470 30.8659      1.0060       1.0060    0.4984            1
2021 03 11 29.8939 30.8165 30.4366      0.5740       0.5740    0.5076            1
2021 03 12 30.3269 31.2489 30.8703      1.0049       1.0049    0.5170            1
2021 03 13 29.8993 30.8206 30.4433      0.5751       0.5751    0.5265            1
2021 03 14 30.3298 31.2503 30.8743      1.0033       1.0033    0.5360            1
2021 03 15 29.9054 30.8252 30.4505      0.5767       0.5767    0.5456            1
2021 03 16 30.3323 31.2513 30.8779      1.0013       1.0013    0.5552            1
2021 03 17 29.9120 30.8302 30.4581      0.5787       0.5787    0.5650            1
2021 03 18 30.3345 31.2519 30.8811      0.9989       0.9989    0.5747            1
2021 03 19 29.9191 30.8355 30.4661      0.5811       0.5811    0.5846            1
2021 03 20 30.3366 31.2521 30.8840      0.9962       0.9962    0.5945            1
2021 03 21 29.9266 30.8411 30.4744      0.5838       0.5838    0.6044            1
2021 03 22 30.3383 31.2519 30.8865      0.9931       0.9931    0.6145            1
2021 03 23 29.9346 30.8471 30.4831      0.5869       0.5869    0.6245            1
2021 03 24 30.3398 31.2512 30.8885      0.9896       0.9896    0.6346            1
2021 03 25 29.9431 30.8534 30.4921      0.5904       0.5904    0.6447            1
2021 03 26 30.3412 31.2503 30.8904      0.9859       0.9859    0.6549            1
2021 03 27 29.9519 30.8599 30.5013      0.5941       0.5941    0.6651            1
2021 03 28 30.3422 31.2490 30.8918      0.9818       0.9818    0.6754            1
2021 03 29 29.9612 30.8668 30.5109      0.5982       0.5982    0.6857            1
2021 03 30 30.3431 31.2474 30.8930      0.9775       0.9775    0.6960            1
2021 03 31 29.9708 30.8738 30.5207      0.6025       0.6025    0.7063            1
2021 04 01 30.3439 31.2456 30.8939      0.9730       0.9730    0.7167            1
2021 04 02 29.9806 30.8809 30.5306      0.6070       0.6070    0.7270            1
2021 04 03 30.3445 31.2434 30.8945      0.9682       0.9682    0.7374            1
2021 04 04 29.9908 30.8883 30.5407      0.6118       0.6118    0.7478            1
2021 04 05 30.3449 31.2410 30.8948      0.9632       0.9632    0.7582            1
2021 04 06 30.0013 30.8959 30.5510      0.6168       0.6168    0.7685            1
2021 04 07 30.3452 31.2383 30.8949      0.9580       0.9580    0.7789            1
2021 04 08 30.0120 30.9036 30.5615      0.6220       0.6220    0.7893            1
2021 04 09 30.3454 31.2355 30.8948      0.9527       0.9527    0.7997            1
2021 04 10 30.0228 30.9113 30.5719      0.6273       0.6273    0.8100            1
2021 04 11 30.3455 31.2324 30.8944      0.9472       0.9472    0.8203            1
2021 04 12 30.0339 30.9192 30.5825      0.6328       0.6328    0.8306            1
2021 04 13 30.3455 31.2291 30.8938      0.9416       0.9416    0.8409            1
2021 04 14 30.0452 30.9271 30.5931      0.6384       0.6384    0.8511            1
2021 04 15 30.3455 31.2257 30.8931      0.9359       0.9359    0.8614            1
2021 04 16 30.0565 30.9350 30.6037      0.6441       0.6441    0.8715            1
2021 04 17 30.3455 31.2222 30.8923      0.9302       0.9302    0.8816            1
2021 04 18 30.0679 30.9428 30.6143      0.6498       0.6498    0.8917            1
2021 04 19 30.3454 31.2185 30.8912      0.9244       0.9244    0.9017            1
2021 04 20 30.0794 30.9507 30.6248      0.6556       0.6556    0.9117            1
2021 04 21 30.3453 31.2147 30.8901      0.9186       0.9186    0.9216            1
2021 04 22 30.0909 30.9585 30.6352      0.6614       0.6614    0.9314            1
2021 04 23 30.3452 31.2109 30.8888      0.9128       0.9128    0.9411            1
2021 04 24 30.1024 30.9662 30.6455      0.6672       0.6672    0.9508            1
2021 04 25 30.3451 31.2069 30.8875      0.9070       0.9070    0.9604            1
2021 04 26 30.1139 30.9739 30.6557      0.6730       0.6730    0.9699            1
2021 04 27 30.3449 31.2029 30.8860      0.9012       0.9012    0.9793            1
2021 04 28 30.1254 30.9814 30.6657      0.6788       0.6788    0.9886            1
2021 04 29 30.3449 31.1989 30.8845      0.8955       0.8955    0.9979            1
2021 04 30 30.1367 30.9888 30.6755      0.6845       0.6845    1.0070            2
2021 05 01 30.3450 31.1950 30.8830      0.8899       0.8899    1.0160            2
2021 05 02 30.1480 30.9959 30.6851      0.6901       0.6901    1.0249            2
2021 05 03 30.3450 31.1909 30.8813      0.8843       0.8843    1.0337            2
2021 05 04 30.1592 31.0030 30.6946      0.6957       0.6957    1.0424            2
2021 05 05 30.3452 31.1869 30.8797      0.8789       0.8789    1.0509            2
2021 05 06 30.1701 31.0098 30.7037      0.7011       0.7011    1.0593            2
2021 05 07 30.3454 31.1830 30.8780      0.8736       0.8736    1.0676            2
2021 05 08 30.1809 31.0164 30.7126      0.7064       0.7064    1.0758            2
2021 05 09 30.3457 31.1790 30.8763      0.8684       0.8684    1.0838            2
2021 05 10 30.1916 31.0228 30.7212      0.7116       0.7116    1.0916            2
2021 05 11 30.3461 31.1752 30.8747      0.8634       0.8634    1.0993            2
2021 05 12 30.2020 31.0289 30.7295      0.7166       0.7166    1.1069            2
2021 05 13 30.3466 31.1713 30.8730      0.8585       0.8585    1.1143            2
2021 05 14 30.2122 31.0348 30.7375      0.7215       0.7215    1.1215            2
2021 05 15 30.3472 31.1676 30.8713      0.8538       0.8538    1.1286            2
2021 05 16 30.2222 31.0404 30.7451      0.7262       0.7262    1.1355            2
2021 05 17 30.3478 31.1639 30.8696      0.8492       0.8492    1.1422            2
2021 05 18 30.2320 31.0458 30.7525      0.7308       0.7308    1.1488            2
2021 05 19 30.3485 31.1602 30.8679      0.8448       0.8448    1.1552            2
2021 05 20 30.2415 31.0509 30.7595      0.7352       0.7352    1.1614            2
2021 05 21 30.3495 31.1568 30.8663      0.8407       0.8407    1.1674            2
2021 05 22 30.2506 31.0557 30.7661      0.7393       0.7393    1.1732            2
2021 05 23 30.3504 31.1533 30.8646      0.8367       0.8367    1.1788            2
2021 05 24 30.2595 31.0602 30.7724      0.7433       0.7433    1.1842            2
2021 05 25 30.3514 31.1499 30.8629      0.8328       0.8328    1.1895            2
2021 05 26 30.2682 31.0644 30.7783      0.7472       0.7472    1.1945            2
2021 05 27 30.3525 31.1466 30.8613      0.8292       0.8292    1.1993            2
2021 05 28 30.2765 31.0683 30.7839      0.7508       0.7508    1.2040            2
2021 05 29 30.3538 31.1434 30.8597      0.8258       0.8258    1.2084            2
2021 05 30 30.2845 31.0719 30.7890      0.7542       0.7542    1.2126            2
2021 05 31 30.3551 31.1404 30.8582      0.8226       0.8226    1.2166            2
2021 06 01 30.2921 31.0752 30.7937      0.7574       0.7574    1.2203            2
2021 06 02 30.3564 31.1373 30.8565      0.8195       0.8195    1.2239            2
2021 06 03 30.2996 31.0783 30.7982      0.7605       0.7605    1.2272            2
2021 06 04 30.3578 31.1343 30.8549      0.8166       0.8166    1.2303            2
2021 06 05 30.3067 31.0811 30.8023      0.7634       0.7634    1.2332            2
2021 06 06 30.3592 31.1315 30.8533      0.8139       0.8139    1.2359            2
2021 06 07 30.3134 31.0835 30.8059      0.7661       0.7661    1.2383            2
2021 06 08 30.3607 31.1287 30.8517      0.8114       0.8114    1.2405            2
2021 06 09 30.3199 31.0857 30.8092      0.7686       0.7686    1.2425            2
2021 06 10 30.3622 31.1259 30.8500      0.8090       0.8090    1.2443            2
2021 06 11 30.3261 31.0877 30.8122      0.7710       0.7710    1.2458            2
2021 06 12 30.3637 31.1232 30.8483      0.8068       0.8068    1.2471            2
2021 06 13 30.3319 31.0893 30.8148      0.7732       0.7732    1.2481            2
2021 06 14 30.3652 31.1205 30.8465      0.8047       0.8047    1.2489            2
2021 06 15 30.3375 31.0908 30.8172      0.7753       0.7753    1.2495            2
2021 06 16 30.3667 31.1179 30.8447      0.8028       0.8028    1.2499            2
2021 06 17 30.3427 31.0919 30.8191      0.7772       0.7772    1.2500            2
2021 06 18 30.3681 31.1153 30.8428      0.8010       0.8010    1.2499            2
2021 06 19 30.3477 31.0929 30.8207      0.7790       0.7790    1.2495            2
2021 06 20 30.3694 31.1126 30.8408      0.7992       0.7992    1.2489            2
2021 06 21 30.3525 31.0937 30.8222      0.7808       0.7808    1.2481            2
2021 06 22 30.3707 31.1100 30.8387      0.7976       0.7976    1.2471            2
2021 06 23 30.3569 31.0943 30.8232      0.7824       0.7824    1.2458            2
2021 06 24 30.3720 31.1074 30.8366      0.7961       0.7961    1.2443            2
2021 06 25 30.3611 31.0946 30.8240      0.7839       0.7839    1.2425            2
2021 06 26 30.3731 31.1047 30.8342      0.7946       0.7946    1.2405            2
2021 06 27 30.3651 31.0949 30.8245      0.7854       0.7854    1.2383            2
2021 06 28 30.3739 31.1019 30.8317      0.7931       0.7931    1.2359            2
2021 06 29 30.3689 31.0950 30.8249      0.7869       0.7869    1.2332            2
2021 06 30 30.3748 31.0991 30.8291      0.7917       0.7917    1.2303            2
2021 07 01 30.3724 31.0950 30.8250      0.7883       0.7883    1.2272            2
2021 07 02 30.3754 31.0963 30.8263      0.7903       0.7903    1.2239            2
2021 07 03 30.3758 31.0949 30.8249      0.7897       0.7897    1.2203            2
2021 07 04 30.3760 31.0934 30.8234      0.7890       0.7890    1.2166            2
2021 07 05 30.3788 31.0946 30.8245      0.7910       0.7910    1.2126            2
2021 07 06 30.3762 31.0903 30.8202      0.7876       0.7876    1.2084            2
2021 07 07 30.3818 31.0943 30.8240      0.7924       0.7924    1.2040            2
2021 07 08 30.3763 31.0872 30.8168      0.7862       0.7862    1.1993            2
2021 07 09 30.3846 31.0939 30.8234      0.7938       0.7938    1.1945            2
2021 07 10 30.3761 31.0839 30.8132      0.7847       0.7847    1.1895            2
2021 07 11 30.3873 31.0935 30.8227      0.7953       0.7953    1.1842            2
2021 07 12 30.3757 31.0805 30.8094      0.7832       0.7832    1.1788            2
2021 07 13 30.3898 31.0931 30.8218      0.7968       0.7968    1.1732            2
2021 07 14 30.3750 31.0769 30.8053      0.7816       0.7816    1.1674            2
2021 07 15 30.3922 31.0926 30.8208      0.7984       0.7984    1.1614            2
2021 07 16 30.3740 31.0731 30.8010      0.7799       0.7799    1.1552            2
2021 07 17 30.3945 31.0922 30.8198      0.8001       0.8001    1.1488            2
2021 07 18 30.3727 31.0692 30.7963      0.7781       0.7781    1.1422            2
2021 07 19 30.3967 31.0919 30.8187      0.8019       0.8019    1.1355            2
2021 07 20 30.3712 31.0651 30.7915      0.7763       0.7763    1.1286            2
2021 07 21 30.3987 31.0914 30.8174      0.8037       0.8037    1.1215            2
2021 07 22 30.3692 31.0608 30.7863      0.7742       0.7742    1.1143            2
2021 07 23 30.4008 31.0912 30.8163      0.8058       0.8058    1.1069            2
2021 07 24 30.3671 31.0563 30.7809      0.7721       0.7721    1.0993            2
2021 07 25 30.4027 31.0909 30.8150      0.8079       0.8079    1.0916            2
2021 07 26 30.3645 31.0516 30.7751      0.7698       0.7698    1.0838            2
2021 07 27 30.4047 31.0907 30.8137      0.8102       0.8102    1.0758            2
2021 07 28 30.3616 31.0467 30.7691      0.7674       0.7674    1.0676            2
2021 07 29 30.4065 31.0906 30.8124      0.8126       0.8126    1.0593            2
2021 07 30 30.3582 31.0415 30.7627      0.7647       0.7647    1.0509            2
2021 07 31 30.4084 31.0908 30.8113      0.8153       0.8153    1.0424            2
2021 08 01 30.3547 31.0362 30.7561      0.7620       0.7620    1.0337            2
2021 08 02 30.4102 31.0908 30.8101      0.8180       0.8180    1.0249            2
2021 08 03 30.3506 31.0305 30.7490      0.7590       0.7590    1.0160            2
2021 08 04 30.4120 31.0912 30.8090      0.8210       0.8210    1.0070            2
2021 08 05 30.3462 31.0246 30.7417      0.7558       0.7558    0.9979            1
2021 08 06 30.4139 31.0916 30.8079      0.8242       0.8242    0.9886            1
2021 08 07 30.3415 31.0186 30.7341      0.7525       0.7525    0.9793            1
2021 08 08 30.4157 31.0922 30.8069      0.8275       0.8275    0.9699            1
2021 08 09 30.3363 31.0123 30.7262      0.7490       0.7490    0.9604            1
2021 08 10 30.4174 31.0929 30.8059      0.8310       0.8310    0.9508            1
2021 08 11 30.3308 31.0057 30.7179      0.7453       0.7453    0.9411            1
2021 08 12 30.4192 31.0937 30.8050      0.8347       0.8347    0.9314            1
2021 08 13 30.3249 30.9990 30.7094      0.7414       0.7414    0.9216            1
2021 08 14 30.4211 31.0947 30.8042      0.8386       0.8386    0.9117            1
2021 08 15 30.3186 30.9920 30.7006      0.7373       0.7373    0.9017            1
2021 08 16 30.4229 31.0959 30.8036      0.8427       0.8427    0.8917            1
2021 08 17 30.3120 30.9847 30.6914      0.7330       0.7330    0.8816            1
2021 08 18 30.4247 31.0973 30.8030      0.8470       0.8470    0.8715            1
2021 08 19 30.3049 30.9773 30.6820      0.7285       0.7285    0.8614            1
2021 08 20 30.4266 31.0988 30.8025      0.8515       0.8515    0.8511            1
2021 08 21 30.2976 30.9697 30.6724      0.7239       0.7239    0.8409            1
2021 08 22 30.4284 31.1004 30.8020      0.8561       0.8561    0.8306            1
2021 08 23 30.2899 30.9619 30.6625      0.7191       0.7191    0.8203            1
2021 08 24 30.4302 31.1022 30.8017      0.8609       0.8609    0.8100            1
2021 08 25 30.2819 30.9539 30.6523      0.7141       0.7141    0.7997            1
2021 08 26 30.4321 31.1042 30.8015      0.8659       0.8659    0.7893            1
2021 08 27 30.2736 30.9457 30.6419      0.7090       0.7090    0.7789            1
2021 08 28 30.4339 31.1062 30.8013      0.8710       0.8710    0.7685            1
2021 08 29 30.2650 30.9375 30.6314      0.7038       0.7038    0.7582            1
2021 08 30 30.4357 31.1084 30.8011      0.8762       0.8762    0.7478            1
2021 08 31 30.2561 30.9291 30.6206      0.6984       0.6984    0.7374            1
2021 09 01 30.4375 31.1107 30.8011      0.8816       0.8816    0.7270            1
2021 09 02 30.2469 30.9205 30.6097      0.6929       0.6929    0.7167            1
2021 09 03 30.4392 31.1132 30.8012      0.8871       0.8871    0.7063            1
2021 09 04 30.2375 30.9119 30.5987      0.6873       0.6873    0.6960            1
2021 09 05 30.4409 31.1158 30.8013      0.8927       0.8927    0.6857            1
2021 09 06 30.2278 30.9031 30.5875      0.6816       0.6816    0.6754            1
2021 09 07 30.4426 31.1184 30.8015      0.8984       0.8984    0.6651            1
2021 09 08 30.2180 30.8944 30.5762      0.6759       0.6759    0.6549            1
2021 09 09 30.4441 31.1211 30.8016      0.9041       0.9041    0.6447            1
2021 09 10 30.2079 30.8856 30.5649      0.6701       0.6701    0.6346            1
2021 09 11 30.4456 31.1239 30.8019      0.9099       0.9099    0.6245            1
2021 09 12 30.1978 30.8768 30.5535      0.6643       0.6643    0.6145            1
2021 09 13 30.4469 31.1267 30.8021      0.9157       0.9157    0.6044            1
2021 09 14 30.1875 30.8680 30.5421      0.6585       0.6585    0.5945            1
2021 09 15 30.4482 31.1295 30.8023      0.9215       0.9215    0.5846            1
2021 09 16 30.1770 30.8593 30.5307      0.6527       0.6527    0.5747            1
2021 09 17 30.4493 31.1324 30.8025      0.9273       0.9273    0.5650            1
2021 09 18 30.1665 30.8505 30.5193      0.6469       0.6469    0.5552            1
2021 09 19 30.4503 31.1353 30.8027      0.9331       0.9331    0.5456            1
2021 09 20 30.1560 30.8420 30.5080      0.6412       0.6412    0.5360            1
2021 09 21 30.4511 31.1381 30.8028      0.9388       0.9388    0.5265            1
2021 09 22 30.1455 30.8335 30.4969      0.6356       0.6356    0.5170            1
2021 09 23 30.4517 31.1409 30.8029      0.9444       0.9444    0.5076            1
2021 09 24 30.1349 30.8252 30.4858      0.6301       0.6301    0.4984            1
2021 09 25 30.4522 31.1436 30.8028      0.9499       0.9499    0.4891            1
2021 09 26 30.1243 30.8169 30.4748      0.6246       0.6246    0.4800            1
2021 09 27 30.4525 31.1463 30.8028      0.9554       0.9554    0.4709            1
2021 09 28 30.1139 30.8089 30.4641      0.6194       0.6194    0.4620            1
2021 09 29 30.4525 31.1488 30.8026      0.9606       0.9606    0.4531            1
2021 09 30 30.1035 30.8011 30.4536      0.6143       0.6143    0.4443            1
2021 10 01 30.4522 31.1512 30.8023      0.9657       0.9657    0.4356            1
2021 10 02 30.0933 30.7936 30.4433      0.6094       0.6094    0.4270            1
2021 10 03 30.4518 31.1535 30.8018      0.9706       0.9706    0.4184            1
2021 10 04 30.0831 30.7863 30.4332      0.6047       0.6047    0.4100            1
2021 10 05 30.4510 31.1556 30.8012      0.9753       0.9753    0.4017            1
2021 10 06 30.0733 30.7794 30.4235      0.6003       0.6003    0.3934            1
2021 10 07 30.4499 31.1575 30.8003      0.9797       0.9797    0.3853            1
2021 10 08 30.0635 30.7727 30.4141      0.5961       0.5961    0.3772            1
2021 10 09 30.4486 31.1593 30.7993      0.9839       0.9839    0.3693            1
2021 10 10 30.0541 30.7664 30.4051      0.5922       0.5922    0.3614            1
2021 10 11 30.4469 31.1608 30.7981      0.9878       0.9878    0.3537            1
2021 10 12 30.0449 30.7605 30.3964      0.5886       0.5886    0.3460            1
2021 10 13 30.4448 31.1621 30.7967      0.9914       0.9914    0.3385            1
2021 10 14 30.0359 30.7549 30.3881      0.5853       0.5853    0.3310            1
2021 10 15 30.4425 31.1632 30.7951      0.9947       0.9947    0.3237            1
2021 10 16 30.0274 30.7498 30.3803      0.5824       0.5824    0.3165            1
2021 10 17 30.4397 31.1639 30.7931      0.9976       0.9976    0.3093            1
2021 10 18 30.0191 30.7450 30.3730      0.5798       0.5798    0.3023            1
2021 10 19 30.4366 31.1644 30.7910      1.0002       1.0002    0.2954            1
2021 10 20 30.0113 30.7409 30.3662      0.5777       0.5777    0.2885            1
2021 10 21 30.4330 31.1645 30.7885      1.0023       1.0023    0.2818            1
2021 10 22 30.0038 30.7371 30.3598      0.5759       0.5759    0.2752            1
2021 10 23 30.4291 31.1644 30.7857      1.0041       1.0041    0.2687            1
2021 10 24 29.9967 30.7338 30.3539      0.5745       0.5745    0.2623            1
2021 10 25 30.4248 31.1639 30.7827      1.0055       1.0055    0.2560            1
2021 10 26 29.9901 30.7311 30.3487      0.5736       0.5736    0.2498            1
2021 10 27 30.4200 31.1630 30.7793      1.0064       1.0064    0.2437            1
2021 10 28 29.9839 30.7289 30.3439      0.5731       0.5731    0.2377            1
2021 10 29 30.4149 31.1618 30.7757      1.0069       1.0069    0.2319            1
2021 10 30 29.9781 30.7271 30.3397      0.5730       0.5730    0.2261            1
2021 10 31 30.4093 31.1603 30.7717      1.0070       1.0070    0.2204            1
2021 11 01 29.9729 30.7260 30.3362      0.5734       0.5734    0.2148            1
2021 11 02 30.4033 31.1584 30.7674      1.0066       1.0066    0.2094            1
2021 11 03 29.9682 30.7254 30.3333      0.5743       0.5743    0.2040            1
2021 11 04 30.3969 31.1561 30.7628      1.0057       1.0057    0.1987            1
2021 11 05 29.9641 30.7254 30.3310      0.5757       0.5757    0.1936            1
2021 11 06 30.3899 31.1534 30.7578      1.0043       1.0043    0.1885            1
2021 11 07 29.9604 30.7260 30.3292      0.5775       0.5775    0.1835            1
2021 11 08 30.3827 31.1504 30.7525      1.0025       1.0025    0.1786            1
2021 11 09 29.9573 30.7272 30.3282      0.5799       0.5799    0.1739            1
2021 11 10 30.3748 31.1468 30.7468      1.0001       1.0001    0.1692            1
2021 11 11 29.9548 30.7289 30.3278      0.5827       0.5827    0.1646            1
2021 11 12 30.3667 31.1430 30.7409      0.9973       0.9973    0.1601            1
2021 11 13 29.9527 30.7312 30.3280      0.5860       0.5860    0.1557            1
2021 11 14 30.3581 31.1388 30.7346      0.9940       0.9940    0.1514            1
2021 11 15 29.9513 30.7342 30.3289      0.5898       0.5898    0.1472            1
2021 11 16 30.3491 31.1341 30.7279      0.9902       0.9902    0.1430            1
2021 11 17 29.9504 30.7377 30.3305      0.5941       0.5941    0.1390            1
2021 11 18 30.3397 31.1291 30.7210      0.9859       0.9859    0.1351            1
2021 11 19 29.9502 30.7418 30.3327      0.5989       0.5989    0.1312            1
2021 11 20 30.3299 31.1237 30.7137      0.9811       0.9811    0.1274            1
2021 11 21 29.9504 30.7464 30.3355      0.6041       0.6041    0.1237            1
2021 11 22 30.3197 31.1180 30.7062      0.9759       0.9759    0.1201            1
2021 11 23 29.9512 30.7516 30.3390      0.6098       0.6098    0.1166            1
2021 11 24 30.3092 31.1118 30.6984      0.9702       0.9702    0.1132            1
2021 11 25 29.9526 30.7575 30.3432      0.6160       0.6160    0.1098            1
2021 11 26 30.2983 31.1053 30.6902      0.9640       0.9640    0.1065            1
2021 11 27 29.9546 30.7638 30.3479      0.6226       0.6226    0.1033            1
2021 11 28 30.2871 31.0985 30.6818      0.9574       0.9574    0.1002            1
2021 11 29 29.9571 30.7707 30.3533      0.6297       0.6297    0.0972            1
2021 11 30 30.2755 31.0913 30.6731      0.9503       0.9503    0.0942            1
2021 12 01 29.9601 30.7781 30.3592      0.6371       0.6371    0.0913            1
2021 12 02 30.2637 31.0839 30.6643      0.9429       0.9429    0.0885            1
2021 12 03 29.9637 30.7860 30.3658      0.6450       0.6450    0.0857            1
2021 12 04 30.2516 31.0761 30.6552      0.9350       0.9350    0.0830            1
2021 12 05 29.9677 30.7944 30.3729      0.6532       0.6532    0.0804            1
2021 12 06 30.2393 31.0681 30.6460      0.9268       0.9268    0.0779            1
2021 12 07 29.9723 30.8032 30.3805      0.6618       0.6618    0.0754            1
2021 12 08 30.2267 31.0598 30.6365      0.9182       0.9182    0.0730            1
2021 12 09 29.9774 30.8126 30.3888      0.6708       0.6708    0.0706            1
2021 12 10 30.2139 31.0512 30.6269      0.9092       0.9092    0.0683            1
2021 12 11 29.9828 30.8223 30.3974      0.6800       0.6800    0.0661            1
2021 12 12 30.2010 31.0425 30.6172      0.9000       0.9000    0.0640            1
2021 12 13 29.9888 30.8324 30.4067      0.6896       0.6896    0.0618            1
2021 12 14 30.1879 31.0336 30.6074      0.8904       0.8904    0.0598            1
2021 12 15 29.9952 30.8429 30.4163      0.6994       0.6994    0.0578            1
2021 12 16 30.1747 31.0245 30.5975      0.8806       0.8806    0.0559            1
2021 12 17 30.0020 30.8538 30.4264      0.7095       0.7095    0.0540            1
2021 12 18 30.1614 31.0152 30.5875      0.8705       0.8705    0.0522            1
2021 12 19 30.0091 30.8650 30.4370      0.7198       0.7198    0.0504            1
2021 12 20 30.1480 31.0058 30.5775      0.8602       0.8602    0.0487            1
2021 12 21 30.0166 30.8763 30.4478      0.7302       0.7302    0.0470            1
2021 12 22 30.1348 30.9965 30.5676      0.8498       0.8498    0.0454            1
2021 12 23 30.0245 30.8881 30.4591      0.7409       0.7409    0.0438            1
2021 12 24 30.1214 30.9869 30.5576      0.8391       0.8391    0.0423            1
2021 12 25 30.0327 30.9001 30.4707      0.7517       0.7517    0.0408            1
2021 12 26 30.1080 30.9773 30.5477      0.8283       0.8283    0.0393            1
2021 12 27 30.0410 30.9121 30.4824      0.7625       0.7625    0.0379            1
2021 12 28 30.0949 30.9678 30.5380      0.8175       0.8175    0.0366            1
2021 12 29 30.0498 30.9245 30.4946      0.7735       0.7735    0.0353            1
2021 12 30 30.0817 30.9582 30.5283      0.8065       0.8065    0.0340            1
2021 12 31 30.0642 30.9425 30.5125      0.7900       0.7900    0.0328            1
2022 01 01 30.0532 30.9332 30.5032      0.7800       0.7800    0.0789            1
2022 01 02 30.0523 30.9340 30.5040      0.7800       0.7800    0.0814            1
2022 01 03 30.0624 30.9458 30.5159      0.7910       0.7910    0.0840            1
2022 01 04 30.0396 30.9246 30.4947      0.7690       0.7690    0.0866            1
2022 01 05 30.0718 30.9585 30.5287      0.8020       0.8020    0.0893            1
2022 01 06 30.0271 30.9154 30.4857      0.7580       0.7580    0.0921            1
2022 01 07 30.0813 30.9711 30.5416      0.8129       0.8129    0.0949            1
2022 01 08 30.0148 30.9063 30.4768      0.7471       0.7471    0.0978            1
2022 01 09 30.0908 30.9838 30.5546      0.8237       0.8237    0.1008            1
2022 01 10 30.0029 30.8974 30.4683      0.7363       0.7363    0.1038            1
2022 01 11 30.1006 30.9965 30.5677      0.8345       0.8345    0.1069            1
2022 01 12 29.9911 30.8885 30.4600      0.7255       0.7255    0.1101            1
2022 01 13 30.1102 31.0090 30.5807      0.8450       0.8450    0.1134            1
2022 01 14 29.9799 30.8801 30.4521      0.7150       0.7150    0.1167            1
2022 01 15 30.1200 31.0215 30.5938      0.8554       0.8554    0.1201            1
2022 01 16 29.9689 30.8718 30.4445      0.7046       0.7046    0.1236            1
2022 01 17 30.1297 31.0339 30.6069      0.8656       0.8656    0.1272            1
2022 01 18 29.9584 30.8638 30.4372      0.6944       0.6944    0.1308            1
2022 01 19 30.1393 31.0460 30.6198      0.8755       0.8755    0.1345            1
2022 01 20 29.9483 30.8562 30.4304      0.6845       0.6845    0.1383            1
2022 01 21 30.1490 31.0580 30.6327      0.8852       0.8852    0.1422            1
2022 01 22 29.9386 30.8488 30.4240      0.6748       0.6748    0.1462            1
2022 01 23 30.1585 31.0698 30.6455      0.8946       0.8946    0.1502            1
2022 01 24 29.9294 30.8418 30.4180      0.6654       0.6654    0.1543            1
2022 01 25 30.1679 31.0813 30.6581      0.9037       0.9037    0.1585            1
2022 01 26 29.9208 30.8352 30.4125      0.6563       0.6563    0.1628            1
2022 01 27 30.1772 31.0926 30.6705      0.9125       0.9125    0.1672            1
2022 01 28 29.9126 30.8289 30.4074      0.6475       0.6475    0.1717            1
2022 01 29 30.1864 31.1036 30.6827      0.9209       0.9209    0.1762            1
2022 01 30 29.9050 30.8231 30.4029      0.6391       0.6391    0.1809            1
2022 01 31 30.1954 31.1143 30.6947      0.9290       0.9290    0.1856            1
2022 02 01 29.8979 30.8176 30.3988      0.6310       0.6310    0.1904            1
2022 02 02 30.2042 31.1247 30.7065      0.9367       0.9367    0.1953            1
2022 02 03 29.8914 30.8126 30.3952      0.6233       0.6233    0.2003            1
2022 02 04 30.2127 31.1346 30.7179      0.9439       0.9439    0.2054            1
2022 02 05 29.8856 30.8082 30.3922      0.6161       0.6161    0.2106            1
2022 02 06 30.2209 31.1441 30.7290      0.9507       0.9507    0.2158            1
2022 02 07 29.8803 30.8041 30.3898      0.6093       0.6093    0.2212            1
2022 02 08 30.2290 31.1533 30.7399      0.9571       0.9571    0.2266            1
2022 02 09 29.8757 30.8006 30.3879      0.6029       0.6029    0.2322            1
2022 02 10 30.2369 31.1622 30.7504      0.9631       0.9631    0.2378            1
2022 02 11 29.8717 30.7974 30.3865      0.5969       0.5969    0.2435            1
2022 02 12 30.2443 31.1705 30.7605      0.9685       0.9685    0.2493            1
2022 02 13 29.8684 30.7949 30.3858      0.5915       0.5915    0.2552            1
2022 02 14 30.2516 31.1785 30.7703      0.9736       0.9736    0.2612            1
2022 02 15 29.8656 30.7927 30.3856      0.5864       0.5864    0.2673            1
2022 02 16 30.2585 31.1859 30.7797      0.9781       0.9781    0.2734            1
2022 02 17 29.8636 30.7912 30.3860      0.5819       0.5819    0.2797            1
2022 02 18 30.2651 31.1929 30.7887      0.9821       0.9821    0.2860            1
2022 02 19 29.8623 30.7902 30.3870      0.5779       0.5779    0.2924            1
2022 02 20 30.2715 31.1995 30.7973      0.9857       0.9857    0.2990            1
2022 02 21 29.8615 30.7896 30.3885      0.5743       0.5743    0.3056            1
2022 02 22 30.2775 31.2056 30.8055      0.9888       0.9888    0.3123            1
2022 02 23 29.8614 30.7895 30.3905      0.5712       0.5712    0.3191            1
2022 02 24 30.2832 31.2112 30.8133      0.9914       0.9914    0.3259            1
2022 02 25 29.8620 30.7899 30.3932      0.5686       0.5686    0.3329            1
2022 02 26 30.2884 31.2162 30.8206      0.9934       0.9934    0.3399            1
2022 02 27 29.8633 30.7909 30.3965      0.5666       0.5666    0.3470            1
2022 02 28 30.2936 31.2210 30.8276      0.9951       0.9951    0.3542            1
2022 03 01 29.8651 30.7923 30.4001      0.5649       0.5649    0.3615            1
2022 03 02 30.2982 31.2251 30.8341      0.9962       0.9962    0.3689            1
2022 03 03 29.8677 30.7942 30.4044      0.5638       0.5638    0.3763            1
2022 03 04 30.3025 31.2287 30.8401      0.9968       0.9968    0.3839            1
2022 03 05 29.8709 30.7967 30.4093      0.5632       0.5632    0.3915            1
2022 03 06 30.3066 31.2320 30.8458      0.9970       0.9970    0.3991            1
2022 03 07 29.8746 30.7995 30.4146      0.5630       0.5630    0.4069            1
2022 03 08 30.3103 31.2347 30.8510      0.9967       0.9967    0.4147            1
2022 03 09 29.8790 30.8028 30.4204      0.5633       0.5633    0.4226            1
2022 03 10 30.3138 31.2370 30.8559      0.9960       0.9960    0.4306            1
2022 03 11 29.8839 30.8065 30.4266      0.5640       0.5640    0.4386            1
2022 03 12 30.3169 31.2389 30.8603      0.9949       0.9949    0.4467            1
2022 03 13 29.8893 30.8106 30.4333      0.5651       0.5651    0.4549            1
2022 03 14 30.3198 31.2403 30.8643      0.9933       0.9933    0.4631            1
2022 03 15 29.8954 30.8152 30.4405      0.5667       0.5667    0.4714            1
2022 03 16 30.3223 31.2413 30.8679      0.9913       0.9913    0.4797            1
2022 03 17 29.9020 30.8202 30.4481      0.5687       0.5687    0.4881            1
2022 03 18 30.3245 31.2419 30.8711      0.9889       0.9889    0.4966            1
2022 03 19 29.9091 30.8255 30.4561      0.5711       0.5711    0.5051            1
2022 03 20 30.3266 31.2421 30.8740      0.9862       0.9862    0.5136            1
2022 03 21 29.9166 30.8311 30.4644      0.5738       0.5738    0.5222            1
2022 03 22 30.3283 31.2419 30.8765      0.9831       0.9831    0.5309            1
2022 03 23 29.9246 30.8371 30.4731      0.5769       0.5769    0.5396            1
2022 03 24 30.3298 31.2412 30.8785      0.9796       0.9796    0.5483            1
2022 03 25 29.9331 30.8434 30.4821      0.5804       0.5804    0.5571            1
2022 03 26 30.3312 31.2403 30.8804      0.9759       0.9759    0.5659            1
2022 03 27 29.9419 30.8499 30.4913      0.5841       0.5841    0.5747            1
2022 03 28 30.3322 31.2390 30.8818      0.9718       0.9718    0.5835            1
2022 03 29 29.9512 30.8568 30.5009      0.5882       0.5882    0.5924            1
2022 03 30 30.3331 31.2374 30.8830      0.9675       0.9675    0.6013            1
2022 03 31 29.9608 30.8638 30.5107      0.5925       0.5925    0.6103            1
2022 04 01 30.3339 31.2356 30.8839      0.9630       0.9630    0.6192            1
2022 04 02 29.9706 30.8709 30.5206      0.5970       0.5970    0.6281            1
2022 04 03 30.3345 31.2334 30.8845      0.9582       0.9582    0.6371            1
2022 04 04 29.9808 30.8783 30.5307      0.6018       0.6018    0.6461            1
2022 04 05 30.3349 31.2310 30.8848      0.9532       0.9532    0.6551            1
2022 04 06 29.9913 30.8859 30.5410      0.6068       0.6068    0.6640            1
2022 04 07 30.3352 31.2283 30.8849      0.9480       0.9480    0.6730            1
2022 04 08 30.0020 30.8936 30.5515      0.6120       0.6120    0.6820            1
2022 04 09 30.3354 31.2255 30.8848      0.9427       0.9427    0.6909            1
2022 04 10 30.0128 30.9013 30.5619      0.6173       0.6173    0.6998            1
2022 04 11 30.3355 31.2224 30.8844      0.9372       0.9372    0.7088            1
2022 04 12 30.0239 30.9092 30.5725      0.6228       0.6228    0.7177            1
2022 04 13 30.3355 31.2191 30.8838      0.9316       0.9316    0.7265            1
2022 04 14 30.0352 30.9171 30.5831      0.6284       0.6284    0.7354            1
2022 04 15 30.3355 31.2157 30.8831      0.9259       0.9259    0.7442            1
2022 04 16 30.0465 30.9250 30.5937      0.6341       0.6341    0.7530            1
2022 04 17 30.3355 31.2122 30.8823      0.9202       0.9202    0.7617            1
2022 04 18 30.0579 30.9328 30.6043      0.6398       0.6398    0.7704            1
2022 04 19 30.3354 31.2085 30.8812      0.9144       0.9144    0.7791            1
2022 04 20 30.0694 30.9407 30.6148      0.6456       0.6456    0.7877            1
2022 04 21 30.3353 31.2047 30.8801      0.9086       0.9086    0.7962            1
2022 04 22 30.0809 30.9485 30.6252      0.6514       0.6514    0.8047            1
2022 04 23 30.3352 31.2009 30.8788      0.9028       0.9028    0.8131            1
2022 04 24 30.0924 30.9562 30.6355      0.6572       0.6572    0.8215            1
2022 04 25 30.3351 31.1969 30.8775      0.8970       0.8970    0.8298            1
2022 04 26 30.1039 30.9639 30.6457      0.6630       0.6630    0.8380            1
2022 04 27 30.3349 31.1929 30.8760      0.8912       0.8912    0.8461            1
2022 04 28 30.1154 30.9714 30.6557      0.6688       0.6688    0.8542            1
2022 04 29 30.3349 31.1889 30.8745      0.8855       0.8855    0.8622            1
2022 04 30 30.1267 30.9788 30.6655      0.6745       0.6745    0.8700            1
2022 05 01 30.3350 31.1850 30.8730      0.8799       0.8799    0.8778            1
2022 05 02 30.1380 30.9859 30.6751      0.6801       0.6801    0.8855            1
2022 05 03 30.3350 31.1809 30.8713      0.8743       0.8743    0.8931            1
2022 05 04 30.1492 30.9930 30.6846      0.6857       0.6857    0.9006            1
2022 05 05 30.3352 31.1769 30.8697      0.8689       0.8689    0.9080            1
2022 05 06 30.1601 30.9998 30.6937      0.6911       0.6911    0.9153            1
2022 05 07 30.3354 31.1730 30.8680      0.8636       0.8636    0.9224            1
2022 05 08 30.1709 31.0064 30.7026      0.6964       0.6964    0.9295            1
2022 05 09 30.3357 31.1690 30.8663      0.8584       0.8584    0.9364            1
2022 05 10 30.1816 31.0128 30.7112      0.7016       0.7016    0.9432            1
2022 05 11 30.3361 31.1652 30.8647      0.8534       0.8534    0.9498            1
2022 05 12 30.1920 31.0189 30.7195      0.7066       0.7066    0.9563            1
2022 05 13 30.3366 31.1613 30.8630      0.8485       0.8485    0.9627            1
2022 05 14 30.2022 31.0248 30.7275      0.7115       0.7115    0.9690            1
2022 05 15 30.3372 31.1576 30.8613      0.8438       0.8438    0.9751            1
2022 05 16 30.2122 31.0304 30.7351      0.7162       0.7162    0.9811            1
2022 05 17 30.3378 31.1539 30.8596      0.8392       0.8392    0.9869            1
2022 05 18 30.2220 31.0358 30.7425      0.7208       0.7208    0.9925            1
2022 05 19 30.3385 31.1502 30.8579      0.8348       0.8348    0.9981            1
2022 05 20 30.2315 31.0409 30.7495      0.7252       0.7252    1.0034            2
2022 05 21 30.3395 31.1468 30.8563      0.8307       0.8307    1.0086            2
2022 05 22 30.2406 31.0457 30.7561      0.7293       0.7293    1.0136            2
2022 05 23 30.3404 31.1433 30.8546      0.8267       0.8267    1.0185            2
2022 05 24 30.2495 31.0502 30.7624      0.7333       0.7333    1.0232            2
2022 05 25 30.3414 31.1399 30.8529      0.8228       0.8228    1.0277            2
2022 05 26 30.2582 31.0544 30.7683      0.7372       0.7372    1.0321            2
2022 05 27 30.3425 31.1366 30.8513      0.8192       0.8192    1.0362            2
2022 05 28 30.2665 31.0583 30.7739      0.7408       0.7408    1.0402            2
2022 05 29 30.3438 31.1334 30.8497      0.8158       0.8158    1.0440            2
2022 05 30 30.2745 31.0619 30.7790      0.7442       0.7442    1.0477            2
2022 05 31 30.3451 31.1304 30.8482      0.8126       0.8126    1.0511            2
2022 06 01 30.2821 31.0652 30.7837      0.7474       0.7474    1.0544            2
2022 06 02 30.3464 31.1273 30.8465      0.8095       0.8095    1.0574            2
2022 06 03 30.2896 31.0683 30.7882      0.7505       0.7505    1.0603            2
2022 06 04 30.3478 31.1243 30.8449      0.8066       0.8066    1.0630            2
2022 06 05 30.2967 31.0711 30.7923      0.7534       0.7534    1.0655            2
2022 06 06 30.3492 31.1215 30.8433      0.8039       0.8039    1.0678            2
2022 06 07 30.3034 31.0735 30.7959      0.7561       0.7561    1.0699            2
2022 06 08 30.3507 31.1187 30.8417      0.8014       0.8014    1.0718            2
2022 06 09 30.3099 31.0757 30.7992      0.7586       0.7586    1.0735            2
2022 06 10 30.3522 31.1159 30.8400      0.7990       0.7990    1.0750            2
2022 06 11 30.3161 31.0777 30.8022      0.7610       0.7610    1.0764            2
2022 06 12 30.3537 31.1132 30.8383      0.7968       0.7968    1.0775            2
2022 06 13 30.3219 31.0793 30.8048      0.7632       0.7632    1.0784            2
2022 06 14 30.3552 31.1105 30.8365      0.7947       0.7947    1.0791            2
2022 06 15 30.3275 31.0808 30.8072      0.7653       0.7653    1.0796            2
2022 06 16 30.3567 31.1079 30.8347      0.7928       0.7928    1.0799            2
2022 06 17 30.3327 31.0819 30.8091      0.7672       0.7672    1.0800            2
2022 06 18 30.3581 31.1053 30.8328      0.7910       0.7910    1.0799            2
2022 06 19 30.3377 31.0829 30.8107      0.7690       0.7690    1.0796            2
2022 06 20 30.3594 31.1026 30.8308      0.7892       0.7892    1.0791            2
2022 06 21 30.3425 31.0837 30.8122      0.7708       0.7708    1.0784            2
2022 06 22 30.3607 31.1000 30.8287      0.7876       0.7876    1.0775            2
2022 06 23 30.3469 31.0843 30.8132      0.7724       0.7724    1.0764            2
2022 06 24 30.3620 31.0974 30.8266      0.7861       0.7861    1.0750            2
2022 06 25 30.3511 31.0846 30.8140      0.7739       0.7739    1.0735            2
2022 06 26 30.3631 31.0947 30.8242      0.7846       0.7846    1.0718            2
2022 06 27 30.3551 31.0849 30.8145      0.7754       0.7754    1.0699            2
2022 06 28 30.3639 31.0919 30.8217      0.7831       0.7831    1.0678            2
2022 06 29 30.3589 31.0850 30.8149      0.7769       0.7769    1.0655            2
2022 06 30 30.3648 31.0891 30.8191      0.7817       0.7817    1.0630            2
2022 07 01 30.3624 31.0850 30.8150      0.7783       0.7783    1.0603            2
2022 07 02 30.3654 31.0863 30.8163      0.7803       0.7803    1.0574            2
2022 07 03 30.3658 31.0849 30.8149      0.7797       0.7797    1.0544            2
2022 07 04 30.3660 31.0834 30.8134      0.7790       0.7790    1.0511            2
2022 07 05 30.3688 31.0846 30.8145      0.7810       0.7810    1.0477            2
2022 07 06 30.3662 31.0803 30.8102      0.7776       0.7776    1.0440            2
2022 07 07 30.3718 31.0843 30.8140      0.7824       0.7824    1.0402            2
2022 07 08 30.3663 31.0772 30.8068      0.7762       0.7762    1.0362            2
2022 07 09 30.3746 31.0839 30.8134      0.7838       0.7838    1.0321            2
2022 07 10 30.3661 31.0739 30.8032      0.7747       0.7747    1.0277            2
2022 07 11 30.3773 31.0835 30.8127      0.7853       0.7853    1.0232            2
2022 07 12 30.3657 31.0705 30.7994      0.7732       0.7732    1.0185            2
2022 07 13 30.3798 31.0831 30.8118      0.7868       0.7868    1.0136            2
2022 07 14 30.3650 31.0669 30.7953      0.7716       0.7716    1.0086            2
2022 07 15 30.3822 31.0826 30.8108      0.7884       0.7884    1.0034            2
2022 07 16 30.3640 31.0631 30.7910      0.7699       0.7699    0.9981            1
2022 07 17 30.3845 31.0822 30.8098      0.7901       0.7901    0.9925            1
2022 07 18 30.3627 31.0592 30.7863      0.7681       0.7681    0.9869            1
2022 07 19 30.3867 31.0819 30.8087      0.7919       0.7919    0.9811            1
2022 07 20 30.3612 31.0551 30.7815      0.7663       0.7663    0.9751            1
2022 07 21 30.3887 31.0814 30.8074      0.7937       0.7937    0.9690            1
2022 07 22 30.3592 31.0508 30.7763      0.7642       0.7642    0.9627            1
2022 07 23 30.3908 31.0812 30.8063      0.7958       0.7958    0.9563            1
2022 07 24 30.3571 31.0463 30.7709      0.7621       0.7621    0.9498            1
2022 07 25 30.3927 31.0809 30.8050      0.7979       0.7979    0.9432            1
2022 07 26 30.3545 31.0416 30.7651      0.7598       0.7598    0.9364            1
2022 07 27 30.3947 31.0807 30.8037      0.8002       0.8002    0.9295            1
2022 07 28 30.3516 31.0367 30.7591      0.7574       0.7574    0.9224            1
2022 07 29 30.3965 31.0806 30.8024      0.8026       0.8026    0.9153            1
2022 07 30 30.3482 31.0315 30.7527      0.7547       0.7547    0.9080            1
2022 07 31 30.3984 31.0808 30.8013      0.8053       0.8053    0.9006            1
2022 08 01 30.3447 31.0262 30.7461      0.7520       0.7520    0.8931            1
2022 08 02 30.4002 31.0808 30.8001      0.8080       0.8080    0.8855            1
2022 08 03 30.3406 31.0205 30.7390      0.7490       0.7490    0.8778            1
2022 08 04 30.4020 31.0812 30.7990      0.8110       0.8110    0.8700            1
2022 08 05 30.3362 31.0146 30.7317      0.7458       0.7458    0.8622            1
2022 08 06 30.4039 31.0816 30.7979      0.8142       0.8142    0.8542            1
2022 08 07 30.3315 31.0086 30.7241      0.7425       0.7425    0.8461            1
2022 08 08 30.4057 31.0822 30.7969      0.8175       0.8175    0.8380            1
2022 08 09 30.3263 31.0023 30.7162      0.7390       0.7390    0.8298            1
2022 08 10 30.4074 31.0829 30.7959      0.8210       0.8210    0.8215            1
2022 08 11 30.3208 30.9957 30.7079      0.7353       0.7353    0.8131            1
2022 08 12 30.4092 31.0837 30.7950      0.8247       0.8247    0.8047            1
2022 08 13 30.3149 30.9890 30.6994      0.7314       0.7314    0.7962            1
2022 08 14 30.4111 31.0847 30.7942      0.8286       0.8286    0.7877            1
2022 08 15 30.3086 30.9820 30.6906      0.7273       0.7273    0.7791            1
2022 08 16 30.4129 31.0859 30.7936      0.8327       0.8327    0.7704            1
2022 08 17 30.3020 30.9747 30.6814      0.7230       0.7230    0.7617            1
2022 08 18 30.4147 31.0873 30.7930      0.8370       0.8370    0.7530            1
2022 08 19 30.2949 30.9673 30.6720      0.7185       0.7185    0.7442            1
2022 08 20 30.4166 31.0888 30.7925      0.8415       0.8415    0.7354            1
2022 08 21 30.2876 30.9597 30.6624      0.7139       0.7139    0.7265            1
2022 08 22 30.4184 31.0904 30.7920      0.8461       0.8461    0.7177            1
2022 08 23 30.2799 30.9519 30.6525      0.7091       0.7091    0.7088            1
2022 08 24 30.4202 31.0922 30.7917      0.8509       0.8509    0.6998            1
2022 08 25 30.2719 30.9439 30.6423      0.7041       0.7041    0.6909            1
2022 08 26 30.4221 31.0942 30.7915      0.8559       0.8559    0.6820            1
2022 08 27 30.2636 30.9357 30.6319      0.6990       0.6990    0.6730            1
2022 08 28 30.4239 31.0962 30.7913      0.8610       0.8610    0.6640            1
2022 08 29 30.2550 30.9275 30.6214      0.6938       0.6938    0.6551            1
2022 08 30 30.4257 31.0984 30.7911      0.8662       0.8662    0.6461            1
2022 08 31 30.2461 30.9191 30.6106      0.6884       0.6884    0.6371            1
2022 09 01 30.4275 31.1007 30.7911      0.8716       0.8716    0.6281            1
2022 09 02 30.2369 30.9105 30.5997      0.6829       0.6829    0.6192            1
2022 09 03 30.4292 31.1032 30.7912      0.8771       0.8771    0.6103            1
2022 09 04 30.2275 30.9019 30.5887      0.6773       0.6773    0.6013            1
2022 09 05 30.4309 31.1058 30.7913      0.8827       0.8827    0.5924            1
2022 09 06 30.2178 30.8931 30.5775      0.6716       0.6716    0.5835            1
2022 09 07 30.4326 31.1084 30.7915      0.8884       0.8884    0.5747            1
2022 09 08 30.2080 30.8844 30.5662      0.6659       0.6659    0.5659            1
2022 09 09 30.4341 31.1111 30.7916      0.8941       0.8941    0.5571            1
2022 09 10 30.1979 30.8756 30.5549      0.6601       0.6601    0.5483            1
2022 09 11 30.4356 31.1139 30.7919      0.8999       0.8999    0.5396            1
2022 09 12 30.1878 30.8668 30.5435      0.6543       0.6543    0.5309            1
2022 09 13 30.4369 31.1167 30.7921      0.9057       0.9057    0.5222            1
2022 09 14 30.1775 30.8580 30.5321      0.6485       0.6485    0.5136            1
2022 09 15 30.4382 31.1195 30.7923      0.9115       0.9115    0.5051            1
2022 09 16 30.1670 30.8493 30.5207      0.6427       0.6427    0.4966            1
2022 09 17 30.4393 31.1224 30.7925      0.9173       0.9173    0.4881            1
2022 09 18 30.1565 30.8405 30.5093      0.6369       0.6369    0.4797            1
2022 09 19 30.4403 31.1253 30.7927      0.9231       0.9231    0.4714            1
2022 09 20 30.1460 30.8320 30.4980      0.6312       0.6312    0.4631            1
2022 09 21 30.4411 31.1281 30.7928      0.9288       0.9288    0.4549            1
2022 09 22 30.1355 30.8235 30.4869      0.6256       0.6256    0.4467            1
2022 09 23 30.4417 31.1309 30.7929      0.9344       0.9344    0.4386            1
2022 09 24 30.1249 30.8152 30.4758      0.6201       0.6201    0.4306            1
2022 09 25 30.4422 31.1336 30.7928      0.9399       0.9399    0.4226            1
2022 09 26 30.1143 30.8069 30.4648      0.6146       0.6146    0.4147            1
2022 09 27 30.4425 31.1363 30.7928      0.9454       0.9454    0.4069            1
2022 09 28 30.1039 30.7989 30.4541      0.6094       0.6094    0.3991            1
2022 09 29 30.4425 31.1388 30.7926      0.9506       0.9506    0.3915            1
2022 09 30 30.0935 30.7911 30.4436      0.6043       0.6043    0.3839            1
2022 10 01 30.4422 31.1412 30.7923      0.9557       0.9557    0.3763            1
2022 10 02 30.0833 30.7836 30.4333      0.5994       0.5994    0.3689            1
2022 10 03 30.4418 31.1435 30.7918      0.9606       0.9606    0.3615            1
2022 10 04 30.0731 30.7763 30.4232      0.5947       0.5947    0.3542            1
2022 10 05 30.4410 31.1456 30.7912      0.9653       0.9653    0.3470            1
2022 10 06 30.0633 30.7694 30.4135      0.5903       0.5903    0.3399            1
2022 10 07 30.4399 31.1475 30.7903      0.9697       0.9697    0.3329            1
2022 10 08 30.0535 30.7627 30.4041      0.5861       0.5861    0.3259            1
2022 10 09 30.4386 31.1493 30.7893      0.9739       0.9739    0.3191            1
2022 10 10 30.0441 30.7564 30.3951      0.5822       0.5822    0.3123            1
2022 10 11 30.4369 31.1508 30.7881      0.9778       0.9778    0.3056            1
2022 10 12 30.0349 30.7505 30.3864      0.5786       0.5786    0.2990            1
2022 10 13 30.4348 31.1521 30.7867      0.9814       0.9814    0.2924            1
2022 10 14 30.0259 30.7449 30.3781      0.5753       0.5753    0.2860            1
2022 10 15 30.4325 31.1532 30.7851      0.9847       0.9847    0.2797            1
2022 10 16 30.0174 30.7398 30.3703      0.5724       0.5724    0.2734            1
2022 10 17 30.4297 31.1539 30.7831      0.9876       0.9876    0.2673            1
2022 10 18 30.0091 30.7350 30.3630      0.5698       0.5698    0.2612            1
2022 10 19 30.4266 31.1544 30.7810      0.9902       0.9902    0.2552            1
2022 10 20 30.0013 30.7309 30.3562      0.5677       0.5677    0.2493            1
2022 10 21 30.4230 31.1545 30.7785      0.9923       0.9923    0.2435            1
2022 10 22 29.9938 30.7271 30.3498      0.5659       0.5659    0.2378            1
2022 10 23 30.4191 31.1544 30.7757      0.9941       0.9941    0.2322            1
2022 10 24 29.9867 30.7238 30.3439      0.5645       0.5645    0.2266            1
2022 10 25 30.4148 31.1539 30.7727      0.9955       0.9955    0.2212            1
2022 10 26 29.9801 30.7211 30.3387      0.5636       0.5636    0.2158            1
2022 10 27 30.4100 31.1530 30.7693      0.9964       0.9964    0.2106            1
2022 10 28 29.9739 30.7189 30.3339      0.5631       0.5631    0.2054            1
2022 10 29 30.4049 31.1518 30.7657      0.9969       0.9969    0.2003            1
2022 10 30 29.9681 30.7171 30.3297      0.5630       0.5630    0.1953            1
2022 10 31 30.3993 31.1503 30.7617      0.9970       0.9970    0.1904            1
2022 11 01 29.9629 30.7160 30.3262      0.5634       0.5634    0.1856            1
2022 11 02 30.3933 31.1484 30.7574      0.9966       0.9966    0.1809            1
2022 11 03 29.9582 30.7154 30.3233      0.5643       0.5643    0.1762            1
2022 11 04 30.3869 31.1461 30.7528      0.9957       0.9957    0.1717            1
2022 11 05 29.9541 30.7154 30.3210      0.5657       0.5657    0.1672            1
2022 11 06 30.3799 31.1434 30.7478      0.9943       0.9943    0.1628            1
2022 11 07 29.9504 30.7160 30.3192      0.5675       0.5675    0.1585            1
2022 11 08 30.3727 31.1404 30.7425      0.9925       0.9925    0.1543            1
2022 11 09 29.9473 30.7172 30.3182      0.5699       0.5699    0.1502            1
2022 11 10 30.3648 31.1368 30.7368      0.9901       0.9901    0.1462            1
2022 11 11 29.9448 30.7189 30.3178      0.5727       0.5727    0.1422            1
2022 11 12 30.3567 31.1330 30.7309      0.9873       0.9873    0.1383            1
2022 11 13 29.9427 30.7212 30.3180      0.5760       0.5760    0.1345            1
2022 11 14 30.3481 31.1288 30.7246      0.9840       0.9840    0.1308            1
2022 11 15 29.9413 30.7242 30.3189      0.5798       0.5798    0.1272            1
2022 11 16 30.3391 31.1241 30.7179      0.9802       0.9802    0.1236            1
2022 11 17 29.9404 30.7277 30.3205      0.5841       0.5841    0.1201            1
2022 11 18 30.3297 31.1191 30.7110      0.9759       0.9759    0.1167            1
2022 11 19 29.9402 30.7318 30.3227      0.5889       0.5889    0.1134            1
2022 11 20 30.3199 31.1137 30.7037      0.9711       0.9711    0.1101            1
2022 11 21 29.9404 30.7364 30.3255      0.5941       0.5941    0.1069            1
2022 11 22 30.3097 31.1080 30.6962      0.9659       0.9659    0.1038            1
2022 11 23 29.9412 30.7416 30.3290      0.5998       0.5998    0.1008            1
2022 11 24 30.2992 31.1018 30.6884      0.9602       0.9602    0.0978            1
2022 11 25 29.9426 30.7475 30.3332      0.6060       0.6060    0.0949            1
2022 11 26 30.2883 31.0953 30.6802      0.9540       0.9540    0.0921            1
2022 11 27 29.9446 30.7538 30.3379      0.6126       0.6126    0.0893            1
2022 11 28 30.2771 31.0885 30.6718      0.9474       0.9474    0.0866            1
2022 11 29 29.9471 30.7607 30.3433      0.6197       0.6197    0.0840            1
2022 11 30 30.2655 31.0813 30.6631      0.9403       0.9403    0.0814            1
2022 12 01 29.9501 30.7681 30.3492      0.6271       0.6271    0.0789            1
2022 12 02 30.2537 31.0739 30.6543      0.9329       0.9329    0.0764            1
2022 12 03 29.9537 30.7760 30.3558      0.6350       0.6350    0.0741            1
2022 12 04 30.2416 31.0661 30.6452      0.9250       0.9250    0.0717            1
2022 12 05 29.9577 30.7844 30.3629      0.6432       0.6432    0.0695            1
2022 12 06 30.2293 31.0581 30.6360      0.9168       0.9168    0.0673            1
2022 12 07 29.9623 30.7932 30.3705      0.6518       0.6518    0.0651            1
2022 12 08 30.2167 31.0498 30.6265      0.9082       0.9082    0.0631            1
2022 12 09 29.9674 30.8026 30.3788      0.6608       0.6608    0.0610            1
2022 12 10 30.2039 31.0412 30.6169      0.8992       0.8992    0.0590            1
2022 12 11 29.9728 30.8123 30.3874      0.6700       0.6700    0.0571            1
2022 12 12 30.1910 31.0325 30.6072      0.8900       0.8900    0.0553            1
2022 12 13 29.9788 30.8224 30.3967      0.6796       0.6796    0.0534            1
2022 12 14 30.1779 31.0236 30.5974      0.8804       0.8804    0.0517            1
2022 12 15 29.9852 30.8329 30.4063      0.6894       0.6894    0.0499            1
2022 12 16 30.1647 31.0145 30.5875      0.8706       0.8706    0.0483            1
2022 12 17 29.9920 30.8438 30.4164      0.6995       0.6995    0.0466            1
2022 12 18 30.1514 31.0052 30.5775      0.8605       0.8605    0.0451            1
2022 12 19 29.9991 30.8550 30.4270      0.7098       0.7098    0.0435            1
2022 12 20 30.1380 30.9958 30.5675      0.8502       0.8502    0.0420            1
2022 12 21 30.0066 30.8663 30.4378      0.7202       0.7202    0.0406            1
2022 12 22 30.1248 30.9865 30.5576      0.8398       0.8398    0.0392            1
2022 12 23 30.0145 30.8781 30.4491      0.7309       0.7309    0.0378            1
2022 12 24 30.1114 30.9769 30.5476      0.8291       0.8291    0.0365            1
2022 12 25 30.0227 30.8901 30.4607      0.7417       0.7417    0.0352            1
2022 12 26 30.0980 30.9673 30.5377      0.8183       0.8183    0.0340            1
2022 12 27 30.0310 30.9021 30.4724      0.7525       0.7525    0.0328            1
2022 12 28 30.0849 30.9578 30.5280      0.8075       0.8075    0.0316            1
2022 12 29 30.0398 30.9145 30.4846      0.7635       0.7635    0.0305            1
2022 12 30 30.0717 30.9482 30.5183      0.7965       0.7965    0.0000            1
2022 12 31 30.0542 30.9325 30.5025      0.7800       0.7800    0.0000            1
2023 01 01 30.0632 30.9432 30.5132      0.7900       0.7900    0.0709            1
2023 01 02 30.0623 30.9440 30.5140      0.7900       0.7900    0.0731            1
2023 01 03 30.0724 30.9558 30.5259      0.8010       0.8010    0.0754            1
2023 01 04 30.0496 30.9346 30.5047      0.7790       0.7790    0.0778            1
2023 01 05 30.0818 30.9685 30.5387      0.8120       0.8120    0.0802            1
2023 01 06 30.0371 30.9254 30.4957      0.7680       0.7680    0.0827            1
2023 01 07 30.0913 30.9811 30.5516      0.8229       0.8229    0.0852            1
2023 01 08 30.0248 30.9163 30.4868      0.7571       0.7571    0.0878            1
2023 01 09 30.1008 30.9938 30.5646      0.8337       0.8337    0.0905            1
2023 01 10 30.0129 30.9074 30.4783      0.7463       0.7463    0.0932            1
2023 01 11 30.1106 31.0065 30.5777      0.8445       0.8445    0.0960            1
2023 01 12 30.0011 30.8985 30.4700      0.7355       0.7355    0.0989            1
2023 01 13 30.1202 31.0190 30.5907      0.8550       0.8550    0.1018            1
2023 01 14 29.9899 30.8901 30.4621      0.7250       0.7250    0.1048            1
2023 01 15 30.1300 31.0315 30.6038      0.8654       0.8654    0.1079            1
2023 01 16 29.9789 30.8818 30.4545      0.7146       0.7146    0.1110            1
2023 01 17 30.1397 31.0439 30.6169      0.8756       0.8756    0.1142            1
2023 01 18 29.9684 30.8738 30.4472      0.7044       0.7044    0.1175            1
2023 01 19 30.1493 31.0560 30.6298      0.8855       0.8855    0.1208            1
2023 01 20 29.9583 30.8662 30.4404      0.6945       0.6945    0.1242            1
2023 01 21 30.1590 31.0680 30.6427      0.8952       0.8952    0.1277            1
2023 01 22 29.9486 30.8588 30.4340      0.6848       0.6848    0.1313            1
2023 01 23 30.1685 31.0798 30.6555      0.9046       0.9046    0.1349            1
2023 01 24 29.9394 30.8518 30.4280      0.6754       0.6754    0.1386            1
2023 01 25 30.1779 31.0913 30.6681      0.9137       0.9137    0.1424            1
2023 01 26 29.9308 30.8452 30.4225      0.6663       0.6663    0.1463            1
2023 01 27 30.1872 31.1026 30.6805      0.9225       0.9225    0.1502            1
2023 01 28 29.9226 30.8389 30.4174      0.6575       0.6575    0.1542            1
2023 01 29 30.1964 31.1136 30.6927      0.9309       0.9309    0.1583            1
2023 01 30 29.9150 30.8331 30.4129      0.6491       0.6491    0.1625            1
2023 01 31 30.2054 31.1243 30.7047      0.9390       0.9390    0.1667            1
2023 02 01 29.9079 30.8276 30.4088      0.6410       0.6410    0.1710            1
2023 02 02 30.2142 31.1347 30.7165      0.9467       0.9467    0.1754            1
2023 02 03 29.9014 30.8226 30.4052      0.6333       0.6333    0.1799            1
2023 02 04 30.2227 31.1446 30.7279      0.9539       0.9539    0.1845            1
2023 02 05 29.8956 30.8182 30.4022      0.6261       0.6261    0.1891            1
2023 02 06 30.2309 31.1541 30.7390      0.9607       0.9607    0.1939            1
2023 02 07 29.8903 30.8141 30.3998      0.6193       0.6193    0.1987            1
2023 02 08 30.2390 31.1633 30.7499      0.9671       0.9671    0.2036            1
2023 02 09 29.8857 30.8106 30.3979      0.6129       0.6129    0.2085            1
2023 02 10 30.2469 31.1722 30.7604      0.9731       0.9731    0.2136            1
2023 02 11 29.8817 30.8074 30.3965      0.6069       0.6069    0.2187            1
2023 02 12 30.2543 31.1805 30.7705      0.9785       0.9785    0.2239            1
2023 02 13 29.8784 30.8049 30.3958      0.6015       0.6015    0.2292            1
2023 02 14 30.2616 31.1885 30.7803      0.9836       0.9836    0.2346            1
2023 02 15 29.8756 30.8027 30.3956      0.5964       0.5964    0.2400            1
2023 02 16 30.2685 31.1959 30.7897      0.9881       0.9881    0.2456            1
2023 02 17 29.8736 30.8012 30.3960      0.5919       0.5919    0.2512            1
2023 02 18 30.2751 31.2029 30.7987      0.9921       0.9921    0.2569            1
2023 02 19 29.8723 30.8002 30.3970      0.5879       0.5879    0.2627            1
2023 02 20 30.2815 31.2095 30.8073      0.9957       0.9957    0.2685            1
2023 02 21 29.8715 30.7996 30.3985      0.5843       0.5843    0.2745            1
2023 02 22 30.2875 31.2156 30.8155      0.9988       0.9988    0.2805            1
2023 02 23 29.8714 30.7995 30.4005      0.5812       0.5812    0.2866            1
2023 02 24 30.2932 31.2212 30.8233      1.0014       1.0014    0.2927            1
2023 02 25 29.8720 30.7999 30.4032      0.5786       0.5786    0.2990            1
2023 02 26 30.2984 31.2262 30.8306      1.0034       1.0034    0.3053            1
2023 02 27 29.8733 30.8009 30.4065      0.5766       0.5766    0.3117            1
2023 02 28 30.3036 31.2310 30.8376      1.0051       1.0051    0.3182            1
2023 03 01 29.8751 30.8023 30.4101      0.5749       0.5749    0.3247            1
2023 03 02 30.3082 31.2351 30.8441      1.0062       1.0062    0.3313            1
2023 03 03 29.8777 30.8042 30.4144      0.5738       0.5738    0.3380            1
2023 03 04 30.3125 31.2387 30.8501      1.0068       1.0068    0.3448            1
2023 03 05 29.8809 30.8067 30.4193      0.5732       0.5732    0.3516            1
2023 03 06 30.3166 31.2420 30.8558      1.0070       1.0070    0.3585            1
2023 03 07 29.8846 30.8095 30.4246      0.5730       0.5730    0.3654            1
2023 03 08 30.3203 31.2447 30.8610      1.0067       1.0067    0.3725            1
2023 03 09 29.8890 30.8128 30.4304      0.5733       0.5733    0.3796            1
2023 03 10 30.3238 31.2470 30.8659      1.0060       1.0060    0.3867            1
2023 03 11 29.8939 30.8165 30.4366      0.5740       0.5740    0.3939            1
2023 03 12 30.3269 31.2489 30.8703      1.0049       1.0049    0.4012            1
2023 03 13 29.8993 30.8206 30.4433      0.5751       0.5751    0.4085            1
2023 03 14 30.3298 31.2503 30.8743      1.0033       1.0033    0.4159            1
2023 03 15 29.9054 30.8252 30.4505      0.5767       0.5767    0.4234            1
2023 03 16 30.3323 31.2513 30.8779      1.0013       1.0013    0.4309            1
2023 03 17 29.9120 30.8302 30.4581      0.5787       0.5787    0.4384            1
2023 03 18 30.3345 31.2519 30.8811      0.9989       0.9989    0.4460            1
2023 03 19 29.9191 30.8355 30.4661      0.5811       0.5811    0.4536            1
2023 03 20 30.3366 31.2521 30.8840      0.9962       0.9962    0.4613            1
2023 03 21 29.9266 30.8411 30.4744      0.5838       0.5838    0.4690            1
2023 03 22 30.3383 31.2519 30.8865      0.9931       0.9931    0.4768            1
2023 03 23 29.9346 30.8471 30.4831      0.5869       0.5869    0.4846            1
2023 03 24 30.3398 31.2512 30.8885      0.9896       0.9896    0.4925            1
2023 03 25 29.9431 30.8534 30.4921      0.5904       0.5904    0.5003            1
2023 03 26 30.3412 31.2503 30.8904      0.9859       0.9859    0.5082            1
2023 03 27 29.9519 30.8599 30.5013      0.5941       0.5941    0.5162            1
2023 03 28 30.3422 31.2490 30.8918      0.9818       0.9818    0.5241            1
2023 03 29 29.9612 30.8668 30.5109      0.5982       0.5982    0.5321            1
2023 03 30 30.3431 31.2474 30.8930      0.9775       0.9775    0.5401            1
2023 03 31 29.9708 30.8738 30.5207      0.6025       0.6025    0.5481            1
2023 04 01 30.3439 31.2456 30.8939      0.9730       0.9730    0.5561            1
2023 04 02 29.9806 30.8809 30.5306      0.6070       0.6070    0.5642            1
2023 04 03 30.3445 31.2434 30.8945      0.9682       0.9682    0.5722            1
2023 04 04 29.9908 30.8883 30.5407      0.6118       0.6118    0.5803            1
2023 04 05 30.3449 31.2410 30.8948      0.9632       0.9632    0.5883            1
2023 04 06 30.0013 30.8959 30.5510      0.6168       0.6168    0.5964            1
2023 04 07 30.3452 31.2383 30.8949      0.9580       0.9580    0.6044            1
2023 04 08 30.0120 30.9036 30.5615      0.6220       0.6220    0.6125            1
2023 04 09 30.3454 31.2355 30.8948      0.9527       0.9527    0.6205            1
2023 04 10 30.0228 30.9113 30.5719      0.6273       0.6273    0.6286            1
2023 04 11 30.3455 31.2324 30.8944      0.9472       0.9472    0.6366            1
2023 04 12 30.0339 30.9192 30.5825      0.6328       0.6328    0.6446            1
2023 04 13 30.3455 31.2291 30.8938      0.9416       0.9416    0.6525            1
2023 04 14 30.0452 30.9271 30.5931      0.6384       0.6384    0.6605            1
2023 04 15 30.3455 31.2257 30.8931      0.9359       0.9359    0.6684            1
2023 04 16 30.0565 30.9350 30.6037      0.6441       0.6441    0.6763            1
2023 04 17 30.3455 31.2222 30.8923      0.9302       0.9302    0.6841            1
2023 04 18 30.0679 30.9428 30.6143      0.6498       0.6498    0.6920            1
2023 04 19 30.3454 31.2185 30.8912      0.9244       0.9244    0.6997            1
2023 04 20 30.0794 30.9507 30.6248      0.6556       0.6556    0.7074            1
2023 04 21 30.3453 31.2147 30.8901      0.9186       0.9186    0.7151            1
2023 04 22 30.0909 30.9585 30.6352      0.6614       0.6614    0.7227            1
2023 04 23 30.3452 31.2109 30.8888      0.9128       0.9128    0.7303            1
2023 04 24 30.1024 30.9662 30.6455      0.6672       0.6672    0.7378            1
2023 04 25 30.3451 31.2069 30.8875      0.9070       0.9070    0.7453            1
2023 04 26 30.1139 30.9739 30.6557      0.6730       0.6730    0.7526            1
2023 04 27 30.3449 31.2029 30.8860      0.9012       0.9012    0.7600            1
2023 04 28 30.1254 30.9814 30.6657      0.6788       0.6788    0.7672            1
2023 04 29 30.3449 31.1989 30.8845      0.8955       0.8955    0.7743            1
2023 04 30 30.1367 30.9888 30.6755      0.6845       0.6845    0.7814            1
2023 05 01 30.3450 31.1950 30.8830      0.8899       0.8899    0.7884            1
2023 05 02 30.1480 30.9959 30.6851      0.6901       0.6901    0.7953            1
2023 05 03 30.3450 31.1909 30.8813      0.8843       0.8843    0.8022            1
2023 05 04 30.1592 31.0030 30.6946      0.6957       0.6957    0.8089            1
2023 05 05 30.3452 31.1869 30.8797      0.8789       0.8789    0.8155            1
2023 05 06 30.1701 31.0098 30.7037      0.7011       0.7011    0.8220            1
2023 05 07 30.3454 31.1830 30.8780      0.8736       0.8736    0.8285            1
2023 05 08 30.1809 31.0164 30.7126      0.7064       0.7064    0.8348            1
2023 05 09 30.3457 31.1790 30.8763      0.8684       0.8684    0.8410            1
2023 05 10 30.1916 31.0228 30.7212      0.7116       0.7116    0.8471            1
2023 05 11 30.3461 31.1752 30.8747      0.8634       0.8634    0.8531            1
2023 05 12 30.2020 31.0289 30.7295      0.7166       0.7166    0.8589            1
2023 05 13 30.3466 31.1713 30.8730      0.8585       0.8585    0.8647            1
2023 05 14 30.2122 31.0348 30.7375      0.7215       0.7215    0.8703            1
2023 05 15 30.3472 31.1676 30.8713      0.8538       0.8538    0.8758            1
2023 05 16 30.2222 31.0404 30.7451      0.7262       0.7262    0.8811            1
2023 05 17 30.3478 31.1639 30.8696      0.8492       0.8492    0.8864            1
2023 05 18 30.2320 31.0458 30.7525      0.7308       0.7308    0.8915            1
2023 05 19 30.3485 31.1602 30.8679      0.8448       0.8448    0.8964            1
2023 05 20 30.2415 31.0509 30.7595      0.7352       0.7352    0.9012            1
2023 05 21 30.3495 31.1568 30.8663      0.8407       0.8407    0.9059            1
2023 05 22 30.2506 31.0557 30.7661      0.7393       0.7393    0.9104            1
2023 05 23 30.3504 31.1533 30.8646      0.8367       0.8367    0.9148            1
2023 05 24 30.2595 31.0602 30.7724      0.7433       0.7433    0.9190            1
2023 05 25 30.3514 31.1499 30.8629      0.8328       0.8328    0.9230            1
2023 05 26 30.2682 31.0644 30.7783      0.7472       0.7472    0.9269            1
2023 05 27 30.3525 31.1466 30.8613      0.8292       0.8292    0.9307            1
2023 05 28 30.2765 31.0683 30.7839      0.7508       0.7508    0.9343            1
2023 05 29 30.3538 31.1434 30.8597      0.8258       0.8258    0.9377            1
2023 05 30 30.2845 31.0719 30.7890      0.7542       0.7542    0.9410            1
2023 05 31 30.3551 31.1404 30.8582      0.8226       0.8226    0.9441            1
2023 06 01 30.2921 31.0752 30.7937      0.7574       0.7574    0.9470            1
2023 06 02 30.3564 31.1373 30.8565      0.8195       0.8195    0.9497            1
2023 06 03 30.2996 31.0783 30.7982      0.7605       0.7605    0.9523            1
2023 06 04 30.3578 31.1343 30.8549      0.8166       0.8166    0.9547            1
2023 06 05 30.3067 31.0811 30.8023      0.7634       0.7634    0.9570            1
2023 06 06 30.3592 31.1315 30.8533      0.8139       0.8139    0.9590            1
2023 06 07 30.3134 31.0835 30.8059      0.7661       0.7661    0.9609            1
2023 06 08 30.3607 31.1287 30.8517      0.8114       0.8114    0.9627            1
2023 06 09 30.3199 31.0857 30.8092      0.7686       0.7686    0.9642            1
2023 06 10 30.3622 31.1259 30.8500      0.8090       0.8090    0.9656            1
2023 06 11 30.3261 31.0877 30.8122      0.7710       0.7710    0.9667            1
2023 06 12 30.3637 31.1232 30.8483      0.8068       0.8068    0.9677            1
2023 06 13 30.3319 31.0893 30.8148      0.7732       0.7732    0.9685            1
2023 06 14 30.3652 31.1205 30.8465      0.8047       0.8047    0.9692            1
2023 06 15 30.3375 31.0908 30.8172      0.7753       0.7753    0.9696            1
2023 06 16 30.3667 31.1179 30.8447      0.8028       0.8028    0.9699            1
2023 06 17 30.3427 31.0919 30.8191      0.7772       0.7772    0.9700            1
2023 06 18 30.3681 31.1153 30.8428      0.8010       0.8010    0.9699            1
2023 06 19 30.3477 31.0929 30.8207      0.7790       0.7790    0.9696            1
2023 06 20 30.3694 31.1126 30.8408      0.7992       0.7992    0.9692            1
2023 06 21 30.3525 31.0937 30.8222      0.7808       0.7808    0.9685            1
2023 06 22 30.3707 31.1100 30.8387      0.7976       0.7976    0.9677            1
2023 06 23 30.3569 31.0943 30.8232      0.7824       0.7824    0.9667            1
2023 06 24 30.3720 31.1074 30.8366      0.7961       0.7961    0.9656            1
2023 06 25 30.3611 31.0946 30.8240      0.7839       0.7839    0.9642            1
2023 06 26 30.3731 31.1047 30.8342      0.7946       0.7946    0.9627            1
2023 06 27 30.3651 31.0949 30.8245      0.7854       0.7854    0.9609            1
2023 06 28 30.3739 31.1019 30.8317      0.7931       0.7931    0.9590            1
2023 06 29 30.3689 31.0950 30.8249      0.7869       0.7869    0.9570            1
2023 06 30 30.3748 31.0991 30.8291      0.7917       0.7917    0.9547            1
2023 07 01 30.3724 31.0950 30.8250      0.7883       0.7883    0.9523            1
2023 07 02 30.3754 31.0963 30.8263      0.7903       0.7903    0.9497            1
2023 07 03 30.3758 31.0949 30.8249      0.7897       0.7897    0.9470            1
2023 07 04 30.3760 31.0934 30.8234      0.7890       0.7890    0.9441            1
2023 07 05 30.3788 31.0946 30.8245      0.7910       0.7910    0.9410            1
2023 07 06 30.3762 31.0903 30.8202      0.7876       0.7876    0.9377            1
2023 07 07 30.3818 31.0943 30.8240      0.7924       0.7924    0.9343            1
2023 07 08 30.3763 31.0872 30.8168      0.7862       0.7862    0.9307            1
2023 07 09 30.3846 31.0939 30.8234      0.7938       0.7938    0.9269            1
2023 07 10 30.3761 31.0839 30.8132      0.7847       0.7847    0.9230            1
2023 07 11 30.3873 31.0935 30.8227      0.7953       0.7953    0.9190            1
2023 07 12 30.3757 31.0805 30.8094      0.7832       0.7832    0.9148            1
2023 07 13 30.3898 31.0931 30.8218      0.7968       0.7968    0.9104            1
2023 07 14 30.3750 31.0769 30.8053      0.7816       0.7816    0.9059            1
2023 07 15 30.3922 31.0926 30.8208      0.7984       0.7984    0.9012            1
2023 07 16 30.3740 31.0731 30.8010      0.7799       0.7799    0.8964            1
2023 07 17 30.3945 31.0922 30.8198      0.8001       0.8001    0.8915            1
2023 07 18 30.3727 31.0692 30.7963      0.7781       0.7781    0.8864            1
2023 07 19 30.3967 31.0919 30.8187      0.8019       0.8019    0.8811            1
2023 07 20 30.3712 31.0651 30.7915      0.7763       0.7763    0.8758            1
2023 07 21 30.3987 31.0914 30.8174      0.8037       0.8037    0.8703            1
2023 07 22 30.3692 31.0608 30.7863      0.7742       0.7742    0.8647            1
2023 07 23 30.4008 31.0912 30.8163      0.8058       0.8058    0.8589            1
2023 07 24 30.3671 31.0563 30.7809      0.7721       0.7721    0.8531            1
2023 07 25 30.4027 31.0909 30.8150      0.8079       0.8079    0.8471            1
2023 07 26 30.3645 31.0516 30.7751      0.7698       0.7698    0.8410            1
2023 07 27 30.4047 31.0907 30.8137      0.8102       0.8102    0.8348            1
2023 07 28 30.3616 31.0467 30.7691      0.7674       0.7674    0.8285            1
2023 07 29 30.4065 31.0906 30.8124      0.8126       0.8126    0.8220            1
2023 07 30 30.3582 31.0415 30.7627      0.7647       0.7647    0.8155            1
2023 07 31 30.4084 31.0908 30.8113      0.8153       0.8153    0.8089            1
2023 08 01 30.3547 31.0362 30.7561      0.7620       0.7620    0.8022            1
2023 08 02 30.4102 31.0908 30.8101      0.8180       0.8180    0.7953            1
2023 08 03 30.3506 31.0305 30.7490      0.7590       0.7590    0.7884            1
2023 08 04 30.4120 31.0912 30.8090      0.8210       0.8210    0.7814            1
2023 08 05 30.3462 31.0246 30.7417      0.7558       0.7558    0.7743            1
2023 08 06 30.4139 31.0916 30.8079      0.8242       0.8242    0.7672            1
2023 08 07 30.3415 31.0186 30.7341      0.7525       0.7525    0.7600            1
2023 08 08 30.4157 31.0922 30.8069      0.8275       0.8275    0.7526            1
2023 08 09 30.3363 31.0123 30.7262      0.7490       0.7490    0.7453            1
2023 08 10 30.4174 31.0929 30.8059      0.8310       0.8310    0.7378            1
2023 08 11 30.3308 31.0057 30.7179      0.7453       0.7453    0.7303            1
2023 08 12 30.4192 31.0937 30.8050      0.8347       0.8347    0.7227            1
2023 08 13 30.3249 30.9990 30.7094      0.7414       0.7414    0.7151            1
2023 08 14 30.4211 31.0947 30.8042      0.8386       0.8386    0.7074            1
2023 08 15 30.3186 30.9920 30.7006      0.7373       0.7373    0.6997            1
2023 08 16 30.4229 31.0959 30.8036      0.8427       0.8427    0.6920            1
2023 08 17 30.3120 30.9847 30.6914      0.7330       0.7330    0.6841            1
2023 08 18 30.4247 31.0973 30.8030      0.8470       0.8470    0.6763            1
2023 08 19 30.3049 30.9773 30.6820      0.7285       0.7285    0.6684            1
2023 08 20 30.4266 31.0988 30.8025      0.8515       0.8515    0.6605            1
2023 08 21 30.2976 30.9697 30.6724      0.7239       0.7239    0.6525            1
2023 08 22 30.4284 31.1004 30.8020      0.8561       0.8561    0.6446            1
2023 08 23 30.2899 30.9619 30.6625      0.7191       0.7191    0.6366            1
2023 08 24 30.4302 31.1022 30.8017      0.8609       0.8609    0.6286            1
2023 08 25 30.2819 30.9539 30.6523      0.7141       0.7141    0.6205            1
2023 08 26 30.4321 31.1042 30.8015      0.8659       0.8659    0.6125            1
2023 08 27 30.2736 30.9457 30.6419      0.7090       0.7090    0.6044            1
2023 08 28 30.4339 31.1062 30.8013      0.8710       0.8710    0.5964            1
2023 08 29 30.2650 30.9375 30.6314      0.7038       0.7038    0.5883            1
2023 08 30 30.4357 31.1084 30.8011      0.8762       0.8762    0.5803            1
2023 08 31 30.2561 30.9291 30.6206      0.6984       0.6984    0.5722            1
2023 09 01 30.4375 31.1107 30.8011      0.8816       0.8816    0.5642            1
2023 09 02 30.2469 30.9205 30.6097      0.6929       0.6929    0.5561            1
2023 09 03 30.4392 31.1132 30.8012      0.8871       0.8871    0.5481            1
2023 09 04 30.2375 30.9119 30.5987      0.6873       0.6873    0.5401            1
2023 09 05 30.4409 31.1158 30.8013      0.8927       0.8927    0.5321            1
2023 09 06 30.2278 30.9031 30.5875      0.6816       0.6816    0.5241            1
2023 09 07 30.4426 31.1184 30.8015      0.8984       0.8984    0.5162            1
2023 09 08 30.2180 30.8944 30.5762      0.6759       0.6759    0.5082            1
2023 09 09 30.4441 31.1211 30.8016      0.9041       0.9041    0.5003            1
2023 09 10 30.2079 30.8856 30.5649      0.6701       0.6701    0.4925            1
2023 09 11 30.4456 31.1239 30.8019      0.9099       0.9099    0.4846            1
2023 09 12 30.1978 30.8768 30.5535      0.6643       0.6643    0.4768            1
2023 09 13 30.4469 31.1267 30.8021      0.9157       0.9157    0.4690            1
2023 09 14 30.1875 30.8680 30.5421      0.6585       0.6585    0.4613            1
2023 09 15 30.4482 31.1295 30.8023      0.9215       0.9215    0.4536            1
2023 09 16 30.1770 30.8593 30.5307      0.6527       0.6527    0.4460            1
2023 09 17 30.4493 31.1324 30.8025      0.9273       0.9273    0.4384            1
2023 09 18 30.1665 30.8505 30.5193      0.6469       0.6469    0.4309            1
2023 09 19 30.4503 31.1353 30.8027      0.9331       0.9331    0.4234            1
2023 09 20 30.1560 30.8420 30.5080      0.6412       0.6412    0.4159            1
2023 09 21 30.4511 31.1381 30.8028      0.9388       0.9388    0.4085            1
2023 09 22 30.1455 30.8335 30.4969      0.6356       0.6356    0.4012            1
2023 09 23 30.4517 31.1409 30.8029      0.9444       0.9444    0.3939            1
2023 09 24 30.1349 30.8252 30.4858      0.6301       0.6301    0.3867            1
2023 09 25 30.4522 31.1436 30.8028      0.9499       0.9499    0.3796            1
2023 09 26 30.1243 30.8169 30.4748      0.6246       0.6246    0.3725            1
2023 09 27 30.4525 31.1463 30.8028      0.9554       0.9554    0.3654            1
2023 09 28 30.1139 30.8089 30.4641      0.6194       0.6194    0.3585            1
2023 09 29 30.4525 31.1488 30.8026      0.9606       0.9606    0.3516            1
2023 09 30 30.1035 30.8011 30.4536      0.6143       0.6143    0.3448            1
2023 10 01 30.4522 31.1512 30.8023      0.9657       0.9657    0.3380            1
2023 10 02 30.0933 30.7936 30.4433      0.6094       0.6094    0.3313            1
2023 10 03 30.4518 31.1535 30.8018      0.9706       0.9706    0.3247            1
2023 10 04 30.0831 30.7863 30.4332      0.6047       0.6047    0.3182            1
2023 10 05 30.4510 31.1556 30.8012      0.9753       0.9753    0.3117            1
2023 10 06 30.0733 30.7794 30.4235      0.6003       0.6003    0.3053            1
2023 10 07 30.4499 31.1575 30.8003      0.9797       0.9797    0.2990            1
2023 10 08 30.0635 30.7727 30.4141      0.5961       0.5961    0.2927            1
2023 10 09 30.4486 31.1593 30.7993      0.9839       0.9839    0.2866            1
2023 10 10 30.0541 30.7664 30.4051      0.5922       0.5922    0.2805            1
2023 10 11 30.4469 31.1608 30.7981      0.9878       0.9878    0.2745            1
2023 10 12 30.0449 30.7605 30.3964      0.5886       0.5886    0.2685            1
2023 10 13 30.4448 31.1621 30.7967      0.9914       0.9914    0.2627            1
2023 10 14 30.0359 30.7549 30.3881      0.5853       0.5853    0.2569            1
2023 10 15 30.4425 31.1632 30.7951      0.9947       0.9947    0.2512            1
2023 10 16 30.0274 30.7498 30.3803      0.5824       0.5824    0.2456            1
2023 10 17 30.4397 31.1639 30.7931      0.9976       0.9976    0.2400            1
2023 10 18 30.0191 30.7450 30.3730      0.5798       0.5798    0.2346            1
2023 10 19 30.4366 31.1644 30.7910      1.0002       1.0002    0.2292            1
2023 10 20 30.0113 30.7409 30.3662      0.5777       0.5777    0.2239            1
2023 10 21 30.4330 31.1645 30.7885      1.0023       1.0023    0.2187            1
2023 10 22 30.0038 30.7371 30.3598      0.5759       0.5759    0.2136            1
2023 10 23 30.4291 31.1644 30.7857      1.0041       1.0041    0.2085            1
2023 10 24 29.9967 30.7338 30.3539      0.5745       0.5745    0.2036            1
2023 10 25 30.4248 31.1639 30.7827      1.0055       1.0055    0.1987            1
2023 10 26 29.9901 30.7311 30.3487      0.5736       0.5736    0.1939            1
2023 10 27 30.4200 31.1630 30.7793      1.0064       1.0064    0.1891            1
2023 10 28 29.9839 30.7289 30.3439      0.5731       0.5731    0.1845            1
2023 10 29 30.4149 31.1618 30.7757      1.0069       1.0069    0.1799            1
2023 10 30 29.9781 30.7271 30.3397      0.5730       0.5730    0.1754            1
2023 10 31 30.4093 31.1603 30.7717      1.0070       1.0070    0.1710            1
2023 11 01 29.9729 30.7260 30.3362      0.5734       0.5734    0.1667            1
2023 11 02 30.4033 31.1584 30.7674      1.0066       1.0066    0.1625            1
2023 11 03 29.9682 30.7254 30.3333      0.5743       0.5743    0.1583            1
2023 11 04 30.3969 31.1561 30.7628      1.0057       1.0057    0.1542            1
2023 11 05 29.9641 30.7254 30.3310      0.5757       0.5757    0.1502            1
2023 11 06 30.3899 31.1534 30.7578      1.0043       1.0043    0.1463            1
2023 11 07 29.9604 30.7260 30.3292      0.5775       0.5775    0.1424            1
2023 11 08 30.3827 31.1504 30.7525      1.0025       1.0025    0.1386            1
2023 11 09 29.9573 30.7272 30.3282      0.5799       0.5799    0.1349            1
2023 11 10 30.3748 31.1468 30.7468      1.0001       1.0001    0.1313            1
2023 11 11 29.9548 30.7289 30.3278      0.5827       0.5827    0.1277            1
2023 11 12 30.3667 31.1430 30.7409      0.9973       0.9973    0.1242            1
2023 11 13 29.9527 30.7312 30.3280      0.5860       0.5860    0.1208            1
2023 11 14 30.3581 31.1388 30.7346      0.9940       0.9940    0.1175            1
2023 11 15 29.9513 30.7342 30.3289      0.5898       0.5898    0.1142            1
2023 11 16 30.3491 31.1341 30.7279      0.9902       0.9902    0.1110            1
2023 11 17 29.9504 30.7377 30.3305      0.5941       0.5941    0.1079            1
2023 11 18 30.3397 31.1291 30.7210      0.9859       0.9859    0.1048            1
2023 11 19 29.9502 30.7418 30.3327      0.5989       0.5989    0.1018            1
2023 11 20 30.3299 31.1237 30.7137      0.9811       0.9811    0.0989            1
2023 11 21 29.9504 30.7464 30.3355      0.6041       0.6041    0.0960            1
2023 11 22 30.3197 31.1180 30.7062      0.9759       0.9759    0.0932            1
2023 11 23 29.9512 30.7516 30.3390      0.6098       0.6098    0.0905            1
2023 11 24 30.3092 31.1118 30.6984      0.9702       0.9702    0.0878            1
2023 11 25 29.9526 30.7575 30.3432      0.6160       0.6160    0.0852            1
2023 11 26 30.2983 31.1053 30.6902      0.9640       0.9640    0.0827            1
2023 11 27 29.9546 30.7638 30.3479      0.6226       0.6226    0.0802            1
2023 11 28 30.2871 31.0985 30.6818      0.9574       0.9574    0.0778            1
2023 11 29 29.9571 30.7707 30.3533      0.6297       0.6297    0.0754            1
2023 11 30 30.2755 31.0913 30.6731      0.9503       0.9503    0.0731            1
2023 12 01 29.9601 30.7781 30.3592      0.6371       0.6371    0.0709            1
2023 12 02 30.2637 31.0839 30.6643      0.9429       0.9429    0.0687            1
2023 12 03 29.9637 30.7860 30.3658      0.6450       0.6450    0.0665            1
2023 12 04 30.2516 31.0761 30.6552      0.9350       0.9350    0.0644            1
2023 12 05 29.9677 30.7944 30.3729      0.6532       0.6532    0.0624            1
2023 12 06 30.2393 31.0681 30.6460      0.9268       0.9268    0.0604            1
2023 12 07 29.9723 30.8032 30.3805      0.6618       0.6618    0.0585            1
2023 12 08 30.2267 31.0598 30.6365      0.9182       0.9182    0.0566            1
2023 12 09 29.9774 30.8126 30.3888      0.6708       0.6708    0.0548            1
2023 12 10 30.2139 31.0512 30.6269      0.9092       0.9092    0.0530            1
2023 12 11 29.9828 30.8223 30.3974      0.6800       0.6800    0.0513            1
2023 12 12 30.2010 31.0425 30.6172      0.9000       0.9000    0.0496            1
2023 12 13 29.9888 30.8324 30.4067      0.6896       0.6896    0.0480            1
2023 12 14 30.1879 31.0336 30.6074      0.8904       0.8904    0.0464            1
2023 12 15 29.9952 30.8429 30.4163      0.6994       0.6994    0.0449            1
2023 12 16 30.1747 31.0245 30.5975      0.8806       0.8806    0.0434            1
2023 12 17 30.0020 30.8538 30.4264      0.7095       0.7095    0.0419            1
2023 12 18 30.1614 31.0152 30.5875      0.8705       0.8705    0.0405            1
2023 12 19 30.0091 30.8650 30.4370      0.7198       0.7198    0.0391            1
2023 12 20 30.1480 31.0058 30.5775      0.8602       0.8602    0.0378            1
2023 12 21 30.0166 30.8763 30.4478      0.7302       0.7302    0.0365            1
2023 12 22 30.1348 30.9965 30.5676      0.8498       0.8498    0.0352            1
2023 12 23 30.0245 30.8881 30.4591      0.7409       0.7409    0.0340            1
2023 12 24 30.1214 30.9869 30.5576      0.8391       0.8391    0.0328            1
2023 12 25 30.0327 30.9001 30.4707      0.7517       0.7517    0.0316            1
2023 12 26 30.1080 30.9773 30.5477      0.8283       0.8283    0.0305            1
2023 12 27 30.0410 30.9121 30.4824      0.7625       0.7625    0.0000            1
2023 12 28 30.0949 30.9678 30.5380      0.8175       0.8175    0.0000            1
2023 12 29 30.0498 30.9245 30.4946      0.7735       0.7735    0.0000            1
2023 12 30 30.0817 30.9582 30.5283      0.8065       0.8065    0.0000            1
2023 12 31 30.0642 30.9425 30.5125      0.7900       0.7900    0.0000            1
2024 01 01 30.0334 30.9134 30.4834      0.7600       0.7600    0.0722            1
2024 01 02 30.0325 30.9142 30.4842      0.7600       0.7600    0.0745            1
2024 01 03 30.0426 30.9260 30.4960      0.7710       0.7710    0.0769            1
2024 01 04 30.0198 30.9048 30.4749      0.7490       0.7490    0.0793            1
2024 01 05 30.0519 30.9386 30.5088      0.7819       0.7819    0.0818            1
2024 01 06 30.0074 30.8956 30.4659      0.7381       0.7381    0.0843            1
2024 01 07 30.0614 30.9512 30.5217      0.7928       0.7928    0.0869            1
2024 01 08 29.9952 30.8866 30.4571      0.7272       0.7272    0.0896            1
2024 01 09 30.0710 30.9639 30.5347      0.8036       0.8036    0.0924            1
2024 01 10 29.9832 30.8777 30.4486      0.7164       0.7164    0.0952            1
2024 01 11 30.0806 30.9766 30.5477      0.8143       0.8143    0.0980            1
2024 01 12 29.9716 30.8690 30.4404      0.7057       0.7057    0.1010            1
2024 01 13 30.0904 30.9892 30.5609      0.8249       0.8249    0.1040            1
2024 01 14 29.9603 30.8604 30.4324      0.6951       0.6951    0.1071            1
2024 01 15 30.1001 31.0016 30.5739      0.8352       0.8352    0.1102            1
2024 01 16 29.9494 30.8522 30.4249      0.6848       0.6848    0.1134            1
2024 01 17 30.1098 31.0139 30.5869      0.8454       0.8454    0.1167            1
2024 01 18 29.9389 30.8443 30.4176      0.6746       0.6746    0.1201            1
2024 01 19 30.1195 31.0261 30.5999      0.8553       0.8553    0.1235            1
2024 01 20 29.9288 30.8366 30.4109      0.6647       0.6647    0.1270            1
2024 01 21 30.1291 31.0381 30.6128      0.8650       0.8650    0.1306            1
2024 01 22 29.9192 30.8293 30.4044      0.6550       0.6550    0.1343            1
2024 01 23 30.1386 31.0499 30.6255      0.8744       0.8744    0.1380            1
2024 01 24 29.9100 30.8223 30.3985      0.6456       0.6456    0.1419            1
2024 01 25 30.1481 31.0614 30.6381      0.8835       0.8835    0.1458            1
2024 01 26 29.9013 30.8157 30.3929      0.6365       0.6365    0.1497            1
2024 01 27 30.1573 31.0726 30.6505      0.8922       0.8922    0.1538            1
2024 01 28 29.8932 30.8095 30.3879      0.6278       0.6278    0.1579            1
2024 01 29 30.1664 31.0836 30.6627      0.9006       0.9006    0.1622            1
2024 01 30 29.8856 30.8037 30.3834      0.6194       0.6194    0.1665            1
2024 01 31 30.1754 31.0943 30.6747      0.9087       0.9087    0.1708            1
2024 02 01 29.8786 30.7982 30.3793      0.6113       0.6113    0.1753            1
2024 02 02 30.1841 31.1046 30.6863      0.9163       0.9163    0.1799            1
2024 02 03 29.8722 30.7933 30.3758      0.6037       0.6037    0.1845            1
2024 02 04 30.1927 31.1146 30.6978      0.9236       0.9236    0.1892            1
2024 02 05 29.8662 30.7888 30.3728      0.5964       0.5964    0.1940            1
2024 02 06 30.2010 31.1242 30.7090      0.9304       0.9304    0.1989            1
2024 02 07 29.8610 30.7848 30.3704      0.5896       0.5896    0.2039            1
2024 02 08 30.2091 31.1334 30.7198      0.9368       0.9368    0.2089            1
2024 02 09 29.8564 30.7812 30.3684      0.5832       0.5832    0.2140            1
2024 02 10 30.2169 31.1422 30.7303      0.9428       0.9428    0.2193            1
2024 02 11 29.8523 30.7780 30.3670      0.5772       0.5772    0.2246            1
2024 02 12 30.2244 31.1505 30.7404      0.9482       0.9482    0.2300            1
2024 02 13 29.8491 30.7755 30.3664      0.5718       0.5718    0.2355            1
2024 02 14 30.2317 31.1585 30.7502      0.9533       0.9533    0.2410            1
2024 02 15 29.8463 30.7734 30.3661      0.5667       0.5667    0.2467            1
2024 02 16 30.2386 31.1659 30.7596      0.9578       0.9578    0.2524            1
2024 02 17 29.8443 30.7718 30.3665      0.5622       0.5622    0.2582            1
2024 02 18 30.2453 31.1730 30.7686      0.9619       0.9619    0.2641            1
2024 02 19 29.8428 30.7707 30.3674      0.5581       0.5581    0.2701            1
2024 02 20 30.2516 31.1796 30.7773      0.9655       0.9655    0.2762            1
2024 02 21 29.8420 30.7701 30.3688      0.5545       0.5545    0.2824            1
2024 02 22 30.2576 31.1857 30.7855      0.9686       0.9686    0.2886            1
2024 02 23 29.8419 30.7700 30.3709      0.5514       0.5514    0.2949            1
2024 02 24 30.2633 31.1913 30.7933      0.9712       0.9712    0.3013            1
2024 02 25 29.8425 30.7704 30.3735      0.5488       0.5488    0.3078            1
2024 02 26 30.2686 31.1964 30.8006      0.9733       0.9733    0.3144            1
2024 02 27 29.8437 30.7713 30.3767      0.5467       0.5467    0.3210            1
2024 02 28 30.2736 31.2011 30.8075      0.9749       0.9749    0.3278            1
2024 02 29 29.8456 30.7728 30.3804      0.5451       0.5451    0.3346            1
2024 03 01 30.2784 31.2053 30.8141      0.9761       0.9761    0.3414            1
2024 03 02 29.8480 30.7746 30.3846      0.5439       0.5439    0.3484            1
2024 03 03 30.2828 31.2090 30.8202      0.9768       0.9768    0.3554            1
2024 03 04 29.8511 30.7770 30.3894      0.5432       0.5432    0.3625            1
2024 03 05 30.2868 31.2123 30.8259      0.9770       0.9770    0.3697            1
2024 03 06 29.8548 30.7798 30.3946      0.5430       0.5430    0.3770            1
2024 03 07 30.2906 31.2151 30.8312      0.9768       0.9768    0.3843            1
2024 03 08 29.8591 30.7830 30.4004      0.5432       0.5432    0.3917            1
2024 03 09 30.2940 31.2174 30.8360      0.9761       0.9761    0.3991            1
2024 03 10 29.8640 30.7867 30.4066      0.5439       0.5439    0.4067            1
2024 03 11 30.2972 31.2193 30.8405      0.9750       0.9750    0.4142            1
2024 03 12 29.8694 30.7908 30.4133      0.5450       0.5450    0.4219            1
2024 03 13 30.3001 31.2208 30.8445      0.9735       0.9735    0.4296            1
2024 03 14 29.8753 30.7953 30.4203      0.5465       0.5465    0.4374            1
2024 03 15 30.3026 31.2218 30.8481      0.9715       0.9715    0.4452            1
2024 03 16 29.8819 30.8003 30.4279      0.5485       0.5485    0.4531            1
2024 03 17 30.3049 31.2224 30.8514      0.9692       0.9692    0.4610            1
2024 03 18 29.8889 30.8055 30.4358      0.5508       0.5508    0.4690            1
2024 03 19 30.3069 31.2226 30.8543      0.9665       0.9665    0.4770            1
2024 03 20 29.8963 30.8111 30.4440      0.5535       0.5535    0.4851            1
2024 03 21 30.3087 31.2224 30.8567      0.9634       0.9634    0.4932            1
2024 03 22 29.9043 30.8171 30.4527      0.5566       0.5566    0.5014            1
2024 03 23 30.3102 31.2219 30.8589      0.9600       0.9600    0.5096            1
2024 03 24 29.9127 30.8233 30.4616      0.5600       0.5600    0.5178            1
2024 03 25 30.3115 31.2210 30.8607      0.9563       0.9563    0.5261            1
2024 03 26 29.9215 30.8298 30.4709      0.5637       0.5637    0.5344            1
2024 03 27 30.3126 31.2197 30.8622      0.9523       0.9523    0.5428            1
2024 03 28 29.9306 30.8365 30.4803      0.5677       0.5677    0.5511            1
2024 03 29 30.3136 31.2183 30.8635      0.9481       0.9481    0.5595            1
2024 03 30 29.9401 30.8434 30.4900      0.5719       0.5719    0.5679            1
2024 03 31 30.3143 31.2163 30.8643      0.9435       0.9435    0.5764            1
2024 04 01 29.9500 30.8507 30.5000      0.5765       0.5765    0.5848            1
2024 04 02 30.3150 31.2143 30.8650      0.9388       0.9388    0.5933            1
2024 04 03 29.9601 30.8580 30.5100      0.5812       0.5812    0.6017            1
2024 04 04 30.3154 31.2118 30.8653      0.9338       0.9338    0.6102            1
2024 04 05 29.9705 30.8655 30.5203      0.5862       0.5862    0.6187            1
2024 04 06 30.3157 31.2092 30.8654      0.9287       0.9287    0.6271            1
2024 04 07 29.9811 30.8731 30.5306      0.5913       0.5913    0.6356            1
2024 04 08 30.3159 31.2064 30.8653      0.9234       0.9234    0.6441            1
2024 04 09 29.9919 30.8808 30.5411      0.5966       0.5966    0.6525            1
2024 04 10 30.3160 31.2033 30.8649      0.9179       0.9179    0.6610            1
2024 04 11 30.0030 30.8887 30.5516      0.6021       0.6021    0.6694            1
2024 04 12 30.3161 31.2001 30.8645      0.9124       0.9124    0.6778            1
2024 04 13 30.0141 30.8964 30.5621      0.6076       0.6076    0.6862            1
2024 04 14 30.3160 31.1967 30.8637      0.9067       0.9067    0.6945            1
2024 04 15 30.0254 30.9044 30.5727      0.6133       0.6133    0.7029            1
2024 04 16 30.3159 31.1931 30.8629      0.9010       0.9010    0.7112            1
2024 04 17 30.0368 30.9122 30.5832      0.6190       0.6190    0.7194            1
2024 04 18 30.3159 31.1896 30.8619      0.8953       0.8953    0.7276            1
2024 04 19 30.0481 30.9200 30.5937      0.6247       0.6247    0.7358            1
2024 04 20 30.3158 31.1858 30.8608      0.8895       0.8895    0.7439            1
2024 04 21 30.0596 30.9278 30.6041      0.6305       0.6305    0.7520            1
2024 04 22 30.3156 31.1819 30.8595      0.8837       0.8837    0.7600            1
2024 04 23 30.0711 30.9355 30.6143      0.6363       0.6363    0.7680            1
2024 04 24 30.3155 31.1780 30.8581      0.8779       0.8779    0.7759            1
2024 04 25 30.0825 30.9431 30.6245      0.6421       0.6421    0.7837            1
2024 04 26 30.3154 31.1740 30.8567      0.8721       0.8721    0.7914            1
2024 04 27 30.0940 30.9507 30.6346      0.6479       0.6479    0.7991            1
2024 04 28 30.3153 31.1700 30.8552      0.8664       0.8664    0.8067            1
2024 04 29 30.1053 30.9580 30.6444      0.6536       0.6536    0.8143            1
2024 04 30 30.3153 31.1660 30.8536      0.8608       0.8608    0.8217            1
2024 05 01 30.1165 30.9652 30.6540      0.6592       0.6592    0.8291            1
2024 05 02 30.3154 31.1620 30.8520      0.8553       0.8553    0.8363            1
2024 05 03 30.1276 30.9722 30.6634      0.6647       0.6647    0.8435            1
2024 05 04 30.3155 31.1580 30.8503      0.8498       0.8498    0.8506            1
2024 05 05 30.1387 30.9791 30.6726      0.6702       0.6702    0.8575            1
2024 05 06 30.3157 31.1540 30.8487      0.8445       0.8445    0.8644            1
2024 05 07 30.1495 30.9857 30.6814      0.6755       0.6755    0.8712            1
2024 05 08 30.3160 31.1501 30.8470      0.8393       0.8393    0.8778            1
2024 05 09 30.1601 30.9921 30.6901      0.6807       0.6807    0.8843            1
2024 05 10 30.3164 31.1462 30.8453      0.8343       0.8343    0.8908            1
2024 05 11 30.1705 30.9982 30.6983      0.6857       0.6857    0.8970            1
2024 05 12 30.3168 31.1424 30.8436      0.8294       0.8294    0.9032            1
2024 05 13 30.1807 31.0041 30.7064      0.6906       0.6906    0.9093            1
2024 05 14 30.3173 31.1385 30.8419      0.8246       0.8246    0.9152            1
2024 05 15 30.1907 31.0098 30.7141      0.6954       0.6954    0.9209            1
2024 05 16 30.3179 31.1348 30.8401      0.8200       0.8200    0.9266            1
2024 05 17 30.2005 31.0152 30.7215      0.7000       0.7000    0.9321            1
2024 05 18 30.3187 31.1312 30.8385      0.8157       0.8157    0.9374            1
2024 05 19 30.2099 31.0202 30.7284      0.7043       0.7043    0.9426            1
2024 05 20 30.3195 31.1276 30.8368      0.8114       0.8114    0.9477            1
2024 05 21 30.2192 31.0251 30.7352      0.7086       0.7086    0.9526            1
2024 05 22 30.3204 31.1241 30.8351      0.8074       0.8074    0.9573            1
2024 05 23 30.2281 31.0296 30.7415      0.7126       0.7126    0.9619            1
2024 05 24 30.3215 31.1208 30.8335      0.8036       0.8036    0.9663            1
2024 05 25 30.2367 31.0338 30.7474      0.7164       0.7164    0.9706            1
2024 05 26 30.3225 31.1174 30.8318      0.7999       0.7999    0.9747            1
2024 05 27 30.2450 31.0378 30.7530      0.7201       0.7201    0.9787            1
2024 05 28 30.3237 31.1143 30.8303      0.7965       0.7965    0.9824            1
2024 05 29 30.2530 31.0414 30.7581      0.7235       0.7235    0.9860            1
2024 05 30 30.3250 31.1111 30.8286      0.7932       0.7932    0.9895            1
2024 05 31 30.2608 31.0448 30.7630      0.7268       0.7268    0.9927            1
2024 06 01 30.3262 31.1081 30.8270      0.7901       0.7901    0.9958            1
2024 06 02 30.2682 31.0478 30.7675      0.7299       0.7299    0.9987            1
2024 06 03 30.3276 31.1051 30.8254      0.7872       0.7872    1.0014            2
2024 06 04 30.2753 31.0506 30.7715      0.7328       0.7328    1.0040            2
2024 06 05 30.3291 31.1022 30.8238      0.7845       0.7845    1.0063            2
2024 06 06 30.2821 31.0531 30.7752      0.7355       0.7355    1.0085            2
2024 06 07 30.3305 31.0993 30.8221      0.7819       0.7819    1.0105            2
2024 06 08 30.2886 31.0553 30.7787      0.7381       0.7381    1.0123            2
2024 06 09 30.3319 31.0965 30.8204      0.7795       0.7795    1.0139            2
2024 06 10 30.2948 31.0573 30.7817      0.7405       0.7405    1.0153            2
2024 06 11 30.3334 31.0939 30.8187      0.7773       0.7773    1.0166            2
2024 06 12 30.3006 31.0590 30.7843      0.7427       0.7427    1.0176            2
2024 06 13 30.3349 31.0912 30.8170      0.7752       0.7752    1.0185            2
2024 06 14 30.3062 31.0604 30.7866      0.7448       0.7448    1.0191            2
2024 06 15 30.3363 31.0885 30.8151      0.7732       0.7732    1.0196            2
2024 06 16 30.3116 31.0617 30.7887      0.7468       0.7468    1.0199            2
2024 06 17 30.3378 31.0859 30.8132      0.7714       0.7714    1.0200            2
2024 06 18 30.3165 31.0626 30.7904      0.7486       0.7486    1.0199            2
2024 06 19 30.3391 31.0832 30.8112      0.7696       0.7696    1.0196            2
2024 06 20 30.3214 31.0635 30.7918      0.7504       0.7504    1.0191            2
2024 06 21 30.3404 31.0806 30.8092      0.7680       0.7680    1.0185            2
2024 06 22 30.3258 31.0641 30.7929      0.7520       0.7520    1.0176            2
2024 06 23 30.3416 31.0779 30.8070      0.7664       0.7664    1.0166            2
2024 06 24 30.3301 31.0645 30.7938      0.7536       0.7536    1.0153            2
2024 06 25 30.3427 31.0752 30.8046      0.7649       0.7649    1.0139            2
2024 06 26 30.3341 31.0648 30.7944      0.7551       0.7551    1.0123            2
2024 06 27 30.3437 31.0725 30.8022      0.7635       0.7635    1.0105            2
2024 06 28 30.3378 31.0649 30.7947      0.7565       0.7565    1.0085            2
2024 06 29 30.3445 31.0698 30.7997      0.7621       0.7621    1.0063            2
2024 06 30 30.3414 31.0648 30.7948      0.7579       0.7579    1.0040            2
2024 07 01 30.3452 31.0669 30.7969      0.7607       0.7607    1.0014            2
2024 07 02 30.3447 31.0647 30.7947      0.7593       0.7593    0.9987            1
2024 07 03 30.3456 31.0639 30.7939      0.7593       0.7593    0.9958            1
2024 07 04 30.3479 31.0645 30.7945      0.7607       0.7607    0.9927            1
2024 07 05 30.3459 31.0609 30.7908      0.7579       0.7579    0.9895            1
2024 07 06 30.3509 31.0642 30.7940      0.7621       0.7621    0.9860            1
2024 07 07 30.3460 31.0578 30.7875      0.7565       0.7565    0.9824            1
2024 07 08 30.3537 31.0639 30.7934      0.7635       0.7635    0.9787            1
2024 07 09 30.3459 31.0545 30.7840      0.7551       0.7551    0.9747            1
2024 07 10 30.3563 31.0634 30.7926      0.7649       0.7649    0.9706            1
2024 07 11 30.3456 31.0511 30.7802      0.7536       0.7536    0.9663            1
2024 07 12 30.3589 31.0629 30.7918      0.7664       0.7664    0.9619            1
2024 07 13 30.3449 31.0475 30.7761      0.7520       0.7520    0.9573            1
2024 07 14 30.3613 31.0625 30.7908      0.7680       0.7680    0.9526            1
2024 07 15 30.3440 31.0439 30.7719      0.7504       0.7504    0.9477            1
2024 07 16 30.3635 31.0620 30.7897      0.7696       0.7696    0.9426            1
2024 07 17 30.3428 31.0400 30.7673      0.7486       0.7486    0.9374            1
2024 07 18 30.3658 31.0617 30.7887      0.7714       0.7714    0.9321            1
2024 07 19 30.3413 31.0359 30.7626      0.7468       0.7468    0.9266            1
2024 07 20 30.3678 31.0612 30.7874      0.7732       0.7732    0.9209            1
2024 07 21 30.3395 31.0317 30.7574      0.7448       0.7448    0.9152            1
2024 07 22 30.3699 31.0609 30.7862      0.7752       0.7752    0.9093            1
2024 07 23 30.3373 31.0272 30.7521      0.7427       0.7427    0.9032            1
2024 07 24 30.3719 31.0606 30.7850      0.7773       0.7773    0.8970            1
2024 07 25 30.3349 31.0226 30.7464      0.7405       0.7405    0.8908            1
2024 07 26 30.3737 31.0604 30.7837      0.7795       0.7795    0.8843            1
2024 07 27 30.3321 31.0177 30.7405      0.7381       0.7381    0.8778            1
2024 07 28 30.3756 31.0603 30.7824      0.7819       0.7819    0.8712            1
2024 07 29 30.3289 31.0126 30.7342      0.7355       0.7355    0.8644            1
2024 07 30 30.3775 31.0603 30.7812      0.7845       0.7845    0.8575            1
2024 07 31 30.3254 31.0073 30.7276      0.7328       0.7328    0.8506            1
2024 08 01 30.3793 31.0604 30.7800      0.7872       0.7872    0.8435            1
2024 08 02 30.3214 31.0018 30.7207      0.7299       0.7299    0.8363            1
2024 08 03 30.3811 31.0606 30.7789      0.7901       0.7901    0.8291            1
2024 08 04 30.3171 30.9960 30.7135      0.7268       0.7268    0.8217            1
2024 08 05 30.3829 31.0610 30.7778      0.7932       0.7932    0.8143            1
2024 08 06 30.3125 30.9899 30.7059      0.7235       0.7235    0.8067            1
2024 08 07 30.3847 31.0615 30.7767      0.7965       0.7965    0.7991            1
2024 08 08 30.3075 30.9837 30.6981      0.7201       0.7201    0.7914            1
2024 08 09 30.3864 31.0621 30.7757      0.7999       0.7999    0.7837            1
2024 08 10 30.3020 30.9772 30.6900      0.7164       0.7164    0.7759            1
2024 08 11 30.3883 31.0630 30.7749      0.8036       0.8036    0.7680            1
2024 08 12 30.2963 30.9706 30.6816      0.7126       0.7126    0.7600            1
2024 08 13 30.3900 31.0639 30.7740      0.8074       0.8074    0.7520            1
2024 08 14 30.2901 30.9637 30.6728      0.7086       0.7086    0.7439            1
2024 08 15 30.3918 31.0650 30.7733      0.8114       0.8114    0.7358            1
2024 08 16 30.2835 30.9564 30.6637      0.7043       0.7043    0.7276            1
2024 08 17 30.3937 31.0664 30.7727      0.8157       0.8157    0.7194            1
2024 08 18 30.2767 30.9492 30.6545      0.7000       0.7000    0.7112            1
2024 08 19 30.3954 31.0677 30.7721      0.8200       0.8200    0.7029            1
2024 08 20 30.2695 30.9416 30.6449      0.6954       0.6954    0.6945            1
2024 08 21 30.3973 31.0693 30.7716      0.8246       0.8246    0.6862            1
2024 08 22 30.2619 30.9338 30.6351      0.6906       0.6906    0.6778            1
2024 08 23 30.3992 31.0711 30.7713      0.8294       0.8294    0.6694            1
2024 08 24 30.2540 30.9259 30.6250      0.6857       0.6857    0.6610            1
2024 08 25 30.4010 31.0730 30.7710      0.8343       0.8343    0.6525            1
2024 08 26 30.2458 30.9179 30.6148      0.6807       0.6807    0.6441            1
2024 08 27 30.4028 31.0750 30.7708      0.8393       0.8393    0.6356            1
2024 08 28 30.2373 30.9097 30.6043      0.6755       0.6755    0.6271            1
2024 08 29 30.4046 31.0771 30.7707      0.8445       0.8445    0.6187            1
2024 08 30 30.2285 30.9013 30.5937      0.6702       0.6702    0.6102            1
2024 08 31 30.4063 31.0794 30.7706      0.8498       0.8498    0.6017            1
2024 09 01 30.2194 30.8928 30.5828      0.6647       0.6647    0.5933            1
2024 09 02 30.4081 31.0819 30.7707      0.8553       0.8553    0.5848            1
2024 09 03 30.2101 30.8842 30.5718      0.6592       0.6592    0.5764            1
2024 09 04 30.4098 31.0843 30.7707      0.8608       0.8608    0.5679            1
2024 09 05 30.2006 30.8756 30.5608      0.6536       0.6536    0.5595            1
2024 09 06 30.4114 31.0869 30.7708      0.8664       0.8664    0.5511            1
2024 09 07 30.1908 30.8669 30.5495      0.6479       0.6479    0.5428            1
2024 09 08 30.4130 31.0896 30.7710      0.8721       0.8721    0.5344            1
2024 09 09 30.1808 30.8581 30.5382      0.6421       0.6421    0.5261            1
2024 09 10 30.4145 31.0924 30.7712      0.8779       0.8779    0.5178            1
2024 09 11 30.1707 30.8493 30.5268      0.6363       0.6363    0.5096            1
2024 09 12 30.4159 31.0952 30.7715      0.8837       0.8837    0.5014            1
2024 09 13 30.1605 30.8405 30.5155      0.6305       0.6305    0.4932            1
2024 09 14 30.4172 31.0980 30.7717      0.8895       0.8895    0.4851            1
2024 09 15 30.1501 30.8317 30.5041      0.6247       0.6247    0.4770            1
2024 09 16 30.4184 31.1009 30.7719      0.8953       0.8953    0.4690            1
2024 09 17 30.1397 30.8231 30.4928      0.6190       0.6190    0.4610            1
2024 09 18 30.4194 31.1037 30.7720      0.9010       0.9010    0.4531            1
2024 09 19 30.1293 30.8145 30.4816      0.6133       0.6133    0.4452            1
2024 09 20 30.4202 31.1065 30.7722      0.9067       0.9067    0.4374            1
2024 09 21 30.1187 30.8059 30.4703      0.6076       0.6076    0.4296            1
2024 09 22 30.4210 31.1093 30.7723      0.9124       0.9124    0.4219            1
2024 09 23 30.1082 30.7976 30.4593      0.6021       0.6021    0.4142            1
2024 09 24 30.4215 31.1120 30.7723      0.9179       0.9179    0.4067            1
2024 09 25 30.0976 30.7893 30.4482      0.5966       0.5966    0.3991            1
2024 09 26 30.4219 31.1148 30.7723      0.9234       0.9234    0.3917            1
2024 09 27 30.0872 30.7813 30.4375      0.5913       0.5913    0.3843            1
2024 09 28 30.4220 31.1173 30.7721      0.9287       0.9287    0.3770            1
2024 09 29 30.0768 30.7735 30.4269      0.5862       0.5862    0.3697            1
2024 09 30 30.4218 31.1198 30.7718      0.9338       0.9338    0.3625            1
2024 10 01 30.0665 30.7658 30.4165      0.5812       0.5812    0.3554            1
2024 10 02 30.4214 31.1221 30.7714      0.9388       0.9388    0.3484            1
2024 10 03 30.0564 30.7585 30.4065      0.5765       0.5765    0.3414            1
2024 10 04 30.4207 31.1243 30.7708      0.9435       0.9435    0.3346            1
2024 10 05 30.0464 30.7514 30.3966      0.5719       0.5719    0.3278            1
2024 10 06 30.4199 31.1264 30.7702      0.9481       0.9481    0.3210            1
2024 10 07 30.0367 30.7447 30.3872      0.5677       0.5677    0.3144            1
2024 10 08 30.4186 31.1281 30.7692      0.9523       0.9523    0.3078            1
2024 10 09 30.0272 30.7383 30.3780      0.5637       0.5637    0.3013            1
2024 10 10 30.4170 31.1297 30.7681      0.9563       0.9563    0.2949            1
2024 10 11 30.0179 30.7322 30.3693      0.5600       0.5600    0.2886            1
2024 10 12 30.4151 31.1311 30.7667      0.9600       0.9600    0.2824            1
2024 10 13 30.0089 30.7266 30.3609      0.5566       0.5566    0.2762            1
2024 10 14 30.4129 31.1322 30.7652      0.9634       0.9634    0.2701            1
2024 10 15 30.0002 30.7212 30.3529      0.5535       0.5535    0.2641            1
2024 10 16 30.4104 31.1332 30.7634      0.9665       0.9665    0.2582            1
2024 10 17 29.9918 30.7164 30.3454      0.5508       0.5508    0.2524            1
2024 10 18 30.4074 31.1337 30.7614      0.9692       0.9692    0.2467            1
2024 10 19 29.9839 30.7120 30.3383      0.5485       0.5485    0.2410            1
2024 10 20 30.4040 31.1340 30.7590      0.9715       0.9715    0.2355            1
2024 10 21 29.9762 30.7080 30.3317      0.5465       0.5465    0.2300            1
2024 10 22 30.4004 31.1341 30.7565      0.9735       0.9735    0.2246            1
2024 10 23 29.9690 30.7046 30.3258      0.5450       0.5450    0.2193            1
2024 10 24 30.3962 31.1337 30.7536      0.9750       0.9750    0.2140            1
2024 10 25 29.9623 30.7017 30.3203      0.5439       0.5439    0.2089            1
2024 10 26 30.3916 31.1330 30.7503      0.9761       0.9761    0.2039            1
2024 10 27 29.9559 30.6992 30.3153      0.5432       0.5432    0.1989            1
2024 10 28 30.3867 31.1320 30.7468      0.9768       0.9768    0.1940            1
2024 10 29 29.9501 30.6974 30.3110      0.5430       0.5430    0.1892            1
2024 10 30 30.3813 31.1306 30.7430      0.9770       0.9770    0.1845            1
2024 10 31 29.9447 30.6960 30.3072      0.5432       0.5432    0.1799            1
2024 11 01 30.3755 31.1289 30.7389      0.9768       0.9768    0.1753            1
2024 11 02 29.9398 30.6952 30.3040      0.5439       0.5439    0.1708            1
2024 11 03 30.3692 31.1267 30.7344      0.9761       0.9761    0.1665            1
2024 11 04 29.9354 30.6950 30.3015      0.5451       0.5451    0.1622            1
2024 11 05 30.3625 31.1242 30.7295      0.9749       0.9749    0.1579            1
2024 11 06 29.9315 30.6953 30.2996      0.5467       0.5467    0.1538            1
2024 11 07 30.3554 31.1213 30.7244      0.9733       0.9733    0.1497            1
2024 11 08 29.9282 30.6962 30.2982      0.5488       0.5488    0.1458            1
2024 11 09 30.3479 31.1181 30.7190      0.9712       0.9712    0.1419            1
2024 11 10 29.9254 30.6977 30.2976      0.5514       0.5514    0.1380            1
2024 11 11 30.3400 31.1144 30.7132      0.9686       0.9686    0.1343            1
2024 11 12 29.9232 30.6998 30.2975      0.5545       0.5545    0.1306            1
2024 11 13 30.3316 31.1104 30.7070      0.9655       0.9655    0.1270            1
2024 11 14 29.9216 30.7025 30.2982      0.5581       0.5581    0.1235            1
2024 11 15 30.3228 31.1059 30.7006      0.9619       0.9619    0.1201            1
2024 11 16 29.9205 30.7058 30.2995      0.5622       0.5622    0.1167            1
2024 11 17 30.3136 31.1011 30.6938      0.9578       0.9578    0.1134            1
2024 11 18 29.9199 30.7096 30.3014      0.5667       0.5667    0.1102            1
2024 11 19 30.3040 31.0959 30.6867      0.9533       0.9533    0.1071            1
2024 11 20 29.9200 30.7141 30.3040      0.5718       0.5718    0.1040            1
2024 11 21 30.2940 31.0903 30.6793      0.9482       0.9482    0.1010            1
2024 11 22 29.9205 30.7190 30.3071      0.5772       0.5772    0.0980            1
2024 11 23 30.2837 31.0844 30.6717      0.9428       0.9428    0.0952            1
2024 11 24 29.9217 30.7246 30.3110      0.5832       0.5832    0.0924            1
2024 11 25 30.2730 31.0781 30.6637      0.9368       0.9368    0.0896            1
2024 11 26 29.9235 30.7307 30.3155      0.5896       0.5896    0.0869            1
2024 11 27 30.2620 31.0714 30.6554      0.9304       0.9304    0.0843            1
2024 11 28 29.9257 30.7373 30.3206      0.5964       0.5964    0.0818            1
2024 11 29 30.2506 31.0645 30.6470      0.9236       0.9236    0.0793            1
2024 11 30 29.9285 30.7445 30.3263      0.6037       0.6037    0.0769            1
2024 12 01 30.2390 31.0571 30.6382      0.9163       0.9163    0.0745            1
2024 12 02 29.9318 30.7522 30.3325      0.6113       0.6113    0.0722            1
2024 12 03 30.2271 31.0496 30.6293      0.9087       0.9087    0.0700            1
2024 12 04 29.9357 30.7604 30.3395      0.6194       0.6194    0.0678            1
2024 12 05 30.2148 31.0417 30.6201      0.9006       0.9006    0.0656            1
2024 12 06 29.9400 30.7690 30.3469      0.6278       0.6278    0.0635            1
2024 12 07 30.2024 31.0336 30.6108      0.8922       0.8922    0.0615            1
2024 12 08 29.9448 30.7781 30.3547      0.6365       0.6365    0.0596            1
2024 12 09 30.1899 31.0253 30.6014      0.8835       0.8835    0.0576            1
2024 12 10 29.9501 30.7876 30.3632      0.6456       0.6456    0.0558            1
2024 12 11 30.1771 31.0166 30.5918      0.8744       0.8744    0.0540            1
2024 12 12 29.9559 30.7975 30.3722      0.6550       0.6550    0.0522            1
2024 12 13 30.1641 31.0078 30.5820      0.8650       0.8650    0.0505            1
2024 12 14 29.9621 30.8079 30.3817      0.6647       0.6647    0.0488            1
2024 12 15 30.1510 30.9988 30.5722      0.8553       0.8553    0.0472            1
2024 12 16 29.9686 30.8185 30.3915      0.6746       0.6746    0.0456            1
2024 12 17 30.1378 30.9897 30.5624      0.8454       0.8454    0.0441            1
2024 12 18 29.9757 30.8296 30.4018      0.6848       0.6848    0.0426            1
2024 12 19 30.1245 30.9804 30.5524      0.8352       0.8352    0.0411            1
2024 12 20 29.9829 30.8408 30.4125      0.6951       0.6951    0.0397            1
2024 12 21 30.1113 30.9711 30.5425      0.8249       0.8249    0.0383            1
2024 12 22 29.9907 30.8524 30.4236      0.7057       0.7057    0.0370            1
2024 12 23 30.0979 30.9616 30.5325      0.8143       0.8143    0.0357            1
2024 12 24 29.9987 30.8643 30.4350      0.7164       0.7164    0.0345            1
2024 12 25 30.0846 30.9521 30.5227      0.8036       0.8036    0.0333            1
2024 12 26 30.0070 30.8763 30.4467      0.7272       0.7272    0.0321            1
2024 12 27 30.0714 30.9426 30.5129      0.7928       0.7928    0.0310            1
2024 12 28 30.0156 30.8885 30.4587      0.7381       0.7381    0.0000            1
2024 12 29 30.0583 30.9330 30.5031      0.7819       0.7819    0.0000            1
2024 12 30 30.0243 30.9009 30.4709      0.7490       0.7490    0.0000            1
2024 12 31 30.0453 30.9236 30.4936      0.7710       0.7710    0.0000            1
2025 01 01 30.0432 30.9232 30.4932      0.7700       0.7700    0.0811            1
2025 01 02 30.0423 30.9240 30.4940      0.7700       0.7700    0.0836            1
2025 01 03 30.0524 30.9358 30.5059      0.7810       0.7810    0.0863            1
2025 01 04 30.0296 30.9146 30.4847      0.7590       0.7590    0.0890            1
2025 01 05 30.0618 30.9485 30.5187      0.7920       0.7920    0.0918            1
2025 01 06 30.0171 30.9054 30.4757      0.7480       0.7480    0.0946            1
2025 01 07 30.0713 30.9611 30.5316      0.8029       0.8029    0.0975            1
2025 01 08 30.0048 30.8963 30.4668      0.7371       0.7371    0.1005            1
2025 01 09 30.0808 30.9738 30.5446      0.8137       0.8137    0.1036            1
2025 01 10 29.9929 30.8874 30.4583      0.7263       0.7263    0.1067            1
2025 01 11 30.0906 30.9865 30.5577      0.8245       0.8245    0.1099            1
2025 01 12 29.9811 30.8785 30.4500      0.7155       0.7155    0.1132            1
2025 01 13 30.1002 30.9990 30.5707      0.8350       0.8350    0.1165            1
2025 01 14 29.9699 30.8701 30.4421      0.7050       0.7050    0.1199            1
2025 01 15 30.1100 31.0115 30.5838      0.8454       0.8454    0.1234            1
2025 01 16 29.9589 30.8618 30.4345      0.6946       0.6946    0.1270            1
2025 01 17 30.1197 31.0239 30.5969      0.8556       0.8556    0.1307            1
2025 01 18 29.9484 30.8538 30.4272      0.6844       0.6844    0.1344            1
2025 01 19 30.1293 31.0360 30.6098      0.8655       0.8655    0.1383            1
2025 01 20 29.9383 30.8462 30.4204      0.6745       0.6745    0.1422            1
2025 01 21 30.1390 31.0480 30.6227      0.8752       0.8752    0.1461            1
2025 01 22 29.9286 30.8388 30.4140      0.6648       0.6648    0.1502            1
2025 01 23 30.1485 31.0598 30.6355      0.8846       0.8846    0.1544            1
2025 01 24 29.9194 30.8318 30.4080      0.6554       0.6554    0.1586            1
2025 01 25 30.1579 31.0713 30.6481      0.8937       0.8937    0.1630            1
2025 01 26 29.9108 30.8252 30.4025      0.6463       0.6463    0.1674            1
2025 01 27 30.1672 31.0826 30.6605      0.9025       0.9025    0.1719            1
2025 01 28 29.9026 30.8189 30.3974      0.6375       0.6375    0.1765            1
2025 01 29 30.1764 31.0936 30.6727      0.9109       0.9109    0.1811            1
2025 01 30 29.8950 30.8131 30.3929      0.6291       0.6291    0.1859            1
2025 01 31 30.1854 31.1043 30.6847      0.9190       0.9190    0.1908            1
2025 02 01 29.8879 30.8076 30.3888      0.6210       0.6210    0.1957            1
2025 02 02 30.1942 31.1147 30.6965      0.9267       0.9267    0.2008            1
2025 02 03 29.8814 30.8026 30.3852      0.6133       0.6133    0.2059            1
2025 02 04 30.2027 31.1246 30.7079      0.9339       0.9339    0.2111            1
2025 02 05 29.8756 30.7982 30.3822      0.6061       0.6061    0.2164            1
2025 02 06 30.2109 31.1341 30.7190      0.9407       0.9407    0.2218            1
2025 02 07 29.8703 30.7941 30.3798      0.5993       0.5993    0.2273            1
2025 02 08 30.2190 31.1433 30.7299      0.9471       0.9471    0.2329            1
2025 02 09 29.8657 30.7906 30.3779      0.5929       0.5929    0.2386            1
2025 02 10 30.2269 31.1522 30.7404      0.9531       0.9531    0.2444            1
2025 02 11 29.8617 30.7874 30.3765      0.5869       0.5869    0.2503            1
2025 02 12 30.2343 31.1605 30.7505      0.9585       0.9585    0.2562            1
2025 02 13 29.8584 30.7849 30.3758      0.5815       0.5815    0.2623            1
2025 02 14 30.2416 31.1685 30.7603      0.9636       0.9636    0.2684            1
2025 02 15 29.8556 30.7827 30.3756      0.5764       0.5764    0.2747            1
2025 02 16 30.2485 31.1759 30.7697      0.9681       0.9681    0.2810            1
2025 02 17 29.8536 30.7812 30.3760      0.5719       0.5719    0.2874            1
2025 02 18 30.2551 31.1829 30.7787      0.9721       0.9721    0.2940            1
2025 02 19 29.8523 30.7802 30.3770      0.5679       0.5679    0.3006            1
2025 02 20 30.2615 31.1895 30.7873      0.9757       0.9757    0.3073            1
2025 02 21 29.8515 30.7796 30.3785      0.5643       0.5643    0.3141            1
2025 02 22 30.2675 31.1956 30.7955      0.9788       0.9788    0.3209            1
2025 02 23 29.8514 30.7795 30.3805      0.5612       0.5612    0.3279            1
2025 02 24 30.2732 31.2012 30.8033      0.9814       0.9814    0.3350            1
2025 02 25 29.8520 30.7799 30.3832      0.5586       0.5586    0.3421            1
2025 02 26 30.2784 31.2062 30.8106      0.9834       0.9834    0.3494            1
2025 02 27 29.8533 30.7809 30.3865      0.5566       0.5566    0.3567            1
2025 02 28 30.2836 31.2110 30.8176      0.9851       0.9851    0.3641            1
2025 03 01 29.8551 30.7823 30.3901      0.5549       0.5549    0.3716            1
2025 03 02 30.2882 31.2151 30.8241      0.9862       0.9862    0.3791            1
2025 03 03 29.8577 30.7842 30.3944      0.5538       0.5538    0.3868            1
2025 03 04 30.2925 31.2187 30.8301      0.9868       0.9868    0.3945            1
2025 03 05 29.8609 30.7867 30.3993      0.5532       0.5532    0.4023            1
2025 03 06 30.2966 31.2220 30.8358      0.9870       0.9870    0.4102            1
2025 03 07 29.8646 30.7895 30.4046      0.5530       0.5530    0.4182            1
2025 03 08 30.3003 31.2247 30.8410      0.9867       0.9867    0.4262            1
2025 03 09 29.8690 30.7928 30.4104      0.5533       0.5533    0.4344            1
2025 03 10 30.3038 31.2270 30.8459      0.9860       0.9860    0.4425            1
2025 03 11 29.8739 30.7965 30.4166      0.5540       0.5540    0.4508            1
2025 03 12 30.3069 31.2289 30.8503      0.9849       0.9849    0.4591            1
2025 03 13 29.8793 30.8006 30.4233      0.5551       0.5551    0.4675            1
2025 03 14 30.3098 31.2303 30.8543      0.9833       0.9833    0.4760            1
2025 03 15 29.8854 30.8052 30.4305      0.5567       0.5567    0.4845            1
2025 03 16 30.3123 31.2313 30.8579      0.9813       0.9813    0.4931            1
2025 03 17 29.8920 30.8102 30.4381      0.5587       0.5587    0.5017            1
2025 03 18 30.3145 31.2319 30.8611      0.9789       0.9789    0.5104            1
2025 03 19 29.8991 30.8155 30.4461      0.5611       0.5611    0.5191            1
2025 03 20 30.3166 31.2321 30.8640      0.9762       0.9762    0.5279            1
2025 03 21 29.9066 30.8211 30.4544      0.5638       0.5638    0.5367            1
2025 03 22 30.3183 31.2319 30.8665      0.9731       0.9731    0.5456            1
2025 03 23 29.9146 30.8271 30.4631      0.5669       0.5669    0.5546            1
2025 03 24 30.3198 31.2312 30.8685      0.9696       0.9696    0.5635            1
2025 03 25 29.9231 30.8334 30.4721      0.5704       0.5704    0.5725            1
2025 03 26 30.3212 31.2303 30.8704      0.9659       0.9659    0.5816            1
2025 03 27 29.9319 30.8399 30.4813      0.5741       0.5741    0.5907            1
2025 03 28 30.3222 31.2290 30.8718      0.9618       0.9618    0.5998            1
2025 03 29 29.9412 30.8468 30.4909      0.5782       0.5782    0.6089            1
2025 03 30 30.3231 31.2274 30.8730      0.9575       0.9575    0.6180            1
2025 03 31 29.9508 30.8538 30.5007      0.5825       0.5825    0.6272            1
2025 04 01 30.3239 31.2256 30.8739      0.9530       0.9530    0.6364            1
2025 04 02 29.9606 30.8609 30.5106      0.5870       0.5870    0.6456            1
2025 04 03 30.3245 31.2234 30.8745      0.9482       0.9482    0.6548            1
2025 04 04 29.9708 30.8683 30.5207      0.5918       0.5918    0.6640            1
2025 04 05 30.3249 31.2210 30.8748      0.9432       0.9432    0.6732            1
2025 04 06 29.9813 30.8759 30.5310      0.5968       0.5968    0.6825            1
2025 04 07 30.3252 31.2183 30.8749      0.9380       0.9380    0.6917            1
2025 04 08 29.9920 30.8836 30.5415      0.6020       0.6020    0.7009            1
2025 04 09 30.3254 31.2155 30.8748      0.9327       0.9327    0.7101            1
2025 04 10 30.0028 30.8913 30.5519      0.6073       0.6073    0.7193            1
2025 04 11 30.3255 31.2124 30.8744      0.9272       0.9272    0.7285            1
2025 04 12 30.0139 30.8992 30.5625      0.6128       0.6128    0.7376            1
2025 04 13 30.3255 31.2091 30.8738      0.9216       0.9216    0.7467            1
2025 04 14 30.0252 30.9071 30.5731      0.6184       0.6184    0.7558            1
2025 04 15 30.3255 31.2057 30.8731      0.9159       0.9159    0.7649            1
2025 04 16 30.0365 30.9150 30.5837      0.6241       0.6241    0.7739            1
2025 04 17 30.3255 31.2022 30.8723      0.9102       0.9102    0.7829            1
2025 04 18 30.0479 30.9228 30.5943      0.6298       0.6298    0.7918            1
2025 04 19 30.3254 31.1985 30.8712      0.9044       0.9044    0.8007            1
2025 04 20 30.0594 30.9307 30.6048      0.6356       0.6356    0.8096            1
2025 04 21 30.3253 31.1947 30.8701      0.8986       0.8986    0.8183            1
2025 04 22 30.0709 30.9385 30.6152      0.6414       0.6414    0.8271            1
2025 04 23 30.3252 31.1909 30.8688      0.8928       0.8928    0.8357            1
2025 04 24 30.0824 30.9462 30.6255      0.6472       0.6472    0.8443            1
2025 04 25 30.3251 31.1869 30.8675      0.8870       0.8870    0.8528            1
2025 04 26 30.0939 30.9539 30.6357      0.6530       0.6530    0.8613            1
2025 04 27 30.3249 31.1829 30.8660      0.8812       0.8812    0.8696            1
2025 04 28 30.1054 30.9614 30.6457      0.6588       0.6588    0.8779            1
2025 04 29 30.3249 31.1789 30.8645      0.8755       0.8755    0.8861            1
2025 04 30 30.1167 30.9688 30.6555      0.6645       0.6645    0.8942            1
2025 05 01 30.3250 31.1750 30.8630      0.8699       0.8699    0.9022            1
2025 05 02 30.1280 30.9759 30.6651      0.6701       0.6701    0.9101            1
2025 05 03 30.3250 31.1709 30.8613      0.8643       0.8643    0.9179            1
2025 05 04 30.1392 30.9830 30.6746      0.6757       0.6757    0.9256            1
2025 05 05 30.3252 31.1669 30.8597      0.8589       0.8589    0.9332            1
2025 05 06 30.1501 30.9898 30.6837      0.6811       0.6811    0.9407            1
2025 05 07 30.3254 31.1630 30.8580      0.8536       0.8536    0.9480            1
2025 05 08 30.1609 30.9964 30.6926      0.6864       0.6864    0.9553            1
2025 05 09 30.3257 31.1590 30.8563      0.8484       0.8484    0.9624            1
2025 05 10 30.1716 31.0028 30.7012      0.6916       0.6916    0.9694            1
2025 05 11 30.3261 31.1552 30.8547      0.8434       0.8434    0.9762            1
2025 05 12 30.1820 31.0089 30.7095      0.6966       0.6966    0.9829            1
2025 05 13 30.3266 31.1513 30.8530      0.8385       0.8385    0.9895            1
2025 05 14 30.1922 31.0148 30.7175      0.7015       0.7015    0.9959            1
2025 05 15 30.3272 31.1476 30.8513      0.8338       0.8338    1.0022            2
2025 05 16 30.2022 31.0204 30.7251      0.7062       0.7062    1.0083            2
2025 05 17 30.3278 31.1439 30.8496      0.8292       0.8292    1.0143            2
2025 05 18 30.2120 31.0258 30.7325      0.7108       0.7108    1.0201            2
2025 05 19 30.3285 31.1402 30.8479      0.8248       0.8248    1.0258            2
2025 05 20 30.2215 31.0309 30.7395      0.7152       0.7152    1.0313            2
2025 05 21 30.3295 31.1368 30.8463      0.8207       0.8207    1.0366            2
2025 05 22 30.2306 31.0357 30.7461      0.7193       0.7193    1.0418            2
2025 05 23 30.3304 31.1333 30.8446      0.8167       0.8167    1.0468            2
2025 05 24 30.2395 31.0402 30.7524      0.7233       0.7233    1.0516            2
2025 05 25 30.3314 31.1299 30.8429      0.8128       0.8128    1.0563            2
2025 05 26 30.2482 31.0444 30.7583      0.7272       0.7272    1.0607            2
2025 05 27 30.3325 31.1266 30.8413      0.8092       0.8092    1.0650            2
2025 05 28 30.2565 31.0483 30.7639      0.7308       0.7308    1.0691            2
2025 05 29 30.3338 31.1234 30.8397      0.8058       0.8058    1.0730            2
2025 05 30 30.2645 31.0519 30.7690      0.7342       0.7342    1.0768            2
2025 05 31 30.3351 31.1204 30.8382      0.8026       0.8026    1.0803            2
2025 06 01 30.2721 31.0552 30.7737      0.7374       0.7374    1.0837            2
2025 06 02 30.3364 31.1173 30.8365      0.7995       0.7995    1.0868            2
2025 06 03 30.2796 31.0583 30.7782      0.7405       0.7405    1.0898            2
2025 06 04 30.3378 31.1143 30.8349      0.7966       0.7966    1.0925            2
2025 06 05 30.2867 31.0611 30.7823      0.7434       0.7434    1.0951            2
2025 06 06 30.3392 31.1115 30.8333      0.7939       0.7939    1.0975            2
2025 06 07 30.2934 31.0635 30.7859      0.7461       0.7461    1.0996            2
2025 06 08 30.3407 31.1087 30.8317      0.7914       0.7914    1.1016            2
2025 06 09 30.2999 31.0657 30.7892      0.7486       0.7486    1.1034            2
2025 06 10 30.3422 31.1059 30.8300      0.7890       0.7890    1.1049            2
2025 06 11 30.3061 31.0677 30.7922      0.7510       0.7510    1.1063            2
2025 06 12 30.3437 31.1032 30.8283      0.7868       0.7868    1.1074            2
2025 06 13 30.3119 31.0693 30.7948      0.7532       0.7532    1.1083            2
2025 06 14 30.3452 31.1005 30.8265      0.7847       0.7847    1.1091            2
2025 06 15 30.3175 31.0708 30.7972      0.7553       0.7553    1.1096            2
2025 06 16 30.3467 31.0979 30.8247      0.7828       0.7828    1.1099            2
2025 06 17 30.3227 31.0719 30.7991      0.7572       0.7572    1.1100            2
2025 06 18 30.3481 31.0953 30.8228      0.7810       0.7810    1.1099            2
2025 06 19 30.3277 31.0729 30.8007      0.7590       0.7590    1.1096            2
2025 06 20 30.3494 31.0926 30.8208      0.7792       0.7792    1.1091            2
2025 06 21 30.3325 31.0737 30.8022      0.7608       0.7608    1.1083            2
2025 06 22 30.3507 31.0900 30.8187      0.7776       0.7776    1.1074            2
2025 06 23 30.3369 31.0743 30.8032      0.7624       0.7624    1.1063            2
2025 06 24 30.3520 31.0874 30.8166      0.7761       0.7761    1.1049            2
2025 06 25 30.3411 31.0746 30.8040      0.7639       0.7639    1.1034            2
2025 06 26 30.3531 31.0847 30.8142      0.7746       0.7746    1.1016            2
2025 06 27 30.3451 31.0749 30.8045      0.7654       0.7654    1.0996            2
2025 06 28 30.3539 31.0819 30.8117      0.7731       0.7731    1.0975            2
2025 06 29 30.3489 31.0750 30.8049      0.7669       0.7669    1.0951            2
2025 06 30 30.3548 31.0791 30.8091      0.7717       0.7717    1.0925            2
2025 07 01 30.3524 31.0750 30.8050      0.7683       0.7683    1.0898            2
2025 07 02 30.3554 31.0763 30.8063      0.7703       0.7703    1.0868            2
2025 07 03 30.3558 31.0749 30.8049      0.7697       0.7697    1.0837            2
2025 07 04 30.3560 31.0734 30.8034      0.7690       0.7690    1.0803            2
2025 07 05 30.3588 31.0746 30.8045      0.7710       0.7710    1.0768            2
2025 07 06 30.3562 31.0703 30.8002      0.7676       0.7676    1.0730            2
2025 07 07 30.3618 31.0743 30.8040      0.7724       0.7724    1.0691            2
2025 07 08 30.3563 31.0672 30.7968      0.7662       0.7662    1.0650            2
2025 07 09 30.3646 31.0739 30.8034      0.7738       0.7738    1.0607            2
2025 07 10 30.3561 31.0639 30.7932      0.7647       0.7647    1.0563            2
2025 07 11 30.3673 31.0735 30.8027      0.7753       0.7753    1.0516            2
2025 07 12 30.3557 31.0605 30.7894      0.7632       0.7632    1.0468            2
2025 07 13 30.3698 31.0731 30.8018      0.7768       0.7768    1.0418            2
2025 07 14 30.3550 31.0569 30.7853      0.7616       0.7616    1.0366            2
2025 07 15 30.3722 31.0726 30.8008      0.7784       0.7784    1.0313            2
2025 07 16 30.3540 31.0531 30.7810      0.7599       0.7599    1.0258            2
2025 07 17 30.3745 31.0722 30.7998      0.7801       0.7801    1.0201            2
2025 07 18 30.3527 31.0492 30.7763      0.7581       0.7581    1.0143            2
2025 07 19 30.3767 31.0719 30.7987      0.7819       0.7819    1.0083            2
2025 07 20 30.3512 31.0451 30.7715      0.7563       0.7563    1.0022            2
2025 07 21 30.3787 31.0714 30.7974      0.7837       0.7837    0.9959            1
2025 07 22 30.3492 31.0408 30.7663      0.7542       0.7542    0.9895            1
2025 07 23 30.3808 31.0712 30.7963      0.7858       0.7858    0.9829            1
2025 07 24 30.3471 31.0363 30.7609      0.7521       0.7521    0.9762            1
2025 07 25 30.3827 31.0709 30.7950      0.7879       0.7879    0.9694            1
2025 07 26 30.3445 31.0316 30.7551      0.7498       0.7498    0.9624            1
2025 07 27 30.3847 31.0707 30.7937      0.7902       0.7902    0.9553            1
2025 07 28 30.3416 31.0267 30.7491      0.7474       0.7474    0.9480            1
2025 07 29 30.3865 31.0706 30.7924      0.7926       0.7926    0.9407            1
2025 07 30 30.3382 31.0215 30.7427      0.7447       0.7447    0.9332            1
2025 07 31 30.3884 31.0708 30.7913      0.7953       0.7953    0.9256            1
2025 08 01 30.3347 31.0162 30.7361      0.7420       0.7420    0.9179            1
2025 08 02 30.3902 31.0708 30.7901      0.7980       0.7980    0.9101            1
2025 08 03 30.3306 31.0105 30.7290      0.7390       0.7390    0.9022            1
2025 08 04 30.3920 31.0712 30.7890      0.8010       0.8010    0.8942            1
2025 08 05 30.3262 31.0046 30.7217      0.7358       0.7358    0.8861            1
2025 08 06 30.3939 31.0716 30.7879      0.8042       0.8042    0.8779            1
2025 08 07 30.3215 30.9986 30.7141      0.7325       0.7325    0.8696            1
2025 08 08 30.3957 31.0722 30.7869      0.8075       0.8075    0.8613            1
2025 08 09 30.3163 30.9923 30.7062      0.7290       0.7290    0.8528            1
2025 08 10 30.3974 31.0729 30.7859      0.8110       0.8110    0.8443            1
2025 08 11 30.3108 30.9857 30.6979      0.7253       0.7253    0.8357            1
2025 08 12 30.3992 31.0737 30.7850      0.8147       0.8147    0.8271            1
2025 08 13 30.3049 30.9790 30.6894      0.7214       0.7214    0.8183            1
2025 08 14 30.4011 31.0747 30.7842      0.8186       0.8186    0.8096            1
2025 08 15 30.2986 30.9720 30.6806      0.7173       0.7173    0.8007            1
2025 08 16 30.4029 31.0759 30.7836      0.8227       0.8227    0.7918            1
2025 08 17 30.2920 30.9647 30.6714      0.7130       0.7130    0.7829            1
2025 08 18 30.4047 31.0773 30.7830      0.8270       0.8270    0.7739            1
2025 08 19 30.2849 30.9573 30.6620      0.7085       0.7085    0.7649            1
2025 08 20 30.4066 31.0788 30.7825      0.8315       0.8315    0.7558            1
2025 08 21 30.2776 30.9497 30.6524      0.7039       0.7039    0.7467            1
2025 08 22 30.4084 31.0804 30.7820      0.8361       0.8361    0.7376            1
2025 08 23 30.2699 30.9419 30.6425      0.6991       0.6991    0.7285            1
2025 08 24 30.4102 31.0822 30.7817      0.8409       0.8409    0.7193            1
2025 08 25 30.2619 30.9339 30.6323      0.6941       0.6941    0.7101            1
2025 08 26 30.4121 31.0842 30.7815      0.8459       0.8459    0.7009            1
2025 08 27 30.2536 30.9257 30.6219      0.6890       0.6890    0.6917            1
2025 08 28 30.4139 31.0862 30.7813      0.8510       0.8510    0.6825            1
2025 08 29 30.2450 30.9175 30.6114      0.6838       0.6838    0.6732            1
2025 08 30 30.4157 31.0884 30.7811      0.8562       0.8562    0.6640            1
2025 08 31 30.2361 30.9091 30.6006      0.6784       0.6784    0.6548            1
2025 09 01 30.4175 31.0907 30.7811      0.8616       0.8616    0.6456            1
2025 09 02 30.2269 30.9005 30.5897      0.6729       0.6729    0.6364            1
2025 09 03 30.4192 31.0932 30.7812      0.8671       0.8671    0.6272            1
2025 09 04 30.2175 30.8919 30.5787      0.6673       0.6673    0.6180            1
2025 09 05 30.4209 31.0958 30.7813      0.8727       0.8727    0.6089            1
2025 09 06 30.2078 30.8831 30.5675      0.6616       0.6616    0.5998            1
2025 09 07 30.4226 31.0984 30.7815      0.8784       0.8784    0.5907            1
2025 09 08 30.1980 30.8744 30.5562      0.6559       0.6559    0.5816            1
2025 09 09 30.4241 31.1011 30.7816      0.8841       0.8841    0.5725            1
2025 09 10 30.1879 30.8656 30.5449      0.6501       0.6501    0.5635            1
2025 09 11 30.4256 31.1039 30.7819      0.8899       0.8899    0.5546            1
2025 09 12 30.1778 30.8568 30.5335      0.6443       0.6443    0.5456            1
2025 09 13 30.4269 31.1067 30.7821      0.8957       0.8957    0.5367            1
2025 09 14 30.1675 30.8480 30.5221      0.6385       0.6385    0.5279            1
2025 09 15 30.4282 31.1095 30.7823      0.9015       0.9015    0.5191            1
2025 09 16 30.1570 30.8393 30.5107      0.6327       0.6327    0.5104            1
2025 09 17 30.4293 31.1124 30.7825      0.9073       0.9073    0.5017            1
2025 09 18 30.1465 30.8305 30.4993      0.6269       0.6269    0.4931            1
2025 09 19 30.4303 31.1153 30.7827      0.9131       0.9131    0.4845            1
2025 09 20 30.1360 30.8220 30.4880      0.6212       0.6212    0.4760            1
2025 09 21 30.4311 31.1181 30.7828      0.9188       0.9188    0.4675            1
2025 09 22 30.1255 30.8135 30.4769      0.6156       0.6156    0.4591            1
2025 09 23 30.4317 31.1209 30.7829      0.9244       0.9244    0.4508            1
2025 09 24 30.1149 30.8052 30.4658      0.6101       0.6101    0.4425            1
2025 09 25 30.4322 31.1236 30.7828      0.9299       0.9299    0.4344            1
2025 09 26 30.1043 30.7969 30.4548      0.6046       0.6046    0.4262            1
2025 09 27 30.4325 31.1263 30.7828      0.9354       0.9354    0.4182            1
2025 09 28 30.0939 30.7889 30.4441      0.5994       0.5994    0.4102            1
2025 09 29 30.4325 31.1288 30.7826      0.9406       0.9406    0.4023            1
2025 09 30 30.0835 30.7811 30.4336      0.5943       0.5943    0.3945            1
2025 10 01 30.4322 31.1312 30.7823      0.9457       0.9457    0.3868            1
2025 10 02 30.0733 30.7736 30.4233      0.5894       0.5894    0.3791            1
2025 10 03 30.4318 31.1335 30.7818      0.9506       0.9506    0.3716            1
2025 10 04 30.0631 30.7663 30.4132      0.5847       0.5847    0.3641            1
2025 10 05 30.4310 31.1356 30.7812      0.9553       0.9553    0.3567            1
2025 10 06 30.0533 30.7594 30.4035      0.5803       0.5803    0.3494            1
2025 10 07 30.4299 31.1375 30.7803      0.9597       0.9597    0.3421            1
2025 10 08 30.0435 30.7527 30.3941      0.5761       0.5761    0.3350            1
2025 10 09 30.4286 31.1393 30.7793      0.9639       0.9639    0.3279            1
2025 10 10 30.0341 30.7464 30.3851      0.5722       0.5722    0.3209            1
2025 10 11 30.4269 31.1408 30.7781      0.9678       0.9678    0.3141            1
2025 10 12 30.0249 30.7405 30.3764      0.5686       0.5686    0.3073            1
2025 10 13 30.4248 31.1421 30.7767      0.9714       0.9714    0.3006            1
2025 10 14 30.0159 30.7349 30.3681      0.5653       0.5653    0.2940            1
2025 10 15 30.4225 31.1432 30.7751      0.9747       0.9747    0.2874            1
2025 10 16 30.0074 30.7298 30.3603      0.5624       0.5624    0.2810            1
2025 10 17 30.4197 31.1439 30.7731      0.9776       0.9776    0.2747            1
2025 10 18 29.9991 30.7250 30.3530      0.5598       0.5598    0.2684            1
2025 10 19 30.4166 31.1444 30.7710      0.9802       0.9802    0.2623            1
2025 10 20 29.9913 30.7209 30.3462      0.5577       0.5577    0.2562            1
2025 10 21 30.4130 31.1445 30.7685      0.9823       0.9823    0.2503            1
2025 10 22 29.9838 30.7171 30.3398      0.5559       0.5559    0.2444            1
2025 10 23 30.4091 31.1444 30.7657      0.9841       0.9841    0.2386            1
2025 10 24 29.9767 30.7138 30.3339      0.5545       0.5545    0.2329            1
2025 10 25 30.4048 31.1439 30.7627      0.9855       0.9855    0.2273            1
2025 10 26 29.9701 30.7111 30.3287      0.5536       0.5536    0.2218            1
2025 10 27 30.4000 31.1430 30.7593      0.9864       0.9864    0.2164            1
2025 10 28 29.9639 30.7089 30.3239      0.5531       0.5531    0.2111            1
2025 10 29 30.3949 31.1418 30.7557      0.9869       0.9869    0.2059            1
2025 10 30 29.9581 30.7071 30.3197      0.5530       0.5530    0.2008            1
2025 10 31 30.3893 31.1403 30.7517      0.9870       0.9870    0.1957            1
2025 11 01 29.9529 30.7060 30.3162      0.5534       0.5534    0.1908            1
2025 11 02 30.3833 31.1384 30.7474      0.9866       0.9866    0.1859            1
2025 11 03 29.9482 30.7054 30.3133      0.5543       0.5543    0.1811            1
2025 11 04 30.3769 31.1361 30.7428      0.9857       0.9857    0.1765            1
2025 11 05 29.9441 30.7054 30.3110      0.5557       0.5557    0.1719            1
2025 11 06 30.3699 31.1334 30.7378      0.9843       0.9843    0.1674            1
2025 11 07 29.9404 30.7060 30.3092      0.5575       0.5575    0.1630            1
2025 11 08 30.3627 31.1304 30.7325      0.9825       0.9825    0.1586            1
2025 11 09 29.9373 30.7072 30.3082      0.5599       0.5599    0.1544            1
2025 11 10 30.3548 31.1268 30.7268      0.9801       0.9801    0.1502            1
2025 11 11 29.9348 30.7089 30.3078      0.5627       0.5627    0.1461            1
2025 11 12 30.3467 31.1230 30.7209      0.9773       0.9773    0.1422            1
2025 11 13 29.9327 30.7112 30.3080      0.5660       0.5660    0.1383            1
2025 11 14 30.3381 31.1188 30.7146      0.9740       0.9740    0.1344            1
2025 11 15 29.9313 30.7142 30.3089      0.5698       0.5698    0.1307            1
2025 11 16 30.3291 31.1141 30.7079      0.9702       0.9702    0.1270            1
2025 11 17 29.9304 30.7177 30.3105      0.5741       0.5741    0.1234            1
2025 11 18 30.3197 31.1091 30.7010      0.9659       0.9659    0.1199            1
2025 11 19 29.9302 30.7218 30.3127      0.5789       0.5789    0.1165            1
2025 11 20 30.3099 31.1037 30.6937      0.9611       0.9611    0.1132            1
2025 11 21 29.9304 30.7264 30.3155      0.5841       0.5841    0.1099            1
2025 11 22 30.2997 31.0980 30.6862      0.9559       0.9559    0.1067            1
2025 11 23 29.9312 30.7316 30.3190      0.5898       0.5898    0.1036            1
2025 11 24 30.2892 31.0918 30.6784      0.9502       0.9502    0.1005            1
2025 11 25 29.9326 30.7375 30.3232      0.5960       0.5960    0.0975            1
2025 11 26 30.2783 31.0853 30.6702      0.9440       0.9440    0.0946            1
2025 11 27 29.9346 30.7438 30.3279      0.6026       0.6026    0.0918            1
2025 11 28 30.2671 31.0785 30.6618      0.9374       0.9374    0.0890            1
2025 11 29 29.9371 30.7507 30.3333      0.6097       0.6097    0.0863            1
2025 11 30 30.2555 31.0713 30.6531      0.9303       0.9303    0.0836            1
2025 12 01 29.9401 30.7581 30.3392      0.6171       0.6171    0.0811            1
2025 12 02 30.2437 31.0639 30.6443      0.9229       0.9229    0.0786            1
2025 12 03 29.9437 30.7660 30.3458      0.6250       0.6250    0.0761            1
2025 12 04 30.2316 31.0561 30.6352      0.9150       0.9150    0.0737            1
2025 12 05 29.9477 30.7744 30.3529      0.6332       0.6332    0.0714            1
2025 12 06 30.2193 31.0481 30.6260      0.9068       0.9068    0.0692            1
2025 12 07 29.9523 30.7832 30.3605      0.6418       0.6418    0.0670            1
2025 12 08 30.2067 31.0398 30.6165      0.8982       0.8982    0.0648            1
2025 12 09 29.9574 30.7926 30.3688      0.6508       0.6508    0.0627            1
2025 12 10 30.1939 31.0312 30.6069      0.8892       0.8892    0.0607            1
2025 12 11 29.9628 30.8023 30.3774      0.6600       0.6600    0.0587            1
2025 12 12 30.1810 31.0225 30.5972      0.8800       0.8800    0.0568            1
2025 12 13 29.9688 30.8124 30.3867      0.6696       0.6696    0.0549            1
2025 12 14 30.1679 31.0136 30.5874      0.8704       0.8704    0.0531            1
2025 12 15 29.9752 30.8229 30.3963      0.6794       0.6794    0.0513            1
2025 12 16 30.1547 31.0045 30.5775      0.8606       0.8606    0.0496            1
2025 12 17 29.9820 30.8338 30.4064      0.6895       0.6895    0.0479            1
2025 12 18 30.1414 30.9952 30.5675      0.8505       0.8505    0.0463            1
2025 12 19 29.9891 30.8450 30.4170      0.6998       0.6998    0.0447            1
2025 12 20 30.1280 30.9858 30.5575      0.8402       0.8402    0.0432            1
2025 12 21 29.9966 30.8563 30.4278      0.7102       0.7102    0.0417            1
2025 12 22 30.1148 30.9765 30.5476      0.8298       0.8298    0.0403            1
2025 12 23 30.0045 30.8681 30.4391      0.7209       0.7209    0.0389            1
2025 12 24 30.1014 30.9669 30.5376      0.8191       0.8191    0.0375            1
2025 12 25 30.0127 30.8801 30.4507      0.7317       0.7317    0.0362            1
2025 12 26 30.0880 30.9573 30.5277      0.8083       0.8083    0.0349            1
2025 12 27 30.0210 30.8921 30.4624      0.7425       0.7425    0.0337            1
2025 12 28 30.0749 30.9478 30.5180      0.7975       0.7975    0.0325            1
2025 12 29 30.0298 30.9045 30.4746      0.7535       0.7535    0.0313            1
2025 12 30 30.0617 30.9382 30.5083      0.7865       0.7865    0.0302            1
2025 12 31 30.0442 30.9225 30.4925      0.7700       0.7700    0.0000            1
