Name:
Western Gulf of Thailand
 
Polygon Middle Longitude:
99.7500  
 
Polygon Middle Latitude:
10.9000 
 
Averaged Maximum Monthly Mean:
30.1316
 
Averaged Monthly Mean (Jan-Dec):
27.4879 28.0743 28.9679 29.9731 30.1316 29.5987 29.0044 28.7701 28.7142 28.6952 28.2538 27.4102
 
First Valid DHW Date:
1985 25 03
 
First Valid BAA Date:
1985 31 03
 
YYYY MM DD SST_MIN SST_MAX SST@90th_HS SSTA@90th_HS 90th_HS>0 DHW_from_90th_HS>1 BAA_7day_max
2012 01 01 30.2156 31.0956 30.6656      0.6900       0.6900    0.2612            1
2012 01 02 30.2147 31.0964 30.6664      0.6900       0.6900    0.2695            1
2012 01 03 30.2248 31.1082 30.6782      0.7010       0.7010    0.2781            1
2012 01 04 30.2020 31.0870 30.6571      0.6790       0.6790    0.2869            1
2012 01 05 30.2341 31.1208 30.6910      0.7119       0.7119    0.2958            1
2012 01 06 30.1896 31.0778 30.6481      0.6681       0.6681    0.3051            1
2012 01 07 30.2436 31.1334 30.7039      0.7228       0.7228    0.3145            1
2012 01 08 30.1774 31.0688 30.6393      0.6572       0.6572    0.3242            1
2012 01 09 30.2532 31.1461 30.7169      0.7336       0.7336    0.3341            1
2012 01 10 30.1654 31.0599 30.6308      0.6464       0.6464    0.3442            1
2012 01 11 30.2628 31.1588 30.7299      0.7443       0.7443    0.3546            1
2012 01 12 30.1538 31.0512 30.6226      0.6357       0.6357    0.3653            1
2012 01 13 30.2726 31.1714 30.7431      0.7549       0.7549    0.3762            1
2012 01 14 30.1425 31.0426 30.6146      0.6251       0.6251    0.3873            1
2012 01 15 30.2823 31.1838 30.7561      0.7652       0.7652    0.3987            1
2012 01 16 30.1316 31.0344 30.6071      0.6148       0.6148    0.4103            1
2012 01 17 30.2920 31.1961 30.7691      0.7754       0.7754    0.4223            1
2012 01 18 30.1211 31.0265 30.5998      0.6046       0.6046    0.4344            1
2012 01 19 30.3017 31.2083 30.7821      0.7853       0.7853    0.4469            1
2012 01 20 30.1110 31.0188 30.5931      0.5947       0.5947    0.4596            1
2012 01 21 30.3113 31.2203 30.7950      0.7950       0.7950    0.4726            1
2012 01 22 30.1014 31.0115 30.5866      0.5850       0.5850    0.4858            1
2012 01 23 30.3208 31.2321 30.8077      0.8044       0.8044    0.4994            1
2012 01 24 30.0922 31.0045 30.5807      0.5756       0.5756    0.5132            1
2012 01 25 30.3303 31.2436 30.8203      0.8135       0.8135    0.5273            1
2012 01 26 30.0835 30.9979 30.5751      0.5665       0.5665    0.5417            1
2012 01 27 30.3395 31.2548 30.8327      0.8222       0.8222    0.5564            1
2012 01 28 30.0754 30.9917 30.5701      0.5578       0.5578    0.5714            1
2012 01 29 30.3486 31.2658 30.8449      0.8306       0.8306    0.5866            1
2012 01 30 30.0678 30.9859 30.5656      0.5494       0.5494    0.6022            1
2012 01 31 30.3576 31.2765 30.8569      0.8387       0.8387    0.6180            1
2012 02 01 30.0608 30.9804 30.5615      0.5413       0.5413    0.6342            1
2012 02 02 30.3663 31.2868 30.8685      0.8463       0.8463    0.6506            1
2012 02 03 30.0544 30.9755 30.5580      0.5337       0.5337    0.6674            1
2012 02 04 30.3749 31.2968 30.8800      0.8536       0.8536    0.6845            1
2012 02 05 30.0484 30.9710 30.5550      0.5264       0.5264    0.7018            1
2012 02 06 30.3832 31.3064 30.8912      0.8604       0.8604    0.7195            1
2012 02 07 30.0432 30.9670 30.5526      0.5196       0.5196    0.7375            1
2012 02 08 30.3913 31.3156 30.9020      0.8668       0.8668    0.7558            1
2012 02 09 30.0386 30.9634 30.5506      0.5132       0.5132    0.7743            1
2012 02 10 30.3991 31.3244 30.9125      0.8728       0.8728    0.7932            1
2012 02 11 30.0345 30.9602 30.5492      0.5072       0.5072    0.8125            1
2012 02 12 30.4066 31.3327 30.9226      0.8782       0.8782    0.8320            1
2012 02 13 30.0313 30.9577 30.5486      0.5018       0.5018    0.8518            1
2012 02 14 30.4139 31.3407 30.9324      0.8833       0.8833    0.8719            1
2012 02 15 30.0285 30.9556 30.5483      0.4967       0.4967    0.8924            1
2012 02 16 30.4208 31.3481 30.9418      0.8878       0.8878    0.9131            1
2012 02 17 30.0265 30.9540 30.5487      0.4922       0.4922    0.9342            1
2012 02 18 30.4275 31.3552 30.9508      0.8919       0.8919    0.9555            1
2012 02 19 30.0250 30.9529 30.5496      0.4881       0.4881    0.9772            1
2012 02 20 30.4338 31.3618 30.9595      0.8955       0.8955    0.9992            1
2012 02 21 30.0242 30.9523 30.5510      0.4845       0.4845    1.0215            2
2012 02 22 30.4398 31.3679 30.9677      0.8986       0.8986    1.0440            2
2012 02 23 30.0241 30.9522 30.5531      0.4814       0.4814    1.0669            2
2012 02 24 30.4455 31.3735 30.9755      0.9012       0.9012    1.0901            2
2012 02 25 30.0247 30.9526 30.5557      0.4788       0.4788    1.1136            2
2012 02 26 30.4508 31.3786 30.9828      0.9033       0.9033    1.1373            2
2012 02 27 30.0259 30.9535 30.5589      0.4767       0.4767    1.1614            2
2012 02 28 30.4558 31.3833 30.9897      0.9049       0.9049    1.1857            2
2012 02 29 30.0278 30.9550 30.5626      0.4751       0.4751    1.2103            2
2012 03 01 30.4606 31.3875 30.9963      0.9061       0.9061    1.2352            2
2012 03 02 30.0302 30.9568 30.5668      0.4739       0.4739    1.2604            2
2012 03 03 30.4650 31.3912 31.0024      0.9068       0.9068    1.2858            2
2012 03 04 30.0333 30.9592 30.5716      0.4732       0.4732    1.3115            2
2012 03 05 30.4690 31.3945 31.0081      0.9070       0.9070    1.3375            2
2012 03 06 30.0370 30.9620 30.5768      0.4730       0.4730    1.3637            2
2012 03 07 30.4728 31.3973 31.0134      0.9068       0.9068    1.3902            2
2012 03 08 30.0413 30.9652 30.5826      0.4732       0.4732    1.4169            2
2012 03 09 30.4762 31.3996 31.0182      0.9061       0.9061    1.4439            2
2012 03 10 30.0462 30.9689 30.5888      0.4739       0.4739    1.4711            2
2012 03 11 30.4794 31.4015 31.0227      0.9050       0.9050    1.4986            2
2012 03 12 30.0516 30.9730 30.5955      0.4750       0.4750    1.5263            2
2012 03 13 30.4823 31.4030 31.0267      0.9035       0.9035    1.5541            2
2012 03 14 30.0575 30.9775 30.6025      0.4765       0.4765    1.5822            2
2012 03 15 30.4848 31.4040 31.0303      0.9015       0.9015    1.6106            2
2012 03 16 30.0641 30.9825 30.6101      0.4785       0.4785    1.6391            2
2012 03 17 30.4871 31.4046 31.0336      0.8992       0.8992    1.6678            2
2012 03 18 30.0711 30.9877 30.6180      0.4808       0.4808    1.6966            2
2012 03 19 30.4891 31.4048 31.0365      0.8965       0.8965    1.7257            2
2012 03 20 30.0785 30.9933 30.6262      0.4835       0.4835    1.7549            2
2012 03 21 30.4909 31.4046 31.0389      0.8934       0.8934    1.7843            2
2012 03 22 30.0865 30.9993 30.6349      0.4866       0.4866    1.8139            2
2012 03 23 30.4924 31.4041 31.0411      0.8900       0.8900    1.8435            2
2012 03 24 30.0949 31.0055 30.6438      0.4900       0.4900    1.8734            2
2012 03 25 30.4937 31.4032 31.0429      0.8863       0.8863    1.9033            2
2012 03 26 30.1037 31.0120 30.6531      0.4937       0.4937    1.9334            2
2012 03 27 30.4948 31.4019 31.0444      0.8823       0.8823    1.9635            2
2012 03 28 30.1128 31.0187 30.6625      0.4977       0.4977    1.9938            2
2012 03 29 30.4958 31.4005 31.0457      0.8781       0.8781    2.0241            2
2012 03 30 30.1223 31.0256 30.6722      0.5019       0.5019    2.0546            2
2012 03 31 30.4965 31.3985 31.0465      0.8735       0.8735    2.0850            2
2012 04 01 30.1322 31.0329 30.6822      0.5065       0.5065    2.1156            2
2012 04 02 30.4972 31.3965 31.0472      0.8688       0.8688    2.1462            2
2012 04 03 30.1423 31.0402 30.6922      0.5112       0.5112    2.1768            2
2012 04 04 30.4976 31.3940 31.0475      0.8638       0.8638    2.2074            2
2012 04 05 30.1527 31.0477 30.7025      0.5162       0.5162    2.2381            2
2012 04 06 30.4979 31.3914 31.0476      0.8587       0.8587    2.2688            2
2012 04 07 30.1633 31.0553 30.7128      0.5213       0.5213    2.2994            2
2012 04 08 30.4981 31.3886 31.0475      0.8534       0.8534    2.3300            2
2012 04 09 30.1741 31.0630 30.7233      0.5266       0.5266    2.3606            2
2012 04 10 30.4982 31.3855 31.0471      0.8479       0.8479    2.3911            2
2012 04 11 30.1852 31.0709 30.7338      0.5321       0.5321    2.4216            2
2012 04 12 30.4983 31.3823 31.0467      0.8424       0.8424    2.4520            2
2012 04 13 30.1963 31.0786 30.7443      0.5376       0.5376    2.4824            2
2012 04 14 30.4982 31.3789 31.0459      0.8367       0.8367    2.5126            2
2012 04 15 30.2076 31.0866 30.7549      0.5433       0.5433    2.5427            2
2012 04 16 30.4981 31.3753 31.0451      0.8310       0.8310    2.5727            2
2012 04 17 30.2190 31.0944 30.7654      0.5490       0.5490    2.6026            2
2012 04 18 30.4981 31.3718 31.0441      0.8253       0.8253    2.6323            2
2012 04 19 30.2303 31.1022 30.7759      0.5547       0.5547    2.6618            2
2012 04 20 30.4980 31.3680 31.0430      0.8195       0.8195    2.6912            2
2012 04 21 30.2418 31.1100 30.7863      0.5605       0.5605    2.7204            2
2012 04 22 30.4978 31.3641 31.0417      0.8137       0.8137    2.7494            2
2012 04 23 30.2533 31.1177 30.7965      0.5663       0.5663    2.7782            2
2012 04 24 30.4977 31.3602 31.0403      0.8079       0.8079    2.8068            2
2012 04 25 30.2647 31.1253 30.8067      0.5721       0.5721    2.8351            2
2012 04 26 30.4976 31.3562 31.0389      0.8021       0.8021    2.8631            2
2012 04 27 30.2762 31.1329 30.8168      0.5779       0.5779    2.8909            2
2012 04 28 30.4975 31.3522 31.0374      0.7964       0.7964    2.9185            2
2012 04 29 30.2875 31.1402 30.8266      0.5836       0.5836    2.9457            2
2012 04 30 30.4975 31.3482 31.0358      0.7908       0.7908    2.9726            2
2012 05 01 30.2987 31.1474 30.8362      0.5892       0.5892    2.9993            2
2012 05 02 30.4976 31.3442 31.0342      0.7853       0.7853    3.0255            2
2012 05 03 30.3098 31.1544 30.8456      0.5947       0.5947    3.0515            2
2012 05 04 30.4977 31.3402 31.0325      0.7798       0.7798    3.0771            2
2012 05 05 30.3209 31.1613 30.8548      0.6002       0.6002    3.1023            2
2012 05 06 30.4979 31.3362 31.0309      0.7745       0.7745    3.1271            2
2012 05 07 30.3317 31.1679 30.8636      0.6055       0.6055    3.1516            2
2012 05 08 30.4982 31.3323 31.0292      0.7693       0.7693    3.1756            2
2012 05 09 30.3423 31.1743 30.8723      0.6107       0.6107    3.1993            2
2012 05 10 30.4986 31.3284 31.0275      0.7643       0.7643    3.2224            2
2012 05 11 30.3527 31.1804 30.8805      0.6157       0.6157    3.2452            2
2012 05 12 30.4990 31.3246 31.0258      0.7594       0.7594    3.2675            2
2012 05 13 30.3629 31.1863 30.8886      0.6206       0.6206    3.2893            2
2012 05 14 30.4995 31.3207 31.0241      0.7546       0.7546    3.3107            2
2012 05 15 30.3729 31.1920 30.8963      0.6254       0.6254    3.3316            2
2012 05 16 30.5001 31.3170 31.0223      0.7500       0.7500    3.3520            2
2012 05 17 30.3827 31.1974 30.9037      0.6300       0.6300    3.3718            2
2012 05 18 30.5009 31.3134 31.0207      0.7457       0.7457    3.3912            2
2012 05 19 30.3921 31.2024 30.9106      0.6343       0.6343    3.4100            2
2012 05 20 30.5017 31.3098 31.0190      0.7414       0.7414    3.4283            2
2012 05 21 30.4014 31.2073 30.9174      0.6386       0.6386    3.4460            2
2012 05 22 30.5026 31.3063 31.0173      0.7374       0.7374    3.4632            2
2012 05 23 30.4103 31.2118 30.9237      0.6426       0.6426    3.4798            2
2012 05 24 30.5037 31.3030 31.0157      0.7336       0.7336    3.4959            2
2012 05 25 30.4189 31.2160 30.9296      0.6464       0.6464    3.5113            2
2012 05 26 30.5047 31.2996 31.0140      0.7299       0.7299    3.5262            2
2012 05 27 30.4272 31.2200 30.9352      0.6501       0.6501    3.5404            2
2012 05 28 30.5059 31.2965 31.0125      0.7265       0.7265    3.5541            2
2012 05 29 30.4352 31.2236 30.9403      0.6535       0.6535    3.5671            2
2012 05 30 30.5072 31.2933 31.0108      0.7232       0.7232    3.5795            2
2012 05 31 30.4430 31.2270 30.9452      0.6568       0.6568    3.5913            2
2012 06 01 30.5084 31.2903 31.0092      0.7201       0.7201    3.6024            2
2012 06 02 30.4504 31.2300 30.9497      0.6599       0.6599    3.6129            2
2012 06 03 30.5098 31.2873 31.0076      0.7172       0.7172    3.6228            2
2012 06 04 30.4575 31.2328 30.9537      0.6628       0.6628    3.6320            2
2012 06 05 30.5113 31.2844 31.0060      0.7145       0.7145    3.6405            2
2012 06 06 30.4643 31.2353 30.9574      0.6655       0.6655    3.6483            2
2012 06 07 30.5127 31.2815 31.0043      0.7119       0.7119    3.6555            2
2012 06 08 30.4708 31.2375 30.9609      0.6681       0.6681    3.6621            2
2012 06 09 30.5141 31.2787 31.0026      0.7095       0.7095    3.6679            2
2012 06 10 30.4770 31.2395 30.9639      0.6705       0.6705    3.6731            2
2012 06 11 30.5156 31.2761 31.0009      0.7073       0.7073    3.6776            2
2012 06 12 30.4828 31.2412 30.9665      0.6727       0.6727    3.6814            2
2012 06 13 30.5171 31.2734 30.9992      0.7052       0.7052    3.6845            2
2012 06 14 30.4884 31.2426 30.9688      0.6748       0.6748    3.6869            2
2012 06 15 30.5185 31.2707 30.9973      0.7032       0.7032    3.6886            2
2012 06 16 30.4938 31.2439 30.9709      0.6768       0.6768    3.6897            2
2012 06 17 30.5200 31.2681 30.9954      0.7014       0.7014    3.6900            2
2012 06 18 30.4987 31.2448 30.9726      0.6786       0.6786    3.6897            2
2012 06 19 30.5213 31.2654 30.9934      0.6996       0.6996    3.6886            2
2012 06 20 30.5036 31.2457 30.9740      0.6804       0.6804    3.6869            2
2012 06 21 30.5226 31.2628 30.9914      0.6980       0.6980    3.6845            2
2012 06 22 30.5080 31.2463 30.9751      0.6820       0.6820    3.6814            2
2012 06 23 30.5238 31.2601 30.9892      0.6964       0.6964    3.6776            2
2012 06 24 30.5123 31.2467 30.9760      0.6836       0.6836    3.6731            2
2012 06 25 30.5249 31.2574 30.9868      0.6949       0.6949    3.6679            2
2012 06 26 30.5163 31.2470 30.9766      0.6851       0.6851    3.6621            2
2012 06 27 30.5259 31.2547 30.9844      0.6935       0.6935    3.6555            2
2012 06 28 30.5200 31.2471 30.9769      0.6865       0.6865    3.6483            2
2012 06 29 30.5267 31.2520 30.9819      0.6921       0.6921    3.6405            2
2012 06 30 30.5236 31.2470 30.9770      0.6879       0.6879    3.6320            2
2012 07 01 30.5274 31.2491 30.9791      0.6907       0.6907    3.6228            2
2012 07 02 30.5269 31.2469 30.9769      0.6893       0.6893    3.6129            2
2012 07 03 30.5278 31.2461 30.9761      0.6893       0.6893    3.6024            2
2012 07 04 30.5301 31.2467 30.9767      0.6907       0.6907    3.5913            2
2012 07 05 30.5281 31.2431 30.9730      0.6879       0.6879    3.5795            2
2012 07 06 30.5331 31.2464 30.9762      0.6921       0.6921    3.5671            2
2012 07 07 30.5282 31.2400 30.9697      0.6865       0.6865    3.5541            2
2012 07 08 30.5359 31.2461 30.9756      0.6935       0.6935    3.5404            2
2012 07 09 30.5281 31.2367 30.9662      0.6851       0.6851    3.5262            2
2012 07 10 30.5385 31.2456 30.9748      0.6949       0.6949    3.5113            2
2012 07 11 30.5278 31.2333 30.9624      0.6836       0.6836    3.4959            2
2012 07 12 30.5411 31.2451 30.9740      0.6964       0.6964    3.4798            2
2012 07 13 30.5271 31.2297 30.9583      0.6820       0.6820    3.4632            2
2012 07 14 30.5435 31.2447 30.9730      0.6980       0.6980    3.4460            2
2012 07 15 30.5262 31.2261 30.9541      0.6804       0.6804    3.4283            2
2012 07 16 30.5457 31.2442 30.9719      0.6996       0.6996    3.4100            2
2012 07 17 30.5250 31.2222 30.9495      0.6786       0.6786    3.3912            2
2012 07 18 30.5480 31.2439 30.9709      0.7014       0.7014    3.3718            2
2012 07 19 30.5235 31.2181 30.9448      0.6768       0.6768    3.3520            2
2012 07 20 30.5500 31.2434 30.9696      0.7032       0.7032    3.3316            2
2012 07 21 30.5217 31.2139 30.9396      0.6748       0.6748    3.3107            2
2012 07 22 30.5521 31.2431 30.9684      0.7052       0.7052    3.2893            2
2012 07 23 30.5195 31.2094 30.9343      0.6727       0.6727    3.2675            2
2012 07 24 30.5541 31.2428 30.9672      0.7073       0.7073    3.2452            2
2012 07 25 30.5171 31.2048 30.9286      0.6705       0.6705    3.2224            2
2012 07 26 30.5559 31.2426 30.9659      0.7095       0.7095    3.1993            2
2012 07 27 30.5143 31.1999 30.9227      0.6681       0.6681    3.1756            2
2012 07 28 30.5578 31.2425 30.9646      0.7119       0.7119    3.1516            2
2012 07 29 30.5111 31.1948 30.9164      0.6655       0.6655    3.1271            2
2012 07 30 30.5597 31.2425 30.9634      0.7145       0.7145    3.1023            2
2012 07 31 30.5076 31.1895 30.9098      0.6628       0.6628    3.0771            2
2012 08 01 30.5615 31.2426 30.9622      0.7172       0.7172    3.0515            2
2012 08 02 30.5036 31.1840 30.9029      0.6599       0.6599    3.0255            2
2012 08 03 30.5633 31.2428 30.9611      0.7201       0.7201    2.9993            2
2012 08 04 30.4993 31.1782 30.8957      0.6568       0.6568    2.9726            2
2012 08 05 30.5651 31.2432 30.9600      0.7232       0.7232    2.9457            2
2012 08 06 30.4947 31.1721 30.8881      0.6535       0.6535    2.9185            2
2012 08 07 30.5669 31.2437 30.9589      0.7265       0.7265    2.8909            2
2012 08 08 30.4897 31.1659 30.8803      0.6501       0.6501    2.8631            2
2012 08 09 30.5686 31.2443 30.9579      0.7299       0.7299    2.8351            2
2012 08 10 30.4842 31.1594 30.8722      0.6464       0.6464    2.8068            2
2012 08 11 30.5705 31.2452 30.9571      0.7336       0.7336    2.7782            2
2012 08 12 30.4785 31.1528 30.8638      0.6426       0.6426    2.7494            2
2012 08 13 30.5722 31.2461 30.9562      0.7374       0.7374    2.7204            2
2012 08 14 30.4723 31.1459 30.8550      0.6386       0.6386    2.6912            2
2012 08 15 30.5740 31.2472 30.9555      0.7414       0.7414    2.6618            2
2012 08 16 30.4657 31.1386 30.8459      0.6343       0.6343    2.6323            2
2012 08 17 30.5759 31.2486 30.9549      0.7457       0.7457    2.6026            2
2012 08 18 30.4589 31.1314 30.8367      0.6300       0.6300    2.5727            2
2012 08 19 30.5776 31.2499 30.9543      0.7500       0.7500    2.5427            2
2012 08 20 30.4517 31.1238 30.8271      0.6254       0.6254    2.5126            2
2012 08 21 30.5795 31.2515 30.9538      0.7546       0.7546    2.4824            2
2012 08 22 30.4441 31.1160 30.8173      0.6206       0.6206    2.4520            2
2012 08 23 30.5814 31.2533 30.9535      0.7594       0.7594    2.4216            2
2012 08 24 30.4362 31.1081 30.8072      0.6157       0.6157    2.3911            2
2012 08 25 30.5832 31.2552 30.9532      0.7643       0.7643    2.3606            2
2012 08 26 30.4280 31.1001 30.7970      0.6107       0.6107    2.3300            2
2012 08 27 30.5850 31.2572 30.9530      0.7693       0.7693    2.2994            2
2012 08 28 30.4195 31.0919 30.7865      0.6055       0.6055    2.2688            2
2012 08 29 30.5868 31.2593 30.9529      0.7745       0.7745    2.2381            2
2012 08 30 30.4107 31.0835 30.7759      0.6002       0.6002    2.2074            2
2012 08 31 30.5885 31.2616 30.9528      0.7798       0.7798    2.1768            2
2012 09 01 30.4016 31.0750 30.7650      0.5947       0.5947    2.1462            2
2012 09 02 30.5903 31.2641 30.9529      0.7853       0.7853    2.1156            2
2012 09 03 30.3923 31.0664 30.7540      0.5892       0.5892    2.0850            2
2012 09 04 30.5920 31.2665 30.9529      0.7908       0.7908    2.0546            2
2012 09 05 30.3828 31.0578 30.7430      0.5836       0.5836    2.0241            2
2012 09 06 30.5936 31.2691 30.9530      0.7964       0.7964    1.9938            2
2012 09 07 30.3730 31.0491 30.7317      0.5779       0.5779    1.9635            2
2012 09 08 30.5952 31.2718 30.9532      0.8021       0.8021    1.9334            2
2012 09 09 30.3630 31.0403 30.7204      0.5721       0.5721    1.9033            2
2012 09 10 30.5967 31.2746 30.9534      0.8079       0.8079    1.8734            2
2012 09 11 30.3529 31.0315 30.7090      0.5663       0.5663    1.8435            2
2012 09 12 30.5981 31.2774 30.9537      0.8137       0.8137    1.8139            2
2012 09 13 30.3427 31.0227 30.6977      0.5605       0.5605    1.7843            2
2012 09 14 30.5994 31.2802 30.9539      0.8195       0.8195    1.7549            2
2012 09 15 30.3323 31.0139 30.6863      0.5547       0.5547    1.7257            2
2012 09 16 30.6006 31.2831 30.9541      0.8253       0.8253    1.6966            2
2012 09 17 30.3219 31.0053 30.6750      0.5490       0.5490    1.6678            2
2012 09 18 30.6016 31.2859 30.9542      0.8310       0.8310    1.6391            2
2012 09 19 30.3115 30.9967 30.6638      0.5433       0.5433    1.6106            2
2012 09 20 30.6024 31.2887 30.9544      0.8367       0.8367    1.5822            2
2012 09 21 30.3009 30.9881 30.6525      0.5376       0.5376    1.5541            2
2012 09 22 30.6032 31.2915 30.9545      0.8424       0.8424    1.5263            2
2012 09 23 30.2904 30.9798 30.6415      0.5321       0.5321    1.4986            2
2012 09 24 30.6037 31.2942 30.9545      0.8479       0.8479    1.4711            2
2012 09 25 30.2798 30.9715 30.6304      0.5266       0.5266    1.4439            2
2012 09 26 30.6041 31.2970 30.9545      0.8534       0.8534    1.4169            2
2012 09 27 30.2694 30.9635 30.6197      0.5213       0.5213    1.3902            2
2012 09 28 30.6042 31.2995 30.9543      0.8587       0.8587    1.3637            2
2012 09 29 30.2590 30.9557 30.6091      0.5162       0.5162    1.3375            2
2012 09 30 30.6040 31.3020 30.9540      0.8638       0.8638    1.3115            2
2012 10 01 30.2487 30.9480 30.5987      0.5112       0.5112    1.2858            2
2012 10 02 30.6036 31.3043 30.9536      0.8688       0.8688    1.2604            2
2012 10 03 30.2386 30.9407 30.5887      0.5065       0.5065    1.2352            2
2012 10 04 30.6029 31.3065 30.9530      0.8735       0.8735    1.2103            2
2012 10 05 30.2286 30.9336 30.5788      0.5019       0.5019    1.1857            2
2012 10 06 30.6021 31.3086 30.9524      0.8781       0.8781    1.1614            2
2012 10 07 30.2189 30.9269 30.5694      0.4977       0.4977    1.1373            2
2012 10 08 30.6008 31.3103 30.9514      0.8823       0.8823    1.1136            2
2012 10 09 30.2094 30.9205 30.5602      0.4937       0.4937    1.0901            2
2012 10 10 30.5992 31.3119 30.9503      0.8863       0.8863    1.0669            2
2012 10 11 30.2001 30.9144 30.5515      0.4900       0.4900    1.0440            2
2012 10 12 30.5973 31.3133 30.9489      0.8900       0.8900    1.0215            2
2012 10 13 30.1911 30.9088 30.5431      0.4866       0.4866    0.9992            1
2012 10 14 30.5951 31.3144 30.9474      0.8934       0.8934    0.9772            1
2012 10 15 30.1824 30.9034 30.5351      0.4835       0.4835    0.9555            1
2012 10 16 30.5926 31.3154 30.9456      0.8965       0.8965    0.9342            1
2012 10 17 30.1740 30.8986 30.5276      0.4808       0.4808    0.9131            1
2012 10 18 30.5896 31.3159 30.9436      0.8992       0.8992    0.8924            1
2012 10 19 30.1661 30.8942 30.5205      0.4785       0.4785    0.8719            1
2012 10 20 30.5862 31.3162 30.9412      0.9015       0.9015    0.8518            1
2012 10 21 30.1584 30.8902 30.5139      0.4765       0.4765    0.8320            1
2012 10 22 30.5826 31.3163 30.9387      0.9035       0.9035    0.8125            1
2012 10 23 30.1512 30.8868 30.5080      0.4750       0.4750    0.7932            1
2012 10 24 30.5784 31.3159 30.9358      0.9050       0.9050    0.7743            1
2012 10 25 30.1445 30.8839 30.5025      0.4739       0.4739    0.7558            1
2012 10 26 30.5738 31.3152 30.9325      0.9061       0.9061    0.7375            1
2012 10 27 30.1381 30.8814 30.4975      0.4732       0.4732    0.7195            1
2012 10 28 30.5689 31.3142 30.9290      0.9068       0.9068    0.7018            1
2012 10 29 30.1323 30.8796 30.4932      0.4730       0.4730    0.6845            1
2012 10 30 30.5635 31.3128 30.9252      0.9070       0.9070    0.6674            1
2012 10 31 30.1269 30.8782 30.4894      0.4732       0.4732    0.6506            1
2012 11 01 30.5577 31.3111 30.9211      0.9068       0.9068    0.6342            1
2012 11 02 30.1220 30.8774 30.4862      0.4739       0.4739    0.6180            1
2012 11 03 30.5514 31.3089 30.9166      0.9061       0.9061    0.6022            1
2012 11 04 30.1176 30.8772 30.4837      0.4751       0.4751    0.5866            1
2012 11 05 30.5447 31.3064 30.9117      0.9049       0.9049    0.5714            1
2012 11 06 30.1137 30.8775 30.4818      0.4767       0.4767    0.5564            1
2012 11 07 30.5376 31.3035 30.9066      0.9033       0.9033    0.5417            1
2012 11 08 30.1104 30.8784 30.4804      0.4788       0.4788    0.5273            1
2012 11 09 30.5301 31.3003 30.9012      0.9012       0.9012    0.5132            1
2012 11 10 30.1076 30.8799 30.4798      0.4814       0.4814    0.4994            1
2012 11 11 30.5222 31.2966 30.8954      0.8986       0.8986    0.4858            1
2012 11 12 30.1054 30.8820 30.4797      0.4845       0.4845    0.4726            1
2012 11 13 30.5138 31.2926 30.8892      0.8955       0.8955    0.4596            1
2012 11 14 30.1038 30.8847 30.4804      0.4881       0.4881    0.4469            1
2012 11 15 30.5050 31.2881 30.8828      0.8919       0.8919    0.4344            1
2012 11 16 30.1027 30.8880 30.4817      0.4922       0.4922    0.4223            1
2012 11 17 30.4958 31.2833 30.8760      0.8878       0.8878    0.4103            1
2012 11 18 30.1021 30.8918 30.4836      0.4967       0.4967    0.3987            1
2012 11 19 30.4862 31.2781 30.8689      0.8833       0.8833    0.3873            1
2012 11 20 30.1022 30.8963 30.4862      0.5018       0.5018    0.3762            1
2012 11 21 30.4762 31.2725 30.8615      0.8782       0.8782    0.3653            1
2012 11 22 30.1027 30.9012 30.4893      0.5072       0.5072    0.3546            1
2012 11 23 30.4659 31.2666 30.8539      0.8728       0.8728    0.3442            1
2012 11 24 30.1039 30.9068 30.4932      0.5132       0.5132    0.3341            1
2012 11 25 30.4552 31.2603 30.8459      0.8668       0.8668    0.3242            1
2012 11 26 30.1057 30.9129 30.4977      0.5196       0.5196    0.3145            1
2012 11 27 30.4442 31.2536 30.8376      0.8604       0.8604    0.3051            1
2012 11 28 30.1079 30.9195 30.5028      0.5264       0.5264    0.2958            1
2012 11 29 30.4328 31.2467 30.8292      0.8536       0.8536    0.2869            1
2012 11 30 30.1107 30.9267 30.5085      0.5337       0.5337    0.2781            1
2012 12 01 30.4212 31.2393 30.8204      0.8463       0.8463    0.2695            1
2012 12 02 30.1140 30.9344 30.5147      0.5413       0.5413    0.2612            1
2012 12 03 30.4093 31.2318 30.8115      0.8387       0.8387    0.2531            1
2012 12 04 30.1179 30.9426 30.5217      0.5494       0.5494    0.2451            1
2012 12 05 30.3970 31.2239 30.8023      0.8306       0.8306    0.2374            1
2012 12 06 30.1222 30.9512 30.5291      0.5578       0.5578    0.2299            1
2012 12 07 30.3846 31.2158 30.7930      0.8222       0.8222    0.2226            1
2012 12 08 30.1270 30.9603 30.5369      0.5665       0.5665    0.2154            1
2012 12 09 30.3721 31.2075 30.7836      0.8135       0.8135    0.2085            1
2012 12 10 30.1323 30.9698 30.5454      0.5756       0.5756    0.2017            1
2012 12 11 30.3593 31.1988 30.7740      0.8044       0.8044    0.1952            1
2012 12 12 30.1381 30.9797 30.5544      0.5850       0.5850    0.1888            1
2012 12 13 30.3463 31.1900 30.7642      0.7950       0.7950    0.1826            1
2012 12 14 30.1443 30.9901 30.5639      0.5947       0.5947    0.1765            1
2012 12 15 30.3332 31.1810 30.7544      0.7853       0.7853    0.1706            1
2012 12 16 30.1508 31.0007 30.5737      0.6046       0.6046    0.1649            1
2012 12 17 30.3200 31.1719 30.7446      0.7754       0.7754    0.1594            1
2012 12 18 30.1579 31.0118 30.5840      0.6148       0.6148    0.1540            1
2012 12 19 30.3067 31.1626 30.7346      0.7652       0.7652    0.1487            1
2012 12 20 30.1651 31.0230 30.5947      0.6251       0.6251    0.1436            1
2012 12 21 30.2935 31.1533 30.7247      0.7549       0.7549    0.1387            1
2012 12 22 30.1729 31.0346 30.6058      0.6357       0.6357    0.1339            1
2012 12 23 30.2801 31.1438 30.7147      0.7443       0.7443    0.1293            1
2012 12 24 30.1809 31.0465 30.6172      0.6464       0.6464    0.1247            1
2012 12 25 30.2668 31.1343 30.7049      0.7336       0.7336    0.1204            1
2012 12 26 30.1892 31.0585 30.6289      0.6572       0.6572    0.1161            1
2012 12 27 30.2536 31.1248 30.6951      0.7228       0.7228    0.1120            1
2012 12 28 30.1978 31.0707 30.6409      0.6681       0.6681    0.1080            1
2012 12 29 30.2405 31.1152 30.6853      0.7119       0.7119    0.1041            1
2012 12 30 30.2065 31.0831 30.6531      0.6790       0.6790    0.1004            1
2012 12 31 30.2275 31.1058 30.6758      0.7010       0.7010    0.0967            1
2013 01 01 30.2054 31.0854 30.6554      0.6800       0.6800    0.2345            1
2013 01 02 30.2045 31.0862 30.6562      0.6800       0.6800    0.2419            1
2013 01 03 30.2146 31.0980 30.6681      0.6910       0.6910    0.2495            1
2013 01 04 30.1918 31.0768 30.6469      0.6690       0.6690    0.2574            1
2013 01 05 30.2240 31.1107 30.6809      0.7020       0.7020    0.2654            1
2013 01 06 30.1793 31.0676 30.6379      0.6580       0.6580    0.2736            1
2013 01 07 30.2335 31.1233 30.6938      0.7129       0.7129    0.2820            1
2013 01 08 30.1670 31.0585 30.6290      0.6471       0.6471    0.2906            1
2013 01 09 30.2430 31.1360 30.7068      0.7237       0.7237    0.2995            1
2013 01 10 30.1551 31.0496 30.6205      0.6363       0.6363    0.3085            1
2013 01 11 30.2528 31.1487 30.7199      0.7345       0.7345    0.3178            1
2013 01 12 30.1433 31.0407 30.6122      0.6255       0.6255    0.3272            1
2013 01 13 30.2624 31.1612 30.7329      0.7450       0.7450    0.3369            1
2013 01 14 30.1321 31.0323 30.6043      0.6150       0.6150    0.3468            1
2013 01 15 30.2722 31.1737 30.7460      0.7554       0.7554    0.3570            1
2013 01 16 30.1211 31.0240 30.5967      0.6046       0.6046    0.3673            1
2013 01 17 30.2819 31.1861 30.7591      0.7656       0.7656    0.3779            1
2013 01 18 30.1106 31.0160 30.5894      0.5944       0.5944    0.3887            1
2013 01 19 30.2915 31.1982 30.7720      0.7755       0.7755    0.3998            1
2013 01 20 30.1005 31.0084 30.5826      0.5845       0.5845    0.4111            1
2013 01 21 30.3012 31.2102 30.7849      0.7852       0.7852    0.4226            1
2013 01 22 30.0908 31.0010 30.5762      0.5748       0.5748    0.4344            1
2013 01 23 30.3107 31.2220 30.7977      0.7946       0.7946    0.4465            1
2013 01 24 30.0816 30.9940 30.5702      0.5654       0.5654    0.4587            1
2013 01 25 30.3201 31.2335 30.8103      0.8037       0.8037    0.4712            1
2013 01 26 30.0730 30.9874 30.5647      0.5563       0.5563    0.4840            1
2013 01 27 30.3294 31.2448 30.8227      0.8125       0.8125    0.4970            1
2013 01 28 30.0648 30.9811 30.5596      0.5475       0.5475    0.5103            1
2013 01 29 30.3386 31.2558 30.8349      0.8209       0.8209    0.5239            1
2013 01 30 30.0572 30.9753 30.5551      0.5391       0.5391    0.5376            1
2013 01 31 30.3476 31.2665 30.8469      0.8290       0.8290    0.5517            1
2013 02 01 30.0501 30.9698 30.5510      0.5310       0.5310    0.5660            1
2013 02 02 30.3564 31.2769 30.8587      0.8367       0.8367    0.5806            1
2013 02 03 30.0436 30.9648 30.5474      0.5233       0.5233    0.5954            1
2013 02 04 30.3649 31.2868 30.8701      0.8439       0.8439    0.6105            1
2013 02 05 30.0378 30.9604 30.5444      0.5161       0.5161    0.6259            1
2013 02 06 30.3731 31.2963 30.8812      0.8507       0.8507    0.6415            1
2013 02 07 30.0325 30.9563 30.5420      0.5093       0.5093    0.6574            1
2013 02 08 30.3812 31.3055 30.8921      0.8571       0.8571    0.6736            1
2013 02 09 30.0279 30.9528 30.5401      0.5029       0.5029    0.6901            1
2013 02 10 30.3891 31.3144 30.9026      0.8631       0.8631    0.7068            1
2013 02 11 30.0239 30.9496 30.5387      0.4969       0.4969    0.7237            1
2013 02 12 30.3965 31.3227 30.9127      0.8685       0.8685    0.7410            1
2013 02 13 30.0206 30.9471 30.5380      0.4915       0.4915    0.7585            1
2013 02 14 30.4038 31.3307 30.9225      0.8736       0.8736    0.7763            1
2013 02 15 30.0178 30.9449 30.5378      0.4864       0.4864    0.7943            1
2013 02 16 30.4107 31.3381 30.9319      0.8781       0.8781    0.8127            1
2013 02 17 30.0158 30.9434 30.5382      0.4819       0.4819    0.8312            1
2013 02 18 30.4173 31.3451 30.9409      0.8821       0.8821    0.8501            1
2013 02 19 30.0145 30.9424 30.5392      0.4779       0.4779    0.8692            1
2013 02 20 30.4237 31.3517 30.9495      0.8857       0.8857    0.8886            1
2013 02 21 30.0137 30.9418 30.5407      0.4743       0.4743    0.9082            1
2013 02 22 30.4297 31.3578 30.9577      0.8888       0.8888    0.9281            1
2013 02 23 30.0136 30.9417 30.5427      0.4712       0.4712    0.9483            1
2013 02 24 30.4354 31.3634 30.9655      0.8914       0.8914    0.9687            1
2013 02 25 30.0142 30.9421 30.5454      0.4686       0.4686    0.9894            1
2013 02 26 30.4406 31.3684 30.9728      0.8934       0.8934    1.0103            2
2013 02 27 30.0155 30.9431 30.5487      0.4666       0.4666    1.0315            2
2013 02 28 30.4458 31.3732 30.9798      0.8951       0.8951    1.0529            2
2013 03 01 30.0173 30.9445 30.5523      0.4649       0.4649    1.0745            2
2013 03 02 30.4504 31.3773 30.9863      0.8962       0.8962    1.0964            2
2013 03 03 30.0199 30.9464 30.5566      0.4638       0.4638    1.1186            2
2013 03 04 30.4547 31.3809 30.9923      0.8968       0.8968    1.1409            2
2013 03 05 30.0231 30.9489 30.5615      0.4632       0.4632    1.1635            2
2013 03 06 30.4588 31.3842 30.9980      0.8970       0.8970    1.1863            2
2013 03 07 30.0268 30.9517 30.5668      0.4630       0.4630    1.2094            2
2013 03 08 30.4625 31.3869 31.0032      0.8967       0.8967    1.2326            2
2013 03 09 30.0312 30.9550 30.5726      0.4633       0.4633    1.2561            2
2013 03 10 30.4660 31.3892 31.0081      0.8960       0.8960    1.2798            2
2013 03 11 30.0361 30.9587 30.5788      0.4640       0.4640    1.3036            2
2013 03 12 30.4691 31.3911 31.0125      0.8949       0.8949    1.3277            2
2013 03 13 30.0415 30.9628 30.5855      0.4651       0.4651    1.3520            2
2013 03 14 30.4720 31.3925 31.0165      0.8933       0.8933    1.3764            2
2013 03 15 30.0476 30.9674 30.5927      0.4667       0.4667    1.4011            2
2013 03 16 30.4745 31.3935 31.0201      0.8913       0.8913    1.4258            2
2013 03 17 30.0542 30.9724 30.6003      0.4687       0.4687    1.4508            2
2013 03 18 30.4767 31.3941 31.0233      0.8889       0.8889    1.4759            2
2013 03 19 30.0613 30.9777 30.6083      0.4711       0.4711    1.5012            2
2013 03 20 30.4788 31.3943 31.0262      0.8862       0.8862    1.5266            2
2013 03 21 30.0688 30.9833 30.6166      0.4738       0.4738    1.5522            2
2013 03 22 30.4805 31.3941 31.0287      0.8831       0.8831    1.5779            2
2013 03 23 30.0768 30.9893 30.6253      0.4769       0.4769    1.6037            2
2013 03 24 30.4820 31.3934 31.0307      0.8796       0.8796    1.6297            2
2013 03 25 30.0853 30.9956 30.6343      0.4804       0.4804    1.6557            2
2013 03 26 30.4834 31.3925 31.0326      0.8759       0.8759    1.6819            2
2013 03 27 30.0941 31.0021 30.6435      0.4841       0.4841    1.7081            2
2013 03 28 30.4844 31.3912 31.0340      0.8718       0.8718    1.7344            2
2013 03 29 30.1034 31.0090 30.6531      0.4882       0.4882    1.7608            2
2013 03 30 30.4853 31.3896 31.0352      0.8675       0.8675    1.7873            2
2013 03 31 30.1130 31.0160 30.6629      0.4925       0.4925    1.8138            2
2013 04 01 30.4861 31.3878 31.0361      0.8630       0.8630    1.8404            2
2013 04 02 30.1228 31.0231 30.6728      0.4970       0.4970    1.8670            2
2013 04 03 30.4867 31.3856 31.0367      0.8582       0.8582    1.8936            2
2013 04 04 30.1330 31.0305 30.6829      0.5018       0.5018    1.9203            2
2013 04 05 30.4871 31.3832 31.0370      0.8532       0.8532    1.9470            2
2013 04 06 30.1435 31.0381 30.6932      0.5068       0.5068    1.9736            2
2013 04 07 30.4874 31.3805 31.0371      0.8480       0.8480    2.0003            2
2013 04 08 30.1542 31.0458 30.7037      0.5120       0.5120    2.0269            2
2013 04 09 30.4876 31.3777 31.0370      0.8427       0.8427    2.0535            2
2013 04 10 30.1650 31.0535 30.7141      0.5173       0.5173    2.0801            2
2013 04 11 30.4877 31.3746 31.0366      0.8372       0.8372    2.1066            2
2013 04 12 30.1761 31.0614 30.7247      0.5228       0.5228    2.1331            2
2013 04 13 30.4877 31.3713 31.0360      0.8316       0.8316    2.1595            2
2013 04 14 30.1874 31.0693 30.7353      0.5284       0.5284    2.1857            2
2013 04 15 30.4877 31.3679 31.0353      0.8259       0.8259    2.2120            2
2013 04 16 30.1987 31.0772 30.7459      0.5341       0.5341    2.2380            2
2013 04 17 30.4877 31.3644 31.0345      0.8202       0.8202    2.2640            2
2013 04 18 30.2101 31.0850 30.7565      0.5398       0.5398    2.2899            2
2013 04 19 30.4876 31.3607 31.0334      0.8144       0.8144    2.3156            2
2013 04 20 30.2216 31.0929 30.7670      0.5456       0.5456    2.3411            2
2013 04 21 30.4875 31.3569 31.0323      0.8086       0.8086    2.3665            2
2013 04 22 30.2331 31.1007 30.7774      0.5514       0.5514    2.3918            2
2013 04 23 30.4874 31.3531 31.0310      0.8028       0.8028    2.4168            2
2013 04 24 30.2446 31.1084 30.7877      0.5572       0.5572    2.4416            2
2013 04 25 30.4873 31.3491 31.0297      0.7970       0.7970    2.4663            2
2013 04 26 30.2561 31.1161 30.7979      0.5630       0.5630    2.4907            2
2013 04 27 30.4871 31.3451 31.0282      0.7912       0.7912    2.5149            2
2013 04 28 30.2676 31.1236 30.8079      0.5688       0.5688    2.5388            2
2013 04 29 30.4871 31.3411 31.0267      0.7855       0.7855    2.5625            2
2013 04 30 30.2789 31.1310 30.8177      0.5745       0.5745    2.5860            2
2013 05 01 30.4872 31.3372 31.0252      0.7799       0.7799    2.6091            2
2013 05 02 30.2902 31.1381 30.8273      0.5801       0.5801    2.6320            2
2013 05 03 30.4872 31.3331 31.0235      0.7743       0.7743    2.6545            2
2013 05 04 30.3014 31.1452 30.8368      0.5857       0.5857    2.6768            2
2013 05 05 30.4874 31.3291 31.0219      0.7689       0.7689    2.6987            2
2013 05 06 30.3123 31.1520 30.8459      0.5911       0.5911    2.7204            2
2013 05 07 30.4876 31.3252 31.0202      0.7636       0.7636    2.7416            2
2013 05 08 30.3231 31.1586 30.8548      0.5964       0.5964    2.7625            2
2013 05 09 30.4879 31.3212 31.0185      0.7584       0.7584    2.7831            2
2013 05 10 30.3338 31.1650 30.8634      0.6016       0.6016    2.8033            2
2013 05 11 30.4883 31.3174 31.0169      0.7534       0.7534    2.8231            2
2013 05 12 30.3442 31.1711 30.8717      0.6066       0.6066    2.8425            2
2013 05 13 30.4888 31.3135 31.0152      0.7485       0.7485    2.8615            2
2013 05 14 30.3544 31.1770 30.8797      0.6115       0.6115    2.8801            2
2013 05 15 30.4894 31.3098 31.0135      0.7438       0.7438    2.8982            2
2013 05 16 30.3644 31.1826 30.8873      0.6162       0.6162    2.9159            2
2013 05 17 30.4900 31.3061 31.0118      0.7392       0.7392    2.9332            2
2013 05 18 30.3742 31.1880 30.8947      0.6208       0.6208    2.9501            2
2013 05 19 30.4907 31.3024 31.0101      0.7348       0.7348    2.9664            2
2013 05 20 30.3837 31.1931 30.9017      0.6252       0.6252    2.9823            2
2013 05 21 30.4917 31.2990 31.0085      0.7307       0.7307    2.9978            2
2013 05 22 30.3928 31.1979 30.9083      0.6293       0.6293    3.0127            2
2013 05 23 30.4926 31.2955 31.0068      0.7267       0.7267    3.0272            2
2013 05 24 30.4017 31.2024 30.9146      0.6333       0.6333    3.0411            2
2013 05 25 30.4936 31.2921 31.0051      0.7228       0.7228    3.0546            2
2013 05 26 30.4104 31.2066 30.9205      0.6372       0.6372    3.0675            2
2013 05 27 30.4947 31.2888 31.0035      0.7192       0.7192    3.0799            2
2013 05 28 30.4187 31.2105 30.9261      0.6408       0.6408    3.0918            2
2013 05 29 30.4960 31.2856 31.0019      0.7158       0.7158    3.1031            2
2013 05 30 30.4267 31.2141 30.9312      0.6442       0.6442    3.1139            2
2013 05 31 30.4973 31.2826 31.0004      0.7126       0.7126    3.1241            2
2013 06 01 30.4343 31.2174 30.9359      0.6474       0.6474    3.1338            2
2013 06 02 30.4986 31.2795 30.9987      0.7095       0.7095    3.1429            2
2013 06 03 30.4418 31.2205 30.9404      0.6505       0.6505    3.1515            2
2013 06 04 30.5000 31.2765 30.9971      0.7066       0.7066    3.1595            2
2013 06 05 30.4489 31.2233 30.9445      0.6534       0.6534    3.1669            2
2013 06 06 30.5014 31.2737 30.9955      0.7039       0.7039    3.1738            2
2013 06 07 30.4556 31.2257 30.9481      0.6561       0.6561    3.1800            2
2013 06 08 30.5029 31.2709 30.9939      0.7014       0.7014    3.1857            2
2013 06 09 30.4621 31.2279 30.9514      0.6586       0.6586    3.1908            2
2013 06 10 30.5044 31.2681 30.9922      0.6990       0.6990    3.1953            2
2013 06 11 30.4683 31.2299 30.9544      0.6610       0.6610    3.1992            2
2013 06 12 30.5059 31.2654 30.9905      0.6968       0.6968    3.2025            2
2013 06 13 30.4741 31.2315 30.9570      0.6632       0.6632    3.2052            2
2013 06 14 30.5074 31.2627 30.9887      0.6947       0.6947    3.2073            2
2013 06 15 30.4797 31.2330 30.9594      0.6653       0.6653    3.2088            2
2013 06 16 30.5089 31.2601 30.9869      0.6928       0.6928    3.2097            2
2013 06 17 30.4849 31.2341 30.9613      0.6672       0.6672    3.2100            2
2013 06 18 30.5103 31.2575 30.9850      0.6910       0.6910    3.2097            2
2013 06 19 30.4899 31.2351 30.9629      0.6690       0.6690    3.2088            2
2013 06 20 30.5116 31.2548 30.9830      0.6892       0.6892    3.2073            2
2013 06 21 30.4947 31.2359 30.9644      0.6708       0.6708    3.2052            2
2013 06 22 30.5129 31.2522 30.9809      0.6876       0.6876    3.2025            2
2013 06 23 30.4991 31.2365 30.9654      0.6724       0.6724    3.1992            2
2013 06 24 30.5142 31.2496 30.9788      0.6861       0.6861    3.1953            2
2013 06 25 30.5033 31.2368 30.9662      0.6739       0.6739    3.1908            2
2013 06 26 30.5153 31.2469 30.9764      0.6846       0.6846    3.1857            2
2013 06 27 30.5073 31.2371 30.9667      0.6754       0.6754    3.1800            2
2013 06 28 30.5161 31.2441 30.9739      0.6831       0.6831    3.1738            2
2013 06 29 30.5111 31.2372 30.9671      0.6769       0.6769    3.1669            2
2013 06 30 30.5170 31.2413 30.9713      0.6817       0.6817    3.1595            2
2013 07 01 30.5146 31.2372 30.9672      0.6783       0.6783    3.1515            2
2013 07 02 30.5176 31.2385 30.9685      0.6803       0.6803    3.1429            2
2013 07 03 30.5180 31.2371 30.9671      0.6797       0.6797    3.1338            2
2013 07 04 30.5182 31.2356 30.9656      0.6790       0.6790    3.1241            2
2013 07 05 30.5210 31.2368 30.9667      0.6810       0.6810    3.1139            2
2013 07 06 30.5184 31.2325 30.9624      0.6776       0.6776    3.1031            2
2013 07 07 30.5240 31.2365 30.9662      0.6824       0.6824    3.0918            2
2013 07 08 30.5185 31.2294 30.9590      0.6762       0.6762    3.0799            2
2013 07 09 30.5268 31.2361 30.9656      0.6838       0.6838    3.0675            2
2013 07 10 30.5183 31.2261 30.9554      0.6747       0.6747    3.0546            2
2013 07 11 30.5295 31.2357 30.9649      0.6853       0.6853    3.0411            2
2013 07 12 30.5179 31.2227 30.9516      0.6732       0.6732    3.0272            2
2013 07 13 30.5320 31.2353 30.9640      0.6868       0.6868    3.0127            2
2013 07 14 30.5172 31.2191 30.9475      0.6716       0.6716    2.9978            2
2013 07 15 30.5344 31.2348 30.9630      0.6884       0.6884    2.9823            2
2013 07 16 30.5162 31.2153 30.9432      0.6699       0.6699    2.9664            2
2013 07 17 30.5367 31.2344 30.9620      0.6901       0.6901    2.9501            2
2013 07 18 30.5149 31.2114 30.9385      0.6681       0.6681    2.9332            2
2013 07 19 30.5389 31.2341 30.9609      0.6919       0.6919    2.9159            2
2013 07 20 30.5134 31.2073 30.9337      0.6663       0.6663    2.8982            2
2013 07 21 30.5409 31.2336 30.9596      0.6937       0.6937    2.8801            2
2013 07 22 30.5114 31.2030 30.9285      0.6642       0.6642    2.8615            2
2013 07 23 30.5430 31.2334 30.9585      0.6958       0.6958    2.8425            2
2013 07 24 30.5093 31.1985 30.9231      0.6621       0.6621    2.8231            2
2013 07 25 30.5449 31.2331 30.9572      0.6979       0.6979    2.8033            2
2013 07 26 30.5067 31.1938 30.9173      0.6598       0.6598    2.7831            2
2013 07 27 30.5469 31.2329 30.9559      0.7002       0.7002    2.7625            2
2013 07 28 30.5038 31.1889 30.9113      0.6574       0.6574    2.7416            2
2013 07 29 30.5487 31.2328 30.9546      0.7026       0.7026    2.7204            2
2013 07 30 30.5004 31.1837 30.9049      0.6547       0.6547    2.6987            2
2013 07 31 30.5506 31.2330 30.9535      0.7053       0.7053    2.6768            2
2013 08 01 30.4969 31.1784 30.8983      0.6520       0.6520    2.6545            2
2013 08 02 30.5524 31.2330 30.9523      0.7080       0.7080    2.6320            2
2013 08 03 30.4928 31.1727 30.8912      0.6490       0.6490    2.6091            2
2013 08 04 30.5542 31.2334 30.9512      0.7110       0.7110    2.5860            2
2013 08 05 30.4884 31.1668 30.8839      0.6458       0.6458    2.5625            2
2013 08 06 30.5561 31.2338 30.9501      0.7142       0.7142    2.5388            2
2013 08 07 30.4837 31.1608 30.8763      0.6425       0.6425    2.5149            2
2013 08 08 30.5579 31.2344 30.9491      0.7175       0.7175    2.4907            2
2013 08 09 30.4785 31.1545 30.8684      0.6390       0.6390    2.4663            2
2013 08 10 30.5596 31.2351 30.9481      0.7210       0.7210    2.4416            2
2013 08 11 30.4730 31.1479 30.8601      0.6353       0.6353    2.4168            2
2013 08 12 30.5614 31.2359 30.9472      0.7247       0.7247    2.3918            2
2013 08 13 30.4671 31.1412 30.8516      0.6314       0.6314    2.3665            2
2013 08 14 30.5633 31.2369 30.9464      0.7286       0.7286    2.3411            2
2013 08 15 30.4608 31.1342 30.8428      0.6273       0.6273    2.3156            2
2013 08 16 30.5651 31.2381 30.9458      0.7327       0.7327    2.2899            2
2013 08 17 30.4542 31.1269 30.8336      0.6230       0.6230    2.2640            2
2013 08 18 30.5669 31.2395 30.9452      0.7370       0.7370    2.2380            2
2013 08 19 30.4471 31.1195 30.8242      0.6185       0.6185    2.2120            2
2013 08 20 30.5688 31.2410 30.9447      0.7415       0.7415    2.1857            2
2013 08 21 30.4398 31.1119 30.8146      0.6139       0.6139    2.1595            2
2013 08 22 30.5706 31.2426 30.9442      0.7461       0.7461    2.1331            2
2013 08 23 30.4321 31.1041 30.8047      0.6091       0.6091    2.1066            2
2013 08 24 30.5724 31.2444 30.9439      0.7509       0.7509    2.0801            2
2013 08 25 30.4241 31.0961 30.7945      0.6041       0.6041    2.0535            2
2013 08 26 30.5743 31.2464 30.9437      0.7559       0.7559    2.0269            2
2013 08 27 30.4158 31.0879 30.7841      0.5990       0.5990    2.0003            2
2013 08 28 30.5761 31.2484 30.9435      0.7610       0.7610    1.9736            2
2013 08 29 30.4072 31.0797 30.7736      0.5938       0.5938    1.9470            2
2013 08 30 30.5779 31.2506 30.9433      0.7662       0.7662    1.9203            2
2013 08 31 30.3983 31.0713 30.7628      0.5884       0.5884    1.8936            2
2013 09 01 30.5797 31.2529 30.9433      0.7716       0.7716    1.8670            2
2013 09 02 30.3891 31.0627 30.7519      0.5829       0.5829    1.8404            2
2013 09 03 30.5814 31.2554 30.9434      0.7771       0.7771    1.8138            2
2013 09 04 30.3797 31.0541 30.7409      0.5773       0.5773    1.7873            2
2013 09 05 30.5831 31.2580 30.9435      0.7827       0.7827    1.7608            2
2013 09 06 30.3700 31.0453 30.7297      0.5716       0.5716    1.7344            2
2013 09 07 30.5848 31.2606 30.9437      0.7884       0.7884    1.7081            2
2013 09 08 30.3602 31.0366 30.7184      0.5659       0.5659    1.6819            2
2013 09 09 30.5863 31.2633 30.9438      0.7941       0.7941    1.6557            2
2013 09 10 30.3501 31.0278 30.7071      0.5601       0.5601    1.6297            2
2013 09 11 30.5878 31.2661 30.9441      0.7999       0.7999    1.6037            2
2013 09 12 30.3400 31.0190 30.6957      0.5543       0.5543    1.5779            2
2013 09 13 30.5891 31.2689 30.9443      0.8057       0.8057    1.5522            2
2013 09 14 30.3297 31.0102 30.6843      0.5485       0.5485    1.5266            2
2013 09 15 30.5904 31.2717 30.9445      0.8115       0.8115    1.5012            2
2013 09 16 30.3192 31.0015 30.6729      0.5427       0.5427    1.4759            2
2013 09 17 30.5915 31.2746 30.9447      0.8173       0.8173    1.4508            2
2013 09 18 30.3087 30.9927 30.6615      0.5369       0.5369    1.4258            2
2013 09 19 30.5925 31.2775 30.9449      0.8231       0.8231    1.4011            2
2013 09 20 30.2982 30.9842 30.6502      0.5312       0.5312    1.3764            2
2013 09 21 30.5933 31.2803 30.9450      0.8288       0.8288    1.3520            2
2013 09 22 30.2877 30.9757 30.6391      0.5256       0.5256    1.3277            2
2013 09 23 30.5939 31.2831 30.9451      0.8344       0.8344    1.3036            2
2013 09 24 30.2771 30.9674 30.6280      0.5201       0.5201    1.2798            2
2013 09 25 30.5944 31.2858 30.9450      0.8399       0.8399    1.2561            2
2013 09 26 30.2665 30.9591 30.6170      0.5146       0.5146    1.2326            2
2013 09 27 30.5947 31.2885 30.9450      0.8454       0.8454    1.2094            2
2013 09 28 30.2561 30.9511 30.6063      0.5094       0.5094    1.1863            2
2013 09 29 30.5947 31.2910 30.9448      0.8506       0.8506    1.1635            2
2013 09 30 30.2457 30.9433 30.5958      0.5043       0.5043    1.1409            2
2013 10 01 30.5944 31.2934 30.9445      0.8557       0.8557    1.1186            2
2013 10 02 30.2355 30.9358 30.5855      0.4994       0.4994    1.0964            2
2013 10 03 30.5940 31.2957 30.9440      0.8606       0.8606    1.0745            2
2013 10 04 30.2253 30.9285 30.5754      0.4947       0.4947    1.0529            2
2013 10 05 30.5932 31.2978 30.9434      0.8653       0.8653    1.0315            2
2013 10 06 30.2155 30.9216 30.5657      0.4903       0.4903    1.0103            2
2013 10 07 30.5921 31.2997 30.9425      0.8697       0.8697    0.9894            1
2013 10 08 30.2057 30.9149 30.5563      0.4861       0.4861    0.9687            1
2013 10 09 30.5908 31.3015 30.9415      0.8739       0.8739    0.9483            1
2013 10 10 30.1963 30.9086 30.5473      0.4822       0.4822    0.9281            1
2013 10 11 30.5891 31.3030 30.9403      0.8778       0.8778    0.9082            1
2013 10 12 30.1871 30.9027 30.5386      0.4786       0.4786    0.8886            1
2013 10 13 30.5870 31.3043 30.9389      0.8814       0.8814    0.8692            1
2013 10 14 30.1781 30.8971 30.5303      0.4753       0.4753    0.8501            1
2013 10 15 30.5847 31.3054 30.9373      0.8847       0.8847    0.8312            1
2013 10 16 30.1696 30.8920 30.5225      0.4724       0.4724    0.8127            1
2013 10 17 30.5819 31.3061 30.9353      0.8876       0.8876    0.7943            1
2013 10 18 30.1613 30.8872 30.5152      0.4698       0.4698    0.7763            1
2013 10 19 30.5788 31.3066 30.9332      0.8902       0.8902    0.7585            1
2013 10 20 30.1535 30.8831 30.5084      0.4677       0.4677    0.7410            1
2013 10 21 30.5752 31.3067 30.9307      0.8923       0.8923    0.7237            1
2013 10 22 30.1460 30.8793 30.5020      0.4659       0.4659    0.7068            1
2013 10 23 30.5713 31.3066 30.9279      0.8941       0.8941    0.6901            1
2013 10 24 30.1389 30.8760 30.4961      0.4645       0.4645    0.6736            1
2013 10 25 30.5670 31.3061 30.9249      0.8955       0.8955    0.6574            1
2013 10 26 30.1323 30.8733 30.4909      0.4636       0.4636    0.6415            1
2013 10 27 30.5622 31.3052 30.9215      0.8964       0.8964    0.6259            1
2013 10 28 30.1261 30.8711 30.4861      0.4631       0.4631    0.6105            1
2013 10 29 30.5571 31.3040 30.9179      0.8969       0.8969    0.5954            1
2013 10 30 30.1203 30.8693 30.4819      0.4630       0.4630    0.5806            1
2013 10 31 30.5515 31.3025 30.9139      0.8970       0.8970    0.5660            1
2013 11 01 30.1151 30.8682 30.4784      0.4634       0.4634    0.5517            1
2013 11 02 30.5455 31.3006 30.9096      0.8966       0.8966    0.5376            1
2013 11 03 30.1104 30.8676 30.4755      0.4643       0.4643    0.5239            1
2013 11 04 30.5391 31.2983 30.9050      0.8957       0.8957    0.5103            1
2013 11 05 30.1063 30.8676 30.4732      0.4657       0.4657    0.4970            1
2013 11 06 30.5321 31.2956 30.9000      0.8943       0.8943    0.4840            1
2013 11 07 30.1026 30.8682 30.4714      0.4675       0.4675    0.4712            1
2013 11 08 30.5249 31.2926 30.8947      0.8925       0.8925    0.4587            1
2013 11 09 30.0995 30.8694 30.4704      0.4699       0.4699    0.4465            1
2013 11 10 30.5170 31.2890 30.8890      0.8901       0.8901    0.4344            1
2013 11 11 30.0970 30.8711 30.4700      0.4727       0.4727    0.4226            1
2013 11 12 30.5089 31.2852 30.8831      0.8873       0.8873    0.4111            1
2013 11 13 30.0949 30.8734 30.4702      0.4760       0.4760    0.3998            1
2013 11 14 30.5003 31.2810 30.8768      0.8840       0.8840    0.3887            1
2013 11 15 30.0935 30.8764 30.4711      0.4798       0.4798    0.3779            1
2013 11 16 30.4913 31.2763 30.8701      0.8802       0.8802    0.3673            1
2013 11 17 30.0926 30.8799 30.4727      0.4841       0.4841    0.3570            1
2013 11 18 30.4819 31.2713 30.8632      0.8759       0.8759    0.3468            1
2013 11 19 30.0924 30.8840 30.4749      0.4889       0.4889    0.3369            1
2013 11 20 30.4721 31.2659 30.8559      0.8711       0.8711    0.3272            1
2013 11 21 30.0926 30.8886 30.4777      0.4941       0.4941    0.3178            1
2013 11 22 30.4619 31.2602 30.8484      0.8659       0.8659    0.3085            1
2013 11 23 30.0934 30.8938 30.4812      0.4998       0.4998    0.2995            1
2013 11 24 30.4514 31.2540 30.8406      0.8602       0.8602    0.2906            1
2013 11 25 30.0948 30.8997 30.4854      0.5060       0.5060    0.2820            1
2013 11 26 30.4405 31.2475 30.8324      0.8540       0.8540    0.2736            1
2013 11 27 30.0968 30.9060 30.4901      0.5126       0.5126    0.2654            1
2013 11 28 30.4293 31.2407 30.8240      0.8474       0.8474    0.2574            1
2013 11 29 30.0993 30.9129 30.4955      0.5197       0.5197    0.2495            1
2013 11 30 30.4177 31.2335 30.8153      0.8403       0.8403    0.2419            1
2013 12 01 30.1023 30.9203 30.5014      0.5271       0.5271    0.2345            1
2013 12 02 30.4059 31.2261 30.8065      0.8329       0.8329    0.2272            1
2013 12 03 30.1059 30.9282 30.5080      0.5350       0.5350    0.2201            1
2013 12 04 30.3938 31.2183 30.7974      0.8250       0.8250    0.2132            1
2013 12 05 30.1099 30.9366 30.5151      0.5432       0.5432    0.2065            1
2013 12 06 30.3815 31.2103 30.7882      0.8168       0.8168    0.2000            1
2013 12 07 30.1145 30.9454 30.5227      0.5518       0.5518    0.1936            1
2013 12 08 30.3689 31.2020 30.7787      0.8082       0.8082    0.1874            1
2013 12 09 30.1196 30.9548 30.5310      0.5608       0.5608    0.1814            1
2013 12 10 30.3561 31.1934 30.7691      0.7992       0.7992    0.1755            1
2013 12 11 30.1250 30.9645 30.5396      0.5700       0.5700    0.1698            1
2013 12 12 30.3432 31.1847 30.7594      0.7900       0.7900    0.1642            1
2013 12 13 30.1310 30.9746 30.5489      0.5796       0.5796    0.1588            1
2013 12 14 30.3301 31.1758 30.7496      0.7804       0.7804    0.1536            1
2013 12 15 30.1374 30.9851 30.5585      0.5894       0.5894    0.1484            1
2013 12 16 30.3169 31.1667 30.7397      0.7706       0.7706    0.1435            1
2013 12 17 30.1442 30.9960 30.5686      0.5995       0.5995    0.1386            1
2013 12 18 30.3036 31.1574 30.7297      0.7605       0.7605    0.1339            1
2013 12 19 30.1513 31.0072 30.5792      0.6098       0.6098    0.1294            1
2013 12 20 30.2902 31.1480 30.7197      0.7502       0.7502    0.1250            1
2013 12 21 30.1588 31.0185 30.5900      0.6202       0.6202    0.1207            1
2013 12 22 30.2770 31.1387 30.7098      0.7398       0.7398    0.1165            1
2013 12 23 30.1667 31.0303 30.6013      0.6309       0.6309    0.1124            1
2013 12 24 30.2636 31.1291 30.6998      0.7291       0.7291    0.1085            1
2013 12 25 30.1749 31.0423 30.6129      0.6417       0.6417    0.1047            1
2013 12 26 30.2502 31.1195 30.6899      0.7183       0.7183    0.1010            1
2013 12 27 30.1832 31.0543 30.6246      0.6525       0.6525    0.0974            1
2013 12 28 30.2371 31.1100 30.6802      0.7075       0.7075    0.0940            1
2013 12 29 30.1920 31.0667 30.6368      0.6635       0.6635    0.0906            1
2013 12 30 30.2239 31.1004 30.6705      0.6965       0.6965    0.0873            1
2013 12 31 30.2064 31.0847 30.6547      0.6800       0.6800    0.0842            1
2014 01 01 30.2254 31.1054 30.6754      0.7000       0.7000    0.2301            1
2014 01 02 30.2245 31.1062 30.6762      0.7000       0.7000    0.2374            1
2014 01 03 30.2346 31.1180 30.6881      0.7110       0.7110    0.2449            1
2014 01 04 30.2118 31.0968 30.6669      0.6890       0.6890    0.2525            1
2014 01 05 30.2440 31.1307 30.7009      0.7220       0.7220    0.2604            1
2014 01 06 30.1993 31.0876 30.6579      0.6780       0.6780    0.2685            1
2014 01 07 30.2535 31.1433 30.7138      0.7329       0.7329    0.2767            1
2014 01 08 30.1870 31.0785 30.6490      0.6671       0.6671    0.2852            1
2014 01 09 30.2630 31.1560 30.7268      0.7437       0.7437    0.2939            1
2014 01 10 30.1751 31.0696 30.6405      0.6563       0.6563    0.3027            1
2014 01 11 30.2728 31.1687 30.7399      0.7545       0.7545    0.3118            1
2014 01 12 30.1633 31.0607 30.6322      0.6455       0.6455    0.3211            1
2014 01 13 30.2824 31.1812 30.7529      0.7650       0.7650    0.3306            1
2014 01 14 30.1521 31.0523 30.6243      0.6350       0.6350    0.3404            1
2014 01 15 30.2922 31.1937 30.7660      0.7754       0.7754    0.3503            1
2014 01 16 30.1411 31.0440 30.6167      0.6246       0.6246    0.3605            1
2014 01 17 30.3019 31.2061 30.7791      0.7856       0.7856    0.3709            1
2014 01 18 30.1306 31.0360 30.6094      0.6144       0.6144    0.3815            1
2014 01 19 30.3115 31.2182 30.7920      0.7955       0.7955    0.3923            1
2014 01 20 30.1205 31.0284 30.6026      0.6045       0.6045    0.4034            1
2014 01 21 30.3212 31.2302 30.8049      0.8052       0.8052    0.4147            1
2014 01 22 30.1108 31.0210 30.5962      0.5948       0.5948    0.4263            1
2014 01 23 30.3307 31.2420 30.8177      0.8146       0.8146    0.4381            1
2014 01 24 30.1016 31.0140 30.5902      0.5854       0.5854    0.4501            1
2014 01 25 30.3401 31.2535 30.8303      0.8237       0.8237    0.4624            1
2014 01 26 30.0930 31.0074 30.5847      0.5763       0.5763    0.4750            1
2014 01 27 30.3494 31.2648 30.8427      0.8325       0.8325    0.4877            1
2014 01 28 30.0848 31.0011 30.5796      0.5675       0.5675    0.5008            1
2014 01 29 30.3586 31.2758 30.8549      0.8409       0.8409    0.5141            1
2014 01 30 30.0772 30.9953 30.5751      0.5591       0.5591    0.5276            1
2014 01 31 30.3676 31.2865 30.8669      0.8490       0.8490    0.5414            1
2014 02 01 30.0701 30.9898 30.5710      0.5510       0.5510    0.5554            1
2014 02 02 30.3764 31.2969 30.8787      0.8567       0.8567    0.5697            1
2014 02 03 30.0636 30.9848 30.5674      0.5433       0.5433    0.5843            1
2014 02 04 30.3849 31.3068 30.8901      0.8639       0.8639    0.5991            1
2014 02 05 30.0578 30.9804 30.5644      0.5361       0.5361    0.6142            1
2014 02 06 30.3931 31.3163 30.9012      0.8707       0.8707    0.6296            1
2014 02 07 30.0525 30.9763 30.5620      0.5293       0.5293    0.6452            1
2014 02 08 30.4012 31.3255 30.9121      0.8771       0.8771    0.6610            1
2014 02 09 30.0479 30.9728 30.5601      0.5229       0.5229    0.6772            1
2014 02 10 30.4091 31.3344 30.9226      0.8831       0.8831    0.6936            1
2014 02 11 30.0439 30.9696 30.5587      0.5169       0.5169    0.7102            1
2014 02 12 30.4165 31.3427 30.9327      0.8885       0.8885    0.7271            1
2014 02 13 30.0406 30.9671 30.5580      0.5115       0.5115    0.7443            1
2014 02 14 30.4238 31.3507 30.9425      0.8936       0.8936    0.7618            1
2014 02 15 30.0378 30.9649 30.5578      0.5064       0.5064    0.7795            1
2014 02 16 30.4307 31.3581 30.9519      0.8981       0.8981    0.7975            1
2014 02 17 30.0358 30.9634 30.5582      0.5019       0.5019    0.8157            1
2014 02 18 30.4373 31.3651 30.9609      0.9021       0.9021    0.8342            1
2014 02 19 30.0345 30.9624 30.5592      0.4979       0.4979    0.8530            1
2014 02 20 30.4437 31.3717 30.9695      0.9057       0.9057    0.8720            1
2014 02 21 30.0337 30.9618 30.5607      0.4943       0.4943    0.8913            1
2014 02 22 30.4497 31.3778 30.9777      0.9088       0.9088    0.9108            1
2014 02 23 30.0336 30.9617 30.5627      0.4912       0.4912    0.9306            1
2014 02 24 30.4554 31.3834 30.9855      0.9114       0.9114    0.9506            1
2014 02 25 30.0342 30.9621 30.5654      0.4886       0.4886    0.9709            1
2014 02 26 30.4606 31.3884 30.9928      0.9134       0.9134    0.9914            1
2014 02 27 30.0355 30.9631 30.5687      0.4866       0.4866    1.0122            2
2014 02 28 30.4658 31.3932 30.9998      0.9151       0.9151    1.0332            2
2014 03 01 30.0373 30.9645 30.5723      0.4849       0.4849    1.0544            2
2014 03 02 30.4704 31.3973 31.0063      0.9162       0.9162    1.0759            2
2014 03 03 30.0399 30.9664 30.5766      0.4838       0.4838    1.0976            2
2014 03 04 30.4747 31.4009 31.0123      0.9168       0.9168    1.1196            2
2014 03 05 30.0431 30.9689 30.5815      0.4832       0.4832    1.1418            2
2014 03 06 30.4788 31.4042 31.0180      0.9170       0.9170    1.1642            2
2014 03 07 30.0468 30.9717 30.5868      0.4830       0.4830    1.1868            2
2014 03 08 30.4825 31.4069 31.0232      0.9167       0.9167    1.2096            2
2014 03 09 30.0512 30.9750 30.5926      0.4833       0.4833    1.2326            2
2014 03 10 30.4860 31.4092 31.0281      0.9160       0.9160    1.2558            2
2014 03 11 30.0561 30.9787 30.5988      0.4840       0.4840    1.2793            2
2014 03 12 30.4891 31.4111 31.0325      0.9149       0.9149    1.3029            2
2014 03 13 30.0615 30.9828 30.6055      0.4851       0.4851    1.3267            2
2014 03 14 30.4920 31.4125 31.0365      0.9133       0.9133    1.3507            2
2014 03 15 30.0676 30.9874 30.6127      0.4867       0.4867    1.3749            2
2014 03 16 30.4945 31.4135 31.0401      0.9113       0.9113    1.3992            2
2014 03 17 30.0742 30.9924 30.6203      0.4887       0.4887    1.4237            2
2014 03 18 30.4967 31.4141 31.0433      0.9089       0.9089    1.4484            2
2014 03 19 30.0813 30.9977 30.6283      0.4911       0.4911    1.4732            2
2014 03 20 30.4988 31.4143 31.0462      0.9062       0.9062    1.4981            2
2014 03 21 30.0888 31.0033 30.6366      0.4938       0.4938    1.5232            2
2014 03 22 30.5005 31.4141 31.0487      0.9031       0.9031    1.5484            2
2014 03 23 30.0968 31.0093 30.6453      0.4969       0.4969    1.5738            2
2014 03 24 30.5020 31.4134 31.0507      0.8996       0.8996    1.5992            2
2014 03 25 30.1053 31.0156 30.6543      0.5004       0.5004    1.6248            2
2014 03 26 30.5034 31.4125 31.0526      0.8959       0.8959    1.6504            2
2014 03 27 30.1141 31.0221 30.6635      0.5041       0.5041    1.6762            2
2014 03 28 30.5044 31.4112 31.0540      0.8918       0.8918    1.7020            2
2014 03 29 30.1234 31.0290 30.6731      0.5082       0.5082    1.7279            2
2014 03 30 30.5053 31.4096 31.0552      0.8875       0.8875    1.7539            2
2014 03 31 30.1330 31.0360 30.6829      0.5125       0.5125    1.7799            2
2014 04 01 30.5061 31.4078 31.0561      0.8830       0.8830    1.8060            2
2014 04 02 30.1428 31.0431 30.6928      0.5170       0.5170    1.8321            2
2014 04 03 30.5067 31.4056 31.0567      0.8782       0.8782    1.8582            2
2014 04 04 30.1530 31.0505 30.7029      0.5218       0.5218    1.8844            2
2014 04 05 30.5071 31.4032 31.0570      0.8732       0.8732    1.9106            2
2014 04 06 30.1635 31.0581 30.7132      0.5268       0.5268    1.9367            2
2014 04 07 30.5074 31.4005 31.0571      0.8680       0.8680    1.9629            2
2014 04 08 30.1742 31.0658 30.7237      0.5320       0.5320    1.9890            2
2014 04 09 30.5076 31.3977 31.0570      0.8627       0.8627    2.0152            2
2014 04 10 30.1850 31.0735 30.7341      0.5373       0.5373    2.0412            2
2014 04 11 30.5077 31.3946 31.0566      0.8572       0.8572    2.0672            2
2014 04 12 30.1961 31.0814 30.7447      0.5428       0.5428    2.0932            2
2014 04 13 30.5077 31.3913 31.0560      0.8516       0.8516    2.1191            2
2014 04 14 30.2074 31.0893 30.7553      0.5484       0.5484    2.1449            2
2014 04 15 30.5077 31.3879 31.0553      0.8459       0.8459    2.1706            2
2014 04 16 30.2187 31.0972 30.7659      0.5541       0.5541    2.1962            2
2014 04 17 30.5077 31.3844 31.0545      0.8402       0.8402    2.2217            2
2014 04 18 30.2301 31.1050 30.7765      0.5598       0.5598    2.2471            2
2014 04 19 30.5076 31.3807 31.0534      0.8344       0.8344    2.2723            2
2014 04 20 30.2416 31.1129 30.7870      0.5656       0.5656    2.2974            2
2014 04 21 30.5075 31.3769 31.0523      0.8286       0.8286    2.3223            2
2014 04 22 30.2531 31.1207 30.7974      0.5714       0.5714    2.3471            2
2014 04 23 30.5074 31.3731 31.0510      0.8228       0.8228    2.3716            2
2014 04 24 30.2646 31.1284 30.8077      0.5772       0.5772    2.3960            2
2014 04 25 30.5073 31.3691 31.0497      0.8170       0.8170    2.4202            2
2014 04 26 30.2761 31.1361 30.8179      0.5830       0.5830    2.4441            2
2014 04 27 30.5071 31.3651 31.0482      0.8112       0.8112    2.4679            2
2014 04 28 30.2876 31.1436 30.8279      0.5888       0.5888    2.4914            2
2014 04 29 30.5071 31.3611 31.0467      0.8055       0.8055    2.5146            2
2014 04 30 30.2989 31.1510 30.8377      0.5945       0.5945    2.5376            2
2014 05 01 30.5072 31.3572 31.0452      0.7999       0.7999    2.5603            2
2014 05 02 30.3102 31.1581 30.8473      0.6001       0.6001    2.5828            2
2014 05 03 30.5072 31.3531 31.0435      0.7943       0.7943    2.6049            2
2014 05 04 30.3214 31.1652 30.8568      0.6057       0.6057    2.6268            2
2014 05 05 30.5074 31.3491 31.0419      0.7889       0.7889    2.6483            2
2014 05 06 30.3323 31.1720 30.8659      0.6111       0.6111    2.6695            2
2014 05 07 30.5076 31.3452 31.0402      0.7836       0.7836    2.6904            2
2014 05 08 30.3431 31.1786 30.8748      0.6164       0.6164    2.7109            2
2014 05 09 30.5079 31.3412 31.0385      0.7784       0.7784    2.7311            2
2014 05 10 30.3538 31.1850 30.8834      0.6216       0.6216    2.7509            2
2014 05 11 30.5083 31.3374 31.0369      0.7734       0.7734    2.7703            2
2014 05 12 30.3642 31.1911 30.8917      0.6266       0.6266    2.7893            2
2014 05 13 30.5088 31.3335 31.0352      0.7685       0.7685    2.8080            2
2014 05 14 30.3744 31.1970 30.8997      0.6315       0.6315    2.8262            2
2014 05 15 30.5094 31.3298 31.0335      0.7638       0.7638    2.8440            2
2014 05 16 30.3844 31.2026 30.9073      0.6362       0.6362    2.8614            2
2014 05 17 30.5100 31.3261 31.0318      0.7592       0.7592    2.8784            2
2014 05 18 30.3942 31.2080 30.9147      0.6408       0.6408    2.8949            2
2014 05 19 30.5107 31.3224 31.0301      0.7548       0.7548    2.9110            2
2014 05 20 30.4037 31.2131 30.9217      0.6452       0.6452    2.9266            2
2014 05 21 30.5117 31.3190 31.0285      0.7507       0.7507    2.9417            2
2014 05 22 30.4128 31.2179 30.9283      0.6493       0.6493    2.9564            2
2014 05 23 30.5126 31.3155 31.0268      0.7467       0.7467    2.9706            2
2014 05 24 30.4217 31.2224 30.9346      0.6533       0.6533    2.9843            2
2014 05 25 30.5136 31.3121 31.0251      0.7428       0.7428    2.9975            2
2014 05 26 30.4304 31.2266 30.9405      0.6572       0.6572    3.0102            2
2014 05 27 30.5147 31.3088 31.0235      0.7392       0.7392    3.0223            2
2014 05 28 30.4387 31.2305 30.9461      0.6608       0.6608    3.0340            2
2014 05 29 30.5160 31.3056 31.0219      0.7358       0.7358    3.0451            2
2014 05 30 30.4467 31.2341 30.9512      0.6642       0.6642    3.0557            2
2014 05 31 30.5173 31.3026 31.0204      0.7326       0.7326    3.0657            2
2014 06 01 30.4543 31.2374 30.9559      0.6674       0.6674    3.0752            2
2014 06 02 30.5186 31.2995 31.0187      0.7295       0.7295    3.0842            2
2014 06 03 30.4618 31.2405 30.9604      0.6705       0.6705    3.0926            2
2014 06 04 30.5200 31.2965 31.0171      0.7266       0.7266    3.1004            2
2014 06 05 30.4689 31.2433 30.9645      0.6734       0.6734    3.1077            2
2014 06 06 30.5214 31.2937 31.0155      0.7239       0.7239    3.1144            2
2014 06 07 30.4756 31.2457 30.9681      0.6761       0.6761    3.1206            2
2014 06 08 30.5229 31.2909 31.0139      0.7214       0.7214    3.1262            2
2014 06 09 30.4821 31.2479 30.9714      0.6786       0.6786    3.1311            2
2014 06 10 30.5244 31.2881 31.0122      0.7190       0.7190    3.1356            2
2014 06 11 30.4883 31.2499 30.9744      0.6810       0.6810    3.1394            2
2014 06 12 30.5259 31.2854 31.0105      0.7168       0.7168    3.1426            2
2014 06 13 30.4941 31.2515 30.9770      0.6832       0.6832    3.1453            2
2014 06 14 30.5274 31.2827 31.0087      0.7147       0.7147    3.1473            2
2014 06 15 30.4997 31.2530 30.9794      0.6853       0.6853    3.1488            2
2014 06 16 30.5289 31.2801 31.0069      0.7128       0.7128    3.1497            2
2014 06 17 30.5049 31.2541 30.9813      0.6872       0.6872    3.1500            2
2014 06 18 30.5303 31.2775 31.0050      0.7110       0.7110    3.1497            2
2014 06 19 30.5099 31.2551 30.9829      0.6890       0.6890    3.1488            2
2014 06 20 30.5316 31.2748 31.0030      0.7092       0.7092    3.1473            2
2014 06 21 30.5147 31.2559 30.9844      0.6908       0.6908    3.1453            2
2014 06 22 30.5329 31.2722 31.0009      0.7076       0.7076    3.1426            2
2014 06 23 30.5191 31.2565 30.9854      0.6924       0.6924    3.1394            2
2014 06 24 30.5342 31.2696 30.9988      0.7061       0.7061    3.1356            2
2014 06 25 30.5233 31.2568 30.9862      0.6939       0.6939    3.1311            2
2014 06 26 30.5353 31.2669 30.9964      0.7046       0.7046    3.1262            2
2014 06 27 30.5273 31.2571 30.9867      0.6954       0.6954    3.1206            2
2014 06 28 30.5361 31.2641 30.9939      0.7031       0.7031    3.1144            2
2014 06 29 30.5311 31.2572 30.9871      0.6969       0.6969    3.1077            2
2014 06 30 30.5370 31.2613 30.9913      0.7017       0.7017    3.1004            2
2014 07 01 30.5346 31.2572 30.9872      0.6983       0.6983    3.0926            2
2014 07 02 30.5376 31.2585 30.9885      0.7003       0.7003    3.0842            2
2014 07 03 30.5380 31.2571 30.9871      0.6997       0.6997    3.0752            2
2014 07 04 30.5382 31.2556 30.9856      0.6990       0.6990    3.0657            2
2014 07 05 30.5410 31.2568 30.9867      0.7010       0.7010    3.0557            2
2014 07 06 30.5384 31.2525 30.9824      0.6976       0.6976    3.0451            2
2014 07 07 30.5440 31.2565 30.9862      0.7024       0.7024    3.0340            2
2014 07 08 30.5385 31.2494 30.9790      0.6962       0.6962    3.0223            2
2014 07 09 30.5468 31.2561 30.9856      0.7038       0.7038    3.0102            2
2014 07 10 30.5383 31.2461 30.9754      0.6947       0.6947    2.9975            2
2014 07 11 30.5495 31.2557 30.9849      0.7053       0.7053    2.9843            2
2014 07 12 30.5379 31.2427 30.9716      0.6932       0.6932    2.9706            2
2014 07 13 30.5520 31.2553 30.9840      0.7068       0.7068    2.9564            2
2014 07 14 30.5372 31.2391 30.9675      0.6916       0.6916    2.9417            2
2014 07 15 30.5544 31.2548 30.9830      0.7084       0.7084    2.9266            2
2014 07 16 30.5362 31.2353 30.9632      0.6899       0.6899    2.9110            2
2014 07 17 30.5567 31.2544 30.9820      0.7101       0.7101    2.8949            2
2014 07 18 30.5349 31.2314 30.9585      0.6881       0.6881    2.8784            2
2014 07 19 30.5589 31.2541 30.9809      0.7119       0.7119    2.8614            2
2014 07 20 30.5334 31.2273 30.9537      0.6863       0.6863    2.8440            2
2014 07 21 30.5609 31.2536 30.9796      0.7137       0.7137    2.8262            2
2014 07 22 30.5314 31.2230 30.9485      0.6842       0.6842    2.8080            2
2014 07 23 30.5630 31.2534 30.9785      0.7158       0.7158    2.7893            2
2014 07 24 30.5293 31.2185 30.9431      0.6821       0.6821    2.7703            2
2014 07 25 30.5649 31.2531 30.9772      0.7179       0.7179    2.7509            2
2014 07 26 30.5267 31.2138 30.9373      0.6798       0.6798    2.7311            2
2014 07 27 30.5669 31.2529 30.9759      0.7202       0.7202    2.7109            2
2014 07 28 30.5238 31.2089 30.9313      0.6774       0.6774    2.6904            2
2014 07 29 30.5687 31.2528 30.9746      0.7226       0.7226    2.6695            2
2014 07 30 30.5204 31.2037 30.9249      0.6747       0.6747    2.6483            2
2014 07 31 30.5706 31.2530 30.9735      0.7253       0.7253    2.6268            2
2014 08 01 30.5169 31.1984 30.9183      0.6720       0.6720    2.6049            2
2014 08 02 30.5724 31.2530 30.9723      0.7280       0.7280    2.5828            2
2014 08 03 30.5128 31.1927 30.9112      0.6690       0.6690    2.5603            2
2014 08 04 30.5742 31.2534 30.9712      0.7310       0.7310    2.5376            2
2014 08 05 30.5084 31.1868 30.9039      0.6658       0.6658    2.5146            2
2014 08 06 30.5761 31.2538 30.9701      0.7342       0.7342    2.4914            2
2014 08 07 30.5037 31.1808 30.8963      0.6625       0.6625    2.4679            2
2014 08 08 30.5779 31.2544 30.9691      0.7375       0.7375    2.4441            2
2014 08 09 30.4985 31.1745 30.8884      0.6590       0.6590    2.4202            2
2014 08 10 30.5796 31.2551 30.9681      0.7410       0.7410    2.3960            2
2014 08 11 30.4930 31.1679 30.8801      0.6553       0.6553    2.3716            2
2014 08 12 30.5814 31.2559 30.9672      0.7447       0.7447    2.3471            2
2014 08 13 30.4871 31.1612 30.8716      0.6514       0.6514    2.3223            2
2014 08 14 30.5833 31.2569 30.9664      0.7486       0.7486    2.2974            2
2014 08 15 30.4808 31.1542 30.8628      0.6473       0.6473    2.2723            2
2014 08 16 30.5851 31.2581 30.9658      0.7527       0.7527    2.2471            2
2014 08 17 30.4742 31.1469 30.8536      0.6430       0.6430    2.2217            2
2014 08 18 30.5869 31.2595 30.9652      0.7570       0.7570    2.1962            2
2014 08 19 30.4671 31.1395 30.8442      0.6385       0.6385    2.1706            2
2014 08 20 30.5888 31.2610 30.9647      0.7615       0.7615    2.1449            2
2014 08 21 30.4598 31.1319 30.8346      0.6339       0.6339    2.1191            2
2014 08 22 30.5906 31.2626 30.9642      0.7661       0.7661    2.0932            2
2014 08 23 30.4521 31.1241 30.8247      0.6291       0.6291    2.0672            2
2014 08 24 30.5924 31.2644 30.9639      0.7709       0.7709    2.0412            2
2014 08 25 30.4441 31.1161 30.8145      0.6241       0.6241    2.0152            2
2014 08 26 30.5943 31.2664 30.9637      0.7759       0.7759    1.9890            2
2014 08 27 30.4358 31.1079 30.8041      0.6190       0.6190    1.9629            2
2014 08 28 30.5961 31.2684 30.9635      0.7810       0.7810    1.9367            2
2014 08 29 30.4272 31.0997 30.7936      0.6138       0.6138    1.9106            2
2014 08 30 30.5979 31.2706 30.9633      0.7862       0.7862    1.8844            2
2014 08 31 30.4183 31.0913 30.7828      0.6084       0.6084    1.8582            2
2014 09 01 30.5997 31.2729 30.9633      0.7916       0.7916    1.8321            2
2014 09 02 30.4091 31.0827 30.7719      0.6029       0.6029    1.8060            2
2014 09 03 30.6014 31.2754 30.9634      0.7971       0.7971    1.7799            2
2014 09 04 30.3997 31.0741 30.7609      0.5973       0.5973    1.7539            2
2014 09 05 30.6031 31.2780 30.9635      0.8027       0.8027    1.7279            2
2014 09 06 30.3900 31.0653 30.7497      0.5916       0.5916    1.7020            2
2014 09 07 30.6048 31.2806 30.9637      0.8084       0.8084    1.6762            2
2014 09 08 30.3802 31.0566 30.7384      0.5859       0.5859    1.6504            2
2014 09 09 30.6063 31.2833 30.9638      0.8141       0.8141    1.6248            2
2014 09 10 30.3701 31.0478 30.7271      0.5801       0.5801    1.5992            2
2014 09 11 30.6078 31.2861 30.9641      0.8199       0.8199    1.5738            2
2014 09 12 30.3600 31.0390 30.7157      0.5743       0.5743    1.5484            2
2014 09 13 30.6091 31.2889 30.9643      0.8257       0.8257    1.5232            2
2014 09 14 30.3497 31.0302 30.7043      0.5685       0.5685    1.4981            2
2014 09 15 30.6104 31.2917 30.9645      0.8315       0.8315    1.4732            2
2014 09 16 30.3392 31.0215 30.6929      0.5627       0.5627    1.4484            2
2014 09 17 30.6115 31.2946 30.9647      0.8373       0.8373    1.4237            2
2014 09 18 30.3287 31.0127 30.6815      0.5569       0.5569    1.3992            2
2014 09 19 30.6125 31.2975 30.9649      0.8431       0.8431    1.3749            2
2014 09 20 30.3182 31.0042 30.6702      0.5512       0.5512    1.3507            2
2014 09 21 30.6133 31.3003 30.9650      0.8488       0.8488    1.3267            2
2014 09 22 30.3077 30.9957 30.6591      0.5456       0.5456    1.3029            2
2014 09 23 30.6139 31.3031 30.9651      0.8544       0.8544    1.2793            2
2014 09 24 30.2971 30.9874 30.6480      0.5401       0.5401    1.2558            2
2014 09 25 30.6144 31.3058 30.9650      0.8599       0.8599    1.2326            2
2014 09 26 30.2865 30.9791 30.6370      0.5346       0.5346    1.2096            2
2014 09 27 30.6147 31.3085 30.9650      0.8654       0.8654    1.1868            2
2014 09 28 30.2761 30.9711 30.6263      0.5294       0.5294    1.1642            2
2014 09 29 30.6147 31.3110 30.9648      0.8706       0.8706    1.1418            2
2014 09 30 30.2657 30.9633 30.6158      0.5243       0.5243    1.1196            2
2014 10 01 30.6144 31.3134 30.9645      0.8757       0.8757    1.0976            2
2014 10 02 30.2555 30.9558 30.6055      0.5194       0.5194    1.0759            2
2014 10 03 30.6140 31.3157 30.9640      0.8806       0.8806    1.0544            2
2014 10 04 30.2453 30.9485 30.5954      0.5147       0.5147    1.0332            2
2014 10 05 30.6132 31.3178 30.9634      0.8853       0.8853    1.0122            2
2014 10 06 30.2355 30.9416 30.5857      0.5103       0.5103    0.9914            1
2014 10 07 30.6121 31.3197 30.9625      0.8897       0.8897    0.9709            1
2014 10 08 30.2257 30.9349 30.5763      0.5061       0.5061    0.9506            1
2014 10 09 30.6108 31.3215 30.9615      0.8939       0.8939    0.9306            1
2014 10 10 30.2163 30.9286 30.5673      0.5022       0.5022    0.9108            1
2014 10 11 30.6091 31.3230 30.9603      0.8978       0.8978    0.8913            1
2014 10 12 30.2071 30.9227 30.5586      0.4986       0.4986    0.8720            1
2014 10 13 30.6070 31.3243 30.9589      0.9014       0.9014    0.8530            1
2014 10 14 30.1981 30.9171 30.5503      0.4953       0.4953    0.8342            1
2014 10 15 30.6047 31.3254 30.9573      0.9047       0.9047    0.8157            1
2014 10 16 30.1896 30.9120 30.5425      0.4924       0.4924    0.7975            1
2014 10 17 30.6019 31.3261 30.9553      0.9076       0.9076    0.7795            1
2014 10 18 30.1813 30.9072 30.5352      0.4898       0.4898    0.7618            1
2014 10 19 30.5988 31.3266 30.9532      0.9102       0.9102    0.7443            1
2014 10 20 30.1735 30.9031 30.5284      0.4877       0.4877    0.7271            1
2014 10 21 30.5952 31.3267 30.9507      0.9123       0.9123    0.7102            1
2014 10 22 30.1660 30.8993 30.5220      0.4859       0.4859    0.6936            1
2014 10 23 30.5913 31.3266 30.9479      0.9141       0.9141    0.6772            1
2014 10 24 30.1589 30.8960 30.5161      0.4845       0.4845    0.6610            1
2014 10 25 30.5870 31.3261 30.9449      0.9155       0.9155    0.6452            1
2014 10 26 30.1523 30.8933 30.5109      0.4836       0.4836    0.6296            1
2014 10 27 30.5822 31.3252 30.9415      0.9164       0.9164    0.6142            1
2014 10 28 30.1461 30.8911 30.5061      0.4831       0.4831    0.5991            1
2014 10 29 30.5771 31.3240 30.9379      0.9169       0.9169    0.5843            1
2014 10 30 30.1403 30.8893 30.5019      0.4830       0.4830    0.5697            1
2014 10 31 30.5715 31.3225 30.9339      0.9170       0.9170    0.5554            1
2014 11 01 30.1351 30.8882 30.4984      0.4834       0.4834    0.5414            1
2014 11 02 30.5655 31.3206 30.9296      0.9166       0.9166    0.5276            1
2014 11 03 30.1304 30.8876 30.4955      0.4843       0.4843    0.5141            1
2014 11 04 30.5591 31.3183 30.9250      0.9157       0.9157    0.5008            1
2014 11 05 30.1263 30.8876 30.4932      0.4857       0.4857    0.4877            1
2014 11 06 30.5521 31.3156 30.9200      0.9143       0.9143    0.4750            1
2014 11 07 30.1226 30.8882 30.4914      0.4875       0.4875    0.4624            1
2014 11 08 30.5449 31.3126 30.9147      0.9125       0.9125    0.4501            1
2014 11 09 30.1195 30.8894 30.4904      0.4899       0.4899    0.4381            1
2014 11 10 30.5370 31.3090 30.9090      0.9101       0.9101    0.4263            1
2014 11 11 30.1170 30.8911 30.4900      0.4927       0.4927    0.4147            1
2014 11 12 30.5289 31.3052 30.9031      0.9073       0.9073    0.4034            1
2014 11 13 30.1149 30.8934 30.4902      0.4960       0.4960    0.3923            1
2014 11 14 30.5203 31.3010 30.8968      0.9040       0.9040    0.3815            1
2014 11 15 30.1135 30.8964 30.4911      0.4998       0.4998    0.3709            1
2014 11 16 30.5113 31.2963 30.8901      0.9002       0.9002    0.3605            1
2014 11 17 30.1126 30.8999 30.4927      0.5041       0.5041    0.3503            1
2014 11 18 30.5019 31.2913 30.8832      0.8959       0.8959    0.3404            1
2014 11 19 30.1124 30.9040 30.4949      0.5089       0.5089    0.3306            1
2014 11 20 30.4921 31.2859 30.8759      0.8911       0.8911    0.3211            1
2014 11 21 30.1126 30.9086 30.4977      0.5141       0.5141    0.3118            1
2014 11 22 30.4819 31.2802 30.8684      0.8859       0.8859    0.3027            1
2014 11 23 30.1134 30.9138 30.5012      0.5198       0.5198    0.2939            1
2014 11 24 30.4714 31.2740 30.8606      0.8802       0.8802    0.2852            1
2014 11 25 30.1148 30.9197 30.5054      0.5260       0.5260    0.2767            1
2014 11 26 30.4605 31.2675 30.8524      0.8740       0.8740    0.2685            1
2014 11 27 30.1168 30.9260 30.5101      0.5326       0.5326    0.2604            1
2014 11 28 30.4493 31.2607 30.8440      0.8674       0.8674    0.2525            1
2014 11 29 30.1193 30.9329 30.5155      0.5397       0.5397    0.2449            1
2014 11 30 30.4377 31.2535 30.8353      0.8603       0.8603    0.2374            1
2014 12 01 30.1223 30.9403 30.5214      0.5471       0.5471    0.2301            1
2014 12 02 30.4259 31.2461 30.8265      0.8529       0.8529    0.2230            1
2014 12 03 30.1259 30.9482 30.5280      0.5550       0.5550    0.2160            1
2014 12 04 30.4138 31.2383 30.8174      0.8450       0.8450    0.2093            1
2014 12 05 30.1299 30.9566 30.5351      0.5632       0.5632    0.2027            1
2014 12 06 30.4015 31.2303 30.8082      0.8368       0.8368    0.1963            1
2014 12 07 30.1345 30.9654 30.5427      0.5718       0.5718    0.1900            1
2014 12 08 30.3889 31.2220 30.7987      0.8282       0.8282    0.1839            1
2014 12 09 30.1396 30.9748 30.5510      0.5808       0.5808    0.1780            1
2014 12 10 30.3761 31.2134 30.7891      0.8192       0.8192    0.1722            1
2014 12 11 30.1450 30.9845 30.5596      0.5900       0.5900    0.1666            1
2014 12 12 30.3632 31.2047 30.7794      0.8100       0.8100    0.1612            1
2014 12 13 30.1510 30.9946 30.5689      0.5996       0.5996    0.1558            1
2014 12 14 30.3501 31.1958 30.7696      0.8004       0.8004    0.1507            1
2014 12 15 30.1574 31.0051 30.5785      0.6094       0.6094    0.1457            1
2014 12 16 30.3369 31.1867 30.7597      0.7906       0.7906    0.1408            1
2014 12 17 30.1642 31.0160 30.5886      0.6195       0.6195    0.1360            1
2014 12 18 30.3236 31.1774 30.7497      0.7805       0.7805    0.1314            1
2014 12 19 30.1713 31.0272 30.5992      0.6298       0.6298    0.1270            1
2014 12 20 30.3102 31.1680 30.7397      0.7702       0.7702    0.1226            1
2014 12 21 30.1788 31.0385 30.6100      0.6402       0.6402    0.1184            1
2014 12 22 30.2970 31.1587 30.7298      0.7598       0.7598    0.1143            1
2014 12 23 30.1867 31.0503 30.6213      0.6509       0.6509    0.1103            1
2014 12 24 30.2836 31.1491 30.7198      0.7491       0.7491    0.1065            1
2014 12 25 30.1949 31.0623 30.6329      0.6617       0.6617    0.1027            1
2014 12 26 30.2702 31.1395 30.7099      0.7383       0.7383    0.0991            1
2014 12 27 30.2032 31.0743 30.6446      0.6725       0.6725    0.0956            1
2014 12 28 30.2571 31.1300 30.7002      0.7275       0.7275    0.0922            1
2014 12 29 30.2120 31.0867 30.6568      0.6835       0.6835    0.0889            1
2014 12 30 30.2439 31.1204 30.6905      0.7165       0.7165    0.0857            1
2014 12 31 30.2264 31.1047 30.6747      0.7000       0.7000    0.0826            1
2015 01 01 30.2154 31.0954 30.6654      0.6900       0.6900    0.2637            1
2015 01 02 30.2145 31.0962 30.6662      0.6900       0.6900    0.2721            1
2015 01 03 30.2246 31.1080 30.6781      0.7010       0.7010    0.2806            1
2015 01 04 30.2018 31.0868 30.6569      0.6790       0.6790    0.2894            1
2015 01 05 30.2340 31.1207 30.6909      0.7120       0.7120    0.2984            1
2015 01 06 30.1893 31.0776 30.6479      0.6680       0.6680    0.3077            1
2015 01 07 30.2435 31.1333 30.7038      0.7229       0.7229    0.3172            1
2015 01 08 30.1770 31.0685 30.6390      0.6571       0.6571    0.3269            1
2015 01 09 30.2530 31.1460 30.7168      0.7337       0.7337    0.3368            1
2015 01 10 30.1651 31.0596 30.6305      0.6463       0.6463    0.3470            1
2015 01 11 30.2628 31.1587 30.7299      0.7445       0.7445    0.3574            1
2015 01 12 30.1533 31.0507 30.6222      0.6355       0.6355    0.3680            1
2015 01 13 30.2724 31.1712 30.7429      0.7550       0.7550    0.3789            1
2015 01 14 30.1421 31.0423 30.6143      0.6250       0.6250    0.3901            1
2015 01 15 30.2822 31.1837 30.7560      0.7654       0.7654    0.4015            1
2015 01 16 30.1311 31.0340 30.6067      0.6146       0.6146    0.4131            1
2015 01 17 30.2919 31.1961 30.7691      0.7756       0.7756    0.4250            1
2015 01 18 30.1206 31.0260 30.5994      0.6044       0.6044    0.4372            1
2015 01 19 30.3015 31.2082 30.7820      0.7855       0.7855    0.4496            1
2015 01 20 30.1105 31.0184 30.5926      0.5945       0.5945    0.4623            1
2015 01 21 30.3112 31.2202 30.7949      0.7952       0.7952    0.4753            1
2015 01 22 30.1008 31.0110 30.5862      0.5848       0.5848    0.4886            1
2015 01 23 30.3207 31.2320 30.8077      0.8046       0.8046    0.5021            1
2015 01 24 30.0916 31.0040 30.5802      0.5754       0.5754    0.5159            1
2015 01 25 30.3301 31.2435 30.8203      0.8137       0.8137    0.5300            1
2015 01 26 30.0830 30.9974 30.5747      0.5663       0.5663    0.5443            1
2015 01 27 30.3394 31.2548 30.8327      0.8225       0.8225    0.5590            1
2015 01 28 30.0748 30.9911 30.5696      0.5575       0.5575    0.5739            1
2015 01 29 30.3486 31.2658 30.8449      0.8309       0.8309    0.5891            1
2015 01 30 30.0672 30.9853 30.5651      0.5491       0.5491    0.6046            1
2015 01 31 30.3576 31.2765 30.8569      0.8390       0.8390    0.6204            1
2015 02 01 30.0601 30.9798 30.5610      0.5410       0.5410    0.6365            1
2015 02 02 30.3664 31.2869 30.8687      0.8467       0.8467    0.6529            1
2015 02 03 30.0536 30.9748 30.5574      0.5333       0.5333    0.6696            1
2015 02 04 30.3749 31.2968 30.8801      0.8539       0.8539    0.6866            1
2015 02 05 30.0478 30.9704 30.5544      0.5261       0.5261    0.7039            1
2015 02 06 30.3831 31.3063 30.8912      0.8607       0.8607    0.7215            1
2015 02 07 30.0425 30.9663 30.5520      0.5193       0.5193    0.7394            1
2015 02 08 30.3912 31.3155 30.9021      0.8671       0.8671    0.7576            1
2015 02 09 30.0379 30.9628 30.5501      0.5129       0.5129    0.7760            1
2015 02 10 30.3991 31.3244 30.9126      0.8731       0.8731    0.7948            1
2015 02 11 30.0339 30.9596 30.5487      0.5069       0.5069    0.8139            1
2015 02 12 30.4065 31.3327 30.9227      0.8785       0.8785    0.8333            1
2015 02 13 30.0306 30.9571 30.5480      0.5015       0.5015    0.8530            1
2015 02 14 30.4138 31.3407 30.9325      0.8836       0.8836    0.8730            1
2015 02 15 30.0278 30.9549 30.5478      0.4964       0.4964    0.8933            1
2015 02 16 30.4207 31.3481 30.9419      0.8881       0.8881    0.9139            1
2015 02 17 30.0258 30.9534 30.5482      0.4919       0.4919    0.9348            1
2015 02 18 30.4273 31.3551 30.9509      0.8921       0.8921    0.9560            1
2015 02 19 30.0245 30.9524 30.5492      0.4879       0.4879    0.9775            1
2015 02 20 30.4337 31.3617 30.9595      0.8957       0.8957    0.9993            1
2015 02 21 30.0237 30.9518 30.5507      0.4843       0.4843    1.0214            2
2015 02 22 30.4397 31.3678 30.9677      0.8988       0.8988    1.0438            2
2015 02 23 30.0236 30.9517 30.5527      0.4812       0.4812    1.0665            2
2015 02 24 30.4454 31.3734 30.9755      0.9014       0.9014    1.0894            2
2015 02 25 30.0242 30.9521 30.5554      0.4786       0.4786    1.1127            2
2015 02 26 30.4506 31.3784 30.9828      0.9034       0.9034    1.1362            2
2015 02 27 30.0255 30.9531 30.5587      0.4766       0.4766    1.1600            2
2015 02 28 30.4558 31.3832 30.9898      0.9051       0.9051    1.1841            2
2015 03 01 30.0273 30.9545 30.5623      0.4749       0.4749    1.2084            2
2015 03 02 30.4604 31.3873 30.9963      0.9062       0.9062    1.2331            2
2015 03 03 30.0299 30.9564 30.5666      0.4738       0.4738    1.2579            2
2015 03 04 30.4647 31.3909 31.0023      0.9068       0.9068    1.2831            2
2015 03 05 30.0331 30.9589 30.5715      0.4732       0.4732    1.3085            2
2015 03 06 30.4688 31.3942 31.0080      0.9070       0.9070    1.3342            2
2015 03 07 30.0368 30.9617 30.5768      0.4730       0.4730    1.3601            2
2015 03 08 30.4725 31.3969 31.0132      0.9067       0.9067    1.3862            2
2015 03 09 30.0412 30.9650 30.5826      0.4733       0.4733    1.4126            2
2015 03 10 30.4760 31.3992 31.0181      0.9060       0.9060    1.4392            2
2015 03 11 30.0461 30.9687 30.5888      0.4740       0.4740    1.4661            2
2015 03 12 30.4791 31.4011 31.0225      0.9049       0.9049    1.4932            2
2015 03 13 30.0515 30.9728 30.5955      0.4751       0.4751    1.5204            2
2015 03 14 30.4820 31.4025 31.0265      0.9033       0.9033    1.5479            2
2015 03 15 30.0576 30.9774 30.6027      0.4767       0.4767    1.5756            2
2015 03 16 30.4845 31.4035 31.0301      0.9013       0.9013    1.6035            2
2015 03 17 30.0642 30.9824 30.6103      0.4787       0.4787    1.6316            2
2015 03 18 30.4867 31.4041 31.0333      0.8989       0.8989    1.6599            2
2015 03 19 30.0713 30.9877 30.6183      0.4811       0.4811    1.6883            2
2015 03 20 30.4888 31.4043 31.0362      0.8962       0.8962    1.7169            2
2015 03 21 30.0788 30.9933 30.6266      0.4838       0.4838    1.7456            2
2015 03 22 30.4905 31.4041 31.0387      0.8931       0.8931    1.7745            2
2015 03 23 30.0868 30.9993 30.6353      0.4869       0.4869    1.8036            2
2015 03 24 30.4920 31.4034 31.0407      0.8896       0.8896    1.8327            2
2015 03 25 30.0953 31.0056 30.6443      0.4904       0.4904    1.8620            2
2015 03 26 30.4934 31.4025 31.0426      0.8859       0.8859    1.8914            2
2015 03 27 30.1041 31.0121 30.6535      0.4941       0.4941    1.9210            2
2015 03 28 30.4944 31.4012 31.0440      0.8818       0.8818    1.9506            2
2015 03 29 30.1134 31.0190 30.6631      0.4982       0.4982    1.9802            2
2015 03 30 30.4953 31.3996 31.0452      0.8775       0.8775    2.0100            2
2015 03 31 30.1230 31.0260 30.6729      0.5025       0.5025    2.0398            2
2015 04 01 30.4961 31.3978 31.0461      0.8730       0.8730    2.0697            2
2015 04 02 30.1328 31.0331 30.6828      0.5070       0.5070    2.0996            2
2015 04 03 30.4967 31.3956 31.0467      0.8682       0.8682    2.1296            2
2015 04 04 30.1430 31.0405 30.6929      0.5118       0.5118    2.1596            2
2015 04 05 30.4971 31.3932 31.0470      0.8632       0.8632    2.1896            2
2015 04 06 30.1535 31.0481 30.7032      0.5168       0.5168    2.2196            2
2015 04 07 30.4974 31.3905 31.0471      0.8580       0.8580    2.2495            2
2015 04 08 30.1642 31.0558 30.7137      0.5220       0.5220    2.2795            2
2015 04 09 30.4976 31.3877 31.0470      0.8527       0.8527    2.3094            2
2015 04 10 30.1750 31.0635 30.7241      0.5273       0.5273    2.3393            2
2015 04 11 30.4977 31.3846 31.0466      0.8472       0.8472    2.3691            2
2015 04 12 30.1861 31.0714 30.7347      0.5328       0.5328    2.3989            2
2015 04 13 30.4977 31.3813 31.0460      0.8416       0.8416    2.4285            2
2015 04 14 30.1974 31.0793 30.7453      0.5384       0.5384    2.4581            2
2015 04 15 30.4977 31.3779 31.0453      0.8359       0.8359    2.4876            2
2015 04 16 30.2087 31.0872 30.7559      0.5441       0.5441    2.5169            2
2015 04 17 30.4977 31.3744 31.0445      0.8302       0.8302    2.5461            2
2015 04 18 30.2201 31.0950 30.7665      0.5498       0.5498    2.5752            2
2015 04 19 30.4976 31.3707 31.0434      0.8244       0.8244    2.6041            2
2015 04 20 30.2316 31.1029 30.7770      0.5556       0.5556    2.6329            2
2015 04 21 30.4975 31.3669 31.0423      0.8186       0.8186    2.6614            2
2015 04 22 30.2431 31.1107 30.7874      0.5614       0.5614    2.6898            2
2015 04 23 30.4974 31.3631 31.0410      0.8128       0.8128    2.7180            2
2015 04 24 30.2546 31.1184 30.7977      0.5672       0.5672    2.7459            2
2015 04 25 30.4973 31.3591 31.0397      0.8070       0.8070    2.7736            2
2015 04 26 30.2661 31.1261 30.8079      0.5730       0.5730    2.8011            2
2015 04 27 30.4971 31.3551 31.0382      0.8012       0.8012    2.8283            2
2015 04 28 30.2776 31.1336 30.8179      0.5788       0.5788    2.8552            2
2015 04 29 30.4971 31.3511 31.0367      0.7955       0.7955    2.8818            2
2015 04 30 30.2889 31.1410 30.8277      0.5845       0.5845    2.9082            2
2015 05 01 30.4972 31.3472 31.0352      0.7899       0.7899    2.9342            2
2015 05 02 30.3002 31.1481 30.8373      0.5901       0.5901    2.9599            2
2015 05 03 30.4972 31.3431 31.0335      0.7843       0.7843    2.9853            2
2015 05 04 30.3114 31.1552 30.8468      0.5957       0.5957    3.0104            2
2015 05 05 30.4974 31.3391 31.0319      0.7789       0.7789    3.0350            2
2015 05 06 30.3223 31.1620 30.8559      0.6011       0.6011    3.0593            2
2015 05 07 30.4976 31.3352 31.0302      0.7736       0.7736    3.0833            2
2015 05 08 30.3331 31.1686 30.8648      0.6064       0.6064    3.1068            2
2015 05 09 30.4979 31.3312 31.0285      0.7684       0.7684    3.1299            2
2015 05 10 30.3438 31.1750 30.8734      0.6116       0.6116    3.1526            2
2015 05 11 30.4983 31.3274 31.0269      0.7634       0.7634    3.1748            2
2015 05 12 30.3542 31.1811 30.8817      0.6166       0.6166    3.1967            2
2015 05 13 30.4988 31.3235 31.0252      0.7585       0.7585    3.2180            2
2015 05 14 30.3644 31.1870 30.8897      0.6215       0.6215    3.2389            2
2015 05 15 30.4994 31.3198 31.0235      0.7538       0.7538    3.2594            2
2015 05 16 30.3744 31.1926 30.8973      0.6262       0.6262    3.2793            2
2015 05 17 30.5000 31.3161 31.0218      0.7492       0.7492    3.2987            2
2015 05 18 30.3842 31.1980 30.9047      0.6308       0.6308    3.3177            2
2015 05 19 30.5007 31.3124 31.0201      0.7448       0.7448    3.3361            2
2015 05 20 30.3937 31.2031 30.9117      0.6352       0.6352    3.3540            2
2015 05 21 30.5017 31.3090 31.0185      0.7407       0.7407    3.3713            2
2015 05 22 30.4028 31.2079 30.9183      0.6393       0.6393    3.3881            2
2015 05 23 30.5026 31.3055 31.0168      0.7367       0.7367    3.4044            2
2015 05 24 30.4117 31.2124 30.9246      0.6433       0.6433    3.4201            2
2015 05 25 30.5036 31.3021 31.0151      0.7328       0.7328    3.4352            2
2015 05 26 30.4204 31.2166 30.9305      0.6472       0.6472    3.4497            2
2015 05 27 30.5047 31.2988 31.0135      0.7292       0.7292    3.4637            2
2015 05 28 30.4287 31.2205 30.9361      0.6508       0.6508    3.4770            2
2015 05 29 30.5060 31.2956 31.0119      0.7258       0.7258    3.4898            2
2015 05 30 30.4367 31.2241 30.9412      0.6542       0.6542    3.5019            2
2015 05 31 30.5073 31.2926 31.0104      0.7226       0.7226    3.5134            2
2015 06 01 30.4443 31.2274 30.9459      0.6574       0.6574    3.5243            2
2015 06 02 30.5086 31.2895 31.0087      0.7195       0.7195    3.5346            2
2015 06 03 30.4518 31.2305 30.9504      0.6605       0.6605    3.5442            2
2015 06 04 30.5100 31.2865 31.0071      0.7166       0.7166    3.5532            2
2015 06 05 30.4589 31.2333 30.9545      0.6634       0.6634    3.5616            2
2015 06 06 30.5114 31.2837 31.0055      0.7139       0.7139    3.5692            2
2015 06 07 30.4656 31.2357 30.9581      0.6661       0.6661    3.5763            2
2015 06 08 30.5129 31.2809 31.0039      0.7114       0.7114    3.5827            2
2015 06 09 30.4721 31.2379 30.9614      0.6686       0.6686    3.5884            2
2015 06 10 30.5144 31.2781 31.0022      0.7090       0.7090    3.5934            2
2015 06 11 30.4783 31.2399 30.9644      0.6710       0.6710    3.5978            2
2015 06 12 30.5159 31.2754 31.0005      0.7068       0.7068    3.6015            2
2015 06 13 30.4841 31.2415 30.9670      0.6732       0.6732    3.6046            2
2015 06 14 30.5174 31.2727 30.9987      0.7047       0.7047    3.6070            2
2015 06 15 30.4897 31.2430 30.9694      0.6753       0.6753    3.6086            2
2015 06 16 30.5189 31.2701 30.9969      0.7028       0.7028    3.6097            2
2015 06 17 30.4949 31.2441 30.9713      0.6772       0.6772    3.6100            2
2015 06 18 30.5203 31.2675 30.9950      0.7010       0.7010    3.6097            2
2015 06 19 30.4999 31.2451 30.9729      0.6790       0.6790    3.6086            2
2015 06 20 30.5216 31.2648 30.9930      0.6992       0.6992    3.6070            2
2015 06 21 30.5047 31.2459 30.9744      0.6808       0.6808    3.6046            2
2015 06 22 30.5229 31.2622 30.9909      0.6976       0.6976    3.6015            2
2015 06 23 30.5091 31.2465 30.9754      0.6824       0.6824    3.5978            2
2015 06 24 30.5242 31.2596 30.9888      0.6961       0.6961    3.5934            2
2015 06 25 30.5133 31.2468 30.9762      0.6839       0.6839    3.5884            2
2015 06 26 30.5253 31.2569 30.9864      0.6946       0.6946    3.5827            2
2015 06 27 30.5173 31.2471 30.9767      0.6854       0.6854    3.5763            2
2015 06 28 30.5261 31.2541 30.9839      0.6931       0.6931    3.5692            2
2015 06 29 30.5211 31.2472 30.9771      0.6869       0.6869    3.5616            2
2015 06 30 30.5270 31.2513 30.9813      0.6917       0.6917    3.5532            2
2015 07 01 30.5246 31.2472 30.9772      0.6883       0.6883    3.5442            2
2015 07 02 30.5276 31.2485 30.9785      0.6903       0.6903    3.5346            2
2015 07 03 30.5280 31.2471 30.9771      0.6897       0.6897    3.5243            2
2015 07 04 30.5282 31.2456 30.9756      0.6890       0.6890    3.5134            2
2015 07 05 30.5310 31.2468 30.9767      0.6910       0.6910    3.5019            2
2015 07 06 30.5284 31.2425 30.9724      0.6876       0.6876    3.4898            2
2015 07 07 30.5340 31.2465 30.9762      0.6924       0.6924    3.4770            2
2015 07 08 30.5285 31.2394 30.9690      0.6862       0.6862    3.4637            2
2015 07 09 30.5368 31.2461 30.9756      0.6938       0.6938    3.4497            2
2015 07 10 30.5283 31.2361 30.9654      0.6847       0.6847    3.4352            2
2015 07 11 30.5395 31.2457 30.9749      0.6953       0.6953    3.4201            2
2015 07 12 30.5279 31.2327 30.9616      0.6832       0.6832    3.4044            2
2015 07 13 30.5420 31.2453 30.9740      0.6968       0.6968    3.3881            2
2015 07 14 30.5272 31.2291 30.9575      0.6816       0.6816    3.3713            2
2015 07 15 30.5444 31.2448 30.9730      0.6984       0.6984    3.3540            2
2015 07 16 30.5262 31.2253 30.9532      0.6799       0.6799    3.3361            2
2015 07 17 30.5467 31.2444 30.9720      0.7001       0.7001    3.3177            2
2015 07 18 30.5249 31.2214 30.9485      0.6781       0.6781    3.2987            2
2015 07 19 30.5489 31.2441 30.9709      0.7019       0.7019    3.2793            2
2015 07 20 30.5234 31.2173 30.9437      0.6763       0.6763    3.2594            2
2015 07 21 30.5509 31.2436 30.9696      0.7037       0.7037    3.2389            2
2015 07 22 30.5214 31.2130 30.9385      0.6742       0.6742    3.2180            2
2015 07 23 30.5530 31.2434 30.9685      0.7058       0.7058    3.1967            2
2015 07 24 30.5193 31.2085 30.9331      0.6721       0.6721    3.1748            2
2015 07 25 30.5549 31.2431 30.9672      0.7079       0.7079    3.1526            2
2015 07 26 30.5167 31.2038 30.9273      0.6698       0.6698    3.1299            2
2015 07 27 30.5569 31.2429 30.9659      0.7102       0.7102    3.1068            2
2015 07 28 30.5138 31.1989 30.9213      0.6674       0.6674    3.0833            2
2015 07 29 30.5587 31.2428 30.9646      0.7126       0.7126    3.0593            2
2015 07 30 30.5104 31.1937 30.9149      0.6647       0.6647    3.0350            2
2015 07 31 30.5606 31.2430 30.9635      0.7153       0.7153    3.0104            2
2015 08 01 30.5069 31.1884 30.9083      0.6620       0.6620    2.9853            2
2015 08 02 30.5624 31.2430 30.9623      0.7180       0.7180    2.9599            2
2015 08 03 30.5028 31.1827 30.9012      0.6590       0.6590    2.9342            2
2015 08 04 30.5642 31.2434 30.9612      0.7210       0.7210    2.9082            2
2015 08 05 30.4984 31.1768 30.8939      0.6558       0.6558    2.8818            2
2015 08 06 30.5661 31.2438 30.9601      0.7242       0.7242    2.8552            2
2015 08 07 30.4937 31.1708 30.8863      0.6525       0.6525    2.8283            2
2015 08 08 30.5679 31.2444 30.9591      0.7275       0.7275    2.8011            2
2015 08 09 30.4885 31.1645 30.8784      0.6490       0.6490    2.7736            2
2015 08 10 30.5696 31.2451 30.9581      0.7310       0.7310    2.7459            2
2015 08 11 30.4830 31.1579 30.8701      0.6453       0.6453    2.7180            2
2015 08 12 30.5714 31.2459 30.9572      0.7347       0.7347    2.6898            2
2015 08 13 30.4771 31.1512 30.8616      0.6414       0.6414    2.6614            2
2015 08 14 30.5733 31.2469 30.9564      0.7386       0.7386    2.6329            2
2015 08 15 30.4708 31.1442 30.8528      0.6373       0.6373    2.6041            2
2015 08 16 30.5751 31.2481 30.9558      0.7427       0.7427    2.5752            2
2015 08 17 30.4642 31.1369 30.8436      0.6330       0.6330    2.5461            2
2015 08 18 30.5769 31.2495 30.9552      0.7470       0.7470    2.5169            2
2015 08 19 30.4571 31.1295 30.8342      0.6285       0.6285    2.4876            2
2015 08 20 30.5788 31.2510 30.9547      0.7515       0.7515    2.4581            2
2015 08 21 30.4498 31.1219 30.8246      0.6239       0.6239    2.4285            2
2015 08 22 30.5806 31.2526 30.9542      0.7561       0.7561    2.3989            2
2015 08 23 30.4421 31.1141 30.8147      0.6191       0.6191    2.3691            2
2015 08 24 30.5824 31.2544 30.9539      0.7609       0.7609    2.3393            2
2015 08 25 30.4341 31.1061 30.8045      0.6141       0.6141    2.3094            2
2015 08 26 30.5843 31.2564 30.9537      0.7659       0.7659    2.2795            2
2015 08 27 30.4258 31.0979 30.7941      0.6090       0.6090    2.2495            2
2015 08 28 30.5861 31.2584 30.9535      0.7710       0.7710    2.2196            2
2015 08 29 30.4172 31.0897 30.7836      0.6038       0.6038    2.1896            2
2015 08 30 30.5879 31.2606 30.9533      0.7762       0.7762    2.1596            2
2015 08 31 30.4083 31.0813 30.7728      0.5984       0.5984    2.1296            2
2015 09 01 30.5897 31.2629 30.9533      0.7816       0.7816    2.0996            2
2015 09 02 30.3991 31.0727 30.7619      0.5929       0.5929    2.0697            2
2015 09 03 30.5914 31.2654 30.9534      0.7871       0.7871    2.0398            2
2015 09 04 30.3897 31.0641 30.7509      0.5873       0.5873    2.0100            2
2015 09 05 30.5931 31.2680 30.9535      0.7927       0.7927    1.9802            2
2015 09 06 30.3800 31.0553 30.7397      0.5816       0.5816    1.9506            2
2015 09 07 30.5948 31.2706 30.9537      0.7984       0.7984    1.9210            2
2015 09 08 30.3702 31.0466 30.7284      0.5759       0.5759    1.8914            2
2015 09 09 30.5963 31.2733 30.9538      0.8041       0.8041    1.8620            2
2015 09 10 30.3601 31.0378 30.7171      0.5701       0.5701    1.8327            2
2015 09 11 30.5978 31.2761 30.9541      0.8099       0.8099    1.8036            2
2015 09 12 30.3500 31.0290 30.7057      0.5643       0.5643    1.7745            2
2015 09 13 30.5991 31.2789 30.9543      0.8157       0.8157    1.7456            2
2015 09 14 30.3397 31.0202 30.6943      0.5585       0.5585    1.7169            2
2015 09 15 30.6004 31.2817 30.9545      0.8215       0.8215    1.6883            2
2015 09 16 30.3292 31.0115 30.6829      0.5527       0.5527    1.6599            2
2015 09 17 30.6015 31.2846 30.9547      0.8273       0.8273    1.6316            2
2015 09 18 30.3187 31.0027 30.6715      0.5469       0.5469    1.6035            2
2015 09 19 30.6025 31.2875 30.9549      0.8331       0.8331    1.5756            2
2015 09 20 30.3082 30.9942 30.6602      0.5412       0.5412    1.5479            2
2015 09 21 30.6033 31.2903 30.9550      0.8388       0.8388    1.5204            2
2015 09 22 30.2977 30.9857 30.6491      0.5356       0.5356    1.4932            2
2015 09 23 30.6039 31.2931 30.9551      0.8444       0.8444    1.4661            2
2015 09 24 30.2871 30.9774 30.6380      0.5301       0.5301    1.4392            2
2015 09 25 30.6044 31.2958 30.9550      0.8499       0.8499    1.4126            2
2015 09 26 30.2765 30.9691 30.6270      0.5246       0.5246    1.3862            2
2015 09 27 30.6047 31.2985 30.9550      0.8554       0.8554    1.3601            2
2015 09 28 30.2661 30.9611 30.6163      0.5194       0.5194    1.3342            2
2015 09 29 30.6047 31.3010 30.9548      0.8606       0.8606    1.3085            2
2015 09 30 30.2557 30.9533 30.6058      0.5143       0.5143    1.2831            2
2015 10 01 30.6044 31.3034 30.9545      0.8657       0.8657    1.2579            2
2015 10 02 30.2455 30.9458 30.5955      0.5094       0.5094    1.2331            2
2015 10 03 30.6040 31.3057 30.9540      0.8706       0.8706    1.2084            2
2015 10 04 30.2353 30.9385 30.5854      0.5047       0.5047    1.1841            2
2015 10 05 30.6032 31.3078 30.9534      0.8753       0.8753    1.1600            2
2015 10 06 30.2255 30.9316 30.5757      0.5003       0.5003    1.1362            2
2015 10 07 30.6021 31.3097 30.9525      0.8797       0.8797    1.1127            2
2015 10 08 30.2157 30.9249 30.5663      0.4961       0.4961    1.0894            2
2015 10 09 30.6008 31.3115 30.9515      0.8839       0.8839    1.0665            2
2015 10 10 30.2063 30.9186 30.5573      0.4922       0.4922    1.0438            2
2015 10 11 30.5991 31.3130 30.9503      0.8878       0.8878    1.0214            2
2015 10 12 30.1971 30.9127 30.5486      0.4886       0.4886    0.9993            1
2015 10 13 30.5970 31.3143 30.9489      0.8914       0.8914    0.9775            1
2015 10 14 30.1881 30.9071 30.5403      0.4853       0.4853    0.9560            1
2015 10 15 30.5947 31.3154 30.9473      0.8947       0.8947    0.9348            1
2015 10 16 30.1796 30.9020 30.5325      0.4824       0.4824    0.9139            1
2015 10 17 30.5919 31.3161 30.9453      0.8976       0.8976    0.8933            1
2015 10 18 30.1713 30.8972 30.5252      0.4798       0.4798    0.8730            1
2015 10 19 30.5888 31.3166 30.9432      0.9002       0.9002    0.8530            1
2015 10 20 30.1635 30.8931 30.5184      0.4777       0.4777    0.8333            1
2015 10 21 30.5852 31.3167 30.9407      0.9023       0.9023    0.8139            1
2015 10 22 30.1560 30.8893 30.5120      0.4759       0.4759    0.7948            1
2015 10 23 30.5813 31.3166 30.9379      0.9041       0.9041    0.7760            1
2015 10 24 30.1489 30.8860 30.5061      0.4745       0.4745    0.7576            1
2015 10 25 30.5770 31.3161 30.9349      0.9055       0.9055    0.7394            1
2015 10 26 30.1423 30.8833 30.5009      0.4736       0.4736    0.7215            1
2015 10 27 30.5722 31.3152 30.9315      0.9064       0.9064    0.7039            1
2015 10 28 30.1361 30.8811 30.4961      0.4731       0.4731    0.6866            1
2015 10 29 30.5671 31.3140 30.9279      0.9069       0.9069    0.6696            1
2015 10 30 30.1303 30.8793 30.4919      0.4730       0.4730    0.6529            1
2015 10 31 30.5615 31.3125 30.9239      0.9070       0.9070    0.6365            1
2015 11 01 30.1251 30.8782 30.4884      0.4734       0.4734    0.6204            1
2015 11 02 30.5555 31.3106 30.9196      0.9066       0.9066    0.6046            1
2015 11 03 30.1204 30.8776 30.4855      0.4743       0.4743    0.5891            1
2015 11 04 30.5491 31.3083 30.9150      0.9057       0.9057    0.5739            1
2015 11 05 30.1163 30.8776 30.4832      0.4757       0.4757    0.5590            1
2015 11 06 30.5421 31.3056 30.9100      0.9043       0.9043    0.5443            1
2015 11 07 30.1126 30.8782 30.4814      0.4775       0.4775    0.5300            1
2015 11 08 30.5349 31.3026 30.9047      0.9025       0.9025    0.5159            1
2015 11 09 30.1095 30.8794 30.4804      0.4799       0.4799    0.5021            1
2015 11 10 30.5270 31.2990 30.8990      0.9001       0.9001    0.4886            1
2015 11 11 30.1070 30.8811 30.4800      0.4827       0.4827    0.4753            1
2015 11 12 30.5189 31.2952 30.8931      0.8973       0.8973    0.4623            1
2015 11 13 30.1049 30.8834 30.4802      0.4860       0.4860    0.4496            1
2015 11 14 30.5103 31.2910 30.8868      0.8940       0.8940    0.4372            1
2015 11 15 30.1035 30.8864 30.4811      0.4898       0.4898    0.4250            1
2015 11 16 30.5013 31.2863 30.8801      0.8902       0.8902    0.4131            1
2015 11 17 30.1026 30.8899 30.4827      0.4941       0.4941    0.4015            1
2015 11 18 30.4919 31.2813 30.8732      0.8859       0.8859    0.3901            1
2015 11 19 30.1024 30.8940 30.4849      0.4989       0.4989    0.3789            1
2015 11 20 30.4821 31.2759 30.8659      0.8811       0.8811    0.3680            1
2015 11 21 30.1026 30.8986 30.4877      0.5041       0.5041    0.3574            1
2015 11 22 30.4719 31.2702 30.8584      0.8759       0.8759    0.3470            1
2015 11 23 30.1034 30.9038 30.4912      0.5098       0.5098    0.3368            1
2015 11 24 30.4614 31.2640 30.8506      0.8702       0.8702    0.3269            1
2015 11 25 30.1048 30.9097 30.4954      0.5160       0.5160    0.3172            1
2015 11 26 30.4505 31.2575 30.8424      0.8640       0.8640    0.3077            1
2015 11 27 30.1068 30.9160 30.5001      0.5226       0.5226    0.2984            1
2015 11 28 30.4393 31.2507 30.8340      0.8574       0.8574    0.2894            1
2015 11 29 30.1093 30.9229 30.5055      0.5297       0.5297    0.2806            1
2015 11 30 30.4277 31.2435 30.8253      0.8503       0.8503    0.2721            1
2015 12 01 30.1123 30.9303 30.5114      0.5371       0.5371    0.2637            1
2015 12 02 30.4159 31.2361 30.8165      0.8429       0.8429    0.2555            1
2015 12 03 30.1159 30.9382 30.5180      0.5450       0.5450    0.2476            1
2015 12 04 30.4038 31.2283 30.8074      0.8350       0.8350    0.2398            1
2015 12 05 30.1199 30.9466 30.5251      0.5532       0.5532    0.2323            1
2015 12 06 30.3915 31.2203 30.7982      0.8268       0.8268    0.2249            1
2015 12 07 30.1245 30.9554 30.5327      0.5618       0.5618    0.2177            1
2015 12 08 30.3789 31.2120 30.7887      0.8182       0.8182    0.2108            1
2015 12 09 30.1296 30.9648 30.5410      0.5708       0.5708    0.2040            1
2015 12 10 30.3661 31.2034 30.7791      0.8092       0.8092    0.1974            1
2015 12 11 30.1350 30.9745 30.5496      0.5800       0.5800    0.1909            1
2015 12 12 30.3532 31.1947 30.7694      0.8000       0.8000    0.1847            1
2015 12 13 30.1410 30.9846 30.5589      0.5896       0.5896    0.1786            1
2015 12 14 30.3401 31.1858 30.7596      0.7904       0.7904    0.1727            1
2015 12 15 30.1474 30.9951 30.5685      0.5994       0.5994    0.1669            1
2015 12 16 30.3269 31.1767 30.7497      0.7806       0.7806    0.1613            1
2015 12 17 30.1542 31.0060 30.5786      0.6095       0.6095    0.1559            1
2015 12 18 30.3136 31.1674 30.7397      0.7705       0.7705    0.1506            1
2015 12 19 30.1613 31.0172 30.5892      0.6198       0.6198    0.1455            1
2015 12 20 30.3002 31.1580 30.7297      0.7602       0.7602    0.1405            1
2015 12 21 30.1688 31.0285 30.6000      0.6302       0.6302    0.1357            1
2015 12 22 30.2870 31.1487 30.7198      0.7498       0.7498    0.1310            1
2015 12 23 30.1767 31.0403 30.6113      0.6409       0.6409    0.1265            1
2015 12 24 30.2736 31.1391 30.7098      0.7391       0.7391    0.1220            1
2015 12 25 30.1849 31.0523 30.6229      0.6517       0.6517    0.1178            1
2015 12 26 30.2602 31.1295 30.6999      0.7283       0.7283    0.1136            1
2015 12 27 30.1932 31.0643 30.6346      0.6625       0.6625    0.1096            1
2015 12 28 30.2471 31.1200 30.6902      0.7175       0.7175    0.1057            1
2015 12 29 30.2020 31.0767 30.6468      0.6735       0.6735    0.1019            1
2015 12 30 30.2339 31.1104 30.6805      0.7065       0.7065    0.0982            1
2015 12 31 30.2164 31.0947 30.6647      0.6900       0.6900    0.0946            1
2016 01 01 30.1956 31.0756 30.6456      0.6700       0.6700    0.2449            1
2016 01 02 30.1947 31.0764 30.6464      0.6700       0.6700    0.2527            1
2016 01 03 30.2048 31.0882 30.6582      0.6810       0.6810    0.2607            1
2016 01 04 30.1820 31.0670 30.6371      0.6590       0.6590    0.2690            1
2016 01 05 30.2141 31.1008 30.6710      0.6919       0.6919    0.2774            1
2016 01 06 30.1696 31.0578 30.6281      0.6481       0.6481    0.2860            1
2016 01 07 30.2236 31.1134 30.6839      0.7028       0.7028    0.2949            1
2016 01 08 30.1574 31.0488 30.6193      0.6372       0.6372    0.3040            1
2016 01 09 30.2332 31.1261 30.6969      0.7136       0.7136    0.3133            1
2016 01 10 30.1454 31.0399 30.6108      0.6264       0.6264    0.3228            1
2016 01 11 30.2428 31.1388 30.7099      0.7243       0.7243    0.3325            1
2016 01 12 30.1338 31.0312 30.6026      0.6157       0.6157    0.3425            1
2016 01 13 30.2526 31.1514 30.7231      0.7349       0.7349    0.3527            1
2016 01 14 30.1225 31.0226 30.5946      0.6051       0.6051    0.3632            1
2016 01 15 30.2623 31.1638 30.7361      0.7452       0.7452    0.3738            1
2016 01 16 30.1116 31.0144 30.5871      0.5948       0.5948    0.3848            1
2016 01 17 30.2720 31.1761 30.7491      0.7554       0.7554    0.3959            1
2016 01 18 30.1011 31.0065 30.5798      0.5846       0.5846    0.4074            1
2016 01 19 30.2817 31.1883 30.7621      0.7653       0.7653    0.4190            1
2016 01 20 30.0910 30.9988 30.5731      0.5747       0.5747    0.4309            1
2016 01 21 30.2913 31.2003 30.7750      0.7750       0.7750    0.4431            1
2016 01 22 30.0814 30.9915 30.5666      0.5650       0.5650    0.4556            1
2016 01 23 30.3008 31.2121 30.7877      0.7844       0.7844    0.4683            1
2016 01 24 30.0722 30.9845 30.5607      0.5556       0.5556    0.4812            1
2016 01 25 30.3103 31.2236 30.8003      0.7935       0.7935    0.4944            1
2016 01 26 30.0635 30.9779 30.5551      0.5465       0.5465    0.5079            1
2016 01 27 30.3195 31.2348 30.8127      0.8022       0.8022    0.5217            1
2016 01 28 30.0554 30.9717 30.5501      0.5378       0.5378    0.5357            1
2016 01 29 30.3286 31.2458 30.8249      0.8106       0.8106    0.5501            1
2016 01 30 30.0478 30.9659 30.5456      0.5294       0.5294    0.5647            1
2016 01 31 30.3376 31.2565 30.8369      0.8187       0.8187    0.5795            1
2016 02 01 30.0408 30.9604 30.5415      0.5213       0.5213    0.5947            1
2016 02 02 30.3463 31.2668 30.8485      0.8263       0.8263    0.6101            1
2016 02 03 30.0344 30.9555 30.5380      0.5137       0.5137    0.6258            1
2016 02 04 30.3549 31.2768 30.8600      0.8336       0.8336    0.6418            1
2016 02 05 30.0284 30.9510 30.5350      0.5064       0.5064    0.6581            1
2016 02 06 30.3632 31.2864 30.8712      0.8404       0.8404    0.6747            1
2016 02 07 30.0232 30.9470 30.5326      0.4996       0.4996    0.6915            1
2016 02 08 30.3713 31.2956 30.8820      0.8468       0.8468    0.7086            1
2016 02 09 30.0186 30.9434 30.5306      0.4932       0.4932    0.7261            1
2016 02 10 30.3791 31.3044 30.8925      0.8528       0.8528    0.7438            1
2016 02 11 30.0145 30.9402 30.5292      0.4872       0.4872    0.7618            1
2016 02 12 30.3866 31.3127 30.9026      0.8582       0.8582    0.7801            1
2016 02 13 30.0113 30.9377 30.5286      0.4818       0.4818    0.7987            1
2016 02 14 30.3939 31.3207 30.9124      0.8633       0.8633    0.8176            1
2016 02 15 30.0085 30.9356 30.5283      0.4767       0.4767    0.8368            1
2016 02 16 30.4008 31.3281 30.9218      0.8678       0.8678    0.8562            1
2016 02 17 30.0065 30.9340 30.5287      0.4722       0.4722    0.8760            1
2016 02 18 30.4075 31.3352 30.9308      0.8719       0.8719    0.8960            1
2016 02 19 30.0050 30.9329 30.5296      0.4681       0.4681    0.9163            1
2016 02 20 30.4138 31.3418 30.9395      0.8755       0.8755    0.9369            1
2016 02 21 30.0042 30.9323 30.5310      0.4645       0.4645    0.9578            1
2016 02 22 30.4198 31.3479 30.9477      0.8786       0.8786    0.9790            1
2016 02 23 30.0041 30.9322 30.5331      0.4614       0.4614    1.0004            2
2016 02 24 30.4255 31.3535 30.9555      0.8812       0.8812    1.0221            2
2016 02 25 30.0047 30.9326 30.5357      0.4588       0.4588    1.0441            2
2016 02 26 30.4308 31.3586 30.9628      0.8833       0.8833    1.0664            2
2016 02 27 30.0059 30.9335 30.5389      0.4567       0.4567    1.0890            2
2016 02 28 30.4358 31.3633 30.9697      0.8849       0.8849    1.1118            2
2016 02 29 30.0078 30.9350 30.5426      0.4551       0.4551    1.1349            2
2016 03 01 30.4406 31.3675 30.9763      0.8861       0.8861    1.1582            2
2016 03 02 30.0102 30.9368 30.5468      0.4539       0.4539    1.1818            2
2016 03 03 30.4450 31.3712 30.9824      0.8868       0.8868    1.2057            2
2016 03 04 30.0133 30.9392 30.5516      0.4532       0.4532    1.2298            2
2016 03 05 30.4490 31.3745 30.9881      0.8870       0.8870    1.2541            2
2016 03 06 30.0170 30.9420 30.5568      0.4530       0.4530    1.2787            2
2016 03 07 30.4528 31.3773 30.9934      0.8868       0.8868    1.3036            2
2016 03 08 30.0213 30.9452 30.5626      0.4532       0.4532    1.3286            2
2016 03 09 30.4562 31.3796 30.9982      0.8861       0.8861    1.3539            2
2016 03 10 30.0262 30.9489 30.5688      0.4539       0.4539    1.3794            2
2016 03 11 30.4594 31.3815 31.0027      0.8850       0.8850    1.4052            2
2016 03 12 30.0316 30.9530 30.5755      0.4550       0.4550    1.4311            2
2016 03 13 30.4623 31.3830 31.0067      0.8835       0.8835    1.4573            2
2016 03 14 30.0375 30.9575 30.5825      0.4565       0.4565    1.4836            2
2016 03 15 30.4648 31.3840 31.0103      0.8815       0.8815    1.5102            2
2016 03 16 30.0441 30.9625 30.5901      0.4585       0.4585    1.5369            2
2016 03 17 30.4671 31.3846 31.0136      0.8792       0.8792    1.5638            2
2016 03 18 30.0511 30.9677 30.5980      0.4608       0.4608    1.5909            2
2016 03 19 30.4691 31.3848 31.0165      0.8765       0.8765    1.6181            2
2016 03 20 30.0585 30.9733 30.6062      0.4635       0.4635    1.6455            2
2016 03 21 30.4709 31.3846 31.0189      0.8734       0.8734    1.6731            2
2016 03 22 30.0665 30.9793 30.6149      0.4666       0.4666    1.7008            2
2016 03 23 30.4724 31.3841 31.0211      0.8700       0.8700    1.7286            2
2016 03 24 30.0749 30.9855 30.6238      0.4700       0.4700    1.7566            2
2016 03 25 30.4737 31.3832 31.0229      0.8663       0.8663    1.7847            2
2016 03 26 30.0837 30.9920 30.6331      0.4737       0.4737    1.8128            2
2016 03 27 30.4748 31.3819 31.0244      0.8623       0.8623    1.8411            2
2016 03 28 30.0928 30.9987 30.6425      0.4777       0.4777    1.8695            2
2016 03 29 30.4758 31.3805 31.0257      0.8581       0.8581    1.8980            2
2016 03 30 30.1023 31.0056 30.6522      0.4819       0.4819    1.9265            2
2016 03 31 30.4765 31.3785 31.0265      0.8535       0.8535    1.9551            2
2016 04 01 30.1122 31.0129 30.6622      0.4865       0.4865    1.9837            2
2016 04 02 30.4772 31.3765 31.0272      0.8488       0.8488    2.0124            2
2016 04 03 30.1223 31.0202 30.6722      0.4912       0.4912    2.0411            2
2016 04 04 30.4776 31.3740 31.0275      0.8438       0.8438    2.0698            2
2016 04 05 30.1327 31.0277 30.6825      0.4962       0.4962    2.0986            2
2016 04 06 30.4779 31.3714 31.0276      0.8387       0.8387    2.1273            2
2016 04 07 30.1433 31.0353 30.6928      0.5013       0.5013    2.1561            2
2016 04 08 30.4781 31.3686 31.0275      0.8334       0.8334    2.1848            2
2016 04 09 30.1541 31.0430 30.7033      0.5066       0.5066    2.2135            2
2016 04 10 30.4782 31.3655 31.0271      0.8279       0.8279    2.2421            2
2016 04 11 30.1652 31.0509 30.7138      0.5121       0.5121    2.2707            2
2016 04 12 30.4783 31.3623 31.0267      0.8224       0.8224    2.2992            2
2016 04 13 30.1763 31.0586 30.7243      0.5176       0.5176    2.3276            2
2016 04 14 30.4782 31.3589 31.0259      0.8167       0.8167    2.3560            2
2016 04 15 30.1876 31.0666 30.7349      0.5233       0.5233    2.3842            2
2016 04 16 30.4781 31.3553 31.0251      0.8110       0.8110    2.4123            2
2016 04 17 30.1990 31.0744 30.7454      0.5290       0.5290    2.4403            2
2016 04 18 30.4781 31.3518 31.0241      0.8053       0.8053    2.4682            2
2016 04 19 30.2103 31.0822 30.7559      0.5347       0.5347    2.4959            2
2016 04 20 30.4780 31.3480 31.0230      0.7995       0.7995    2.5235            2
2016 04 21 30.2218 31.0900 30.7663      0.5405       0.5405    2.5509            2
2016 04 22 30.4778 31.3441 31.0217      0.7937       0.7937    2.5780            2
2016 04 23 30.2333 31.0977 30.7765      0.5463       0.5463    2.6050            2
2016 04 24 30.4777 31.3402 31.0203      0.7879       0.7879    2.6318            2
2016 04 25 30.2447 31.1053 30.7867      0.5521       0.5521    2.6584            2
2016 04 26 30.4776 31.3362 31.0189      0.7821       0.7821    2.6847            2
2016 04 27 30.2562 31.1129 30.7968      0.5579       0.5579    2.7108            2
2016 04 28 30.4775 31.3322 31.0174      0.7764       0.7764    2.7366            2
2016 04 29 30.2675 31.1202 30.8066      0.5636       0.5636    2.7621            2
2016 04 30 30.4775 31.3282 31.0158      0.7708       0.7708    2.7874            2
2016 05 01 30.2787 31.1274 30.8162      0.5692       0.5692    2.8123            2
2016 05 02 30.4776 31.3242 31.0142      0.7653       0.7653    2.8370            2
2016 05 03 30.2898 31.1344 30.8256      0.5747       0.5747    2.8613            2
2016 05 04 30.4777 31.3202 31.0125      0.7598       0.7598    2.8853            2
2016 05 05 30.3009 31.1413 30.8348      0.5802       0.5802    2.9089            2
2016 05 06 30.4779 31.3162 31.0109      0.7545       0.7545    2.9322            2
2016 05 07 30.3117 31.1479 30.8436      0.5855       0.5855    2.9551            2
2016 05 08 30.4782 31.3123 31.0092      0.7493       0.7493    2.9777            2
2016 05 09 30.3223 31.1543 30.8523      0.5907       0.5907    2.9998            2
2016 05 10 30.4786 31.3084 31.0075      0.7443       0.7443    3.0216            2
2016 05 11 30.3327 31.1604 30.8605      0.5957       0.5957    3.0429            2
2016 05 12 30.4790 31.3046 31.0058      0.7394       0.7394    3.0638            2
2016 05 13 30.3429 31.1663 30.8686      0.6006       0.6006    3.0843            2
2016 05 14 30.4795 31.3007 31.0041      0.7346       0.7346    3.1044            2
2016 05 15 30.3529 31.1720 30.8763      0.6054       0.6054    3.1239            2
2016 05 16 30.4801 31.2970 31.0023      0.7300       0.7300    3.1430            2
2016 05 17 30.3627 31.1774 30.8837      0.6100       0.6100    3.1617            2
2016 05 18 30.4809 31.2934 31.0007      0.7257       0.7257    3.1798            2
2016 05 19 30.3721 31.1824 30.8906      0.6143       0.6143    3.1975            2
2016 05 20 30.4817 31.2898 30.9990      0.7214       0.7214    3.2146            2
2016 05 21 30.3814 31.1873 30.8974      0.6186       0.6186    3.2313            2
2016 05 22 30.4826 31.2863 30.9973      0.7174       0.7174    3.2474            2
2016 05 23 30.3903 31.1918 30.9037      0.6226       0.6226    3.2629            2
2016 05 24 30.4837 31.2830 30.9957      0.7136       0.7136    3.2780            2
2016 05 25 30.3989 31.1960 30.9096      0.6264       0.6264    3.2925            2
2016 05 26 30.4847 31.2796 30.9940      0.7099       0.7099    3.3064            2
2016 05 27 30.4072 31.2000 30.9152      0.6301       0.6301    3.3198            2
2016 05 28 30.4859 31.2765 30.9925      0.7065       0.7065    3.3326            2
2016 05 29 30.4152 31.2036 30.9203      0.6335       0.6335    3.3448            2
2016 05 30 30.4872 31.2733 30.9908      0.7032       0.7032    3.3564            2
2016 05 31 30.4230 31.2070 30.9252      0.6368       0.6368    3.3674            2
2016 06 01 30.4884 31.2703 30.9892      0.7001       0.7001    3.3779            2
2016 06 02 30.4304 31.2100 30.9297      0.6399       0.6399    3.3877            2
2016 06 03 30.4898 31.2673 30.9876      0.6972       0.6972    3.3970            2
2016 06 04 30.4375 31.2128 30.9337      0.6428       0.6428    3.4056            2
2016 06 05 30.4913 31.2644 30.9860      0.6945       0.6945    3.4136            2
2016 06 06 30.4443 31.2153 30.9374      0.6455       0.6455    3.4209            2
2016 06 07 30.4927 31.2615 30.9843      0.6919       0.6919    3.4277            2
2016 06 08 30.4508 31.2175 30.9409      0.6481       0.6481    3.4338            2
2016 06 09 30.4941 31.2587 30.9826      0.6895       0.6895    3.4393            2
2016 06 10 30.4570 31.2195 30.9439      0.6505       0.6505    3.4441            2
2016 06 11 30.4956 31.2561 30.9809      0.6873       0.6873    3.4483            2
2016 06 12 30.4628 31.2212 30.9465      0.6527       0.6527    3.4519            2
2016 06 13 30.4971 31.2534 30.9792      0.6852       0.6852    3.4548            2
2016 06 14 30.4684 31.2226 30.9488      0.6548       0.6548    3.4571            2
2016 06 15 30.4985 31.2507 30.9773      0.6832       0.6832    3.4587            2
2016 06 16 30.4738 31.2239 30.9509      0.6568       0.6568    3.4597            2
2016 06 17 30.5000 31.2481 30.9754      0.6814       0.6814    3.4600            2
2016 06 18 30.4787 31.2248 30.9526      0.6586       0.6586    3.4597            2
2016 06 19 30.5013 31.2454 30.9734      0.6796       0.6796    3.4587            2
2016 06 20 30.4836 31.2257 30.9540      0.6604       0.6604    3.4571            2
2016 06 21 30.5026 31.2428 30.9714      0.6780       0.6780    3.4548            2
2016 06 22 30.4880 31.2263 30.9551      0.6620       0.6620    3.4519            2
2016 06 23 30.5038 31.2401 30.9692      0.6764       0.6764    3.4483            2
2016 06 24 30.4923 31.2267 30.9560      0.6636       0.6636    3.4441            2
2016 06 25 30.5049 31.2374 30.9668      0.6749       0.6749    3.4393            2
2016 06 26 30.4963 31.2270 30.9566      0.6651       0.6651    3.4338            2
2016 06 27 30.5059 31.2347 30.9644      0.6735       0.6735    3.4277            2
2016 06 28 30.5000 31.2271 30.9569      0.6665       0.6665    3.4209            2
2016 06 29 30.5067 31.2320 30.9619      0.6721       0.6721    3.4136            2
2016 06 30 30.5036 31.2270 30.9570      0.6679       0.6679    3.4056            2
2016 07 01 30.5074 31.2291 30.9591      0.6707       0.6707    3.3970            2
2016 07 02 30.5069 31.2269 30.9569      0.6693       0.6693    3.3877            2
2016 07 03 30.5078 31.2261 30.9561      0.6693       0.6693    3.3779            2
2016 07 04 30.5101 31.2267 30.9567      0.6707       0.6707    3.3674            2
2016 07 05 30.5081 31.2231 30.9530      0.6679       0.6679    3.3564            2
2016 07 06 30.5131 31.2264 30.9562      0.6721       0.6721    3.3448            2
2016 07 07 30.5082 31.2200 30.9497      0.6665       0.6665    3.3326            2
2016 07 08 30.5159 31.2261 30.9556      0.6735       0.6735    3.3198            2
2016 07 09 30.5081 31.2167 30.9462      0.6651       0.6651    3.3064            2
2016 07 10 30.5185 31.2256 30.9548      0.6749       0.6749    3.2925            2
2016 07 11 30.5078 31.2133 30.9424      0.6636       0.6636    3.2780            2
2016 07 12 30.5211 31.2251 30.9540      0.6764       0.6764    3.2629            2
2016 07 13 30.5071 31.2097 30.9383      0.6620       0.6620    3.2474            2
2016 07 14 30.5235 31.2247 30.9530      0.6780       0.6780    3.2313            2
2016 07 15 30.5062 31.2061 30.9341      0.6604       0.6604    3.2146            2
2016 07 16 30.5257 31.2242 30.9519      0.6796       0.6796    3.1975            2
2016 07 17 30.5050 31.2022 30.9295      0.6586       0.6586    3.1798            2
2016 07 18 30.5280 31.2239 30.9509      0.6814       0.6814    3.1617            2
2016 07 19 30.5035 31.1981 30.9248      0.6568       0.6568    3.1430            2
2016 07 20 30.5300 31.2234 30.9496      0.6832       0.6832    3.1239            2
2016 07 21 30.5017 31.1939 30.9196      0.6548       0.6548    3.1044            2
2016 07 22 30.5321 31.2231 30.9484      0.6852       0.6852    3.0843            2
2016 07 23 30.4995 31.1894 30.9143      0.6527       0.6527    3.0638            2
2016 07 24 30.5341 31.2228 30.9472      0.6873       0.6873    3.0429            2
2016 07 25 30.4971 31.1848 30.9086      0.6505       0.6505    3.0216            2
2016 07 26 30.5359 31.2226 30.9459      0.6895       0.6895    2.9998            2
2016 07 27 30.4943 31.1799 30.9027      0.6481       0.6481    2.9777            2
2016 07 28 30.5378 31.2225 30.9446      0.6919       0.6919    2.9551            2
2016 07 29 30.4911 31.1748 30.8964      0.6455       0.6455    2.9322            2
2016 07 30 30.5397 31.2225 30.9434      0.6945       0.6945    2.9089            2
2016 07 31 30.4876 31.1695 30.8898      0.6428       0.6428    2.8853            2
2016 08 01 30.5415 31.2226 30.9422      0.6972       0.6972    2.8613            2
2016 08 02 30.4836 31.1640 30.8829      0.6399       0.6399    2.8370            2
2016 08 03 30.5433 31.2228 30.9411      0.7001       0.7001    2.8123            2
2016 08 04 30.4793 31.1582 30.8757      0.6368       0.6368    2.7874            2
2016 08 05 30.5451 31.2232 30.9400      0.7032       0.7032    2.7621            2
2016 08 06 30.4747 31.1521 30.8681      0.6335       0.6335    2.7366            2
2016 08 07 30.5469 31.2237 30.9389      0.7065       0.7065    2.7108            2
2016 08 08 30.4697 31.1459 30.8603      0.6301       0.6301    2.6847            2
2016 08 09 30.5486 31.2243 30.9379      0.7099       0.7099    2.6584            2
2016 08 10 30.4642 31.1394 30.8522      0.6264       0.6264    2.6318            2
2016 08 11 30.5505 31.2252 30.9371      0.7136       0.7136    2.6050            2
2016 08 12 30.4585 31.1328 30.8438      0.6226       0.6226    2.5780            2
2016 08 13 30.5522 31.2261 30.9362      0.7174       0.7174    2.5509            2
2016 08 14 30.4523 31.1259 30.8350      0.6186       0.6186    2.5235            2
2016 08 15 30.5540 31.2272 30.9355      0.7214       0.7214    2.4959            2
2016 08 16 30.4457 31.1186 30.8259      0.6143       0.6143    2.4682            2
2016 08 17 30.5559 31.2286 30.9349      0.7257       0.7257    2.4403            2
2016 08 18 30.4389 31.1114 30.8167      0.6100       0.6100    2.4123            2
2016 08 19 30.5576 31.2299 30.9343      0.7300       0.7300    2.3842            2
2016 08 20 30.4317 31.1038 30.8071      0.6054       0.6054    2.3560            2
2016 08 21 30.5595 31.2315 30.9338      0.7346       0.7346    2.3276            2
2016 08 22 30.4241 31.0960 30.7973      0.6006       0.6006    2.2992            2
2016 08 23 30.5614 31.2333 30.9335      0.7394       0.7394    2.2707            2
2016 08 24 30.4162 31.0881 30.7872      0.5957       0.5957    2.2421            2
2016 08 25 30.5632 31.2352 30.9332      0.7443       0.7443    2.2135            2
2016 08 26 30.4080 31.0801 30.7770      0.5907       0.5907    2.1848            2
2016 08 27 30.5650 31.2372 30.9330      0.7493       0.7493    2.1561            2
2016 08 28 30.3995 31.0719 30.7665      0.5855       0.5855    2.1273            2
2016 08 29 30.5668 31.2393 30.9329      0.7545       0.7545    2.0986            2
2016 08 30 30.3907 31.0635 30.7559      0.5802       0.5802    2.0698            2
2016 08 31 30.5685 31.2416 30.9328      0.7598       0.7598    2.0411            2
2016 09 01 30.3816 31.0550 30.7450      0.5747       0.5747    2.0124            2
2016 09 02 30.5703 31.2441 30.9329      0.7653       0.7653    1.9837            2
2016 09 03 30.3723 31.0464 30.7340      0.5692       0.5692    1.9551            2
2016 09 04 30.5720 31.2465 30.9329      0.7708       0.7708    1.9265            2
2016 09 05 30.3628 31.0378 30.7230      0.5636       0.5636    1.8980            2
2016 09 06 30.5736 31.2491 30.9330      0.7764       0.7764    1.8695            2
2016 09 07 30.3530 31.0291 30.7117      0.5579       0.5579    1.8411            2
2016 09 08 30.5752 31.2518 30.9332      0.7821       0.7821    1.8128            2
2016 09 09 30.3430 31.0203 30.7004      0.5521       0.5521    1.7847            2
2016 09 10 30.5767 31.2546 30.9334      0.7879       0.7879    1.7566            2
2016 09 11 30.3329 31.0115 30.6890      0.5463       0.5463    1.7286            2
2016 09 12 30.5781 31.2574 30.9337      0.7937       0.7937    1.7008            2
2016 09 13 30.3227 31.0027 30.6777      0.5405       0.5405    1.6731            2
2016 09 14 30.5794 31.2602 30.9339      0.7995       0.7995    1.6455            2
2016 09 15 30.3123 30.9939 30.6663      0.5347       0.5347    1.6181            2
2016 09 16 30.5806 31.2631 30.9341      0.8053       0.8053    1.5909            2
2016 09 17 30.3019 30.9853 30.6550      0.5290       0.5290    1.5638            2
2016 09 18 30.5816 31.2659 30.9342      0.8110       0.8110    1.5369            2
2016 09 19 30.2915 30.9767 30.6438      0.5233       0.5233    1.5102            2
2016 09 20 30.5824 31.2687 30.9344      0.8167       0.8167    1.4836            2
2016 09 21 30.2809 30.9681 30.6325      0.5176       0.5176    1.4573            2
2016 09 22 30.5832 31.2715 30.9345      0.8224       0.8224    1.4311            2
2016 09 23 30.2704 30.9598 30.6215      0.5121       0.5121    1.4052            2
2016 09 24 30.5837 31.2742 30.9345      0.8279       0.8279    1.3794            2
2016 09 25 30.2598 30.9515 30.6104      0.5066       0.5066    1.3539            2
2016 09 26 30.5841 31.2770 30.9345      0.8334       0.8334    1.3286            2
2016 09 27 30.2494 30.9435 30.5997      0.5013       0.5013    1.3036            2
2016 09 28 30.5842 31.2795 30.9343      0.8387       0.8387    1.2787            2
2016 09 29 30.2390 30.9357 30.5891      0.4962       0.4962    1.2541            2
2016 09 30 30.5840 31.2820 30.9340      0.8438       0.8438    1.2298            2
2016 10 01 30.2287 30.9280 30.5787      0.4912       0.4912    1.2057            2
2016 10 02 30.5836 31.2843 30.9336      0.8488       0.8488    1.1818            2
2016 10 03 30.2186 30.9207 30.5687      0.4865       0.4865    1.1582            2
2016 10 04 30.5829 31.2865 30.9330      0.8535       0.8535    1.1349            2
2016 10 05 30.2086 30.9136 30.5588      0.4819       0.4819    1.1118            2
2016 10 06 30.5821 31.2886 30.9324      0.8581       0.8581    1.0890            2
2016 10 07 30.1989 30.9069 30.5494      0.4777       0.4777    1.0664            2
2016 10 08 30.5808 31.2903 30.9314      0.8623       0.8623    1.0441            2
2016 10 09 30.1894 30.9005 30.5402      0.4737       0.4737    1.0221            2
2016 10 10 30.5792 31.2919 30.9303      0.8663       0.8663    1.0004            2
2016 10 11 30.1801 30.8944 30.5315      0.4700       0.4700    0.9790            1
2016 10 12 30.5773 31.2933 30.9289      0.8700       0.8700    0.9578            1
2016 10 13 30.1711 30.8888 30.5231      0.4666       0.4666    0.9369            1
2016 10 14 30.5751 31.2944 30.9274      0.8734       0.8734    0.9163            1
2016 10 15 30.1624 30.8834 30.5151      0.4635       0.4635    0.8960            1
2016 10 16 30.5726 31.2954 30.9256      0.8765       0.8765    0.8760            1
2016 10 17 30.1540 30.8786 30.5076      0.4608       0.4608    0.8562            1
2016 10 18 30.5696 31.2959 30.9236      0.8792       0.8792    0.8368            1
2016 10 19 30.1461 30.8742 30.5005      0.4585       0.4585    0.8176            1
2016 10 20 30.5662 31.2962 30.9212      0.8815       0.8815    0.7987            1
2016 10 21 30.1384 30.8702 30.4939      0.4565       0.4565    0.7801            1
2016 10 22 30.5626 31.2963 30.9187      0.8835       0.8835    0.7618            1
2016 10 23 30.1312 30.8668 30.4880      0.4550       0.4550    0.7438            1
2016 10 24 30.5584 31.2959 30.9158      0.8850       0.8850    0.7261            1
2016 10 25 30.1245 30.8639 30.4825      0.4539       0.4539    0.7086            1
2016 10 26 30.5538 31.2952 30.9125      0.8861       0.8861    0.6915            1
2016 10 27 30.1181 30.8614 30.4775      0.4532       0.4532    0.6747            1
2016 10 28 30.5489 31.2942 30.9090      0.8868       0.8868    0.6581            1
2016 10 29 30.1123 30.8596 30.4732      0.4530       0.4530    0.6418            1
2016 10 30 30.5435 31.2928 30.9052      0.8870       0.8870    0.6258            1
2016 10 31 30.1069 30.8582 30.4694      0.4532       0.4532    0.6101            1
2016 11 01 30.5377 31.2911 30.9011      0.8868       0.8868    0.5947            1
2016 11 02 30.1020 30.8574 30.4662      0.4539       0.4539    0.5795            1
2016 11 03 30.5314 31.2889 30.8966      0.8861       0.8861    0.5647            1
2016 11 04 30.0976 30.8572 30.4637      0.4551       0.4551    0.5501            1
2016 11 05 30.5247 31.2864 30.8917      0.8849       0.8849    0.5357            1
2016 11 06 30.0937 30.8575 30.4618      0.4567       0.4567    0.5217            1
2016 11 07 30.5176 31.2835 30.8866      0.8833       0.8833    0.5079            1
2016 11 08 30.0904 30.8584 30.4604      0.4588       0.4588    0.4944            1
2016 11 09 30.5101 31.2803 30.8812      0.8812       0.8812    0.4812            1
2016 11 10 30.0876 30.8599 30.4598      0.4614       0.4614    0.4683            1
2016 11 11 30.5022 31.2766 30.8754      0.8786       0.8786    0.4556            1
2016 11 12 30.0854 30.8620 30.4597      0.4645       0.4645    0.4431            1
2016 11 13 30.4938 31.2726 30.8692      0.8755       0.8755    0.4309            1
2016 11 14 30.0838 30.8647 30.4604      0.4681       0.4681    0.4190            1
2016 11 15 30.4850 31.2681 30.8628      0.8719       0.8719    0.4074            1
2016 11 16 30.0827 30.8680 30.4617      0.4722       0.4722    0.3959            1
2016 11 17 30.4758 31.2633 30.8560      0.8678       0.8678    0.3848            1
2016 11 18 30.0821 30.8718 30.4636      0.4767       0.4767    0.3738            1
2016 11 19 30.4662 31.2581 30.8489      0.8633       0.8633    0.3632            1
2016 11 20 30.0822 30.8763 30.4662      0.4818       0.4818    0.3527            1
2016 11 21 30.4562 31.2525 30.8415      0.8582       0.8582    0.3425            1
2016 11 22 30.0827 30.8812 30.4693      0.4872       0.4872    0.3325            1
2016 11 23 30.4459 31.2466 30.8339      0.8528       0.8528    0.3228            1
2016 11 24 30.0839 30.8868 30.4732      0.4932       0.4932    0.3133            1
2016 11 25 30.4352 31.2403 30.8259      0.8468       0.8468    0.3040            1
2016 11 26 30.0857 30.8929 30.4777      0.4996       0.4996    0.2949            1
2016 11 27 30.4242 31.2336 30.8176      0.8404       0.8404    0.2860            1
2016 11 28 30.0879 30.8995 30.4828      0.5064       0.5064    0.2774            1
2016 11 29 30.4128 31.2267 30.8092      0.8336       0.8336    0.2690            1
2016 11 30 30.0907 30.9067 30.4885      0.5137       0.5137    0.2607            1
2016 12 01 30.4012 31.2193 30.8004      0.8263       0.8263    0.2527            1
2016 12 02 30.0940 30.9144 30.4947      0.5213       0.5213    0.2449            1
2016 12 03 30.3893 31.2118 30.7915      0.8187       0.8187    0.2373            1
2016 12 04 30.0979 30.9226 30.5017      0.5294       0.5294    0.2299            1
2016 12 05 30.3770 31.2039 30.7823      0.8106       0.8106    0.2226            1
2016 12 06 30.1022 30.9312 30.5091      0.5378       0.5378    0.2156            1
2016 12 07 30.3646 31.1958 30.7730      0.8022       0.8022    0.2087            1
2016 12 08 30.1070 30.9403 30.5169      0.5465       0.5465    0.2020            1
2016 12 09 30.3521 31.1875 30.7636      0.7935       0.7935    0.1955            1
2016 12 10 30.1123 30.9498 30.5254      0.5556       0.5556    0.1892            1
2016 12 11 30.3393 31.1788 30.7540      0.7844       0.7844    0.1830            1
2016 12 12 30.1181 30.9597 30.5344      0.5650       0.5650    0.1770            1
2016 12 13 30.3263 31.1700 30.7442      0.7750       0.7750    0.1712            1
2016 12 14 30.1243 30.9701 30.5439      0.5747       0.5747    0.1655            1
2016 12 15 30.3132 31.1610 30.7344      0.7653       0.7653    0.1600            1
2016 12 16 30.1308 30.9807 30.5537      0.5846       0.5846    0.1546            1
2016 12 17 30.3000 31.1519 30.7246      0.7554       0.7554    0.1494            1
2016 12 18 30.1379 30.9918 30.5640      0.5948       0.5948    0.1444            1
2016 12 19 30.2867 31.1426 30.7146      0.7452       0.7452    0.1395            1
2016 12 20 30.1451 31.0030 30.5747      0.6051       0.6051    0.1347            1
2016 12 21 30.2735 31.1333 30.7047      0.7349       0.7349    0.1301            1
2016 12 22 30.1529 31.0146 30.5858      0.6157       0.6157    0.1256            1
2016 12 23 30.2601 31.1238 30.6947      0.7243       0.7243    0.1212            1
2016 12 24 30.1609 31.0265 30.5972      0.6264       0.6264    0.1170            1
2016 12 25 30.2468 31.1143 30.6849      0.7136       0.7136    0.1129            1
2016 12 26 30.1692 31.0385 30.6089      0.6372       0.6372    0.1089            1
2016 12 27 30.2336 31.1048 30.6751      0.7028       0.7028    0.1050            1
2016 12 28 30.1778 31.0507 30.6209      0.6481       0.6481    0.1013            1
2016 12 29 30.2205 31.0952 30.6653      0.6919       0.6919    0.0976            1
2016 12 30 30.1865 31.0631 30.6331      0.6590       0.6590    0.0941            1
2016 12 31 30.2075 31.0858 30.6558      0.6810       0.6810    0.0907            1
2017 01 01 30.1954 31.0754 30.6454      0.6700       0.6700    0.2257            1
2017 01 02 30.1945 31.0762 30.6462      0.6700       0.6700    0.2329            1
2017 01 03 30.2046 31.0880 30.6581      0.6810       0.6810    0.2402            1
2017 01 04 30.1818 31.0668 30.6369      0.6590       0.6590    0.2477            1
2017 01 05 30.2140 31.1007 30.6709      0.6920       0.6920    0.2555            1
2017 01 06 30.1693 31.0576 30.6279      0.6480       0.6480    0.2634            1
2017 01 07 30.2235 31.1133 30.6838      0.7029       0.7029    0.2715            1
2017 01 08 30.1570 31.0485 30.6190      0.6371       0.6371    0.2798            1
2017 01 09 30.2330 31.1260 30.6968      0.7137       0.7137    0.2883            1
2017 01 10 30.1451 31.0396 30.6105      0.6263       0.6263    0.2970            1
2017 01 11 30.2428 31.1387 30.7099      0.7245       0.7245    0.3059            1
2017 01 12 30.1333 31.0307 30.6022      0.6155       0.6155    0.3150            1
2017 01 13 30.2524 31.1512 30.7229      0.7350       0.7350    0.3243            1
2017 01 14 30.1221 31.0223 30.5943      0.6050       0.6050    0.3339            1
2017 01 15 30.2622 31.1637 30.7360      0.7454       0.7454    0.3436            1
2017 01 16 30.1111 31.0140 30.5867      0.5946       0.5946    0.3536            1
2017 01 17 30.2719 31.1761 30.7491      0.7556       0.7556    0.3638            1
2017 01 18 30.1006 31.0060 30.5794      0.5844       0.5844    0.3742            1
2017 01 19 30.2815 31.1882 30.7620      0.7655       0.7655    0.3849            1
2017 01 20 30.0905 30.9984 30.5726      0.5745       0.5745    0.3957            1
2017 01 21 30.2912 31.2002 30.7749      0.7752       0.7752    0.4068            1
2017 01 22 30.0808 30.9910 30.5662      0.5648       0.5648    0.4182            1
2017 01 23 30.3007 31.2120 30.7877      0.7846       0.7846    0.4298            1
2017 01 24 30.0716 30.9840 30.5602      0.5554       0.5554    0.4416            1
2017 01 25 30.3101 31.2235 30.8003      0.7937       0.7937    0.4536            1
2017 01 26 30.0630 30.9774 30.5547      0.5463       0.5463    0.4659            1
2017 01 27 30.3194 31.2348 30.8127      0.8025       0.8025    0.4785            1
2017 01 28 30.0548 30.9711 30.5496      0.5375       0.5375    0.4912            1
2017 01 29 30.3286 31.2458 30.8249      0.8109       0.8109    0.5043            1
2017 01 30 30.0472 30.9653 30.5451      0.5291       0.5291    0.5175            1
2017 01 31 30.3376 31.2565 30.8369      0.8190       0.8190    0.5311            1
2017 02 01 30.0401 30.9598 30.5410      0.5210       0.5210    0.5449            1
2017 02 02 30.3464 31.2669 30.8487      0.8267       0.8267    0.5589            1
2017 02 03 30.0336 30.9548 30.5374      0.5133       0.5133    0.5732            1
2017 02 04 30.3549 31.2768 30.8601      0.8339       0.8339    0.5877            1
2017 02 05 30.0278 30.9504 30.5344      0.5061       0.5061    0.6025            1
2017 02 06 30.3631 31.2863 30.8712      0.8407       0.8407    0.6176            1
2017 02 07 30.0225 30.9463 30.5320      0.4993       0.4993    0.6329            1
2017 02 08 30.3712 31.2955 30.8821      0.8471       0.8471    0.6484            1
2017 02 09 30.0179 30.9428 30.5301      0.4929       0.4929    0.6643            1
2017 02 10 30.3791 31.3044 30.8926      0.8531       0.8531    0.6803            1
2017 02 11 30.0139 30.9396 30.5287      0.4869       0.4869    0.6967            1
2017 02 12 30.3865 31.3127 30.9027      0.8585       0.8585    0.7133            1
2017 02 13 30.0106 30.9371 30.5280      0.4815       0.4815    0.7302            1
2017 02 14 30.3938 31.3207 30.9125      0.8636       0.8636    0.7473            1
2017 02 15 30.0078 30.9349 30.5278      0.4764       0.4764    0.7646            1
2017 02 16 30.4007 31.3281 30.9219      0.8681       0.8681    0.7823            1
2017 02 17 30.0058 30.9334 30.5282      0.4719       0.4719    0.8002            1
2017 02 18 30.4073 31.3351 30.9309      0.8721       0.8721    0.8183            1
2017 02 19 30.0045 30.9324 30.5292      0.4679       0.4679    0.8367            1
2017 02 20 30.4137 31.3417 30.9395      0.8757       0.8757    0.8554            1
2017 02 21 30.0037 30.9318 30.5307      0.4643       0.4643    0.8743            1
2017 02 22 30.4197 31.3478 30.9477      0.8788       0.8788    0.8934            1
2017 02 23 30.0036 30.9317 30.5327      0.4612       0.4612    0.9128            1
2017 02 24 30.4254 31.3534 30.9555      0.8814       0.8814    0.9325            1
2017 02 25 30.0042 30.9321 30.5354      0.4586       0.4586    0.9524            1
2017 02 26 30.4306 31.3584 30.9628      0.8834       0.8834    0.9725            1
2017 02 27 30.0055 30.9331 30.5387      0.4566       0.4566    0.9929            1
2017 02 28 30.4358 31.3632 30.9698      0.8851       0.8851    1.0135            2
2017 03 01 30.0073 30.9345 30.5423      0.4549       0.4549    1.0344            2
2017 03 02 30.4404 31.3673 30.9763      0.8862       0.8862    1.0554            2
2017 03 03 30.0099 30.9364 30.5466      0.4538       0.4538    1.0767            2
2017 03 04 30.4447 31.3709 30.9823      0.8868       0.8868    1.0983            2
2017 03 05 30.0131 30.9389 30.5515      0.4532       0.4532    1.1200            2
2017 03 06 30.4488 31.3742 30.9880      0.8870       0.8870    1.1420            2
2017 03 07 30.0168 30.9417 30.5568      0.4530       0.4530    1.1642            2
2017 03 08 30.4525 31.3769 30.9932      0.8867       0.8867    1.1865            2
2017 03 09 30.0212 30.9450 30.5626      0.4533       0.4533    1.2091            2
2017 03 10 30.4560 31.3792 30.9981      0.8860       0.8860    1.2319            2
2017 03 11 30.0261 30.9487 30.5688      0.4540       0.4540    1.2549            2
2017 03 12 30.4591 31.3811 31.0025      0.8849       0.8849    1.2781            2
2017 03 13 30.0315 30.9528 30.5755      0.4551       0.4551    1.3014            2
2017 03 14 30.4620 31.3825 31.0065      0.8833       0.8833    1.3250            2
2017 03 15 30.0376 30.9574 30.5827      0.4567       0.4567    1.3487            2
2017 03 16 30.4645 31.3835 31.0101      0.8813       0.8813    1.3725            2
2017 03 17 30.0442 30.9624 30.5903      0.4587       0.4587    1.3966            2
2017 03 18 30.4667 31.3841 31.0133      0.8789       0.8789    1.4208            2
2017 03 19 30.0513 30.9677 30.5983      0.4611       0.4611    1.4451            2
2017 03 20 30.4688 31.3843 31.0162      0.8762       0.8762    1.4696            2
2017 03 21 30.0588 30.9733 30.6066      0.4638       0.4638    1.4942            2
2017 03 22 30.4705 31.3841 31.0187      0.8731       0.8731    1.5189            2
2017 03 23 30.0668 30.9793 30.6153      0.4669       0.4669    1.5438            2
2017 03 24 30.4720 31.3834 31.0207      0.8696       0.8696    1.5687            2
2017 03 25 30.0753 30.9856 30.6243      0.4704       0.4704    1.5938            2
2017 03 26 30.4734 31.3825 31.0226      0.8659       0.8659    1.6190            2
2017 03 27 30.0841 30.9921 30.6335      0.4741       0.4741    1.6442            2
2017 03 28 30.4744 31.3812 31.0240      0.8618       0.8618    1.6696            2
2017 03 29 30.0934 30.9990 30.6431      0.4782       0.4782    1.6950            2
2017 03 30 30.4753 31.3796 31.0252      0.8575       0.8575    1.7205            2
2017 03 31 30.1030 31.0060 30.6529      0.4825       0.4825    1.7460            2
2017 04 01 30.4761 31.3778 31.0261      0.8530       0.8530    1.7716            2
2017 04 02 30.1128 31.0131 30.6628      0.4870       0.4870    1.7972            2
2017 04 03 30.4767 31.3756 31.0267      0.8482       0.8482    1.8228            2
2017 04 04 30.1230 31.0205 30.6729      0.4918       0.4918    1.8485            2
2017 04 05 30.4771 31.3732 31.0270      0.8432       0.8432    1.8742            2
2017 04 06 30.1335 31.0281 30.6832      0.4968       0.4968    1.8999            2
2017 04 07 30.4774 31.3705 31.0271      0.8380       0.8380    1.9255            2
2017 04 08 30.1442 31.0358 30.6937      0.5020       0.5020    1.9512            2
2017 04 09 30.4776 31.3677 31.0270      0.8327       0.8327    1.9768            2
2017 04 10 30.1550 31.0435 30.7041      0.5073       0.5073    2.0023            2
2017 04 11 30.4777 31.3646 31.0266      0.8272       0.8272    2.0279            2
2017 04 12 30.1661 31.0514 30.7147      0.5128       0.5128    2.0533            2
2017 04 13 30.4777 31.3613 31.0260      0.8216       0.8216    2.0787            2
2017 04 14 30.1774 31.0593 30.7253      0.5184       0.5184    2.1040            2
2017 04 15 30.4777 31.3579 31.0253      0.8159       0.8159    2.1293            2
2017 04 16 30.1887 31.0672 30.7359      0.5241       0.5241    2.1544            2
2017 04 17 30.4777 31.3544 31.0245      0.8102       0.8102    2.1794            2
2017 04 18 30.2001 31.0750 30.7465      0.5298       0.5298    2.2043            2
2017 04 19 30.4776 31.3507 31.0234      0.8044       0.8044    2.2290            2
2017 04 20 30.2116 31.0829 30.7570      0.5356       0.5356    2.2536            2
2017 04 21 30.4775 31.3469 31.0223      0.7986       0.7986    2.2781            2
2017 04 22 30.2231 31.0907 30.7674      0.5414       0.5414    2.3024            2
2017 04 23 30.4774 31.3431 31.0210      0.7928       0.7928    2.3265            2
2017 04 24 30.2346 31.0984 30.7777      0.5472       0.5472    2.3504            2
2017 04 25 30.4773 31.3391 31.0197      0.7870       0.7870    2.3741            2
2017 04 26 30.2461 31.1061 30.7879      0.5530       0.5530    2.3976            2
2017 04 27 30.4771 31.3351 31.0182      0.7812       0.7812    2.4209            2
2017 04 28 30.2576 31.1136 30.7979      0.5588       0.5588    2.4439            2
2017 04 29 30.4771 31.3311 31.0167      0.7755       0.7755    2.4667            2
2017 04 30 30.2689 31.1210 30.8077      0.5645       0.5645    2.4893            2
2017 05 01 30.4772 31.3272 31.0152      0.7699       0.7699    2.5116            2
2017 05 02 30.2802 31.1281 30.8173      0.5701       0.5701    2.5336            2
2017 05 03 30.4772 31.3231 31.0135      0.7643       0.7643    2.5553            2
2017 05 04 30.2914 31.1352 30.8268      0.5757       0.5757    2.5767            2
2017 05 05 30.4774 31.3191 31.0119      0.7589       0.7589    2.5979            2
2017 05 06 30.3023 31.1420 30.8359      0.5811       0.5811    2.6187            2
2017 05 07 30.4776 31.3152 31.0102      0.7536       0.7536    2.6391            2
2017 05 08 30.3131 31.1486 30.8448      0.5864       0.5864    2.6593            2
2017 05 09 30.4779 31.3112 31.0085      0.7484       0.7484    2.6790            2
2017 05 10 30.3238 31.1550 30.8534      0.5916       0.5916    2.6985            2
2017 05 11 30.4783 31.3074 31.0069      0.7434       0.7434    2.7175            2
2017 05 12 30.3342 31.1611 30.8617      0.5966       0.5966    2.7362            2
2017 05 13 30.4788 31.3035 31.0052      0.7385       0.7385    2.7545            2
2017 05 14 30.3444 31.1670 30.8697      0.6015       0.6015    2.7724            2
2017 05 15 30.4794 31.2998 31.0035      0.7338       0.7338    2.7899            2
2017 05 16 30.3544 31.1726 30.8773      0.6062       0.6062    2.8069            2
2017 05 17 30.4800 31.2961 31.0018      0.7292       0.7292    2.8236            2
2017 05 18 30.3642 31.1780 30.8847      0.6108       0.6108    2.8398            2
2017 05 19 30.4807 31.2924 31.0001      0.7248       0.7248    2.8555            2
2017 05 20 30.3737 31.1831 30.8917      0.6152       0.6152    2.8709            2
2017 05 21 30.4817 31.2890 30.9985      0.7207       0.7207    2.8857            2
2017 05 22 30.3828 31.1879 30.8983      0.6193       0.6193    2.9001            2
2017 05 23 30.4826 31.2855 30.9968      0.7167       0.7167    2.9140            2
2017 05 24 30.3917 31.1924 30.9046      0.6233       0.6233    2.9274            2
2017 05 25 30.4836 31.2821 30.9951      0.7128       0.7128    2.9404            2
2017 05 26 30.4004 31.1966 30.9105      0.6272       0.6272    2.9528            2
2017 05 27 30.4847 31.2788 30.9935      0.7092       0.7092    2.9648            2
2017 05 28 30.4087 31.2005 30.9161      0.6308       0.6308    2.9762            2
2017 05 29 30.4860 31.2756 30.9919      0.7058       0.7058    2.9871            2
2017 05 30 30.4167 31.2041 30.9212      0.6342       0.6342    2.9975            2
2017 05 31 30.4873 31.2726 30.9904      0.7026       0.7026    3.0073            2
2017 06 01 30.4243 31.2074 30.9259      0.6374       0.6374    3.0167            2
2017 06 02 30.4886 31.2695 30.9887      0.6995       0.6995    3.0255            2
2017 06 03 30.4318 31.2105 30.9304      0.6405       0.6405    3.0337            2
2017 06 04 30.4900 31.2665 30.9871      0.6966       0.6966    3.0414            2
2017 06 05 30.4389 31.2133 30.9345      0.6434       0.6434    3.0485            2
2017 06 06 30.4914 31.2637 30.9855      0.6939       0.6939    3.0551            2
2017 06 07 30.4456 31.2157 30.9381      0.6461       0.6461    3.0611            2
2017 06 08 30.4929 31.2609 30.9839      0.6914       0.6914    3.0666            2
2017 06 09 30.4521 31.2179 30.9414      0.6486       0.6486    3.0715            2
2017 06 10 30.4944 31.2581 30.9822      0.6890       0.6890    3.0758            2
2017 06 11 30.4583 31.2199 30.9444      0.6510       0.6510    3.0796            2
2017 06 12 30.4959 31.2554 30.9805      0.6868       0.6868    3.0828            2
2017 06 13 30.4641 31.2215 30.9470      0.6532       0.6532    3.0854            2
2017 06 14 30.4974 31.2527 30.9787      0.6847       0.6847    3.0874            2
2017 06 15 30.4697 31.2230 30.9494      0.6553       0.6553    3.0888            2
2017 06 16 30.4989 31.2501 30.9769      0.6828       0.6828    3.0897            2
2017 06 17 30.4749 31.2241 30.9513      0.6572       0.6572    3.0900            2
2017 06 18 30.5003 31.2475 30.9750      0.6810       0.6810    3.0897            2
2017 06 19 30.4799 31.2251 30.9529      0.6590       0.6590    3.0888            2
2017 06 20 30.5016 31.2448 30.9730      0.6792       0.6792    3.0874            2
2017 06 21 30.4847 31.2259 30.9544      0.6608       0.6608    3.0854            2
2017 06 22 30.5029 31.2422 30.9709      0.6776       0.6776    3.0828            2
2017 06 23 30.4891 31.2265 30.9554      0.6624       0.6624    3.0796            2
2017 06 24 30.5042 31.2396 30.9688      0.6761       0.6761    3.0758            2
2017 06 25 30.4933 31.2268 30.9562      0.6639       0.6639    3.0715            2
2017 06 26 30.5053 31.2369 30.9664      0.6746       0.6746    3.0666            2
2017 06 27 30.4973 31.2271 30.9567      0.6654       0.6654    3.0611            2
2017 06 28 30.5061 31.2341 30.9639      0.6731       0.6731    3.0551            2
2017 06 29 30.5011 31.2272 30.9571      0.6669       0.6669    3.0485            2
2017 06 30 30.5070 31.2313 30.9613      0.6717       0.6717    3.0414            2
2017 07 01 30.5046 31.2272 30.9572      0.6683       0.6683    3.0337            2
2017 07 02 30.5076 31.2285 30.9585      0.6703       0.6703    3.0255            2
2017 07 03 30.5080 31.2271 30.9571      0.6697       0.6697    3.0167            2
2017 07 04 30.5082 31.2256 30.9556      0.6690       0.6690    3.0073            2
2017 07 05 30.5110 31.2268 30.9567      0.6710       0.6710    2.9975            2
2017 07 06 30.5084 31.2225 30.9524      0.6676       0.6676    2.9871            2
2017 07 07 30.5140 31.2265 30.9562      0.6724       0.6724    2.9762            2
2017 07 08 30.5085 31.2194 30.9490      0.6662       0.6662    2.9648            2
2017 07 09 30.5168 31.2261 30.9556      0.6738       0.6738    2.9528            2
2017 07 10 30.5083 31.2161 30.9454      0.6647       0.6647    2.9404            2
2017 07 11 30.5195 31.2257 30.9549      0.6753       0.6753    2.9274            2
2017 07 12 30.5079 31.2127 30.9416      0.6632       0.6632    2.9140            2
2017 07 13 30.5220 31.2253 30.9540      0.6768       0.6768    2.9001            2
2017 07 14 30.5072 31.2091 30.9375      0.6616       0.6616    2.8857            2
2017 07 15 30.5244 31.2248 30.9530      0.6784       0.6784    2.8709            2
2017 07 16 30.5062 31.2053 30.9332      0.6599       0.6599    2.8555            2
2017 07 17 30.5267 31.2244 30.9520      0.6801       0.6801    2.8398            2
2017 07 18 30.5049 31.2014 30.9285      0.6581       0.6581    2.8236            2
2017 07 19 30.5289 31.2241 30.9509      0.6819       0.6819    2.8069            2
2017 07 20 30.5034 31.1973 30.9237      0.6563       0.6563    2.7899            2
2017 07 21 30.5309 31.2236 30.9496      0.6837       0.6837    2.7724            2
2017 07 22 30.5014 31.1930 30.9185      0.6542       0.6542    2.7545            2
2017 07 23 30.5330 31.2234 30.9485      0.6858       0.6858    2.7362            2
2017 07 24 30.4993 31.1885 30.9131      0.6521       0.6521    2.7175            2
2017 07 25 30.5349 31.2231 30.9472      0.6879       0.6879    2.6985            2
2017 07 26 30.4967 31.1838 30.9073      0.6498       0.6498    2.6790            2
2017 07 27 30.5369 31.2229 30.9459      0.6902       0.6902    2.6593            2
2017 07 28 30.4938 31.1789 30.9013      0.6474       0.6474    2.6391            2
2017 07 29 30.5387 31.2228 30.9446      0.6926       0.6926    2.6187            2
2017 07 30 30.4904 31.1737 30.8949      0.6447       0.6447    2.5979            2
2017 07 31 30.5406 31.2230 30.9435      0.6953       0.6953    2.5767            2
2017 08 01 30.4869 31.1684 30.8883      0.6420       0.6420    2.5553            2
2017 08 02 30.5424 31.2230 30.9423      0.6980       0.6980    2.5336            2
2017 08 03 30.4828 31.1627 30.8812      0.6390       0.6390    2.5116            2
2017 08 04 30.5442 31.2234 30.9412      0.7010       0.7010    2.4893            2
2017 08 05 30.4784 31.1568 30.8739      0.6358       0.6358    2.4667            2
2017 08 06 30.5461 31.2238 30.9401      0.7042       0.7042    2.4439            2
2017 08 07 30.4737 31.1508 30.8663      0.6325       0.6325    2.4209            2
2017 08 08 30.5479 31.2244 30.9391      0.7075       0.7075    2.3976            2
2017 08 09 30.4685 31.1445 30.8584      0.6290       0.6290    2.3741            2
2017 08 10 30.5496 31.2251 30.9381      0.7110       0.7110    2.3504            2
2017 08 11 30.4630 31.1379 30.8501      0.6253       0.6253    2.3265            2
2017 08 12 30.5514 31.2259 30.9372      0.7147       0.7147    2.3024            2
2017 08 13 30.4571 31.1312 30.8416      0.6214       0.6214    2.2781            2
2017 08 14 30.5533 31.2269 30.9364      0.7186       0.7186    2.2536            2
2017 08 15 30.4508 31.1242 30.8328      0.6173       0.6173    2.2290            2
2017 08 16 30.5551 31.2281 30.9358      0.7227       0.7227    2.2043            2
2017 08 17 30.4442 31.1169 30.8236      0.6130       0.6130    2.1794            2
2017 08 18 30.5569 31.2295 30.9352      0.7270       0.7270    2.1544            2
2017 08 19 30.4371 31.1095 30.8142      0.6085       0.6085    2.1293            2
2017 08 20 30.5588 31.2310 30.9347      0.7315       0.7315    2.1040            2
2017 08 21 30.4298 31.1019 30.8046      0.6039       0.6039    2.0787            2
2017 08 22 30.5606 31.2326 30.9342      0.7361       0.7361    2.0533            2
2017 08 23 30.4221 31.0941 30.7947      0.5991       0.5991    2.0279            2
2017 08 24 30.5624 31.2344 30.9339      0.7409       0.7409    2.0023            2
2017 08 25 30.4141 31.0861 30.7845      0.5941       0.5941    1.9768            2
2017 08 26 30.5643 31.2364 30.9337      0.7459       0.7459    1.9512            2
2017 08 27 30.4058 31.0779 30.7741      0.5890       0.5890    1.9255            2
2017 08 28 30.5661 31.2384 30.9335      0.7510       0.7510    1.8999            2
2017 08 29 30.3972 31.0697 30.7636      0.5838       0.5838    1.8742            2
2017 08 30 30.5679 31.2406 30.9333      0.7562       0.7562    1.8485            2
2017 08 31 30.3883 31.0613 30.7528      0.5784       0.5784    1.8228            2
2017 09 01 30.5697 31.2429 30.9333      0.7616       0.7616    1.7972            2
2017 09 02 30.3791 31.0527 30.7419      0.5729       0.5729    1.7716            2
2017 09 03 30.5714 31.2454 30.9334      0.7671       0.7671    1.7460            2
2017 09 04 30.3697 31.0441 30.7309      0.5673       0.5673    1.7205            2
2017 09 05 30.5731 31.2480 30.9335      0.7727       0.7727    1.6950            2
2017 09 06 30.3600 31.0353 30.7197      0.5616       0.5616    1.6696            2
2017 09 07 30.5748 31.2506 30.9337      0.7784       0.7784    1.6442            2
2017 09 08 30.3502 31.0266 30.7084      0.5559       0.5559    1.6190            2
2017 09 09 30.5763 31.2533 30.9338      0.7841       0.7841    1.5938            2
2017 09 10 30.3401 31.0178 30.6971      0.5501       0.5501    1.5687            2
2017 09 11 30.5778 31.2561 30.9341      0.7899       0.7899    1.5438            2
2017 09 12 30.3300 31.0090 30.6857      0.5443       0.5443    1.5189            2
2017 09 13 30.5791 31.2589 30.9343      0.7957       0.7957    1.4942            2
2017 09 14 30.3197 31.0002 30.6743      0.5385       0.5385    1.4696            2
2017 09 15 30.5804 31.2617 30.9345      0.8015       0.8015    1.4451            2
2017 09 16 30.3092 30.9915 30.6629      0.5327       0.5327    1.4208            2
2017 09 17 30.5815 31.2646 30.9347      0.8073       0.8073    1.3966            2
2017 09 18 30.2987 30.9827 30.6515      0.5269       0.5269    1.3725            2
2017 09 19 30.5825 31.2675 30.9349      0.8131       0.8131    1.3487            2
2017 09 20 30.2882 30.9742 30.6402      0.5212       0.5212    1.3250            2
2017 09 21 30.5833 31.2703 30.9350      0.8188       0.8188    1.3014            2
2017 09 22 30.2777 30.9657 30.6291      0.5156       0.5156    1.2781            2
2017 09 23 30.5839 31.2731 30.9351      0.8244       0.8244    1.2549            2
2017 09 24 30.2671 30.9574 30.6180      0.5101       0.5101    1.2319            2
2017 09 25 30.5844 31.2758 30.9350      0.8299       0.8299    1.2091            2
2017 09 26 30.2565 30.9491 30.6070      0.5046       0.5046    1.1865            2
2017 09 27 30.5847 31.2785 30.9350      0.8354       0.8354    1.1642            2
2017 09 28 30.2461 30.9411 30.5963      0.4994       0.4994    1.1420            2
2017 09 29 30.5847 31.2810 30.9348      0.8406       0.8406    1.1200            2
2017 09 30 30.2357 30.9333 30.5858      0.4943       0.4943    1.0983            2
2017 10 01 30.5844 31.2834 30.9345      0.8457       0.8457    1.0767            2
2017 10 02 30.2255 30.9258 30.5755      0.4894       0.4894    1.0554            2
2017 10 03 30.5840 31.2857 30.9340      0.8506       0.8506    1.0344            2
2017 10 04 30.2153 30.9185 30.5654      0.4847       0.4847    1.0135            2
2017 10 05 30.5832 31.2878 30.9334      0.8553       0.8553    0.9929            1
2017 10 06 30.2055 30.9116 30.5557      0.4803       0.4803    0.9725            1
2017 10 07 30.5821 31.2897 30.9325      0.8597       0.8597    0.9524            1
2017 10 08 30.1957 30.9049 30.5463      0.4761       0.4761    0.9325            1
2017 10 09 30.5808 31.2915 30.9315      0.8639       0.8639    0.9128            1
2017 10 10 30.1863 30.8986 30.5373      0.4722       0.4722    0.8934            1
2017 10 11 30.5791 31.2930 30.9303      0.8678       0.8678    0.8743            1
2017 10 12 30.1771 30.8927 30.5286      0.4686       0.4686    0.8554            1
2017 10 13 30.5770 31.2943 30.9289      0.8714       0.8714    0.8367            1
2017 10 14 30.1681 30.8871 30.5203      0.4653       0.4653    0.8183            1
2017 10 15 30.5747 31.2954 30.9273      0.8747       0.8747    0.8002            1
2017 10 16 30.1596 30.8820 30.5125      0.4624       0.4624    0.7823            1
2017 10 17 30.5719 31.2961 30.9253      0.8776       0.8776    0.7646            1
2017 10 18 30.1513 30.8772 30.5052      0.4598       0.4598    0.7473            1
2017 10 19 30.5688 31.2966 30.9232      0.8802       0.8802    0.7302            1
2017 10 20 30.1435 30.8731 30.4984      0.4577       0.4577    0.7133            1
2017 10 21 30.5652 31.2967 30.9207      0.8823       0.8823    0.6967            1
2017 10 22 30.1360 30.8693 30.4920      0.4559       0.4559    0.6803            1
2017 10 23 30.5613 31.2966 30.9179      0.8841       0.8841    0.6643            1
2017 10 24 30.1289 30.8660 30.4861      0.4545       0.4545    0.6484            1
2017 10 25 30.5570 31.2961 30.9149      0.8855       0.8855    0.6329            1
2017 10 26 30.1223 30.8633 30.4809      0.4536       0.4536    0.6176            1
2017 10 27 30.5522 31.2952 30.9115      0.8864       0.8864    0.6025            1
2017 10 28 30.1161 30.8611 30.4761      0.4531       0.4531    0.5877            1
2017 10 29 30.5471 31.2940 30.9079      0.8869       0.8869    0.5732            1
2017 10 30 30.1103 30.8593 30.4719      0.4530       0.4530    0.5589            1
2017 10 31 30.5415 31.2925 30.9039      0.8870       0.8870    0.5449            1
2017 11 01 30.1051 30.8582 30.4684      0.4534       0.4534    0.5311            1
2017 11 02 30.5355 31.2906 30.8996      0.8866       0.8866    0.5175            1
2017 11 03 30.1004 30.8576 30.4655      0.4543       0.4543    0.5043            1
2017 11 04 30.5291 31.2883 30.8950      0.8857       0.8857    0.4912            1
2017 11 05 30.0963 30.8576 30.4632      0.4557       0.4557    0.4785            1
2017 11 06 30.5221 31.2856 30.8900      0.8843       0.8843    0.4659            1
2017 11 07 30.0926 30.8582 30.4614      0.4575       0.4575    0.4536            1
2017 11 08 30.5149 31.2826 30.8847      0.8825       0.8825    0.4416            1
2017 11 09 30.0895 30.8594 30.4604      0.4599       0.4599    0.4298            1
2017 11 10 30.5070 31.2790 30.8790      0.8801       0.8801    0.4182            1
2017 11 11 30.0870 30.8611 30.4600      0.4627       0.4627    0.4068            1
2017 11 12 30.4989 31.2752 30.8731      0.8773       0.8773    0.3957            1
2017 11 13 30.0849 30.8634 30.4602      0.4660       0.4660    0.3849            1
2017 11 14 30.4903 31.2710 30.8668      0.8740       0.8740    0.3742            1
2017 11 15 30.0835 30.8664 30.4611      0.4698       0.4698    0.3638            1
2017 11 16 30.4813 31.2663 30.8601      0.8702       0.8702    0.3536            1
2017 11 17 30.0826 30.8699 30.4627      0.4741       0.4741    0.3436            1
2017 11 18 30.4719 31.2613 30.8532      0.8659       0.8659    0.3339            1
2017 11 19 30.0824 30.8740 30.4649      0.4789       0.4789    0.3243            1
2017 11 20 30.4621 31.2559 30.8459      0.8611       0.8611    0.3150            1
2017 11 21 30.0826 30.8786 30.4677      0.4841       0.4841    0.3059            1
2017 11 22 30.4519 31.2502 30.8384      0.8559       0.8559    0.2970            1
2017 11 23 30.0834 30.8838 30.4712      0.4898       0.4898    0.2883            1
2017 11 24 30.4414 31.2440 30.8306      0.8502       0.8502    0.2798            1
2017 11 25 30.0848 30.8897 30.4754      0.4960       0.4960    0.2715            1
2017 11 26 30.4305 31.2375 30.8224      0.8440       0.8440    0.2634            1
2017 11 27 30.0868 30.8960 30.4801      0.5026       0.5026    0.2555            1
2017 11 28 30.4193 31.2307 30.8140      0.8374       0.8374    0.2477            1
2017 11 29 30.0893 30.9029 30.4855      0.5097       0.5097    0.2402            1
2017 11 30 30.4077 31.2235 30.8053      0.8303       0.8303    0.2329            1
2017 12 01 30.0923 30.9103 30.4914      0.5171       0.5171    0.2257            1
2017 12 02 30.3959 31.2161 30.7965      0.8229       0.8229    0.2187            1
2017 12 03 30.0959 30.9182 30.4980      0.5250       0.5250    0.2119            1
2017 12 04 30.3838 31.2083 30.7874      0.8150       0.8150    0.2053            1
2017 12 05 30.0999 30.9266 30.5051      0.5332       0.5332    0.1988            1
2017 12 06 30.3715 31.2003 30.7782      0.8068       0.8068    0.1925            1
2017 12 07 30.1045 30.9354 30.5127      0.5418       0.5418    0.1864            1
2017 12 08 30.3589 31.1920 30.7687      0.7982       0.7982    0.1804            1
2017 12 09 30.1096 30.9448 30.5210      0.5508       0.5508    0.1746            1
2017 12 10 30.3461 31.1834 30.7591      0.7892       0.7892    0.1689            1
2017 12 11 30.1150 30.9545 30.5296      0.5600       0.5600    0.1634            1
2017 12 12 30.3332 31.1747 30.7494      0.7800       0.7800    0.1581            1
2017 12 13 30.1210 30.9646 30.5389      0.5696       0.5696    0.1529            1
2017 12 14 30.3201 31.1658 30.7396      0.7704       0.7704    0.1478            1
2017 12 15 30.1274 30.9751 30.5485      0.5794       0.5794    0.1429            1
2017 12 16 30.3069 31.1567 30.7297      0.7606       0.7606    0.1381            1
2017 12 17 30.1342 30.9860 30.5586      0.5895       0.5895    0.1335            1
2017 12 18 30.2936 31.1474 30.7197      0.7505       0.7505    0.1289            1
2017 12 19 30.1413 30.9972 30.5692      0.5998       0.5998    0.1246            1
2017 12 20 30.2802 31.1380 30.7097      0.7402       0.7402    0.1203            1
2017 12 21 30.1488 31.0085 30.5800      0.6102       0.6102    0.1162            1
2017 12 22 30.2670 31.1287 30.6998      0.7298       0.7298    0.1121            1
2017 12 23 30.1567 31.0203 30.5913      0.6209       0.6209    0.1082            1
2017 12 24 30.2536 31.1191 30.6898      0.7191       0.7191    0.1045            1
2017 12 25 30.1649 31.0323 30.6029      0.6317       0.6317    0.1008            1
2017 12 26 30.2402 31.1095 30.6799      0.7083       0.7083    0.0972            1
2017 12 27 30.1732 31.0443 30.6146      0.6425       0.6425    0.0938            1
2017 12 28 30.2271 31.1000 30.6702      0.6975       0.6975    0.0904            1
2017 12 29 30.1820 31.0567 30.6268      0.6535       0.6535    0.0872            1
2017 12 30 30.2139 31.0904 30.6605      0.6865       0.6865    0.0841            1
2017 12 31 30.1964 31.0747 30.6447      0.6700       0.6700    0.0810            1
2018 01 01 30.1854 31.0654 30.6354      0.6600       0.6600    0.2308            1
2018 01 02 30.1845 31.0662 30.6362      0.6600       0.6600    0.2381            1
2018 01 03 30.1946 31.0780 30.6481      0.6710       0.6710    0.2457            1
2018 01 04 30.1718 31.0568 30.6269      0.6490       0.6490    0.2534            1
2018 01 05 30.2040 31.0907 30.6609      0.6820       0.6820    0.2612            1
2018 01 06 30.1593 31.0476 30.6179      0.6380       0.6380    0.2693            1
2018 01 07 30.2135 31.1033 30.6738      0.6929       0.6929    0.2776            1
2018 01 08 30.1470 31.0385 30.6090      0.6271       0.6271    0.2861            1
2018 01 09 30.2230 31.1160 30.6868      0.7037       0.7037    0.2948            1
2018 01 10 30.1351 31.0296 30.6005      0.6163       0.6163    0.3037            1
2018 01 11 30.2328 31.1287 30.6999      0.7145       0.7145    0.3128            1
2018 01 12 30.1233 31.0207 30.5922      0.6055       0.6055    0.3221            1
2018 01 13 30.2424 31.1412 30.7129      0.7250       0.7250    0.3317            1
2018 01 14 30.1121 31.0123 30.5843      0.5950       0.5950    0.3414            1
2018 01 15 30.2522 31.1537 30.7260      0.7354       0.7354    0.3514            1
2018 01 16 30.1011 31.0040 30.5767      0.5846       0.5846    0.3616            1
2018 01 17 30.2619 31.1661 30.7391      0.7456       0.7456    0.3720            1
2018 01 18 30.0906 30.9960 30.5694      0.5744       0.5744    0.3827            1
2018 01 19 30.2715 31.1782 30.7520      0.7555       0.7555    0.3936            1
2018 01 20 30.0805 30.9884 30.5626      0.5645       0.5645    0.4047            1
2018 01 21 30.2812 31.1902 30.7649      0.7652       0.7652    0.4161            1
2018 01 22 30.0708 30.9810 30.5562      0.5548       0.5548    0.4277            1
2018 01 23 30.2907 31.2020 30.7777      0.7746       0.7746    0.4395            1
2018 01 24 30.0616 30.9740 30.5502      0.5454       0.5454    0.4516            1
2018 01 25 30.3001 31.2135 30.7903      0.7837       0.7837    0.4639            1
2018 01 26 30.0530 30.9674 30.5447      0.5363       0.5363    0.4765            1
2018 01 27 30.3094 31.2248 30.8027      0.7925       0.7925    0.4893            1
2018 01 28 30.0448 30.9611 30.5396      0.5275       0.5275    0.5024            1
2018 01 29 30.3186 31.2358 30.8149      0.8009       0.8009    0.5157            1
2018 01 30 30.0372 30.9553 30.5351      0.5191       0.5191    0.5293            1
2018 01 31 30.3276 31.2465 30.8269      0.8090       0.8090    0.5431            1
2018 02 01 30.0301 30.9498 30.5310      0.5110       0.5110    0.5572            1
2018 02 02 30.3364 31.2569 30.8387      0.8167       0.8167    0.5715            1
2018 02 03 30.0236 30.9448 30.5274      0.5033       0.5033    0.5862            1
2018 02 04 30.3449 31.2668 30.8501      0.8239       0.8239    0.6010            1
2018 02 05 30.0178 30.9404 30.5244      0.4961       0.4961    0.6162            1
2018 02 06 30.3531 31.2763 30.8612      0.8307       0.8307    0.6315            1
2018 02 07 30.0125 30.9363 30.5220      0.4893       0.4893    0.6472            1
2018 02 08 30.3612 31.2855 30.8721      0.8371       0.8371    0.6631            1
2018 02 09 30.0079 30.9328 30.5201      0.4829       0.4829    0.6793            1
2018 02 10 30.3691 31.2944 30.8826      0.8431       0.8431    0.6958            1
2018 02 11 30.0039 30.9296 30.5187      0.4769       0.4769    0.7125            1
2018 02 12 30.3765 31.3027 30.8927      0.8485       0.8485    0.7295            1
2018 02 13 30.0006 30.9271 30.5180      0.4715       0.4715    0.7467            1
2018 02 14 30.3838 31.3107 30.9025      0.8536       0.8536    0.7642            1
2018 02 15 29.9978 30.9249 30.5178      0.4664       0.4664    0.7820            1
2018 02 16 30.3907 31.3181 30.9119      0.8581       0.8581    0.8000            1
2018 02 17 29.9958 30.9234 30.5182      0.4619       0.4619    0.8183            1
2018 02 18 30.3973 31.3251 30.9209      0.8621       0.8621    0.8369            1
2018 02 19 29.9945 30.9224 30.5192      0.4579       0.4579    0.8557            1
2018 02 20 30.4037 31.3317 30.9295      0.8657       0.8657    0.8748            1
2018 02 21 29.9937 30.9218 30.5207      0.4543       0.4543    0.8941            1
2018 02 22 30.4097 31.3378 30.9377      0.8688       0.8688    0.9137            1
2018 02 23 29.9936 30.9217 30.5227      0.4512       0.4512    0.9335            1
2018 02 24 30.4154 31.3434 30.9455      0.8714       0.8714    0.9536            1
2018 02 25 29.9942 30.9221 30.5254      0.4486       0.4486    0.9740            1
2018 02 26 30.4206 31.3484 30.9528      0.8734       0.8734    0.9946            1
2018 02 27 29.9955 30.9231 30.5287      0.4466       0.4466    1.0154            2
2018 02 28 30.4258 31.3532 30.9598      0.8751       0.8751    1.0365            2
2018 03 01 29.9973 30.9245 30.5323      0.4449       0.4449    1.0578            2
2018 03 02 30.4304 31.3573 30.9663      0.8762       0.8762    1.0793            2
2018 03 03 29.9999 30.9264 30.5366      0.4438       0.4438    1.1011            2
2018 03 04 30.4347 31.3609 30.9723      0.8768       0.8768    1.1232            2
2018 03 05 30.0031 30.9289 30.5415      0.4432       0.4432    1.1454            2
2018 03 06 30.4388 31.3642 30.9780      0.8770       0.8770    1.1679            2
2018 03 07 30.0068 30.9317 30.5468      0.4430       0.4430    1.1905            2
2018 03 08 30.4425 31.3669 30.9832      0.8767       0.8767    1.2134            2
2018 03 09 30.0112 30.9350 30.5526      0.4433       0.4433    1.2365            2
2018 03 10 30.4460 31.3692 30.9881      0.8760       0.8760    1.2598            2
2018 03 11 30.0161 30.9387 30.5588      0.4440       0.4440    1.2833            2
2018 03 12 30.4491 31.3711 30.9925      0.8749       0.8749    1.3070            2
2018 03 13 30.0215 30.9428 30.5655      0.4451       0.4451    1.3309            2
2018 03 14 30.4520 31.3725 30.9965      0.8733       0.8733    1.3550            2
2018 03 15 30.0276 30.9474 30.5727      0.4467       0.4467    1.3792            2
2018 03 16 30.4545 31.3735 31.0001      0.8713       0.8713    1.4036            2
2018 03 17 30.0342 30.9524 30.5803      0.4487       0.4487    1.4282            2
2018 03 18 30.4567 31.3741 31.0033      0.8689       0.8689    1.4530            2
2018 03 19 30.0413 30.9577 30.5883      0.4511       0.4511    1.4778            2
2018 03 20 30.4588 31.3743 31.0062      0.8662       0.8662    1.5029            2
2018 03 21 30.0488 30.9633 30.5966      0.4538       0.4538    1.5280            2
2018 03 22 30.4605 31.3741 31.0087      0.8631       0.8631    1.5533            2
2018 03 23 30.0568 30.9693 30.6053      0.4569       0.4569    1.5787            2
2018 03 24 30.4620 31.3734 31.0107      0.8596       0.8596    1.6043            2
2018 03 25 30.0653 30.9756 30.6143      0.4604       0.4604    1.6299            2
2018 03 26 30.4634 31.3725 31.0126      0.8559       0.8559    1.6557            2
2018 03 27 30.0741 30.9821 30.6235      0.4641       0.4641    1.6815            2
2018 03 28 30.4644 31.3712 31.0140      0.8518       0.8518    1.7074            2
2018 03 29 30.0834 30.9890 30.6331      0.4682       0.4682    1.7334            2
2018 03 30 30.4653 31.3696 31.0152      0.8475       0.8475    1.7595            2
2018 03 31 30.0930 30.9960 30.6429      0.4725       0.4725    1.7856            2
2018 04 01 30.4661 31.3678 31.0161      0.8430       0.8430    1.8117            2
2018 04 02 30.1028 31.0031 30.6528      0.4770       0.4770    1.8379            2
2018 04 03 30.4667 31.3656 31.0167      0.8382       0.8382    1.8641            2
2018 04 04 30.1130 31.0105 30.6629      0.4818       0.4818    1.8904            2
2018 04 05 30.4671 31.3632 31.0170      0.8332       0.8332    1.9166            2
2018 04 06 30.1235 31.0181 30.6732      0.4868       0.4868    1.9429            2
2018 04 07 30.4674 31.3605 31.0171      0.8280       0.8280    1.9691            2
2018 04 08 30.1342 31.0258 30.6837      0.4920       0.4920    1.9954            2
2018 04 09 30.4676 31.3577 31.0170      0.8227       0.8227    2.0216            2
2018 04 10 30.1450 31.0335 30.6941      0.4973       0.4973    2.0477            2
2018 04 11 30.4677 31.3546 31.0166      0.8172       0.8172    2.0738            2
2018 04 12 30.1561 31.0414 30.7047      0.5028       0.5028    2.0998            2
2018 04 13 30.4677 31.3513 31.0160      0.8116       0.8116    2.1258            2
2018 04 14 30.1674 31.0493 30.7153      0.5084       0.5084    2.1517            2
2018 04 15 30.4677 31.3479 31.0153      0.8059       0.8059    2.1775            2
2018 04 16 30.1787 31.0572 30.7259      0.5141       0.5141    2.2032            2
2018 04 17 30.4677 31.3444 31.0145      0.8002       0.8002    2.2288            2
2018 04 18 30.1901 31.0650 30.7365      0.5198       0.5198    2.2542            2
2018 04 19 30.4676 31.3407 31.0134      0.7944       0.7944    2.2795            2
2018 04 20 30.2016 31.0729 30.7470      0.5256       0.5256    2.3047            2
2018 04 21 30.4675 31.3369 31.0123      0.7886       0.7886    2.3297            2
2018 04 22 30.2131 31.0807 30.7574      0.5314       0.5314    2.3545            2
2018 04 23 30.4674 31.3331 31.0110      0.7828       0.7828    2.3792            2
2018 04 24 30.2246 31.0884 30.7677      0.5372       0.5372    2.4036            2
2018 04 25 30.4673 31.3291 31.0097      0.7770       0.7770    2.4279            2
2018 04 26 30.2361 31.0961 30.7779      0.5430       0.5430    2.4519            2
2018 04 27 30.4671 31.3251 31.0082      0.7712       0.7712    2.4757            2
2018 04 28 30.2476 31.1036 30.7879      0.5488       0.5488    2.4993            2
2018 04 29 30.4671 31.3211 31.0067      0.7655       0.7655    2.5226            2
2018 04 30 30.2589 31.1110 30.7977      0.5545       0.5545    2.5457            2
2018 05 01 30.4672 31.3172 31.0052      0.7599       0.7599    2.5685            2
2018 05 02 30.2702 31.1181 30.8073      0.5601       0.5601    2.5910            2
2018 05 03 30.4672 31.3131 31.0035      0.7543       0.7543    2.6132            2
2018 05 04 30.2814 31.1252 30.8168      0.5657       0.5657    2.6351            2
2018 05 05 30.4674 31.3091 31.0019      0.7489       0.7489    2.6567            2
2018 05 06 30.2923 31.1320 30.8259      0.5711       0.5711    2.6780            2
2018 05 07 30.4676 31.3052 31.0002      0.7436       0.7436    2.6989            2
2018 05 08 30.3031 31.1386 30.8348      0.5764       0.5764    2.7195            2
2018 05 09 30.4679 31.3012 30.9985      0.7384       0.7384    2.7397            2
2018 05 10 30.3138 31.1450 30.8434      0.5816       0.5816    2.7596            2
2018 05 11 30.4683 31.2974 30.9969      0.7334       0.7334    2.7791            2
2018 05 12 30.3242 31.1511 30.8517      0.5866       0.5866    2.7982            2
2018 05 13 30.4688 31.2935 30.9952      0.7285       0.7285    2.8169            2
2018 05 14 30.3344 31.1570 30.8597      0.5915       0.5915    2.8352            2
2018 05 15 30.4694 31.2898 30.9935      0.7238       0.7238    2.8531            2
2018 05 16 30.3444 31.1626 30.8673      0.5962       0.5962    2.8705            2
2018 05 17 30.4700 31.2861 30.9918      0.7192       0.7192    2.8875            2
2018 05 18 30.3542 31.1680 30.8747      0.6008       0.6008    2.9041            2
2018 05 19 30.4707 31.2824 30.9901      0.7148       0.7148    2.9202            2
2018 05 20 30.3637 31.1731 30.8817      0.6052       0.6052    2.9359            2
2018 05 21 30.4717 31.2790 30.9885      0.7107       0.7107    2.9511            2
2018 05 22 30.3728 31.1779 30.8883      0.6093       0.6093    2.9658            2
2018 05 23 30.4726 31.2755 30.9868      0.7067       0.7067    2.9800            2
2018 05 24 30.3817 31.1824 30.8946      0.6133       0.6133    2.9938            2
2018 05 25 30.4736 31.2721 30.9851      0.7028       0.7028    3.0070            2
2018 05 26 30.3904 31.1866 30.9005      0.6172       0.6172    3.0197            2
2018 05 27 30.4747 31.2688 30.9835      0.6992       0.6992    3.0319            2
2018 05 28 30.3987 31.1905 30.9061      0.6208       0.6208    3.0436            2
2018 05 29 30.4760 31.2656 30.9819      0.6958       0.6958    3.0548            2
2018 05 30 30.4067 31.1941 30.9112      0.6242       0.6242    3.0654            2
2018 05 31 30.4773 31.2626 30.9804      0.6926       0.6926    3.0755            2
2018 06 01 30.4143 31.1974 30.9159      0.6274       0.6274    3.0850            2
2018 06 02 30.4786 31.2595 30.9787      0.6895       0.6895    3.0940            2
2018 06 03 30.4218 31.2005 30.9204      0.6305       0.6305    3.1024            2
2018 06 04 30.4800 31.2565 30.9771      0.6866       0.6866    3.1103            2
2018 06 05 30.4289 31.2033 30.9245      0.6334       0.6334    3.1176            2
2018 06 06 30.4814 31.2537 30.9755      0.6839       0.6839    3.1243            2
2018 06 07 30.4356 31.2057 30.9281      0.6361       0.6361    3.1305            2
2018 06 08 30.4829 31.2509 30.9739      0.6814       0.6814    3.1361            2
2018 06 09 30.4421 31.2079 30.9314      0.6386       0.6386    3.1411            2
2018 06 10 30.4844 31.2481 30.9722      0.6790       0.6790    3.1455            2
2018 06 11 30.4483 31.2099 30.9344      0.6410       0.6410    3.1493            2
2018 06 12 30.4859 31.2454 30.9705      0.6768       0.6768    3.1526            2
2018 06 13 30.4541 31.2115 30.9370      0.6432       0.6432    3.1553            2
2018 06 14 30.4874 31.2427 30.9687      0.6747       0.6747    3.1573            2
2018 06 15 30.4597 31.2130 30.9394      0.6453       0.6453    3.1588            2
2018 06 16 30.4889 31.2401 30.9669      0.6728       0.6728    3.1597            2
2018 06 17 30.4649 31.2141 30.9413      0.6472       0.6472    3.1600            2
2018 06 18 30.4903 31.2375 30.9650      0.6710       0.6710    3.1597            2
2018 06 19 30.4699 31.2151 30.9429      0.6490       0.6490    3.1588            2
2018 06 20 30.4916 31.2348 30.9630      0.6692       0.6692    3.1573            2
2018 06 21 30.4747 31.2159 30.9444      0.6508       0.6508    3.1553            2
2018 06 22 30.4929 31.2322 30.9609      0.6676       0.6676    3.1526            2
2018 06 23 30.4791 31.2165 30.9454      0.6524       0.6524    3.1493            2
2018 06 24 30.4942 31.2296 30.9588      0.6661       0.6661    3.1455            2
2018 06 25 30.4833 31.2168 30.9462      0.6539       0.6539    3.1411            2
2018 06 26 30.4953 31.2269 30.9564      0.6646       0.6646    3.1361            2
2018 06 27 30.4873 31.2171 30.9467      0.6554       0.6554    3.1305            2
2018 06 28 30.4961 31.2241 30.9539      0.6631       0.6631    3.1243            2
2018 06 29 30.4911 31.2172 30.9471      0.6569       0.6569    3.1176            2
2018 06 30 30.4970 31.2213 30.9513      0.6617       0.6617    3.1103            2
2018 07 01 30.4946 31.2172 30.9472      0.6583       0.6583    3.1024            2
2018 07 02 30.4976 31.2185 30.9485      0.6603       0.6603    3.0940            2
2018 07 03 30.4980 31.2171 30.9471      0.6597       0.6597    3.0850            2
2018 07 04 30.4982 31.2156 30.9456      0.6590       0.6590    3.0755            2
2018 07 05 30.5010 31.2168 30.9467      0.6610       0.6610    3.0654            2
2018 07 06 30.4984 31.2125 30.9424      0.6576       0.6576    3.0548            2
2018 07 07 30.5040 31.2165 30.9462      0.6624       0.6624    3.0436            2
2018 07 08 30.4985 31.2094 30.9390      0.6562       0.6562    3.0319            2
2018 07 09 30.5068 31.2161 30.9456      0.6638       0.6638    3.0197            2
2018 07 10 30.4983 31.2061 30.9354      0.6547       0.6547    3.0070            2
2018 07 11 30.5095 31.2157 30.9449      0.6653       0.6653    2.9938            2
2018 07 12 30.4979 31.2027 30.9316      0.6532       0.6532    2.9800            2
2018 07 13 30.5120 31.2153 30.9440      0.6668       0.6668    2.9658            2
2018 07 14 30.4972 31.1991 30.9275      0.6516       0.6516    2.9511            2
2018 07 15 30.5144 31.2148 30.9430      0.6684       0.6684    2.9359            2
2018 07 16 30.4962 31.1953 30.9232      0.6499       0.6499    2.9202            2
2018 07 17 30.5167 31.2144 30.9420      0.6701       0.6701    2.9041            2
2018 07 18 30.4949 31.1914 30.9185      0.6481       0.6481    2.8875            2
2018 07 19 30.5189 31.2141 30.9409      0.6719       0.6719    2.8705            2
2018 07 20 30.4934 31.1873 30.9137      0.6463       0.6463    2.8531            2
2018 07 21 30.5209 31.2136 30.9396      0.6737       0.6737    2.8352            2
2018 07 22 30.4914 31.1830 30.9085      0.6442       0.6442    2.8169            2
2018 07 23 30.5230 31.2134 30.9385      0.6758       0.6758    2.7982            2
2018 07 24 30.4893 31.1785 30.9031      0.6421       0.6421    2.7791            2
2018 07 25 30.5249 31.2131 30.9372      0.6779       0.6779    2.7596            2
2018 07 26 30.4867 31.1738 30.8973      0.6398       0.6398    2.7397            2
2018 07 27 30.5269 31.2129 30.9359      0.6802       0.6802    2.7195            2
2018 07 28 30.4838 31.1689 30.8913      0.6374       0.6374    2.6989            2
2018 07 29 30.5287 31.2128 30.9346      0.6826       0.6826    2.6780            2
2018 07 30 30.4804 31.1637 30.8849      0.6347       0.6347    2.6567            2
2018 07 31 30.5306 31.2130 30.9335      0.6853       0.6853    2.6351            2
2018 08 01 30.4769 31.1584 30.8783      0.6320       0.6320    2.6132            2
2018 08 02 30.5324 31.2130 30.9323      0.6880       0.6880    2.5910            2
2018 08 03 30.4728 31.1527 30.8712      0.6290       0.6290    2.5685            2
2018 08 04 30.5342 31.2134 30.9312      0.6910       0.6910    2.5457            2
2018 08 05 30.4684 31.1468 30.8639      0.6258       0.6258    2.5226            2
2018 08 06 30.5361 31.2138 30.9301      0.6942       0.6942    2.4993            2
2018 08 07 30.4637 31.1408 30.8563      0.6225       0.6225    2.4757            2
2018 08 08 30.5379 31.2144 30.9291      0.6975       0.6975    2.4519            2
2018 08 09 30.4585 31.1345 30.8484      0.6190       0.6190    2.4279            2
2018 08 10 30.5396 31.2151 30.9281      0.7010       0.7010    2.4036            2
2018 08 11 30.4530 31.1279 30.8401      0.6153       0.6153    2.3792            2
2018 08 12 30.5414 31.2159 30.9272      0.7047       0.7047    2.3545            2
2018 08 13 30.4471 31.1212 30.8316      0.6114       0.6114    2.3297            2
2018 08 14 30.5433 31.2169 30.9264      0.7086       0.7086    2.3047            2
2018 08 15 30.4408 31.1142 30.8228      0.6073       0.6073    2.2795            2
2018 08 16 30.5451 31.2181 30.9258      0.7127       0.7127    2.2542            2
2018 08 17 30.4342 31.1069 30.8136      0.6030       0.6030    2.2288            2
2018 08 18 30.5469 31.2195 30.9252      0.7170       0.7170    2.2032            2
2018 08 19 30.4271 31.0995 30.8042      0.5985       0.5985    2.1775            2
2018 08 20 30.5488 31.2210 30.9247      0.7215       0.7215    2.1517            2
2018 08 21 30.4198 31.0919 30.7946      0.5939       0.5939    2.1258            2
2018 08 22 30.5506 31.2226 30.9242      0.7261       0.7261    2.0998            2
2018 08 23 30.4121 31.0841 30.7847      0.5891       0.5891    2.0738            2
2018 08 24 30.5524 31.2244 30.9239      0.7309       0.7309    2.0477            2
2018 08 25 30.4041 31.0761 30.7745      0.5841       0.5841    2.0216            2
2018 08 26 30.5543 31.2264 30.9237      0.7359       0.7359    1.9954            2
2018 08 27 30.3958 31.0679 30.7641      0.5790       0.5790    1.9691            2
2018 08 28 30.5561 31.2284 30.9235      0.7410       0.7410    1.9429            2
2018 08 29 30.3872 31.0597 30.7536      0.5738       0.5738    1.9166            2
2018 08 30 30.5579 31.2306 30.9233      0.7462       0.7462    1.8904            2
2018 08 31 30.3783 31.0513 30.7428      0.5684       0.5684    1.8641            2
2018 09 01 30.5597 31.2329 30.9233      0.7516       0.7516    1.8379            2
2018 09 02 30.3691 31.0427 30.7319      0.5629       0.5629    1.8117            2
2018 09 03 30.5614 31.2354 30.9234      0.7571       0.7571    1.7856            2
2018 09 04 30.3597 31.0341 30.7209      0.5573       0.5573    1.7595            2
2018 09 05 30.5631 31.2380 30.9235      0.7627       0.7627    1.7334            2
2018 09 06 30.3500 31.0253 30.7097      0.5516       0.5516    1.7074            2
2018 09 07 30.5648 31.2406 30.9237      0.7684       0.7684    1.6815            2
2018 09 08 30.3402 31.0166 30.6984      0.5459       0.5459    1.6557            2
2018 09 09 30.5663 31.2433 30.9238      0.7741       0.7741    1.6299            2
2018 09 10 30.3301 31.0078 30.6871      0.5401       0.5401    1.6043            2
2018 09 11 30.5678 31.2461 30.9241      0.7799       0.7799    1.5787            2
2018 09 12 30.3200 30.9990 30.6757      0.5343       0.5343    1.5533            2
2018 09 13 30.5691 31.2489 30.9243      0.7857       0.7857    1.5280            2
2018 09 14 30.3097 30.9902 30.6643      0.5285       0.5285    1.5029            2
2018 09 15 30.5704 31.2517 30.9245      0.7915       0.7915    1.4778            2
2018 09 16 30.2992 30.9815 30.6529      0.5227       0.5227    1.4530            2
2018 09 17 30.5715 31.2546 30.9247      0.7973       0.7973    1.4282            2
2018 09 18 30.2887 30.9727 30.6415      0.5169       0.5169    1.4036            2
2018 09 19 30.5725 31.2575 30.9249      0.8031       0.8031    1.3792            2
2018 09 20 30.2782 30.9642 30.6302      0.5112       0.5112    1.3550            2
2018 09 21 30.5733 31.2603 30.9250      0.8088       0.8088    1.3309            2
2018 09 22 30.2677 30.9557 30.6191      0.5056       0.5056    1.3070            2
2018 09 23 30.5739 31.2631 30.9251      0.8144       0.8144    1.2833            2
2018 09 24 30.2571 30.9474 30.6080      0.5001       0.5001    1.2598            2
2018 09 25 30.5744 31.2658 30.9250      0.8199       0.8199    1.2365            2
2018 09 26 30.2465 30.9391 30.5970      0.4946       0.4946    1.2134            2
2018 09 27 30.5747 31.2685 30.9250      0.8254       0.8254    1.1905            2
2018 09 28 30.2361 30.9311 30.5863      0.4894       0.4894    1.1679            2
2018 09 29 30.5747 31.2710 30.9248      0.8306       0.8306    1.1454            2
2018 09 30 30.2257 30.9233 30.5758      0.4843       0.4843    1.1232            2
2018 10 01 30.5744 31.2734 30.9245      0.8357       0.8357    1.1011            2
2018 10 02 30.2155 30.9158 30.5655      0.4794       0.4794    1.0793            2
2018 10 03 30.5740 31.2757 30.9240      0.8406       0.8406    1.0578            2
2018 10 04 30.2053 30.9085 30.5554      0.4747       0.4747    1.0365            2
2018 10 05 30.5732 31.2778 30.9234      0.8453       0.8453    1.0154            2
2018 10 06 30.1955 30.9016 30.5457      0.4703       0.4703    0.9946            1
2018 10 07 30.5721 31.2797 30.9225      0.8497       0.8497    0.9740            1
2018 10 08 30.1857 30.8949 30.5363      0.4661       0.4661    0.9536            1
2018 10 09 30.5708 31.2815 30.9215      0.8539       0.8539    0.9335            1
2018 10 10 30.1763 30.8886 30.5273      0.4622       0.4622    0.9137            1
2018 10 11 30.5691 31.2830 30.9203      0.8578       0.8578    0.8941            1
2018 10 12 30.1671 30.8827 30.5186      0.4586       0.4586    0.8748            1
2018 10 13 30.5670 31.2843 30.9189      0.8614       0.8614    0.8557            1
2018 10 14 30.1581 30.8771 30.5103      0.4553       0.4553    0.8369            1
2018 10 15 30.5647 31.2854 30.9173      0.8647       0.8647    0.8183            1
2018 10 16 30.1496 30.8720 30.5025      0.4524       0.4524    0.8000            1
2018 10 17 30.5619 31.2861 30.9153      0.8676       0.8676    0.7820            1
2018 10 18 30.1413 30.8672 30.4952      0.4498       0.4498    0.7642            1
2018 10 19 30.5588 31.2866 30.9132      0.8702       0.8702    0.7467            1
2018 10 20 30.1335 30.8631 30.4884      0.4477       0.4477    0.7295            1
2018 10 21 30.5552 31.2867 30.9107      0.8723       0.8723    0.7125            1
2018 10 22 30.1260 30.8593 30.4820      0.4459       0.4459    0.6958            1
2018 10 23 30.5513 31.2866 30.9079      0.8741       0.8741    0.6793            1
2018 10 24 30.1189 30.8560 30.4761      0.4445       0.4445    0.6631            1
2018 10 25 30.5470 31.2861 30.9049      0.8755       0.8755    0.6472            1
2018 10 26 30.1123 30.8533 30.4709      0.4436       0.4436    0.6315            1
2018 10 27 30.5422 31.2852 30.9015      0.8764       0.8764    0.6162            1
2018 10 28 30.1061 30.8511 30.4661      0.4431       0.4431    0.6010            1
2018 10 29 30.5371 31.2840 30.8979      0.8769       0.8769    0.5862            1
2018 10 30 30.1003 30.8493 30.4619      0.4430       0.4430    0.5715            1
2018 10 31 30.5315 31.2825 30.8939      0.8770       0.8770    0.5572            1
2018 11 01 30.0951 30.8482 30.4584      0.4434       0.4434    0.5431            1
2018 11 02 30.5255 31.2806 30.8896      0.8766       0.8766    0.5293            1
2018 11 03 30.0904 30.8476 30.4555      0.4443       0.4443    0.5157            1
2018 11 04 30.5191 31.2783 30.8850      0.8757       0.8757    0.5024            1
2018 11 05 30.0863 30.8476 30.4532      0.4457       0.4457    0.4893            1
2018 11 06 30.5121 31.2756 30.8800      0.8743       0.8743    0.4765            1
2018 11 07 30.0826 30.8482 30.4514      0.4475       0.4475    0.4639            1
2018 11 08 30.5049 31.2726 30.8747      0.8725       0.8725    0.4516            1
2018 11 09 30.0795 30.8494 30.4504      0.4499       0.4499    0.4395            1
2018 11 10 30.4970 31.2690 30.8690      0.8701       0.8701    0.4277            1
2018 11 11 30.0770 30.8511 30.4500      0.4527       0.4527    0.4161            1
2018 11 12 30.4889 31.2652 30.8631      0.8673       0.8673    0.4047            1
2018 11 13 30.0749 30.8534 30.4502      0.4560       0.4560    0.3936            1
2018 11 14 30.4803 31.2610 30.8568      0.8640       0.8640    0.3827            1
2018 11 15 30.0735 30.8564 30.4511      0.4598       0.4598    0.3720            1
2018 11 16 30.4713 31.2563 30.8501      0.8602       0.8602    0.3616            1
2018 11 17 30.0726 30.8599 30.4527      0.4641       0.4641    0.3514            1
2018 11 18 30.4619 31.2513 30.8432      0.8559       0.8559    0.3414            1
2018 11 19 30.0724 30.8640 30.4549      0.4689       0.4689    0.3317            1
2018 11 20 30.4521 31.2459 30.8359      0.8511       0.8511    0.3221            1
2018 11 21 30.0726 30.8686 30.4577      0.4741       0.4741    0.3128            1
2018 11 22 30.4419 31.2402 30.8284      0.8459       0.8459    0.3037            1
2018 11 23 30.0734 30.8738 30.4612      0.4798       0.4798    0.2948            1
2018 11 24 30.4314 31.2340 30.8206      0.8402       0.8402    0.2861            1
2018 11 25 30.0748 30.8797 30.4654      0.4860       0.4860    0.2776            1
2018 11 26 30.4205 31.2275 30.8124      0.8340       0.8340    0.2693            1
2018 11 27 30.0768 30.8860 30.4701      0.4926       0.4926    0.2612            1
2018 11 28 30.4093 31.2207 30.8040      0.8274       0.8274    0.2534            1
2018 11 29 30.0793 30.8929 30.4755      0.4997       0.4997    0.2457            1
2018 11 30 30.3977 31.2135 30.7953      0.8203       0.8203    0.2381            1
2018 12 01 30.0823 30.9003 30.4814      0.5071       0.5071    0.2308            1
2018 12 02 30.3859 31.2061 30.7865      0.8129       0.8129    0.2237            1
2018 12 03 30.0859 30.9082 30.4880      0.5150       0.5150    0.2167            1
2018 12 04 30.3738 31.1983 30.7774      0.8050       0.8050    0.2099            1
2018 12 05 30.0899 30.9166 30.4951      0.5232       0.5232    0.2033            1
2018 12 06 30.3615 31.1903 30.7682      0.7968       0.7968    0.1969            1
2018 12 07 30.0945 30.9254 30.5027      0.5318       0.5318    0.1906            1
2018 12 08 30.3489 31.1820 30.7587      0.7882       0.7882    0.1845            1
2018 12 09 30.0996 30.9348 30.5110      0.5408       0.5408    0.1786            1
2018 12 10 30.3361 31.1734 30.7491      0.7792       0.7792    0.1728            1
2018 12 11 30.1050 30.9445 30.5196      0.5500       0.5500    0.1671            1
2018 12 12 30.3232 31.1647 30.7394      0.7700       0.7700    0.1617            1
2018 12 13 30.1110 30.9546 30.5289      0.5596       0.5596    0.1563            1
2018 12 14 30.3101 31.1558 30.7296      0.7604       0.7604    0.1512            1
2018 12 15 30.1174 30.9651 30.5385      0.5694       0.5694    0.1461            1
2018 12 16 30.2969 31.1467 30.7197      0.7506       0.7506    0.1412            1
2018 12 17 30.1242 30.9760 30.5486      0.5795       0.5795    0.1365            1
2018 12 18 30.2836 31.1374 30.7097      0.7405       0.7405    0.1319            1
2018 12 19 30.1313 30.9872 30.5592      0.5898       0.5898    0.1274            1
2018 12 20 30.2702 31.1280 30.6997      0.7302       0.7302    0.1230            1
2018 12 21 30.1388 30.9985 30.5700      0.6002       0.6002    0.1188            1
2018 12 22 30.2570 31.1187 30.6898      0.7198       0.7198    0.1147            1
2018 12 23 30.1467 31.0103 30.5813      0.6109       0.6109    0.1107            1
2018 12 24 30.2436 31.1091 30.6798      0.7091       0.7091    0.1068            1
2018 12 25 30.1549 31.0223 30.5929      0.6217       0.6217    0.1031            1
2018 12 26 30.2302 31.0995 30.6699      0.6983       0.6983    0.0994            1
2018 12 27 30.1632 31.0343 30.6046      0.6325       0.6325    0.0959            1
2018 12 28 30.2171 31.0900 30.6602      0.6875       0.6875    0.0925            1
2018 12 29 30.1720 31.0467 30.6168      0.6435       0.6435    0.0892            1
2018 12 30 30.2039 31.0804 30.6505      0.6765       0.6765    0.0860            1
2018 12 31 30.1864 31.0647 30.6347      0.6600       0.6600    0.0828            1
2019 01 01 30.2054 31.0854 30.6554      0.6800       0.6800    0.2308            1
2019 01 02 30.2045 31.0862 30.6562      0.6800       0.6800    0.2381            1
2019 01 03 30.2146 31.0980 30.6681      0.6910       0.6910    0.2457            1
2019 01 04 30.1918 31.0768 30.6469      0.6690       0.6690    0.2534            1
2019 01 05 30.2240 31.1107 30.6809      0.7020       0.7020    0.2612            1
2019 01 06 30.1793 31.0676 30.6379      0.6580       0.6580    0.2693            1
2019 01 07 30.2335 31.1233 30.6938      0.7129       0.7129    0.2776            1
2019 01 08 30.1670 31.0585 30.6290      0.6471       0.6471    0.2861            1
2019 01 09 30.2430 31.1360 30.7068      0.7237       0.7237    0.2948            1
2019 01 10 30.1551 31.0496 30.6205      0.6363       0.6363    0.3037            1
2019 01 11 30.2528 31.1487 30.7199      0.7345       0.7345    0.3128            1
2019 01 12 30.1433 31.0407 30.6122      0.6255       0.6255    0.3221            1
2019 01 13 30.2624 31.1612 30.7329      0.7450       0.7450    0.3317            1
2019 01 14 30.1321 31.0323 30.6043      0.6150       0.6150    0.3414            1
2019 01 15 30.2722 31.1737 30.7460      0.7554       0.7554    0.3514            1
2019 01 16 30.1211 31.0240 30.5967      0.6046       0.6046    0.3616            1
2019 01 17 30.2819 31.1861 30.7591      0.7656       0.7656    0.3720            1
2019 01 18 30.1106 31.0160 30.5894      0.5944       0.5944    0.3827            1
2019 01 19 30.2915 31.1982 30.7720      0.7755       0.7755    0.3936            1
2019 01 20 30.1005 31.0084 30.5826      0.5845       0.5845    0.4047            1
2019 01 21 30.3012 31.2102 30.7849      0.7852       0.7852    0.4161            1
2019 01 22 30.0908 31.0010 30.5762      0.5748       0.5748    0.4277            1
2019 01 23 30.3107 31.2220 30.7977      0.7946       0.7946    0.4395            1
2019 01 24 30.0816 30.9940 30.5702      0.5654       0.5654    0.4516            1
2019 01 25 30.3201 31.2335 30.8103      0.8037       0.8037    0.4639            1
2019 01 26 30.0730 30.9874 30.5647      0.5563       0.5563    0.4765            1
2019 01 27 30.3294 31.2448 30.8227      0.8125       0.8125    0.4893            1
2019 01 28 30.0648 30.9811 30.5596      0.5475       0.5475    0.5024            1
2019 01 29 30.3386 31.2558 30.8349      0.8209       0.8209    0.5157            1
2019 01 30 30.0572 30.9753 30.5551      0.5391       0.5391    0.5293            1
2019 01 31 30.3476 31.2665 30.8469      0.8290       0.8290    0.5431            1
2019 02 01 30.0501 30.9698 30.5510      0.5310       0.5310    0.5572            1
2019 02 02 30.3564 31.2769 30.8587      0.8367       0.8367    0.5715            1
2019 02 03 30.0436 30.9648 30.5474      0.5233       0.5233    0.5862            1
2019 02 04 30.3649 31.2868 30.8701      0.8439       0.8439    0.6010            1
2019 02 05 30.0378 30.9604 30.5444      0.5161       0.5161    0.6162            1
2019 02 06 30.3731 31.2963 30.8812      0.8507       0.8507    0.6315            1
2019 02 07 30.0325 30.9563 30.5420      0.5093       0.5093    0.6472            1
2019 02 08 30.3812 31.3055 30.8921      0.8571       0.8571    0.6631            1
2019 02 09 30.0279 30.9528 30.5401      0.5029       0.5029    0.6793            1
2019 02 10 30.3891 31.3144 30.9026      0.8631       0.8631    0.6958            1
2019 02 11 30.0239 30.9496 30.5387      0.4969       0.4969    0.7125            1
2019 02 12 30.3965 31.3227 30.9127      0.8685       0.8685    0.7295            1
2019 02 13 30.0206 30.9471 30.5380      0.4915       0.4915    0.7467            1
2019 02 14 30.4038 31.3307 30.9225      0.8736       0.8736    0.7642            1
2019 02 15 30.0178 30.9449 30.5378      0.4864       0.4864    0.7820            1
2019 02 16 30.4107 31.3381 30.9319      0.8781       0.8781    0.8000            1
2019 02 17 30.0158 30.9434 30.5382      0.4819       0.4819    0.8183            1
2019 02 18 30.4173 31.3451 30.9409      0.8821       0.8821    0.8369            1
2019 02 19 30.0145 30.9424 30.5392      0.4779       0.4779    0.8557            1
2019 02 20 30.4237 31.3517 30.9495      0.8857       0.8857    0.8748            1
2019 02 21 30.0137 30.9418 30.5407      0.4743       0.4743    0.8941            1
2019 02 22 30.4297 31.3578 30.9577      0.8888       0.8888    0.9137            1
2019 02 23 30.0136 30.9417 30.5427      0.4712       0.4712    0.9335            1
2019 02 24 30.4354 31.3634 30.9655      0.8914       0.8914    0.9536            1
2019 02 25 30.0142 30.9421 30.5454      0.4686       0.4686    0.9740            1
2019 02 26 30.4406 31.3684 30.9728      0.8934       0.8934    0.9946            1
2019 02 27 30.0155 30.9431 30.5487      0.4666       0.4666    1.0154            2
2019 02 28 30.4458 31.3732 30.9798      0.8951       0.8951    1.0365            2
2019 03 01 30.0173 30.9445 30.5523      0.4649       0.4649    1.0578            2
2019 03 02 30.4504 31.3773 30.9863      0.8962       0.8962    1.0793            2
2019 03 03 30.0199 30.9464 30.5566      0.4638       0.4638    1.1011            2
2019 03 04 30.4547 31.3809 30.9923      0.8968       0.8968    1.1232            2
2019 03 05 30.0231 30.9489 30.5615      0.4632       0.4632    1.1454            2
2019 03 06 30.4588 31.3842 30.9980      0.8970       0.8970    1.1679            2
2019 03 07 30.0268 30.9517 30.5668      0.4630       0.4630    1.1905            2
2019 03 08 30.4625 31.3869 31.0032      0.8967       0.8967    1.2134            2
2019 03 09 30.0312 30.9550 30.5726      0.4633       0.4633    1.2365            2
2019 03 10 30.4660 31.3892 31.0081      0.8960       0.8960    1.2598            2
2019 03 11 30.0361 30.9587 30.5788      0.4640       0.4640    1.2833            2
2019 03 12 30.4691 31.3911 31.0125      0.8949       0.8949    1.3070            2
2019 03 13 30.0415 30.9628 30.5855      0.4651       0.4651    1.3309            2
2019 03 14 30.4720 31.3925 31.0165      0.8933       0.8933    1.3550            2
2019 03 15 30.0476 30.9674 30.5927      0.4667       0.4667    1.3792            2
2019 03 16 30.4745 31.3935 31.0201      0.8913       0.8913    1.4036            2
2019 03 17 30.0542 30.9724 30.6003      0.4687       0.4687    1.4282            2
2019 03 18 30.4767 31.3941 31.0233      0.8889       0.8889    1.4530            2
2019 03 19 30.0613 30.9777 30.6083      0.4711       0.4711    1.4778            2
2019 03 20 30.4788 31.3943 31.0262      0.8862       0.8862    1.5029            2
2019 03 21 30.0688 30.9833 30.6166      0.4738       0.4738    1.5280            2
2019 03 22 30.4805 31.3941 31.0287      0.8831       0.8831    1.5533            2
2019 03 23 30.0768 30.9893 30.6253      0.4769       0.4769    1.5787            2
2019 03 24 30.4820 31.3934 31.0307      0.8796       0.8796    1.6043            2
2019 03 25 30.0853 30.9956 30.6343      0.4804       0.4804    1.6299            2
2019 03 26 30.4834 31.3925 31.0326      0.8759       0.8759    1.6557            2
2019 03 27 30.0941 31.0021 30.6435      0.4841       0.4841    1.6815            2
2019 03 28 30.4844 31.3912 31.0340      0.8718       0.8718    1.7074            2
2019 03 29 30.1034 31.0090 30.6531      0.4882       0.4882    1.7334            2
2019 03 30 30.4853 31.3896 31.0352      0.8675       0.8675    1.7595            2
2019 03 31 30.1130 31.0160 30.6629      0.4925       0.4925    1.7856            2
2019 04 01 30.4861 31.3878 31.0361      0.8630       0.8630    1.8117            2
2019 04 02 30.1228 31.0231 30.6728      0.4970       0.4970    1.8379            2
2019 04 03 30.4867 31.3856 31.0367      0.8582       0.8582    1.8641            2
2019 04 04 30.1330 31.0305 30.6829      0.5018       0.5018    1.8904            2
2019 04 05 30.4871 31.3832 31.0370      0.8532       0.8532    1.9166            2
2019 04 06 30.1435 31.0381 30.6932      0.5068       0.5068    1.9429            2
2019 04 07 30.4874 31.3805 31.0371      0.8480       0.8480    1.9691            2
2019 04 08 30.1542 31.0458 30.7037      0.5120       0.5120    1.9954            2
2019 04 09 30.4876 31.3777 31.0370      0.8427       0.8427    2.0216            2
2019 04 10 30.1650 31.0535 30.7141      0.5173       0.5173    2.0477            2
2019 04 11 30.4877 31.3746 31.0366      0.8372       0.8372    2.0738            2
2019 04 12 30.1761 31.0614 30.7247      0.5228       0.5228    2.0998            2
2019 04 13 30.4877 31.3713 31.0360      0.8316       0.8316    2.1258            2
2019 04 14 30.1874 31.0693 30.7353      0.5284       0.5284    2.1517            2
2019 04 15 30.4877 31.3679 31.0353      0.8259       0.8259    2.1775            2
2019 04 16 30.1987 31.0772 30.7459      0.5341       0.5341    2.2032            2
2019 04 17 30.4877 31.3644 31.0345      0.8202       0.8202    2.2288            2
2019 04 18 30.2101 31.0850 30.7565      0.5398       0.5398    2.2542            2
2019 04 19 30.4876 31.3607 31.0334      0.8144       0.8144    2.2795            2
2019 04 20 30.2216 31.0929 30.7670      0.5456       0.5456    2.3047            2
2019 04 21 30.4875 31.3569 31.0323      0.8086       0.8086    2.3297            2
2019 04 22 30.2331 31.1007 30.7774      0.5514       0.5514    2.3545            2
2019 04 23 30.4874 31.3531 31.0310      0.8028       0.8028    2.3792            2
2019 04 24 30.2446 31.1084 30.7877      0.5572       0.5572    2.4036            2
2019 04 25 30.4873 31.3491 31.0297      0.7970       0.7970    2.4279            2
2019 04 26 30.2561 31.1161 30.7979      0.5630       0.5630    2.4519            2
2019 04 27 30.4871 31.3451 31.0282      0.7912       0.7912    2.4757            2
2019 04 28 30.2676 31.1236 30.8079      0.5688       0.5688    2.4993            2
2019 04 29 30.4871 31.3411 31.0267      0.7855       0.7855    2.5226            2
2019 04 30 30.2789 31.1310 30.8177      0.5745       0.5745    2.5457            2
2019 05 01 30.4872 31.3372 31.0252      0.7799       0.7799    2.5685            2
2019 05 02 30.2902 31.1381 30.8273      0.5801       0.5801    2.5910            2
2019 05 03 30.4872 31.3331 31.0235      0.7743       0.7743    2.6132            2
2019 05 04 30.3014 31.1452 30.8368      0.5857       0.5857    2.6351            2
2019 05 05 30.4874 31.3291 31.0219      0.7689       0.7689    2.6567            2
2019 05 06 30.3123 31.1520 30.8459      0.5911       0.5911    2.6780            2
2019 05 07 30.4876 31.3252 31.0202      0.7636       0.7636    2.6989            2
2019 05 08 30.3231 31.1586 30.8548      0.5964       0.5964    2.7195            2
2019 05 09 30.4879 31.3212 31.0185      0.7584       0.7584    2.7397            2
2019 05 10 30.3338 31.1650 30.8634      0.6016       0.6016    2.7596            2
2019 05 11 30.4883 31.3174 31.0169      0.7534       0.7534    2.7791            2
2019 05 12 30.3442 31.1711 30.8717      0.6066       0.6066    2.7982            2
2019 05 13 30.4888 31.3135 31.0152      0.7485       0.7485    2.8169            2
2019 05 14 30.3544 31.1770 30.8797      0.6115       0.6115    2.8352            2
2019 05 15 30.4894 31.3098 31.0135      0.7438       0.7438    2.8531            2
2019 05 16 30.3644 31.1826 30.8873      0.6162       0.6162    2.8705            2
2019 05 17 30.4900 31.3061 31.0118      0.7392       0.7392    2.8875            2
2019 05 18 30.3742 31.1880 30.8947      0.6208       0.6208    2.9041            2
2019 05 19 30.4907 31.3024 31.0101      0.7348       0.7348    2.9202            2
2019 05 20 30.3837 31.1931 30.9017      0.6252       0.6252    2.9359            2
2019 05 21 30.4917 31.2990 31.0085      0.7307       0.7307    2.9511            2
2019 05 22 30.3928 31.1979 30.9083      0.6293       0.6293    2.9658            2
2019 05 23 30.4926 31.2955 31.0068      0.7267       0.7267    2.9800            2
2019 05 24 30.4017 31.2024 30.9146      0.6333       0.6333    2.9938            2
2019 05 25 30.4936 31.2921 31.0051      0.7228       0.7228    3.0070            2
2019 05 26 30.4104 31.2066 30.9205      0.6372       0.6372    3.0197            2
2019 05 27 30.4947 31.2888 31.0035      0.7192       0.7192    3.0319            2
2019 05 28 30.4187 31.2105 30.9261      0.6408       0.6408    3.0436            2
2019 05 29 30.4960 31.2856 31.0019      0.7158       0.7158    3.0548            2
2019 05 30 30.4267 31.2141 30.9312      0.6442       0.6442    3.0654            2
2019 05 31 30.4973 31.2826 31.0004      0.7126       0.7126    3.0755            2
2019 06 01 30.4343 31.2174 30.9359      0.6474       0.6474    3.0850            2
2019 06 02 30.4986 31.2795 30.9987      0.7095       0.7095    3.0940            2
2019 06 03 30.4418 31.2205 30.9404      0.6505       0.6505    3.1024            2
2019 06 04 30.5000 31.2765 30.9971      0.7066       0.7066    3.1103            2
2019 06 05 30.4489 31.2233 30.9445      0.6534       0.6534    3.1176            2
2019 06 06 30.5014 31.2737 30.9955      0.7039       0.7039    3.1243            2
2019 06 07 30.4556 31.2257 30.9481      0.6561       0.6561    3.1305            2
2019 06 08 30.5029 31.2709 30.9939      0.7014       0.7014    3.1361            2
2019 06 09 30.4621 31.2279 30.9514      0.6586       0.6586    3.1411            2
2019 06 10 30.5044 31.2681 30.9922      0.6990       0.6990    3.1455            2
2019 06 11 30.4683 31.2299 30.9544      0.6610       0.6610    3.1493            2
2019 06 12 30.5059 31.2654 30.9905      0.6968       0.6968    3.1526            2
2019 06 13 30.4741 31.2315 30.9570      0.6632       0.6632    3.1553            2
2019 06 14 30.5074 31.2627 30.9887      0.6947       0.6947    3.1573            2
2019 06 15 30.4797 31.2330 30.9594      0.6653       0.6653    3.1588            2
2019 06 16 30.5089 31.2601 30.9869      0.6928       0.6928    3.1597            2
2019 06 17 30.4849 31.2341 30.9613      0.6672       0.6672    3.1600            2
2019 06 18 30.5103 31.2575 30.9850      0.6910       0.6910    3.1597            2
2019 06 19 30.4899 31.2351 30.9629      0.6690       0.6690    3.1588            2
2019 06 20 30.5116 31.2548 30.9830      0.6892       0.6892    3.1573            2
2019 06 21 30.4947 31.2359 30.9644      0.6708       0.6708    3.1553            2
2019 06 22 30.5129 31.2522 30.9809      0.6876       0.6876    3.1526            2
2019 06 23 30.4991 31.2365 30.9654      0.6724       0.6724    3.1493            2
2019 06 24 30.5142 31.2496 30.9788      0.6861       0.6861    3.1455            2
2019 06 25 30.5033 31.2368 30.9662      0.6739       0.6739    3.1411            2
2019 06 26 30.5153 31.2469 30.9764      0.6846       0.6846    3.1361            2
2019 06 27 30.5073 31.2371 30.9667      0.6754       0.6754    3.1305            2
2019 06 28 30.5161 31.2441 30.9739      0.6831       0.6831    3.1243            2
2019 06 29 30.5111 31.2372 30.9671      0.6769       0.6769    3.1176            2
2019 06 30 30.5170 31.2413 30.9713      0.6817       0.6817    3.1103            2
2019 07 01 30.5146 31.2372 30.9672      0.6783       0.6783    3.1024            2
2019 07 02 30.5176 31.2385 30.9685      0.6803       0.6803    3.0940            2
2019 07 03 30.5180 31.2371 30.9671      0.6797       0.6797    3.0850            2
2019 07 04 30.5182 31.2356 30.9656      0.6790       0.6790    3.0755            2
2019 07 05 30.5210 31.2368 30.9667      0.6810       0.6810    3.0654            2
2019 07 06 30.5184 31.2325 30.9624      0.6776       0.6776    3.0548            2
2019 07 07 30.5240 31.2365 30.9662      0.6824       0.6824    3.0436            2
2019 07 08 30.5185 31.2294 30.9590      0.6762       0.6762    3.0319            2
2019 07 09 30.5268 31.2361 30.9656      0.6838       0.6838    3.0197            2
2019 07 10 30.5183 31.2261 30.9554      0.6747       0.6747    3.0070            2
2019 07 11 30.5295 31.2357 30.9649      0.6853       0.6853    2.9938            2
2019 07 12 30.5179 31.2227 30.9516      0.6732       0.6732    2.9800            2
2019 07 13 30.5320 31.2353 30.9640      0.6868       0.6868    2.9658            2
2019 07 14 30.5172 31.2191 30.9475      0.6716       0.6716    2.9511            2
2019 07 15 30.5344 31.2348 30.9630      0.6884       0.6884    2.9359            2
2019 07 16 30.5162 31.2153 30.9432      0.6699       0.6699    2.9202            2
2019 07 17 30.5367 31.2344 30.9620      0.6901       0.6901    2.9041            2
2019 07 18 30.5149 31.2114 30.9385      0.6681       0.6681    2.8875            2
2019 07 19 30.5389 31.2341 30.9609      0.6919       0.6919    2.8705            2
2019 07 20 30.5134 31.2073 30.9337      0.6663       0.6663    2.8531            2
2019 07 21 30.5409 31.2336 30.9596      0.6937       0.6937    2.8352            2
2019 07 22 30.5114 31.2030 30.9285      0.6642       0.6642    2.8169            2
2019 07 23 30.5430 31.2334 30.9585      0.6958       0.6958    2.7982            2
2019 07 24 30.5093 31.1985 30.9231      0.6621       0.6621    2.7791            2
2019 07 25 30.5449 31.2331 30.9572      0.6979       0.6979    2.7596            2
2019 07 26 30.5067 31.1938 30.9173      0.6598       0.6598    2.7397            2
2019 07 27 30.5469 31.2329 30.9559      0.7002       0.7002    2.7195            2
2019 07 28 30.5038 31.1889 30.9113      0.6574       0.6574    2.6989            2
2019 07 29 30.5487 31.2328 30.9546      0.7026       0.7026    2.6780            2
2019 07 30 30.5004 31.1837 30.9049      0.6547       0.6547    2.6567            2
2019 07 31 30.5506 31.2330 30.9535      0.7053       0.7053    2.6351            2
2019 08 01 30.4969 31.1784 30.8983      0.6520       0.6520    2.6132            2
2019 08 02 30.5524 31.2330 30.9523      0.7080       0.7080    2.5910            2
2019 08 03 30.4928 31.1727 30.8912      0.6490       0.6490    2.5685            2
2019 08 04 30.5542 31.2334 30.9512      0.7110       0.7110    2.5457            2
2019 08 05 30.4884 31.1668 30.8839      0.6458       0.6458    2.5226            2
2019 08 06 30.5561 31.2338 30.9501      0.7142       0.7142    2.4993            2
2019 08 07 30.4837 31.1608 30.8763      0.6425       0.6425    2.4757            2
2019 08 08 30.5579 31.2344 30.9491      0.7175       0.7175    2.4519            2
2019 08 09 30.4785 31.1545 30.8684      0.6390       0.6390    2.4279            2
2019 08 10 30.5596 31.2351 30.9481      0.7210       0.7210    2.4036            2
2019 08 11 30.4730 31.1479 30.8601      0.6353       0.6353    2.3792            2
2019 08 12 30.5614 31.2359 30.9472      0.7247       0.7247    2.3545            2
2019 08 13 30.4671 31.1412 30.8516      0.6314       0.6314    2.3297            2
2019 08 14 30.5633 31.2369 30.9464      0.7286       0.7286    2.3047            2
2019 08 15 30.4608 31.1342 30.8428      0.6273       0.6273    2.2795            2
2019 08 16 30.5651 31.2381 30.9458      0.7327       0.7327    2.2542            2
2019 08 17 30.4542 31.1269 30.8336      0.6230       0.6230    2.2288            2
2019 08 18 30.5669 31.2395 30.9452      0.7370       0.7370    2.2032            2
2019 08 19 30.4471 31.1195 30.8242      0.6185       0.6185    2.1775            2
2019 08 20 30.5688 31.2410 30.9447      0.7415       0.7415    2.1517            2
2019 08 21 30.4398 31.1119 30.8146      0.6139       0.6139    2.1258            2
2019 08 22 30.5706 31.2426 30.9442      0.7461       0.7461    2.0998            2
2019 08 23 30.4321 31.1041 30.8047      0.6091       0.6091    2.0738            2
2019 08 24 30.5724 31.2444 30.9439      0.7509       0.7509    2.0477            2
2019 08 25 30.4241 31.0961 30.7945      0.6041       0.6041    2.0216            2
2019 08 26 30.5743 31.2464 30.9437      0.7559       0.7559    1.9954            2
2019 08 27 30.4158 31.0879 30.7841      0.5990       0.5990    1.9691            2
2019 08 28 30.5761 31.2484 30.9435      0.7610       0.7610    1.9429            2
2019 08 29 30.4072 31.0797 30.7736      0.5938       0.5938    1.9166            2
2019 08 30 30.5779 31.2506 30.9433      0.7662       0.7662    1.8904            2
2019 08 31 30.3983 31.0713 30.7628      0.5884       0.5884    1.8641            2
2019 09 01 30.5797 31.2529 30.9433      0.7716       0.7716    1.8379            2
2019 09 02 30.3891 31.0627 30.7519      0.5829       0.5829    1.8117            2
2019 09 03 30.5814 31.2554 30.9434      0.7771       0.7771    1.7856            2
2019 09 04 30.3797 31.0541 30.7409      0.5773       0.5773    1.7595            2
2019 09 05 30.5831 31.2580 30.9435      0.7827       0.7827    1.7334            2
2019 09 06 30.3700 31.0453 30.7297      0.5716       0.5716    1.7074            2
2019 09 07 30.5848 31.2606 30.9437      0.7884       0.7884    1.6815            2
2019 09 08 30.3602 31.0366 30.7184      0.5659       0.5659    1.6557            2
2019 09 09 30.5863 31.2633 30.9438      0.7941       0.7941    1.6299            2
2019 09 10 30.3501 31.0278 30.7071      0.5601       0.5601    1.6043            2
2019 09 11 30.5878 31.2661 30.9441      0.7999       0.7999    1.5787            2
2019 09 12 30.3400 31.0190 30.6957      0.5543       0.5543    1.5533            2
2019 09 13 30.5891 31.2689 30.9443      0.8057       0.8057    1.5280            2
2019 09 14 30.3297 31.0102 30.6843      0.5485       0.5485    1.5029            2
2019 09 15 30.5904 31.2717 30.9445      0.8115       0.8115    1.4778            2
2019 09 16 30.3192 31.0015 30.6729      0.5427       0.5427    1.4530            2
2019 09 17 30.5915 31.2746 30.9447      0.8173       0.8173    1.4282            2
2019 09 18 30.3087 30.9927 30.6615      0.5369       0.5369    1.4036            2
2019 09 19 30.5925 31.2775 30.9449      0.8231       0.8231    1.3792            2
2019 09 20 30.2982 30.9842 30.6502      0.5312       0.5312    1.3550            2
2019 09 21 30.5933 31.2803 30.9450      0.8288       0.8288    1.3309            2
2019 09 22 30.2877 30.9757 30.6391      0.5256       0.5256    1.3070            2
2019 09 23 30.5939 31.2831 30.9451      0.8344       0.8344    1.2833            2
2019 09 24 30.2771 30.9674 30.6280      0.5201       0.5201    1.2598            2
2019 09 25 30.5944 31.2858 30.9450      0.8399       0.8399    1.2365            2
2019 09 26 30.2665 30.9591 30.6170      0.5146       0.5146    1.2134            2
2019 09 27 30.5947 31.2885 30.9450      0.8454       0.8454    1.1905            2
2019 09 28 30.2561 30.9511 30.6063      0.5094       0.5094    1.1679            2
2019 09 29 30.5947 31.2910 30.9448      0.8506       0.8506    1.1454            2
2019 09 30 30.2457 30.9433 30.5958      0.5043       0.5043    1.1232            2
2019 10 01 30.5944 31.2934 30.9445      0.8557       0.8557    1.1011            2
2019 10 02 30.2355 30.9358 30.5855      0.4994       0.4994    1.0793            2
2019 10 03 30.5940 31.2957 30.9440      0.8606       0.8606    1.0578            2
2019 10 04 30.2253 30.9285 30.5754      0.4947       0.4947    1.0365            2
2019 10 05 30.5932 31.2978 30.9434      0.8653       0.8653    1.0154            2
2019 10 06 30.2155 30.9216 30.5657      0.4903       0.4903    0.9946            1
2019 10 07 30.5921 31.2997 30.9425      0.8697       0.8697    0.9740            1
2019 10 08 30.2057 30.9149 30.5563      0.4861       0.4861    0.9536            1
2019 10 09 30.5908 31.3015 30.9415      0.8739       0.8739    0.9335            1
2019 10 10 30.1963 30.9086 30.5473      0.4822       0.4822    0.9137            1
2019 10 11 30.5891 31.3030 30.9403      0.8778       0.8778    0.8941            1
2019 10 12 30.1871 30.9027 30.5386      0.4786       0.4786    0.8748            1
2019 10 13 30.5870 31.3043 30.9389      0.8814       0.8814    0.8557            1
2019 10 14 30.1781 30.8971 30.5303      0.4753       0.4753    0.8369            1
2019 10 15 30.5847 31.3054 30.9373      0.8847       0.8847    0.8183            1
2019 10 16 30.1696 30.8920 30.5225      0.4724       0.4724    0.8000            1
2019 10 17 30.5819 31.3061 30.9353      0.8876       0.8876    0.7820            1
2019 10 18 30.1613 30.8872 30.5152      0.4698       0.4698    0.7642            1
2019 10 19 30.5788 31.3066 30.9332      0.8902       0.8902    0.7467            1
2019 10 20 30.1535 30.8831 30.5084      0.4677       0.4677    0.7295            1
2019 10 21 30.5752 31.3067 30.9307      0.8923       0.8923    0.7125            1
2019 10 22 30.1460 30.8793 30.5020      0.4659       0.4659    0.6958            1
2019 10 23 30.5713 31.3066 30.9279      0.8941       0.8941    0.6793            1
2019 10 24 30.1389 30.8760 30.4961      0.4645       0.4645    0.6631            1
2019 10 25 30.5670 31.3061 30.9249      0.8955       0.8955    0.6472            1
2019 10 26 30.1323 30.8733 30.4909      0.4636       0.4636    0.6315            1
2019 10 27 30.5622 31.3052 30.9215      0.8964       0.8964    0.6162            1
2019 10 28 30.1261 30.8711 30.4861      0.4631       0.4631    0.6010            1
2019 10 29 30.5571 31.3040 30.9179      0.8969       0.8969    0.5862            1
2019 10 30 30.1203 30.8693 30.4819      0.4630       0.4630    0.5715            1
2019 10 31 30.5515 31.3025 30.9139      0.8970       0.8970    0.5572            1
2019 11 01 30.1151 30.8682 30.4784      0.4634       0.4634    0.5431            1
2019 11 02 30.5455 31.3006 30.9096      0.8966       0.8966    0.5293            1
2019 11 03 30.1104 30.8676 30.4755      0.4643       0.4643    0.5157            1
2019 11 04 30.5391 31.2983 30.9050      0.8957       0.8957    0.5024            1
2019 11 05 30.1063 30.8676 30.4732      0.4657       0.4657    0.4893            1
2019 11 06 30.5321 31.2956 30.9000      0.8943       0.8943    0.4765            1
2019 11 07 30.1026 30.8682 30.4714      0.4675       0.4675    0.4639            1
2019 11 08 30.5249 31.2926 30.8947      0.8925       0.8925    0.4516            1
2019 11 09 30.0995 30.8694 30.4704      0.4699       0.4699    0.4395            1
2019 11 10 30.5170 31.2890 30.8890      0.8901       0.8901    0.4277            1
2019 11 11 30.0970 30.8711 30.4700      0.4727       0.4727    0.4161            1
2019 11 12 30.5089 31.2852 30.8831      0.8873       0.8873    0.4047            1
2019 11 13 30.0949 30.8734 30.4702      0.4760       0.4760    0.3936            1
2019 11 14 30.5003 31.2810 30.8768      0.8840       0.8840    0.3827            1
2019 11 15 30.0935 30.8764 30.4711      0.4798       0.4798    0.3720            1
2019 11 16 30.4913 31.2763 30.8701      0.8802       0.8802    0.3616            1
2019 11 17 30.0926 30.8799 30.4727      0.4841       0.4841    0.3514            1
2019 11 18 30.4819 31.2713 30.8632      0.8759       0.8759    0.3414            1
2019 11 19 30.0924 30.8840 30.4749      0.4889       0.4889    0.3317            1
2019 11 20 30.4721 31.2659 30.8559      0.8711       0.8711    0.3221            1
2019 11 21 30.0926 30.8886 30.4777      0.4941       0.4941    0.3128            1
2019 11 22 30.4619 31.2602 30.8484      0.8659       0.8659    0.3037            1
2019 11 23 30.0934 30.8938 30.4812      0.4998       0.4998    0.2948            1
2019 11 24 30.4514 31.2540 30.8406      0.8602       0.8602    0.2861            1
2019 11 25 30.0948 30.8997 30.4854      0.5060       0.5060    0.2776            1
2019 11 26 30.4405 31.2475 30.8324      0.8540       0.8540    0.2693            1
2019 11 27 30.0968 30.9060 30.4901      0.5126       0.5126    0.2612            1
2019 11 28 30.4293 31.2407 30.8240      0.8474       0.8474    0.2534            1
2019 11 29 30.0993 30.9129 30.4955      0.5197       0.5197    0.2457            1
2019 11 30 30.4177 31.2335 30.8153      0.8403       0.8403    0.2381            1
2019 12 01 30.1023 30.9203 30.5014      0.5271       0.5271    0.2308            1
2019 12 02 30.4059 31.2261 30.8065      0.8329       0.8329    0.2237            1
2019 12 03 30.1059 30.9282 30.5080      0.5350       0.5350    0.2167            1
2019 12 04 30.3938 31.2183 30.7974      0.8250       0.8250    0.2099            1
2019 12 05 30.1099 30.9366 30.5151      0.5432       0.5432    0.2033            1
2019 12 06 30.3815 31.2103 30.7882      0.8168       0.8168    0.1969            1
2019 12 07 30.1145 30.9454 30.5227      0.5518       0.5518    0.1906            1
2019 12 08 30.3689 31.2020 30.7787      0.8082       0.8082    0.1845            1
2019 12 09 30.1196 30.9548 30.5310      0.5608       0.5608    0.1786            1
2019 12 10 30.3561 31.1934 30.7691      0.7992       0.7992    0.1728            1
2019 12 11 30.1250 30.9645 30.5396      0.5700       0.5700    0.1671            1
2019 12 12 30.3432 31.1847 30.7594      0.7900       0.7900    0.1617            1
2019 12 13 30.1310 30.9746 30.5489      0.5796       0.5796    0.1563            1
2019 12 14 30.3301 31.1758 30.7496      0.7804       0.7804    0.1512            1
2019 12 15 30.1374 30.9851 30.5585      0.5894       0.5894    0.1461            1
2019 12 16 30.3169 31.1667 30.7397      0.7706       0.7706    0.1412            1
2019 12 17 30.1442 30.9960 30.5686      0.5995       0.5995    0.1365            1
2019 12 18 30.3036 31.1574 30.7297      0.7605       0.7605    0.1319            1
2019 12 19 30.1513 31.0072 30.5792      0.6098       0.6098    0.1274            1
2019 12 20 30.2902 31.1480 30.7197      0.7502       0.7502    0.1230            1
2019 12 21 30.1588 31.0185 30.5900      0.6202       0.6202    0.1188            1
2019 12 22 30.2770 31.1387 30.7098      0.7398       0.7398    0.1147            1
2019 12 23 30.1667 31.0303 30.6013      0.6309       0.6309    0.1107            1
2019 12 24 30.2636 31.1291 30.6998      0.7291       0.7291    0.1068            1
2019 12 25 30.1749 31.0423 30.6129      0.6417       0.6417    0.1031            1
2019 12 26 30.2502 31.1195 30.6899      0.7183       0.7183    0.0994            1
2019 12 27 30.1832 31.0543 30.6246      0.6525       0.6525    0.0959            1
2019 12 28 30.2371 31.1100 30.6802      0.7075       0.7075    0.0925            1
2019 12 29 30.1920 31.0667 30.6368      0.6635       0.6635    0.0892            1
2019 12 30 30.2239 31.1004 30.6705      0.6965       0.6965    0.0860            1
2019 12 31 30.2064 31.0847 30.6547      0.6800       0.6800    0.0828            1
2020 01 01 30.1956 31.0756 30.6456      0.6700       0.6700    0.2272            1
2020 01 02 30.1947 31.0764 30.6464      0.6700       0.6700    0.2345            1
2020 01 03 30.2048 31.0882 30.6582      0.6810       0.6810    0.2419            1
2020 01 04 30.1820 31.0670 30.6371      0.6590       0.6590    0.2495            1
2020 01 05 30.2141 31.1008 30.6710      0.6919       0.6919    0.2574            1
2020 01 06 30.1696 31.0578 30.6281      0.6481       0.6481    0.2654            1
2020 01 07 30.2236 31.1134 30.6839      0.7028       0.7028    0.2736            1
2020 01 08 30.1574 31.0488 30.6193      0.6372       0.6372    0.2820            1
2020 01 09 30.2332 31.1261 30.6969      0.7136       0.7136    0.2906            1
2020 01 10 30.1454 31.0399 30.6108      0.6264       0.6264    0.2995            1
2020 01 11 30.2428 31.1388 30.7099      0.7243       0.7243    0.3085            1
2020 01 12 30.1338 31.0312 30.6026      0.6157       0.6157    0.3178            1
2020 01 13 30.2526 31.1514 30.7231      0.7349       0.7349    0.3272            1
2020 01 14 30.1225 31.0226 30.5946      0.6051       0.6051    0.3369            1
2020 01 15 30.2623 31.1638 30.7361      0.7452       0.7452    0.3468            1
2020 01 16 30.1116 31.0144 30.5871      0.5948       0.5948    0.3570            1
2020 01 17 30.2720 31.1761 30.7491      0.7554       0.7554    0.3673            1
2020 01 18 30.1011 31.0065 30.5798      0.5846       0.5846    0.3779            1
2020 01 19 30.2817 31.1883 30.7621      0.7653       0.7653    0.3887            1
2020 01 20 30.0910 30.9988 30.5731      0.5747       0.5747    0.3998            1
2020 01 21 30.2913 31.2003 30.7750      0.7750       0.7750    0.4111            1
2020 01 22 30.0814 30.9915 30.5666      0.5650       0.5650    0.4226            1
2020 01 23 30.3008 31.2121 30.7877      0.7844       0.7844    0.4344            1
2020 01 24 30.0722 30.9845 30.5607      0.5556       0.5556    0.4465            1
2020 01 25 30.3103 31.2236 30.8003      0.7935       0.7935    0.4587            1
2020 01 26 30.0635 30.9779 30.5551      0.5465       0.5465    0.4712            1
2020 01 27 30.3195 31.2348 30.8127      0.8022       0.8022    0.4840            1
2020 01 28 30.0554 30.9717 30.5501      0.5378       0.5378    0.4970            1
2020 01 29 30.3286 31.2458 30.8249      0.8106       0.8106    0.5103            1
2020 01 30 30.0478 30.9659 30.5456      0.5294       0.5294    0.5239            1
2020 01 31 30.3376 31.2565 30.8369      0.8187       0.8187    0.5376            1
2020 02 01 30.0408 30.9604 30.5415      0.5213       0.5213    0.5517            1
2020 02 02 30.3463 31.2668 30.8485      0.8263       0.8263    0.5660            1
2020 02 03 30.0344 30.9555 30.5380      0.5137       0.5137    0.5806            1
2020 02 04 30.3549 31.2768 30.8600      0.8336       0.8336    0.5954            1
2020 02 05 30.0284 30.9510 30.5350      0.5064       0.5064    0.6105            1
2020 02 06 30.3632 31.2864 30.8712      0.8404       0.8404    0.6259            1
2020 02 07 30.0232 30.9470 30.5326      0.4996       0.4996    0.6415            1
2020 02 08 30.3713 31.2956 30.8820      0.8468       0.8468    0.6574            1
2020 02 09 30.0186 30.9434 30.5306      0.4932       0.4932    0.6736            1
2020 02 10 30.3791 31.3044 30.8925      0.8528       0.8528    0.6901            1
2020 02 11 30.0145 30.9402 30.5292      0.4872       0.4872    0.7068            1
2020 02 12 30.3866 31.3127 30.9026      0.8582       0.8582    0.7237            1
2020 02 13 30.0113 30.9377 30.5286      0.4818       0.4818    0.7410            1
2020 02 14 30.3939 31.3207 30.9124      0.8633       0.8633    0.7585            1
2020 02 15 30.0085 30.9356 30.5283      0.4767       0.4767    0.7763            1
2020 02 16 30.4008 31.3281 30.9218      0.8678       0.8678    0.7943            1
2020 02 17 30.0065 30.9340 30.5287      0.4722       0.4722    0.8127            1
2020 02 18 30.4075 31.3352 30.9308      0.8719       0.8719    0.8312            1
2020 02 19 30.0050 30.9329 30.5296      0.4681       0.4681    0.8501            1
2020 02 20 30.4138 31.3418 30.9395      0.8755       0.8755    0.8692            1
2020 02 21 30.0042 30.9323 30.5310      0.4645       0.4645    0.8886            1
2020 02 22 30.4198 31.3479 30.9477      0.8786       0.8786    0.9082            1
2020 02 23 30.0041 30.9322 30.5331      0.4614       0.4614    0.9281            1
2020 02 24 30.4255 31.3535 30.9555      0.8812       0.8812    0.9483            1
2020 02 25 30.0047 30.9326 30.5357      0.4588       0.4588    0.9687            1
2020 02 26 30.4308 31.3586 30.9628      0.8833       0.8833    0.9894            1
2020 02 27 30.0059 30.9335 30.5389      0.4567       0.4567    1.0103            2
2020 02 28 30.4358 31.3633 30.9697      0.8849       0.8849    1.0315            2
2020 02 29 30.0078 30.9350 30.5426      0.4551       0.4551    1.0529            2
2020 03 01 30.4406 31.3675 30.9763      0.8861       0.8861    1.0745            2
2020 03 02 30.0102 30.9368 30.5468      0.4539       0.4539    1.0964            2
2020 03 03 30.4450 31.3712 30.9824      0.8868       0.8868    1.1186            2
2020 03 04 30.0133 30.9392 30.5516      0.4532       0.4532    1.1409            2
2020 03 05 30.4490 31.3745 30.9881      0.8870       0.8870    1.1635            2
2020 03 06 30.0170 30.9420 30.5568      0.4530       0.4530    1.1863            2
2020 03 07 30.4528 31.3773 30.9934      0.8868       0.8868    1.2094            2
2020 03 08 30.0213 30.9452 30.5626      0.4532       0.4532    1.2326            2
2020 03 09 30.4562 31.3796 30.9982      0.8861       0.8861    1.2561            2
2020 03 10 30.0262 30.9489 30.5688      0.4539       0.4539    1.2798            2
2020 03 11 30.4594 31.3815 31.0027      0.8850       0.8850    1.3036            2
2020 03 12 30.0316 30.9530 30.5755      0.4550       0.4550    1.3277            2
2020 03 13 30.4623 31.3830 31.0067      0.8835       0.8835    1.3520            2
2020 03 14 30.0375 30.9575 30.5825      0.4565       0.4565    1.3764            2
2020 03 15 30.4648 31.3840 31.0103      0.8815       0.8815    1.4011            2
2020 03 16 30.0441 30.9625 30.5901      0.4585       0.4585    1.4258            2
2020 03 17 30.4671 31.3846 31.0136      0.8792       0.8792    1.4508            2
2020 03 18 30.0511 30.9677 30.5980      0.4608       0.4608    1.4759            2
2020 03 19 30.4691 31.3848 31.0165      0.8765       0.8765    1.5012            2
2020 03 20 30.0585 30.9733 30.6062      0.4635       0.4635    1.5266            2
2020 03 21 30.4709 31.3846 31.0189      0.8734       0.8734    1.5522            2
2020 03 22 30.0665 30.9793 30.6149      0.4666       0.4666    1.5779            2
2020 03 23 30.4724 31.3841 31.0211      0.8700       0.8700    1.6037            2
2020 03 24 30.0749 30.9855 30.6238      0.4700       0.4700    1.6297            2
2020 03 25 30.4737 31.3832 31.0229      0.8663       0.8663    1.6557            2
2020 03 26 30.0837 30.9920 30.6331      0.4737       0.4737    1.6819            2
2020 03 27 30.4748 31.3819 31.0244      0.8623       0.8623    1.7081            2
2020 03 28 30.0928 30.9987 30.6425      0.4777       0.4777    1.7344            2
2020 03 29 30.4758 31.3805 31.0257      0.8581       0.8581    1.7608            2
2020 03 30 30.1023 31.0056 30.6522      0.4819       0.4819    1.7873            2
2020 03 31 30.4765 31.3785 31.0265      0.8535       0.8535    1.8138            2
2020 04 01 30.1122 31.0129 30.6622      0.4865       0.4865    1.8404            2
2020 04 02 30.4772 31.3765 31.0272      0.8488       0.8488    1.8670            2
2020 04 03 30.1223 31.0202 30.6722      0.4912       0.4912    1.8936            2
2020 04 04 30.4776 31.3740 31.0275      0.8438       0.8438    1.9203            2
2020 04 05 30.1327 31.0277 30.6825      0.4962       0.4962    1.9470            2
2020 04 06 30.4779 31.3714 31.0276      0.8387       0.8387    1.9736            2
2020 04 07 30.1433 31.0353 30.6928      0.5013       0.5013    2.0003            2
2020 04 08 30.4781 31.3686 31.0275      0.8334       0.8334    2.0269            2
2020 04 09 30.1541 31.0430 30.7033      0.5066       0.5066    2.0535            2
2020 04 10 30.4782 31.3655 31.0271      0.8279       0.8279    2.0801            2
2020 04 11 30.1652 31.0509 30.7138      0.5121       0.5121    2.1066            2
2020 04 12 30.4783 31.3623 31.0267      0.8224       0.8224    2.1331            2
2020 04 13 30.1763 31.0586 30.7243      0.5176       0.5176    2.1595            2
2020 04 14 30.4782 31.3589 31.0259      0.8167       0.8167    2.1857            2
2020 04 15 30.1876 31.0666 30.7349      0.5233       0.5233    2.2120            2
2020 04 16 30.4781 31.3553 31.0251      0.8110       0.8110    2.2380            2
2020 04 17 30.1990 31.0744 30.7454      0.5290       0.5290    2.2640            2
2020 04 18 30.4781 31.3518 31.0241      0.8053       0.8053    2.2899            2
2020 04 19 30.2103 31.0822 30.7559      0.5347       0.5347    2.3156            2
2020 04 20 30.4780 31.3480 31.0230      0.7995       0.7995    2.3411            2
2020 04 21 30.2218 31.0900 30.7663      0.5405       0.5405    2.3665            2
2020 04 22 30.4778 31.3441 31.0217      0.7937       0.7937    2.3918            2
2020 04 23 30.2333 31.0977 30.7765      0.5463       0.5463    2.4168            2
2020 04 24 30.4777 31.3402 31.0203      0.7879       0.7879    2.4416            2
2020 04 25 30.2447 31.1053 30.7867      0.5521       0.5521    2.4663            2
2020 04 26 30.4776 31.3362 31.0189      0.7821       0.7821    2.4907            2
2020 04 27 30.2562 31.1129 30.7968      0.5579       0.5579    2.5149            2
2020 04 28 30.4775 31.3322 31.0174      0.7764       0.7764    2.5388            2
2020 04 29 30.2675 31.1202 30.8066      0.5636       0.5636    2.5625            2
2020 04 30 30.4775 31.3282 31.0158      0.7708       0.7708    2.5860            2
2020 05 01 30.2787 31.1274 30.8162      0.5692       0.5692    2.6091            2
2020 05 02 30.4776 31.3242 31.0142      0.7653       0.7653    2.6320            2
2020 05 03 30.2898 31.1344 30.8256      0.5747       0.5747    2.6545            2
2020 05 04 30.4777 31.3202 31.0125      0.7598       0.7598    2.6768            2
2020 05 05 30.3009 31.1413 30.8348      0.5802       0.5802    2.6987            2
2020 05 06 30.4779 31.3162 31.0109      0.7545       0.7545    2.7204            2
2020 05 07 30.3117 31.1479 30.8436      0.5855       0.5855    2.7416            2
2020 05 08 30.4782 31.3123 31.0092      0.7493       0.7493    2.7625            2
2020 05 09 30.3223 31.1543 30.8523      0.5907       0.5907    2.7831            2
2020 05 10 30.4786 31.3084 31.0075      0.7443       0.7443    2.8033            2
2020 05 11 30.3327 31.1604 30.8605      0.5957       0.5957    2.8231            2
2020 05 12 30.4790 31.3046 31.0058      0.7394       0.7394    2.8425            2
2020 05 13 30.3429 31.1663 30.8686      0.6006       0.6006    2.8615            2
2020 05 14 30.4795 31.3007 31.0041      0.7346       0.7346    2.8801            2
2020 05 15 30.3529 31.1720 30.8763      0.6054       0.6054    2.8982            2
2020 05 16 30.4801 31.2970 31.0023      0.7300       0.7300    2.9159            2
2020 05 17 30.3627 31.1774 30.8837      0.6100       0.6100    2.9332            2
2020 05 18 30.4809 31.2934 31.0007      0.7257       0.7257    2.9501            2
2020 05 19 30.3721 31.1824 30.8906      0.6143       0.6143    2.9664            2
2020 05 20 30.4817 31.2898 30.9990      0.7214       0.7214    2.9823            2
2020 05 21 30.3814 31.1873 30.8974      0.6186       0.6186    2.9978            2
2020 05 22 30.4826 31.2863 30.9973      0.7174       0.7174    3.0127            2
2020 05 23 30.3903 31.1918 30.9037      0.6226       0.6226    3.0272            2
2020 05 24 30.4837 31.2830 30.9957      0.7136       0.7136    3.0411            2
2020 05 25 30.3989 31.1960 30.9096      0.6264       0.6264    3.0546            2
2020 05 26 30.4847 31.2796 30.9940      0.7099       0.7099    3.0675            2
2020 05 27 30.4072 31.2000 30.9152      0.6301       0.6301    3.0799            2
2020 05 28 30.4859 31.2765 30.9925      0.7065       0.7065    3.0918            2
2020 05 29 30.4152 31.2036 30.9203      0.6335       0.6335    3.1031            2
2020 05 30 30.4872 31.2733 30.9908      0.7032       0.7032    3.1139            2
2020 05 31 30.4230 31.2070 30.9252      0.6368       0.6368    3.1241            2
2020 06 01 30.4884 31.2703 30.9892      0.7001       0.7001    3.1338            2
2020 06 02 30.4304 31.2100 30.9297      0.6399       0.6399    3.1429            2
2020 06 03 30.4898 31.2673 30.9876      0.6972       0.6972    3.1515            2
2020 06 04 30.4375 31.2128 30.9337      0.6428       0.6428    3.1595            2
2020 06 05 30.4913 31.2644 30.9860      0.6945       0.6945    3.1669            2
2020 06 06 30.4443 31.2153 30.9374      0.6455       0.6455    3.1738            2
2020 06 07 30.4927 31.2615 30.9843      0.6919       0.6919    3.1800            2
2020 06 08 30.4508 31.2175 30.9409      0.6481       0.6481    3.1857            2
2020 06 09 30.4941 31.2587 30.9826      0.6895       0.6895    3.1908            2
2020 06 10 30.4570 31.2195 30.9439      0.6505       0.6505    3.1953            2
2020 06 11 30.4956 31.2561 30.9809      0.6873       0.6873    3.1992            2
2020 06 12 30.4628 31.2212 30.9465      0.6527       0.6527    3.2025            2
2020 06 13 30.4971 31.2534 30.9792      0.6852       0.6852    3.2052            2
2020 06 14 30.4684 31.2226 30.9488      0.6548       0.6548    3.2073            2
2020 06 15 30.4985 31.2507 30.9773      0.6832       0.6832    3.2088            2
2020 06 16 30.4738 31.2239 30.9509      0.6568       0.6568    3.2097            2
2020 06 17 30.5000 31.2481 30.9754      0.6814       0.6814    3.2100            2
2020 06 18 30.4787 31.2248 30.9526      0.6586       0.6586    3.2097            2
2020 06 19 30.5013 31.2454 30.9734      0.6796       0.6796    3.2088            2
2020 06 20 30.4836 31.2257 30.9540      0.6604       0.6604    3.2073            2
2020 06 21 30.5026 31.2428 30.9714      0.6780       0.6780    3.2052            2
2020 06 22 30.4880 31.2263 30.9551      0.6620       0.6620    3.2025            2
2020 06 23 30.5038 31.2401 30.9692      0.6764       0.6764    3.1992            2
2020 06 24 30.4923 31.2267 30.9560      0.6636       0.6636    3.1953            2
2020 06 25 30.5049 31.2374 30.9668      0.6749       0.6749    3.1908            2
2020 06 26 30.4963 31.2270 30.9566      0.6651       0.6651    3.1857            2
2020 06 27 30.5059 31.2347 30.9644      0.6735       0.6735    3.1800            2
2020 06 28 30.5000 31.2271 30.9569      0.6665       0.6665    3.1738            2
2020 06 29 30.5067 31.2320 30.9619      0.6721       0.6721    3.1669            2
2020 06 30 30.5036 31.2270 30.9570      0.6679       0.6679    3.1595            2
2020 07 01 30.5074 31.2291 30.9591      0.6707       0.6707    3.1515            2
2020 07 02 30.5069 31.2269 30.9569      0.6693       0.6693    3.1429            2
2020 07 03 30.5078 31.2261 30.9561      0.6693       0.6693    3.1338            2
2020 07 04 30.5101 31.2267 30.9567      0.6707       0.6707    3.1241            2
2020 07 05 30.5081 31.2231 30.9530      0.6679       0.6679    3.1139            2
2020 07 06 30.5131 31.2264 30.9562      0.6721       0.6721    3.1031            2
2020 07 07 30.5082 31.2200 30.9497      0.6665       0.6665    3.0918            2
2020 07 08 30.5159 31.2261 30.9556      0.6735       0.6735    3.0799            2
2020 07 09 30.5081 31.2167 30.9462      0.6651       0.6651    3.0675            2
2020 07 10 30.5185 31.2256 30.9548      0.6749       0.6749    3.0546            2
2020 07 11 30.5078 31.2133 30.9424      0.6636       0.6636    3.0411            2
2020 07 12 30.5211 31.2251 30.9540      0.6764       0.6764    3.0272            2
2020 07 13 30.5071 31.2097 30.9383      0.6620       0.6620    3.0127            2
2020 07 14 30.5235 31.2247 30.9530      0.6780       0.6780    2.9978            2
2020 07 15 30.5062 31.2061 30.9341      0.6604       0.6604    2.9823            2
2020 07 16 30.5257 31.2242 30.9519      0.6796       0.6796    2.9664            2
2020 07 17 30.5050 31.2022 30.9295      0.6586       0.6586    2.9501            2
2020 07 18 30.5280 31.2239 30.9509      0.6814       0.6814    2.9332            2
2020 07 19 30.5035 31.1981 30.9248      0.6568       0.6568    2.9159            2
2020 07 20 30.5300 31.2234 30.9496      0.6832       0.6832    2.8982            2
2020 07 21 30.5017 31.1939 30.9196      0.6548       0.6548    2.8801            2
2020 07 22 30.5321 31.2231 30.9484      0.6852       0.6852    2.8615            2
2020 07 23 30.4995 31.1894 30.9143      0.6527       0.6527    2.8425            2
2020 07 24 30.5341 31.2228 30.9472      0.6873       0.6873    2.8231            2
2020 07 25 30.4971 31.1848 30.9086      0.6505       0.6505    2.8033            2
2020 07 26 30.5359 31.2226 30.9459      0.6895       0.6895    2.7831            2
2020 07 27 30.4943 31.1799 30.9027      0.6481       0.6481    2.7625            2
2020 07 28 30.5378 31.2225 30.9446      0.6919       0.6919    2.7416            2
2020 07 29 30.4911 31.1748 30.8964      0.6455       0.6455    2.7204            2
2020 07 30 30.5397 31.2225 30.9434      0.6945       0.6945    2.6987            2
2020 07 31 30.4876 31.1695 30.8898      0.6428       0.6428    2.6768            2
2020 08 01 30.5415 31.2226 30.9422      0.6972       0.6972    2.6545            2
2020 08 02 30.4836 31.1640 30.8829      0.6399       0.6399    2.6320            2
2020 08 03 30.5433 31.2228 30.9411      0.7001       0.7001    2.6091            2
2020 08 04 30.4793 31.1582 30.8757      0.6368       0.6368    2.5860            2
2020 08 05 30.5451 31.2232 30.9400      0.7032       0.7032    2.5625            2
2020 08 06 30.4747 31.1521 30.8681      0.6335       0.6335    2.5388            2
2020 08 07 30.5469 31.2237 30.9389      0.7065       0.7065    2.5149            2
2020 08 08 30.4697 31.1459 30.8603      0.6301       0.6301    2.4907            2
2020 08 09 30.5486 31.2243 30.9379      0.7099       0.7099    2.4663            2
2020 08 10 30.4642 31.1394 30.8522      0.6264       0.6264    2.4416            2
2020 08 11 30.5505 31.2252 30.9371      0.7136       0.7136    2.4168            2
2020 08 12 30.4585 31.1328 30.8438      0.6226       0.6226    2.3918            2
2020 08 13 30.5522 31.2261 30.9362      0.7174       0.7174    2.3665            2
2020 08 14 30.4523 31.1259 30.8350      0.6186       0.6186    2.3411            2
2020 08 15 30.5540 31.2272 30.9355      0.7214       0.7214    2.3156            2
2020 08 16 30.4457 31.1186 30.8259      0.6143       0.6143    2.2899            2
2020 08 17 30.5559 31.2286 30.9349      0.7257       0.7257    2.2640            2
2020 08 18 30.4389 31.1114 30.8167      0.6100       0.6100    2.2380            2
2020 08 19 30.5576 31.2299 30.9343      0.7300       0.7300    2.2120            2
2020 08 20 30.4317 31.1038 30.8071      0.6054       0.6054    2.1857            2
2020 08 21 30.5595 31.2315 30.9338      0.7346       0.7346    2.1595            2
2020 08 22 30.4241 31.0960 30.7973      0.6006       0.6006    2.1331            2
2020 08 23 30.5614 31.2333 30.9335      0.7394       0.7394    2.1066            2
2020 08 24 30.4162 31.0881 30.7872      0.5957       0.5957    2.0801            2
2020 08 25 30.5632 31.2352 30.9332      0.7443       0.7443    2.0535            2
2020 08 26 30.4080 31.0801 30.7770      0.5907       0.5907    2.0269            2
2020 08 27 30.5650 31.2372 30.9330      0.7493       0.7493    2.0003            2
2020 08 28 30.3995 31.0719 30.7665      0.5855       0.5855    1.9736            2
2020 08 29 30.5668 31.2393 30.9329      0.7545       0.7545    1.9470            2
2020 08 30 30.3907 31.0635 30.7559      0.5802       0.5802    1.9203            2
2020 08 31 30.5685 31.2416 30.9328      0.7598       0.7598    1.8936            2
2020 09 01 30.3816 31.0550 30.7450      0.5747       0.5747    1.8670            2
2020 09 02 30.5703 31.2441 30.9329      0.7653       0.7653    1.8404            2
2020 09 03 30.3723 31.0464 30.7340      0.5692       0.5692    1.8138            2
2020 09 04 30.5720 31.2465 30.9329      0.7708       0.7708    1.7873            2
2020 09 05 30.3628 31.0378 30.7230      0.5636       0.5636    1.7608            2
2020 09 06 30.5736 31.2491 30.9330      0.7764       0.7764    1.7344            2
2020 09 07 30.3530 31.0291 30.7117      0.5579       0.5579    1.7081            2
2020 09 08 30.5752 31.2518 30.9332      0.7821       0.7821    1.6819            2
2020 09 09 30.3430 31.0203 30.7004      0.5521       0.5521    1.6557            2
2020 09 10 30.5767 31.2546 30.9334      0.7879       0.7879    1.6297            2
2020 09 11 30.3329 31.0115 30.6890      0.5463       0.5463    1.6037            2
2020 09 12 30.5781 31.2574 30.9337      0.7937       0.7937    1.5779            2
2020 09 13 30.3227 31.0027 30.6777      0.5405       0.5405    1.5522            2
2020 09 14 30.5794 31.2602 30.9339      0.7995       0.7995    1.5266            2
2020 09 15 30.3123 30.9939 30.6663      0.5347       0.5347    1.5012            2
2020 09 16 30.5806 31.2631 30.9341      0.8053       0.8053    1.4759            2
2020 09 17 30.3019 30.9853 30.6550      0.5290       0.5290    1.4508            2
2020 09 18 30.5816 31.2659 30.9342      0.8110       0.8110    1.4258            2
2020 09 19 30.2915 30.9767 30.6438      0.5233       0.5233    1.4011            2
2020 09 20 30.5824 31.2687 30.9344      0.8167       0.8167    1.3764            2
2020 09 21 30.2809 30.9681 30.6325      0.5176       0.5176    1.3520            2
2020 09 22 30.5832 31.2715 30.9345      0.8224       0.8224    1.3277            2
2020 09 23 30.2704 30.9598 30.6215      0.5121       0.5121    1.3036            2
2020 09 24 30.5837 31.2742 30.9345      0.8279       0.8279    1.2798            2
2020 09 25 30.2598 30.9515 30.6104      0.5066       0.5066    1.2561            2
2020 09 26 30.5841 31.2770 30.9345      0.8334       0.8334    1.2326            2
2020 09 27 30.2494 30.9435 30.5997      0.5013       0.5013    1.2094            2
2020 09 28 30.5842 31.2795 30.9343      0.8387       0.8387    1.1863            2
2020 09 29 30.2390 30.9357 30.5891      0.4962       0.4962    1.1635            2
2020 09 30 30.5840 31.2820 30.9340      0.8438       0.8438    1.1409            2
2020 10 01 30.2287 30.9280 30.5787      0.4912       0.4912    1.1186            2
2020 10 02 30.5836 31.2843 30.9336      0.8488       0.8488    1.0964            2
2020 10 03 30.2186 30.9207 30.5687      0.4865       0.4865    1.0745            2
2020 10 04 30.5829 31.2865 30.9330      0.8535       0.8535    1.0529            2
2020 10 05 30.2086 30.9136 30.5588      0.4819       0.4819    1.0315            2
2020 10 06 30.5821 31.2886 30.9324      0.8581       0.8581    1.0103            2
2020 10 07 30.1989 30.9069 30.5494      0.4777       0.4777    0.9894            1
2020 10 08 30.5808 31.2903 30.9314      0.8623       0.8623    0.9687            1
2020 10 09 30.1894 30.9005 30.5402      0.4737       0.4737    0.9483            1
2020 10 10 30.5792 31.2919 30.9303      0.8663       0.8663    0.9281            1
2020 10 11 30.1801 30.8944 30.5315      0.4700       0.4700    0.9082            1
2020 10 12 30.5773 31.2933 30.9289      0.8700       0.8700    0.8886            1
2020 10 13 30.1711 30.8888 30.5231      0.4666       0.4666    0.8692            1
2020 10 14 30.5751 31.2944 30.9274      0.8734       0.8734    0.8501            1
2020 10 15 30.1624 30.8834 30.5151      0.4635       0.4635    0.8312            1
2020 10 16 30.5726 31.2954 30.9256      0.8765       0.8765    0.8127            1
2020 10 17 30.1540 30.8786 30.5076      0.4608       0.4608    0.7943            1
2020 10 18 30.5696 31.2959 30.9236      0.8792       0.8792    0.7763            1
2020 10 19 30.1461 30.8742 30.5005      0.4585       0.4585    0.7585            1
2020 10 20 30.5662 31.2962 30.9212      0.8815       0.8815    0.7410            1
2020 10 21 30.1384 30.8702 30.4939      0.4565       0.4565    0.7237            1
2020 10 22 30.5626 31.2963 30.9187      0.8835       0.8835    0.7068            1
2020 10 23 30.1312 30.8668 30.4880      0.4550       0.4550    0.6901            1
2020 10 24 30.5584 31.2959 30.9158      0.8850       0.8850    0.6736            1
2020 10 25 30.1245 30.8639 30.4825      0.4539       0.4539    0.6574            1
2020 10 26 30.5538 31.2952 30.9125      0.8861       0.8861    0.6415            1
2020 10 27 30.1181 30.8614 30.4775      0.4532       0.4532    0.6259            1
2020 10 28 30.5489 31.2942 30.9090      0.8868       0.8868    0.6105            1
2020 10 29 30.1123 30.8596 30.4732      0.4530       0.4530    0.5954            1
2020 10 30 30.5435 31.2928 30.9052      0.8870       0.8870    0.5806            1
2020 10 31 30.1069 30.8582 30.4694      0.4532       0.4532    0.5660            1
2020 11 01 30.5377 31.2911 30.9011      0.8868       0.8868    0.5517            1
2020 11 02 30.1020 30.8574 30.4662      0.4539       0.4539    0.5376            1
2020 11 03 30.5314 31.2889 30.8966      0.8861       0.8861    0.5239            1
2020 11 04 30.0976 30.8572 30.4637      0.4551       0.4551    0.5103            1
2020 11 05 30.5247 31.2864 30.8917      0.8849       0.8849    0.4970            1
2020 11 06 30.0937 30.8575 30.4618      0.4567       0.4567    0.4840            1
2020 11 07 30.5176 31.2835 30.8866      0.8833       0.8833    0.4712            1
2020 11 08 30.0904 30.8584 30.4604      0.4588       0.4588    0.4587            1
2020 11 09 30.5101 31.2803 30.8812      0.8812       0.8812    0.4465            1
2020 11 10 30.0876 30.8599 30.4598      0.4614       0.4614    0.4344            1
2020 11 11 30.5022 31.2766 30.8754      0.8786       0.8786    0.4226            1
2020 11 12 30.0854 30.8620 30.4597      0.4645       0.4645    0.4111            1
2020 11 13 30.4938 31.2726 30.8692      0.8755       0.8755    0.3998            1
2020 11 14 30.0838 30.8647 30.4604      0.4681       0.4681    0.3887            1
2020 11 15 30.4850 31.2681 30.8628      0.8719       0.8719    0.3779            1
2020 11 16 30.0827 30.8680 30.4617      0.4722       0.4722    0.3673            1
2020 11 17 30.4758 31.2633 30.8560      0.8678       0.8678    0.3570            1
2020 11 18 30.0821 30.8718 30.4636      0.4767       0.4767    0.3468            1
2020 11 19 30.4662 31.2581 30.8489      0.8633       0.8633    0.3369            1
2020 11 20 30.0822 30.8763 30.4662      0.4818       0.4818    0.3272            1
2020 11 21 30.4562 31.2525 30.8415      0.8582       0.8582    0.3178            1
2020 11 22 30.0827 30.8812 30.4693      0.4872       0.4872    0.3085            1
2020 11 23 30.4459 31.2466 30.8339      0.8528       0.8528    0.2995            1
2020 11 24 30.0839 30.8868 30.4732      0.4932       0.4932    0.2906            1
2020 11 25 30.4352 31.2403 30.8259      0.8468       0.8468    0.2820            1
2020 11 26 30.0857 30.8929 30.4777      0.4996       0.4996    0.2736            1
2020 11 27 30.4242 31.2336 30.8176      0.8404       0.8404    0.2654            1
2020 11 28 30.0879 30.8995 30.4828      0.5064       0.5064    0.2574            1
2020 11 29 30.4128 31.2267 30.8092      0.8336       0.8336    0.2495            1
2020 11 30 30.0907 30.9067 30.4885      0.5137       0.5137    0.2419            1
2020 12 01 30.4012 31.2193 30.8004      0.8263       0.8263    0.2345            1
2020 12 02 30.0940 30.9144 30.4947      0.5213       0.5213    0.2272            1
2020 12 03 30.3893 31.2118 30.7915      0.8187       0.8187    0.2201            1
2020 12 04 30.0979 30.9226 30.5017      0.5294       0.5294    0.2132            1
2020 12 05 30.3770 31.2039 30.7823      0.8106       0.8106    0.2065            1
2020 12 06 30.1022 30.9312 30.5091      0.5378       0.5378    0.2000            1
2020 12 07 30.3646 31.1958 30.7730      0.8022       0.8022    0.1936            1
2020 12 08 30.1070 30.9403 30.5169      0.5465       0.5465    0.1874            1
2020 12 09 30.3521 31.1875 30.7636      0.7935       0.7935    0.1814            1
2020 12 10 30.1123 30.9498 30.5254      0.5556       0.5556    0.1755            1
2020 12 11 30.3393 31.1788 30.7540      0.7844       0.7844    0.1698            1
2020 12 12 30.1181 30.9597 30.5344      0.5650       0.5650    0.1642            1
2020 12 13 30.3263 31.1700 30.7442      0.7750       0.7750    0.1588            1
2020 12 14 30.1243 30.9701 30.5439      0.5747       0.5747    0.1536            1
2020 12 15 30.3132 31.1610 30.7344      0.7653       0.7653    0.1484            1
2020 12 16 30.1308 30.9807 30.5537      0.5846       0.5846    0.1435            1
2020 12 17 30.3000 31.1519 30.7246      0.7554       0.7554    0.1386            1
2020 12 18 30.1379 30.9918 30.5640      0.5948       0.5948    0.1339            1
2020 12 19 30.2867 31.1426 30.7146      0.7452       0.7452    0.1294            1
2020 12 20 30.1451 31.0030 30.5747      0.6051       0.6051    0.1250            1
2020 12 21 30.2735 31.1333 30.7047      0.7349       0.7349    0.1207            1
2020 12 22 30.1529 31.0146 30.5858      0.6157       0.6157    0.1165            1
2020 12 23 30.2601 31.1238 30.6947      0.7243       0.7243    0.1124            1
2020 12 24 30.1609 31.0265 30.5972      0.6264       0.6264    0.1085            1
2020 12 25 30.2468 31.1143 30.6849      0.7136       0.7136    0.1047            1
2020 12 26 30.1692 31.0385 30.6089      0.6372       0.6372    0.1010            1
2020 12 27 30.2336 31.1048 30.6751      0.7028       0.7028    0.0974            1
2020 12 28 30.1778 31.0507 30.6209      0.6481       0.6481    0.0940            1
2020 12 29 30.2205 31.0952 30.6653      0.6919       0.6919    0.0906            1
2020 12 30 30.1865 31.0631 30.6331      0.6590       0.6590    0.0873            1
2020 12 31 30.2075 31.0858 30.6558      0.6810       0.6810    0.0842            1
2021 01 01 30.2054 31.0854 30.6554      0.6800       0.6800    0.1987            1
2021 01 02 30.2045 31.0862 30.6562      0.6800       0.6800    0.2050            1
2021 01 03 30.2146 31.0980 30.6681      0.6910       0.6910    0.2114            1
2021 01 04 30.1918 31.0768 30.6469      0.6690       0.6690    0.2181            1
2021 01 05 30.2240 31.1107 30.6809      0.7020       0.7020    0.2249            1
2021 01 06 30.1793 31.0676 30.6379      0.6580       0.6580    0.2318            1
2021 01 07 30.2335 31.1233 30.6938      0.7129       0.7129    0.2390            1
2021 01 08 30.1670 31.0585 30.6290      0.6471       0.6471    0.2463            1
2021 01 09 30.2430 31.1360 30.7068      0.7237       0.7237    0.2538            1
2021 01 10 30.1551 31.0496 30.6205      0.6363       0.6363    0.2614            1
2021 01 11 30.2528 31.1487 30.7199      0.7345       0.7345    0.2693            1
2021 01 12 30.1433 31.0407 30.6122      0.6255       0.6255    0.2773            1
2021 01 13 30.2624 31.1612 30.7329      0.7450       0.7450    0.2855            1
2021 01 14 30.1321 31.0323 30.6043      0.6150       0.6150    0.2939            1
2021 01 15 30.2722 31.1737 30.7460      0.7554       0.7554    0.3025            1
2021 01 16 30.1211 31.0240 30.5967      0.6046       0.6046    0.3113            1
2021 01 17 30.2819 31.1861 30.7591      0.7656       0.7656    0.3202            1
2021 01 18 30.1106 31.0160 30.5894      0.5944       0.5944    0.3294            1
2021 01 19 30.2915 31.1982 30.7720      0.7755       0.7755    0.3388            1
2021 01 20 30.1005 31.0084 30.5826      0.5845       0.5845    0.3484            1
2021 01 21 30.3012 31.2102 30.7849      0.7852       0.7852    0.3581            1
2021 01 22 30.0908 31.0010 30.5762      0.5748       0.5748    0.3681            1
2021 01 23 30.3107 31.2220 30.7977      0.7946       0.7946    0.3783            1
2021 01 24 30.0816 30.9940 30.5702      0.5654       0.5654    0.3887            1
2021 01 25 30.3201 31.2335 30.8103      0.8037       0.8037    0.3993            1
2021 01 26 30.0730 30.9874 30.5647      0.5563       0.5563    0.4101            1
2021 01 27 30.3294 31.2448 30.8227      0.8125       0.8125    0.4212            1
2021 01 28 30.0648 30.9811 30.5596      0.5475       0.5475    0.4324            1
2021 01 29 30.3386 31.2558 30.8349      0.8209       0.8209    0.4439            1
2021 01 30 30.0572 30.9753 30.5551      0.5391       0.5391    0.4556            1
2021 01 31 30.3476 31.2665 30.8469      0.8290       0.8290    0.4675            1
2021 02 01 30.0501 30.9698 30.5510      0.5310       0.5310    0.4796            1
2021 02 02 30.3564 31.2769 30.8587      0.8367       0.8367    0.4920            1
2021 02 03 30.0436 30.9648 30.5474      0.5233       0.5233    0.5045            1
2021 02 04 30.3649 31.2868 30.8701      0.8439       0.8439    0.5173            1
2021 02 05 30.0378 30.9604 30.5444      0.5161       0.5161    0.5304            1
2021 02 06 30.3731 31.2963 30.8812      0.8507       0.8507    0.5436            1
2021 02 07 30.0325 30.9563 30.5420      0.5093       0.5093    0.5571            1
2021 02 08 30.3812 31.3055 30.8921      0.8571       0.8571    0.5708            1
2021 02 09 30.0279 30.9528 30.5401      0.5029       0.5029    0.5847            1
2021 02 10 30.3891 31.3144 30.9026      0.8631       0.8631    0.5989            1
2021 02 11 30.0239 30.9496 30.5387      0.4969       0.4969    0.6133            1
2021 02 12 30.3965 31.3227 30.9127      0.8685       0.8685    0.6279            1
2021 02 13 30.0206 30.9471 30.5380      0.4915       0.4915    0.6427            1
2021 02 14 30.4038 31.3307 30.9225      0.8736       0.8736    0.6578            1
2021 02 15 30.0178 30.9449 30.5378      0.4864       0.4864    0.6731            1
2021 02 16 30.4107 31.3381 30.9319      0.8781       0.8781    0.6886            1
2021 02 17 30.0158 30.9434 30.5382      0.4819       0.4819    0.7044            1
2021 02 18 30.4173 31.3451 30.9409      0.8821       0.8821    0.7203            1
2021 02 19 30.0145 30.9424 30.5392      0.4779       0.4779    0.7365            1
2021 02 20 30.4237 31.3517 30.9495      0.8857       0.8857    0.7530            1
2021 02 21 30.0137 30.9418 30.5407      0.4743       0.4743    0.7696            1
2021 02 22 30.4297 31.3578 30.9577      0.8888       0.8888    0.7865            1
2021 02 23 30.0136 30.9417 30.5427      0.4712       0.4712    0.8035            1
2021 02 24 30.4354 31.3634 30.9655      0.8914       0.8914    0.8208            1
2021 02 25 30.0142 30.9421 30.5454      0.4686       0.4686    0.8383            1
2021 02 26 30.4406 31.3684 30.9728      0.8934       0.8934    0.8561            1
2021 02 27 30.0155 30.9431 30.5487      0.4666       0.4666    0.8740            1
2021 02 28 30.4458 31.3732 30.9798      0.8951       0.8951    0.8922            1
2021 03 01 30.0173 30.9445 30.5523      0.4649       0.4649    0.9105            1
2021 03 02 30.4504 31.3773 30.9863      0.8962       0.8962    0.9291            1
2021 03 03 30.0199 30.9464 30.5566      0.4638       0.4638    0.9478            1
2021 03 04 30.4547 31.3809 30.9923      0.8968       0.8968    0.9668            1
2021 03 05 30.0231 30.9489 30.5615      0.4632       0.4632    0.9859            1
2021 03 06 30.4588 31.3842 30.9980      0.8970       0.8970    1.0052            2
2021 03 07 30.0268 30.9517 30.5668      0.4630       0.4630    1.0248            2
2021 03 08 30.4625 31.3869 31.0032      0.8967       0.8967    1.0445            2
2021 03 09 30.0312 30.9550 30.5726      0.4633       0.4633    1.0644            2
2021 03 10 30.4660 31.3892 31.0081      0.8960       0.8960    1.0844            2
2021 03 11 30.0361 30.9587 30.5788      0.4640       0.4640    1.1046            2
2021 03 12 30.4691 31.3911 31.0125      0.8949       0.8949    1.1250            2
2021 03 13 30.0415 30.9628 30.5855      0.4651       0.4651    1.1456            2
2021 03 14 30.4720 31.3925 31.0165      0.8933       0.8933    1.1663            2
2021 03 15 30.0476 30.9674 30.5927      0.4667       0.4667    1.1872            2
2021 03 16 30.4745 31.3935 31.0201      0.8913       0.8913    1.2082            2
2021 03 17 30.0542 30.9724 30.6003      0.4687       0.4687    1.2294            2
2021 03 18 30.4767 31.3941 31.0233      0.8889       0.8889    1.2506            2
2021 03 19 30.0613 30.9777 30.6083      0.4711       0.4711    1.2721            2
2021 03 20 30.4788 31.3943 31.0262      0.8862       0.8862    1.2936            2
2021 03 21 30.0688 30.9833 30.6166      0.4738       0.4738    1.3153            2
2021 03 22 30.4805 31.3941 31.0287      0.8831       0.8831    1.3370            2
2021 03 23 30.0768 30.9893 30.6253      0.4769       0.4769    1.3589            2
2021 03 24 30.4820 31.3934 31.0307      0.8796       0.8796    1.3809            2
2021 03 25 30.0853 30.9956 30.6343      0.4804       0.4804    1.4030            2
2021 03 26 30.4834 31.3925 31.0326      0.8759       0.8759    1.4251            2
2021 03 27 30.0941 31.0021 30.6435      0.4841       0.4841    1.4474            2
2021 03 28 30.4844 31.3912 31.0340      0.8718       0.8718    1.4697            2
2021 03 29 30.1034 31.0090 30.6531      0.4882       0.4882    1.4920            2
2021 03 30 30.4853 31.3896 31.0352      0.8675       0.8675    1.5145            2
2021 03 31 30.1130 31.0160 30.6629      0.4925       0.4925    1.5369            2
2021 04 01 30.4861 31.3878 31.0361      0.8630       0.8630    1.5595            2
2021 04 02 30.1228 31.0231 30.6728      0.4970       0.4970    1.5820            2
2021 04 03 30.4867 31.3856 31.0367      0.8582       0.8582    1.6046            2
2021 04 04 30.1330 31.0305 30.6829      0.5018       0.5018    1.6272            2
2021 04 05 30.4871 31.3832 31.0370      0.8532       0.8532    1.6498            2
2021 04 06 30.1435 31.0381 30.6932      0.5068       0.5068    1.6724            2
2021 04 07 30.4874 31.3805 31.0371      0.8480       0.8480    1.6950            2
2021 04 08 30.1542 31.0458 30.7037      0.5120       0.5120    1.7175            2
2021 04 09 30.4876 31.3777 31.0370      0.8427       0.8427    1.7401            2
2021 04 10 30.1650 31.0535 30.7141      0.5173       0.5173    1.7626            2
2021 04 11 30.4877 31.3746 31.0366      0.8372       0.8372    1.7850            2
2021 04 12 30.1761 31.0614 30.7247      0.5228       0.5228    1.8075            2
2021 04 13 30.4877 31.3713 31.0360      0.8316       0.8316    1.8298            2
2021 04 14 30.1874 31.0693 30.7353      0.5284       0.5284    1.8521            2
2021 04 15 30.4877 31.3679 31.0353      0.8259       0.8259    1.8743            2
2021 04 16 30.1987 31.0772 30.7459      0.5341       0.5341    1.8964            2
2021 04 17 30.4877 31.3644 31.0345      0.8202       0.8202    1.9184            2
2021 04 18 30.2101 31.0850 30.7565      0.5398       0.5398    1.9403            2
2021 04 19 30.4876 31.3607 31.0334      0.8144       0.8144    1.9621            2
2021 04 20 30.2216 31.0929 30.7670      0.5456       0.5456    1.9838            2
2021 04 21 30.4875 31.3569 31.0323      0.8086       0.8086    2.0053            2
2021 04 22 30.2331 31.1007 30.7774      0.5514       0.5514    2.0267            2
2021 04 23 30.4874 31.3531 31.0310      0.8028       0.8028    2.0479            2
2021 04 24 30.2446 31.1084 30.7877      0.5572       0.5572    2.0689            2
2021 04 25 30.4873 31.3491 31.0297      0.7970       0.7970    2.0898            2
2021 04 26 30.2561 31.1161 30.7979      0.5630       0.5630    2.1105            2
2021 04 27 30.4871 31.3451 31.0282      0.7912       0.7912    2.1310            2
2021 04 28 30.2676 31.1236 30.8079      0.5688       0.5688    2.1513            2
2021 04 29 30.4871 31.3411 31.0267      0.7855       0.7855    2.1714            2
2021 04 30 30.2789 31.1310 30.8177      0.5745       0.5745    2.1912            2
2021 05 01 30.4872 31.3372 31.0252      0.7799       0.7799    2.2108            2
2021 05 02 30.2902 31.1381 30.8273      0.5801       0.5801    2.2302            2
2021 05 03 30.4872 31.3331 31.0235      0.7743       0.7743    2.2493            2
2021 05 04 30.3014 31.1452 30.8368      0.5857       0.5857    2.2682            2
2021 05 05 30.4874 31.3291 31.0219      0.7689       0.7689    2.2868            2
2021 05 06 30.3123 31.1520 30.8459      0.5911       0.5911    2.3051            2
2021 05 07 30.4876 31.3252 31.0202      0.7636       0.7636    2.3231            2
2021 05 08 30.3231 31.1586 30.8548      0.5964       0.5964    2.3408            2
2021 05 09 30.4879 31.3212 31.0185      0.7584       0.7584    2.3583            2
2021 05 10 30.3338 31.1650 30.8634      0.6016       0.6016    2.3754            2
2021 05 11 30.4883 31.3174 31.0169      0.7534       0.7534    2.3921            2
2021 05 12 30.3442 31.1711 30.8717      0.6066       0.6066    2.4086            2
2021 05 13 30.4888 31.3135 31.0152      0.7485       0.7485    2.4247            2
2021 05 14 30.3544 31.1770 30.8797      0.6115       0.6115    2.4404            2
2021 05 15 30.4894 31.3098 31.0135      0.7438       0.7438    2.4558            2
2021 05 16 30.3644 31.1826 30.8873      0.6162       0.6162    2.4708            2
2021 05 17 30.4900 31.3061 31.0118      0.7392       0.7392    2.4855            2
2021 05 18 30.3742 31.1880 30.8947      0.6208       0.6208    2.4997            2
2021 05 19 30.4907 31.3024 31.0101      0.7348       0.7348    2.5136            2
2021 05 20 30.3837 31.1931 30.9017      0.6252       0.6252    2.5271            2
2021 05 21 30.4917 31.2990 31.0085      0.7307       0.7307    2.5402            2
2021 05 22 30.3928 31.1979 30.9083      0.6293       0.6293    2.5528            2
2021 05 23 30.4926 31.2955 31.0068      0.7267       0.7267    2.5651            2
2021 05 24 30.4017 31.2024 30.9146      0.6333       0.6333    2.5769            2
2021 05 25 30.4936 31.2921 31.0051      0.7228       0.7228    2.5883            2
2021 05 26 30.4104 31.2066 30.9205      0.6372       0.6372    2.5992            2
2021 05 27 30.4947 31.2888 31.0035      0.7192       0.7192    2.6098            2
2021 05 28 30.4187 31.2105 30.9261      0.6408       0.6408    2.6198            2
2021 05 29 30.4960 31.2856 31.0019      0.7158       0.7158    2.6294            2
2021 05 30 30.4267 31.2141 30.9312      0.6442       0.6442    2.6386            2
2021 05 31 30.4973 31.2826 31.0004      0.7126       0.7126    2.6472            2
2021 06 01 30.4343 31.2174 30.9359      0.6474       0.6474    2.6554            2
2021 06 02 30.4986 31.2795 30.9987      0.7095       0.7095    2.6632            2
2021 06 03 30.4418 31.2205 30.9404      0.6505       0.6505    2.6704            2
2021 06 04 30.5000 31.2765 30.9971      0.7066       0.7066    2.6772            2
2021 06 05 30.4489 31.2233 30.9445      0.6534       0.6534    2.6835            2
2021 06 06 30.5014 31.2737 30.9955      0.7039       0.7039    2.6893            2
2021 06 07 30.4556 31.2257 30.9481      0.6561       0.6561    2.6946            2
2021 06 08 30.5029 31.2709 30.9939      0.7014       0.7014    2.6994            2
2021 06 09 30.4621 31.2279 30.9514      0.6586       0.6586    2.7037            2
2021 06 10 30.5044 31.2681 30.9922      0.6990       0.6990    2.7075            2
2021 06 11 30.4683 31.2299 30.9544      0.6610       0.6610    2.7108            2
2021 06 12 30.5059 31.2654 30.9905      0.6968       0.6968    2.7136            2
2021 06 13 30.4741 31.2315 30.9570      0.6632       0.6632    2.7159            2
2021 06 14 30.5074 31.2627 30.9887      0.6947       0.6947    2.7177            2
2021 06 15 30.4797 31.2330 30.9594      0.6653       0.6653    2.7190            2
2021 06 16 30.5089 31.2601 30.9869      0.6928       0.6928    2.7197            2
2021 06 17 30.4849 31.2341 30.9613      0.6672       0.6672    2.7200            2
2021 06 18 30.5103 31.2575 30.9850      0.6910       0.6910    2.7197            2
2021 06 19 30.4899 31.2351 30.9629      0.6690       0.6690    2.7190            2
2021 06 20 30.5116 31.2548 30.9830      0.6892       0.6892    2.7177            2
2021 06 21 30.4947 31.2359 30.9644      0.6708       0.6708    2.7159            2
2021 06 22 30.5129 31.2522 30.9809      0.6876       0.6876    2.7136            2
2021 06 23 30.4991 31.2365 30.9654      0.6724       0.6724    2.7108            2
2021 06 24 30.5142 31.2496 30.9788      0.6861       0.6861    2.7075            2
2021 06 25 30.5033 31.2368 30.9662      0.6739       0.6739    2.7037            2
2021 06 26 30.5153 31.2469 30.9764      0.6846       0.6846    2.6994            2
2021 06 27 30.5073 31.2371 30.9667      0.6754       0.6754    2.6946            2
2021 06 28 30.5161 31.2441 30.9739      0.6831       0.6831    2.6893            2
2021 06 29 30.5111 31.2372 30.9671      0.6769       0.6769    2.6835            2
2021 06 30 30.5170 31.2413 30.9713      0.6817       0.6817    2.6772            2
2021 07 01 30.5146 31.2372 30.9672      0.6783       0.6783    2.6704            2
2021 07 02 30.5176 31.2385 30.9685      0.6803       0.6803    2.6632            2
2021 07 03 30.5180 31.2371 30.9671      0.6797       0.6797    2.6554            2
2021 07 04 30.5182 31.2356 30.9656      0.6790       0.6790    2.6472            2
2021 07 05 30.5210 31.2368 30.9667      0.6810       0.6810    2.6386            2
2021 07 06 30.5184 31.2325 30.9624      0.6776       0.6776    2.6294            2
2021 07 07 30.5240 31.2365 30.9662      0.6824       0.6824    2.6198            2
2021 07 08 30.5185 31.2294 30.9590      0.6762       0.6762    2.6098            2
2021 07 09 30.5268 31.2361 30.9656      0.6838       0.6838    2.5992            2
2021 07 10 30.5183 31.2261 30.9554      0.6747       0.6747    2.5883            2
2021 07 11 30.5295 31.2357 30.9649      0.6853       0.6853    2.5769            2
2021 07 12 30.5179 31.2227 30.9516      0.6732       0.6732    2.5651            2
2021 07 13 30.5320 31.2353 30.9640      0.6868       0.6868    2.5528            2
2021 07 14 30.5172 31.2191 30.9475      0.6716       0.6716    2.5402            2
2021 07 15 30.5344 31.2348 30.9630      0.6884       0.6884    2.5271            2
2021 07 16 30.5162 31.2153 30.9432      0.6699       0.6699    2.5136            2
2021 07 17 30.5367 31.2344 30.9620      0.6901       0.6901    2.4997            2
2021 07 18 30.5149 31.2114 30.9385      0.6681       0.6681    2.4855            2
2021 07 19 30.5389 31.2341 30.9609      0.6919       0.6919    2.4708            2
2021 07 20 30.5134 31.2073 30.9337      0.6663       0.6663    2.4558            2
2021 07 21 30.5409 31.2336 30.9596      0.6937       0.6937    2.4404            2
2021 07 22 30.5114 31.2030 30.9285      0.6642       0.6642    2.4247            2
2021 07 23 30.5430 31.2334 30.9585      0.6958       0.6958    2.4086            2
2021 07 24 30.5093 31.1985 30.9231      0.6621       0.6621    2.3921            2
2021 07 25 30.5449 31.2331 30.9572      0.6979       0.6979    2.3754            2
2021 07 26 30.5067 31.1938 30.9173      0.6598       0.6598    2.3583            2
2021 07 27 30.5469 31.2329 30.9559      0.7002       0.7002    2.3408            2
2021 07 28 30.5038 31.1889 30.9113      0.6574       0.6574    2.3231            2
2021 07 29 30.5487 31.2328 30.9546      0.7026       0.7026    2.3051            2
2021 07 30 30.5004 31.1837 30.9049      0.6547       0.6547    2.2868            2
2021 07 31 30.5506 31.2330 30.9535      0.7053       0.7053    2.2682            2
2021 08 01 30.4969 31.1784 30.8983      0.6520       0.6520    2.2493            2
2021 08 02 30.5524 31.2330 30.9523      0.7080       0.7080    2.2302            2
2021 08 03 30.4928 31.1727 30.8912      0.6490       0.6490    2.2108            2
2021 08 04 30.5542 31.2334 30.9512      0.7110       0.7110    2.1912            2
2021 08 05 30.4884 31.1668 30.8839      0.6458       0.6458    2.1714            2
2021 08 06 30.5561 31.2338 30.9501      0.7142       0.7142    2.1513            2
2021 08 07 30.4837 31.1608 30.8763      0.6425       0.6425    2.1310            2
2021 08 08 30.5579 31.2344 30.9491      0.7175       0.7175    2.1105            2
2021 08 09 30.4785 31.1545 30.8684      0.6390       0.6390    2.0898            2
2021 08 10 30.5596 31.2351 30.9481      0.7210       0.7210    2.0689            2
2021 08 11 30.4730 31.1479 30.8601      0.6353       0.6353    2.0479            2
2021 08 12 30.5614 31.2359 30.9472      0.7247       0.7247    2.0267            2
2021 08 13 30.4671 31.1412 30.8516      0.6314       0.6314    2.0053            2
2021 08 14 30.5633 31.2369 30.9464      0.7286       0.7286    1.9838            2
2021 08 15 30.4608 31.1342 30.8428      0.6273       0.6273    1.9621            2
2021 08 16 30.5651 31.2381 30.9458      0.7327       0.7327    1.9403            2
2021 08 17 30.4542 31.1269 30.8336      0.6230       0.6230    1.9184            2
2021 08 18 30.5669 31.2395 30.9452      0.7370       0.7370    1.8964            2
2021 08 19 30.4471 31.1195 30.8242      0.6185       0.6185    1.8743            2
2021 08 20 30.5688 31.2410 30.9447      0.7415       0.7415    1.8521            2
2021 08 21 30.4398 31.1119 30.8146      0.6139       0.6139    1.8298            2
2021 08 22 30.5706 31.2426 30.9442      0.7461       0.7461    1.8075            2
2021 08 23 30.4321 31.1041 30.8047      0.6091       0.6091    1.7850            2
2021 08 24 30.5724 31.2444 30.9439      0.7509       0.7509    1.7626            2
2021 08 25 30.4241 31.0961 30.7945      0.6041       0.6041    1.7401            2
2021 08 26 30.5743 31.2464 30.9437      0.7559       0.7559    1.7175            2
2021 08 27 30.4158 31.0879 30.7841      0.5990       0.5990    1.6950            2
2021 08 28 30.5761 31.2484 30.9435      0.7610       0.7610    1.6724            2
2021 08 29 30.4072 31.0797 30.7736      0.5938       0.5938    1.6498            2
2021 08 30 30.5779 31.2506 30.9433      0.7662       0.7662    1.6272            2
2021 08 31 30.3983 31.0713 30.7628      0.5884       0.5884    1.6046            2
2021 09 01 30.5797 31.2529 30.9433      0.7716       0.7716    1.5820            2
2021 09 02 30.3891 31.0627 30.7519      0.5829       0.5829    1.5595            2
2021 09 03 30.5814 31.2554 30.9434      0.7771       0.7771    1.5369            2
2021 09 04 30.3797 31.0541 30.7409      0.5773       0.5773    1.5145            2
2021 09 05 30.5831 31.2580 30.9435      0.7827       0.7827    1.4920            2
2021 09 06 30.3700 31.0453 30.7297      0.5716       0.5716    1.4697            2
2021 09 07 30.5848 31.2606 30.9437      0.7884       0.7884    1.4474            2
2021 09 08 30.3602 31.0366 30.7184      0.5659       0.5659    1.4251            2
2021 09 09 30.5863 31.2633 30.9438      0.7941       0.7941    1.4030            2
2021 09 10 30.3501 31.0278 30.7071      0.5601       0.5601    1.3809            2
2021 09 11 30.5878 31.2661 30.9441      0.7999       0.7999    1.3589            2
2021 09 12 30.3400 31.0190 30.6957      0.5543       0.5543    1.3370            2
2021 09 13 30.5891 31.2689 30.9443      0.8057       0.8057    1.3153            2
2021 09 14 30.3297 31.0102 30.6843      0.5485       0.5485    1.2936            2
2021 09 15 30.5904 31.2717 30.9445      0.8115       0.8115    1.2721            2
2021 09 16 30.3192 31.0015 30.6729      0.5427       0.5427    1.2506            2
2021 09 17 30.5915 31.2746 30.9447      0.8173       0.8173    1.2294            2
2021 09 18 30.3087 30.9927 30.6615      0.5369       0.5369    1.2082            2
2021 09 19 30.5925 31.2775 30.9449      0.8231       0.8231    1.1872            2
2021 09 20 30.2982 30.9842 30.6502      0.5312       0.5312    1.1663            2
2021 09 21 30.5933 31.2803 30.9450      0.8288       0.8288    1.1456            2
2021 09 22 30.2877 30.9757 30.6391      0.5256       0.5256    1.1250            2
2021 09 23 30.5939 31.2831 30.9451      0.8344       0.8344    1.1046            2
2021 09 24 30.2771 30.9674 30.6280      0.5201       0.5201    1.0844            2
2021 09 25 30.5944 31.2858 30.9450      0.8399       0.8399    1.0644            2
2021 09 26 30.2665 30.9591 30.6170      0.5146       0.5146    1.0445            2
2021 09 27 30.5947 31.2885 30.9450      0.8454       0.8454    1.0248            2
2021 09 28 30.2561 30.9511 30.6063      0.5094       0.5094    1.0052            2
2021 09 29 30.5947 31.2910 30.9448      0.8506       0.8506    0.9859            1
2021 09 30 30.2457 30.9433 30.5958      0.5043       0.5043    0.9668            1
2021 10 01 30.5944 31.2934 30.9445      0.8557       0.8557    0.9478            1
2021 10 02 30.2355 30.9358 30.5855      0.4994       0.4994    0.9291            1
2021 10 03 30.5940 31.2957 30.9440      0.8606       0.8606    0.9105            1
2021 10 04 30.2253 30.9285 30.5754      0.4947       0.4947    0.8922            1
2021 10 05 30.5932 31.2978 30.9434      0.8653       0.8653    0.8740            1
2021 10 06 30.2155 30.9216 30.5657      0.4903       0.4903    0.8561            1
2021 10 07 30.5921 31.2997 30.9425      0.8697       0.8697    0.8383            1
2021 10 08 30.2057 30.9149 30.5563      0.4861       0.4861    0.8208            1
2021 10 09 30.5908 31.3015 30.9415      0.8739       0.8739    0.8035            1
2021 10 10 30.1963 30.9086 30.5473      0.4822       0.4822    0.7865            1
2021 10 11 30.5891 31.3030 30.9403      0.8778       0.8778    0.7696            1
2021 10 12 30.1871 30.9027 30.5386      0.4786       0.4786    0.7530            1
2021 10 13 30.5870 31.3043 30.9389      0.8814       0.8814    0.7365            1
2021 10 14 30.1781 30.8971 30.5303      0.4753       0.4753    0.7203            1
2021 10 15 30.5847 31.3054 30.9373      0.8847       0.8847    0.7044            1
2021 10 16 30.1696 30.8920 30.5225      0.4724       0.4724    0.6886            1
2021 10 17 30.5819 31.3061 30.9353      0.8876       0.8876    0.6731            1
2021 10 18 30.1613 30.8872 30.5152      0.4698       0.4698    0.6578            1
2021 10 19 30.5788 31.3066 30.9332      0.8902       0.8902    0.6427            1
2021 10 20 30.1535 30.8831 30.5084      0.4677       0.4677    0.6279            1
2021 10 21 30.5752 31.3067 30.9307      0.8923       0.8923    0.6133            1
2021 10 22 30.1460 30.8793 30.5020      0.4659       0.4659    0.5989            1
2021 10 23 30.5713 31.3066 30.9279      0.8941       0.8941    0.5847            1
2021 10 24 30.1389 30.8760 30.4961      0.4645       0.4645    0.5708            1
2021 10 25 30.5670 31.3061 30.9249      0.8955       0.8955    0.5571            1
2021 10 26 30.1323 30.8733 30.4909      0.4636       0.4636    0.5436            1
2021 10 27 30.5622 31.3052 30.9215      0.8964       0.8964    0.5304            1
2021 10 28 30.1261 30.8711 30.4861      0.4631       0.4631    0.5173            1
2021 10 29 30.5571 31.3040 30.9179      0.8969       0.8969    0.5045            1
2021 10 30 30.1203 30.8693 30.4819      0.4630       0.4630    0.4920            1
2021 10 31 30.5515 31.3025 30.9139      0.8970       0.8970    0.4796            1
2021 11 01 30.1151 30.8682 30.4784      0.4634       0.4634    0.4675            1
2021 11 02 30.5455 31.3006 30.9096      0.8966       0.8966    0.4556            1
2021 11 03 30.1104 30.8676 30.4755      0.4643       0.4643    0.4439            1
2021 11 04 30.5391 31.2983 30.9050      0.8957       0.8957    0.4324            1
2021 11 05 30.1063 30.8676 30.4732      0.4657       0.4657    0.4212            1
2021 11 06 30.5321 31.2956 30.9000      0.8943       0.8943    0.4101            1
2021 11 07 30.1026 30.8682 30.4714      0.4675       0.4675    0.3993            1
2021 11 08 30.5249 31.2926 30.8947      0.8925       0.8925    0.3887            1
2021 11 09 30.0995 30.8694 30.4704      0.4699       0.4699    0.3783            1
2021 11 10 30.5170 31.2890 30.8890      0.8901       0.8901    0.3681            1
2021 11 11 30.0970 30.8711 30.4700      0.4727       0.4727    0.3581            1
2021 11 12 30.5089 31.2852 30.8831      0.8873       0.8873    0.3484            1
2021 11 13 30.0949 30.8734 30.4702      0.4760       0.4760    0.3388            1
2021 11 14 30.5003 31.2810 30.8768      0.8840       0.8840    0.3294            1
2021 11 15 30.0935 30.8764 30.4711      0.4798       0.4798    0.3202            1
2021 11 16 30.4913 31.2763 30.8701      0.8802       0.8802    0.3113            1
2021 11 17 30.0926 30.8799 30.4727      0.4841       0.4841    0.3025            1
2021 11 18 30.4819 31.2713 30.8632      0.8759       0.8759    0.2939            1
2021 11 19 30.0924 30.8840 30.4749      0.4889       0.4889    0.2855            1
2021 11 20 30.4721 31.2659 30.8559      0.8711       0.8711    0.2773            1
2021 11 21 30.0926 30.8886 30.4777      0.4941       0.4941    0.2693            1
2021 11 22 30.4619 31.2602 30.8484      0.8659       0.8659    0.2614            1
2021 11 23 30.0934 30.8938 30.4812      0.4998       0.4998    0.2538            1
2021 11 24 30.4514 31.2540 30.8406      0.8602       0.8602    0.2463            1
2021 11 25 30.0948 30.8997 30.4854      0.5060       0.5060    0.2390            1
2021 11 26 30.4405 31.2475 30.8324      0.8540       0.8540    0.2318            1
2021 11 27 30.0968 30.9060 30.4901      0.5126       0.5126    0.2249            1
2021 11 28 30.4293 31.2407 30.8240      0.8474       0.8474    0.2181            1
2021 11 29 30.0993 30.9129 30.4955      0.5197       0.5197    0.2114            1
2021 11 30 30.4177 31.2335 30.8153      0.8403       0.8403    0.2050            1
2021 12 01 30.1023 30.9203 30.5014      0.5271       0.5271    0.1987            1
2021 12 02 30.4059 31.2261 30.8065      0.8329       0.8329    0.1925            1
2021 12 03 30.1059 30.9282 30.5080      0.5350       0.5350    0.1865            1
2021 12 04 30.3938 31.2183 30.7974      0.8250       0.8250    0.1807            1
2021 12 05 30.1099 30.9366 30.5151      0.5432       0.5432    0.1750            1
2021 12 06 30.3815 31.2103 30.7882      0.8168       0.8168    0.1695            1
2021 12 07 30.1145 30.9454 30.5227      0.5518       0.5518    0.1641            1
2021 12 08 30.3689 31.2020 30.7787      0.8082       0.8082    0.1588            1
2021 12 09 30.1196 30.9548 30.5310      0.5608       0.5608    0.1537            1
2021 12 10 30.3561 31.1934 30.7691      0.7992       0.7992    0.1487            1
2021 12 11 30.1250 30.9645 30.5396      0.5700       0.5700    0.1439            1
2021 12 12 30.3432 31.1847 30.7594      0.7900       0.7900    0.1392            1
2021 12 13 30.1310 30.9746 30.5489      0.5796       0.5796    0.1346            1
2021 12 14 30.3301 31.1758 30.7496      0.7804       0.7804    0.1301            1
2021 12 15 30.1374 30.9851 30.5585      0.5894       0.5894    0.1258            1
2021 12 16 30.3169 31.1667 30.7397      0.7706       0.7706    0.1216            1
2021 12 17 30.1442 30.9960 30.5686      0.5995       0.5995    0.1175            1
2021 12 18 30.3036 31.1574 30.7297      0.7605       0.7605    0.1135            1
2021 12 19 30.1513 31.0072 30.5792      0.6098       0.6098    0.1096            1
2021 12 20 30.2902 31.1480 30.7197      0.7502       0.7502    0.1059            1
2021 12 21 30.1588 31.0185 30.5900      0.6202       0.6202    0.1022            1
2021 12 22 30.2770 31.1387 30.7098      0.7398       0.7398    0.0987            1
2021 12 23 30.1667 31.0303 30.6013      0.6309       0.6309    0.0953            1
2021 12 24 30.2636 31.1291 30.6998      0.7291       0.7291    0.0920            1
2021 12 25 30.1749 31.0423 30.6129      0.6417       0.6417    0.0887            1
2021 12 26 30.2502 31.1195 30.6899      0.7183       0.7183    0.0856            1
2021 12 27 30.1832 31.0543 30.6246      0.6525       0.6525    0.0826            1
2021 12 28 30.2371 31.1100 30.6802      0.7075       0.7075    0.0796            1
2021 12 29 30.1920 31.0667 30.6368      0.6635       0.6635    0.0768            1
2021 12 30 30.2239 31.1004 30.6705      0.6965       0.6965    0.0740            1
2021 12 31 30.2064 31.0847 30.6547      0.6800       0.6800    0.0713            1
2022 01 01 30.1954 31.0754 30.6454      0.6700       0.6700    0.2454            1
2022 01 02 30.1945 31.0762 30.6462      0.6700       0.6700    0.2532            1
2022 01 03 30.2046 31.0880 30.6581      0.6810       0.6810    0.2612            1
2022 01 04 30.1818 31.0668 30.6369      0.6590       0.6590    0.2694            1
2022 01 05 30.2140 31.1007 30.6709      0.6920       0.6920    0.2778            1
2022 01 06 30.1693 31.0576 30.6279      0.6480       0.6480    0.2864            1
2022 01 07 30.2235 31.1133 30.6838      0.7029       0.7029    0.2952            1
2022 01 08 30.1570 31.0485 30.6190      0.6371       0.6371    0.3042            1
2022 01 09 30.2330 31.1260 30.6968      0.7137       0.7137    0.3135            1
2022 01 10 30.1451 31.0396 30.6105      0.6263       0.6263    0.3229            1
2022 01 11 30.2428 31.1387 30.7099      0.7245       0.7245    0.3326            1
2022 01 12 30.1333 31.0307 30.6022      0.6155       0.6155    0.3425            1
2022 01 13 30.2524 31.1512 30.7229      0.7350       0.7350    0.3527            1
2022 01 14 30.1221 31.0223 30.5943      0.6050       0.6050    0.3630            1
2022 01 15 30.2622 31.1637 30.7360      0.7454       0.7454    0.3736            1
2022 01 16 30.1111 31.0140 30.5867      0.5946       0.5946    0.3845            1
2022 01 17 30.2719 31.1761 30.7491      0.7556       0.7556    0.3956            1
2022 01 18 30.1006 31.0060 30.5794      0.5844       0.5844    0.4069            1
2022 01 19 30.2815 31.1882 30.7620      0.7655       0.7655    0.4185            1
2022 01 20 30.0905 30.9984 30.5726      0.5745       0.5745    0.4303            1
2022 01 21 30.2912 31.2002 30.7749      0.7752       0.7752    0.4424            1
2022 01 22 30.0808 30.9910 30.5662      0.5648       0.5648    0.4547            1
2022 01 23 30.3007 31.2120 30.7877      0.7846       0.7846    0.4673            1
2022 01 24 30.0716 30.9840 30.5602      0.5554       0.5554    0.4802            1
2022 01 25 30.3101 31.2235 30.8003      0.7937       0.7937    0.4933            1
2022 01 26 30.0630 30.9774 30.5547      0.5463       0.5463    0.5066            1
2022 01 27 30.3194 31.2348 30.8127      0.8025       0.8025    0.5203            1
2022 01 28 30.0548 30.9711 30.5496      0.5375       0.5375    0.5342            1
2022 01 29 30.3286 31.2458 30.8249      0.8109       0.8109    0.5483            1
2022 01 30 30.0472 30.9653 30.5451      0.5291       0.5291    0.5628            1
2022 01 31 30.3376 31.2565 30.8369      0.8190       0.8190    0.5775            1
2022 02 01 30.0401 30.9598 30.5410      0.5210       0.5210    0.5925            1
2022 02 02 30.3464 31.2669 30.8487      0.8267       0.8267    0.6077            1
2022 02 03 30.0336 30.9548 30.5374      0.5133       0.5133    0.6233            1
2022 02 04 30.3549 31.2768 30.8601      0.8339       0.8339    0.6391            1
2022 02 05 30.0278 30.9504 30.5344      0.5061       0.5061    0.6552            1
2022 02 06 30.3631 31.2863 30.8712      0.8407       0.8407    0.6715            1
2022 02 07 30.0225 30.9463 30.5320      0.4993       0.4993    0.6882            1
2022 02 08 30.3712 31.2955 30.8821      0.8471       0.8471    0.7051            1
2022 02 09 30.0179 30.9428 30.5301      0.4929       0.4929    0.7223            1
2022 02 10 30.3791 31.3044 30.8926      0.8531       0.8531    0.7398            1
2022 02 11 30.0139 30.9396 30.5287      0.4869       0.4869    0.7576            1
2022 02 12 30.3865 31.3127 30.9027      0.8585       0.8585    0.7756            1
2022 02 13 30.0106 30.9371 30.5280      0.4815       0.4815    0.7940            1
2022 02 14 30.3938 31.3207 30.9125      0.8636       0.8636    0.8126            1
2022 02 15 30.0078 30.9349 30.5278      0.4764       0.4764    0.8315            1
2022 02 16 30.4007 31.3281 30.9219      0.8681       0.8681    0.8506            1
2022 02 17 30.0058 30.9334 30.5282      0.4719       0.4719    0.8701            1
2022 02 18 30.4073 31.3351 30.9309      0.8721       0.8721    0.8898            1
2022 02 19 30.0045 30.9324 30.5292      0.4679       0.4679    0.9098            1
2022 02 20 30.4137 31.3417 30.9395      0.8757       0.8757    0.9301            1
2022 02 21 30.0037 30.9318 30.5307      0.4643       0.4643    0.9507            1
2022 02 22 30.4197 31.3478 30.9477      0.8788       0.8788    0.9715            1
2022 02 23 30.0036 30.9317 30.5327      0.4612       0.4612    0.9926            1
2022 02 24 30.4254 31.3534 30.9555      0.8814       0.8814    1.0140            2
2022 02 25 30.0042 30.9321 30.5354      0.4586       0.4586    1.0356            2
2022 02 26 30.4306 31.3584 30.9628      0.8834       0.8834    1.0575            2
2022 02 27 30.0055 30.9331 30.5387      0.4566       0.4566    1.0797            2
2022 02 28 30.4358 31.3632 30.9698      0.8851       0.8851    1.1021            2
2022 03 01 30.0073 30.9345 30.5423      0.4549       0.4549    1.1247            2
2022 03 02 30.4404 31.3673 30.9763      0.8862       0.8862    1.1477            2
2022 03 03 30.0099 30.9364 30.5466      0.4538       0.4538    1.1708            2
2022 03 04 30.4447 31.3709 30.9823      0.8868       0.8868    1.1942            2
2022 03 05 30.0131 30.9389 30.5515      0.4532       0.4532    1.2179            2
2022 03 06 30.4488 31.3742 30.9880      0.8870       0.8870    1.2418            2
2022 03 07 30.0168 30.9417 30.5568      0.4530       0.4530    1.2659            2
2022 03 08 30.4525 31.3769 30.9932      0.8867       0.8867    1.2902            2
2022 03 09 30.0212 30.9450 30.5626      0.4533       0.4533    1.3148            2
2022 03 10 30.4560 31.3792 30.9981      0.8860       0.8860    1.3396            2
2022 03 11 30.0261 30.9487 30.5688      0.4540       0.4540    1.3646            2
2022 03 12 30.4591 31.3811 31.0025      0.8849       0.8849    1.3898            2
2022 03 13 30.0315 30.9528 30.5755      0.4551       0.4551    1.4152            2
2022 03 14 30.4620 31.3825 31.0065      0.8833       0.8833    1.4407            2
2022 03 15 30.0376 30.9574 30.5827      0.4567       0.4567    1.4665            2
2022 03 16 30.4645 31.3835 31.0101      0.8813       0.8813    1.4925            2
2022 03 17 30.0442 30.9624 30.5903      0.4587       0.4587    1.5186            2
2022 03 18 30.4667 31.3841 31.0133      0.8789       0.8789    1.5449            2
2022 03 19 30.0513 30.9677 30.5983      0.4611       0.4611    1.5714            2
2022 03 20 30.4688 31.3843 31.0162      0.8762       0.8762    1.5980            2
2022 03 21 30.0588 30.9733 30.6066      0.4638       0.4638    1.6247            2
2022 03 22 30.4705 31.3841 31.0187      0.8731       0.8731    1.6516            2
2022 03 23 30.0668 30.9793 30.6153      0.4669       0.4669    1.6787            2
2022 03 24 30.4720 31.3834 31.0207      0.8696       0.8696    1.7058            2
2022 03 25 30.0753 30.9856 30.6243      0.4704       0.4704    1.7331            2
2022 03 26 30.4734 31.3825 31.0226      0.8659       0.8659    1.7605            2
2022 03 27 30.0841 30.9921 30.6335      0.4741       0.4741    1.7879            2
2022 03 28 30.4744 31.3812 31.0240      0.8618       0.8618    1.8155            2
2022 03 29 30.0934 30.9990 30.6431      0.4782       0.4782    1.8431            2
2022 03 30 30.4753 31.3796 31.0252      0.8575       0.8575    1.8708            2
2022 03 31 30.1030 31.0060 30.6529      0.4825       0.4825    1.8986            2
2022 04 01 30.4761 31.3778 31.0261      0.8530       0.8530    1.9264            2
2022 04 02 30.1128 31.0131 30.6628      0.4870       0.4870    1.9542            2
2022 04 03 30.4767 31.3756 31.0267      0.8482       0.8482    1.9821            2
2022 04 04 30.1230 31.0205 30.6729      0.4918       0.4918    2.0100            2
2022 04 05 30.4771 31.3732 31.0270      0.8432       0.8432    2.0379            2
2022 04 06 30.1335 31.0281 30.6832      0.4968       0.4968    2.0659            2
2022 04 07 30.4774 31.3705 31.0271      0.8380       0.8380    2.0938            2
2022 04 08 30.1442 31.0358 30.6937      0.5020       0.5020    2.1216            2
2022 04 09 30.4776 31.3677 31.0270      0.8327       0.8327    2.1495            2
2022 04 10 30.1550 31.0435 30.7041      0.5073       0.5073    2.1773            2
2022 04 11 30.4777 31.3646 31.0266      0.8272       0.8272    2.2051            2
2022 04 12 30.1661 31.0514 30.7147      0.5128       0.5128    2.2327            2
2022 04 13 30.4777 31.3613 31.0260      0.8216       0.8216    2.2604            2
2022 04 14 30.1774 31.0593 30.7253      0.5184       0.5184    2.2879            2
2022 04 15 30.4777 31.3579 31.0253      0.8159       0.8159    2.3153            2
2022 04 16 30.1887 31.0672 30.7359      0.5241       0.5241    2.3426            2
2022 04 17 30.4777 31.3544 31.0245      0.8102       0.8102    2.3698            2
2022 04 18 30.2001 31.0750 30.7465      0.5298       0.5298    2.3969            2
2022 04 19 30.4776 31.3507 31.0234      0.8044       0.8044    2.4238            2
2022 04 20 30.2116 31.0829 30.7570      0.5356       0.5356    2.4505            2
2022 04 21 30.4775 31.3469 31.0223      0.7986       0.7986    2.4771            2
2022 04 22 30.2231 31.0907 30.7674      0.5414       0.5414    2.5035            2
2022 04 23 30.4774 31.3431 31.0210      0.7928       0.7928    2.5297            2
2022 04 24 30.2346 31.0984 30.7777      0.5472       0.5472    2.5557            2
2022 04 25 30.4773 31.3391 31.0197      0.7870       0.7870    2.5815            2
2022 04 26 30.2461 31.1061 30.7879      0.5530       0.5530    2.6071            2
2022 04 27 30.4771 31.3351 31.0182      0.7812       0.7812    2.6324            2
2022 04 28 30.2576 31.1136 30.7979      0.5588       0.5588    2.6575            2
2022 04 29 30.4771 31.3311 31.0167      0.7755       0.7755    2.6823            2
2022 04 30 30.2689 31.1210 30.8077      0.5645       0.5645    2.7068            2
2022 05 01 30.4772 31.3272 31.0152      0.7699       0.7699    2.7310            2
2022 05 02 30.2802 31.1281 30.8173      0.5701       0.5701    2.7550            2
2022 05 03 30.4772 31.3231 31.0135      0.7643       0.7643    2.7786            2
2022 05 04 30.2914 31.1352 30.8268      0.5757       0.5757    2.8019            2
2022 05 05 30.4774 31.3191 31.0119      0.7589       0.7589    2.8249            2
2022 05 06 30.3023 31.1420 30.8359      0.5811       0.5811    2.8475            2
2022 05 07 30.4776 31.3152 31.0102      0.7536       0.7536    2.8697            2
2022 05 08 30.3131 31.1486 30.8448      0.5864       0.5864    2.8916            2
2022 05 09 30.4779 31.3112 31.0085      0.7484       0.7484    2.9131            2
2022 05 10 30.3238 31.1550 30.8534      0.5916       0.5916    2.9343            2
2022 05 11 30.4783 31.3074 31.0069      0.7434       0.7434    2.9550            2
2022 05 12 30.3342 31.1611 30.8617      0.5966       0.5966    2.9753            2
2022 05 13 30.4788 31.3035 31.0052      0.7385       0.7385    2.9952            2
2022 05 14 30.3444 31.1670 30.8697      0.6015       0.6015    3.0146            2
2022 05 15 30.4794 31.2998 31.0035      0.7338       0.7338    3.0336            2
2022 05 16 30.3544 31.1726 30.8773      0.6062       0.6062    3.0522            2
2022 05 17 30.4800 31.2961 31.0018      0.7292       0.7292    3.0703            2
2022 05 18 30.3642 31.1780 30.8847      0.6108       0.6108    3.0879            2
2022 05 19 30.4807 31.2924 31.0001      0.7248       0.7248    3.1051            2
2022 05 20 30.3737 31.1831 30.8917      0.6152       0.6152    3.1217            2
2022 05 21 30.4817 31.2890 30.9985      0.7207       0.7207    3.1379            2
2022 05 22 30.3828 31.1879 30.8983      0.6193       0.6193    3.1535            2
2022 05 23 30.4826 31.2855 30.9968      0.7167       0.7167    3.1686            2
2022 05 24 30.3917 31.1924 30.9046      0.6233       0.6233    3.1832            2
2022 05 25 30.4836 31.2821 30.9951      0.7128       0.7128    3.1973            2
2022 05 26 30.4004 31.1966 30.9105      0.6272       0.6272    3.2108            2
2022 05 27 30.4847 31.2788 30.9935      0.7092       0.7092    3.2238            2
2022 05 28 30.4087 31.2005 30.9161      0.6308       0.6308    3.2362            2
2022 05 29 30.4860 31.2756 30.9919      0.7058       0.7058    3.2481            2
2022 05 30 30.4167 31.2041 30.9212      0.6342       0.6342    3.2594            2
2022 05 31 30.4873 31.2726 30.9904      0.7026       0.7026    3.2701            2
2022 06 01 30.4243 31.2074 30.9259      0.6374       0.6374    3.2803            2
2022 06 02 30.4886 31.2695 30.9887      0.6995       0.6995    3.2898            2
2022 06 03 30.4318 31.2105 30.9304      0.6405       0.6405    3.2988            2
2022 06 04 30.4900 31.2665 30.9871      0.6966       0.6966    3.3071            2
2022 06 05 30.4389 31.2133 30.9345      0.6434       0.6434    3.3149            2
2022 06 06 30.4914 31.2637 30.9855      0.6939       0.6939    3.3221            2
2022 06 07 30.4456 31.2157 30.9381      0.6461       0.6461    3.3286            2
2022 06 08 30.4929 31.2609 30.9839      0.6914       0.6914    3.3346            2
2022 06 09 30.4521 31.2179 30.9414      0.6486       0.6486    3.3399            2
2022 06 10 30.4944 31.2581 30.9822      0.6890       0.6890    3.3446            2
2022 06 11 30.4583 31.2199 30.9444      0.6510       0.6510    3.3487            2
2022 06 12 30.4959 31.2554 30.9805      0.6868       0.6868    3.3521            2
2022 06 13 30.4641 31.2215 30.9470      0.6532       0.6532    3.3550            2
2022 06 14 30.4974 31.2527 30.9787      0.6847       0.6847    3.3572            2
2022 06 15 30.4697 31.2230 30.9494      0.6553       0.6553    3.3587            2
2022 06 16 30.4989 31.2501 30.9769      0.6828       0.6828    3.3597            2
2022 06 17 30.4749 31.2241 30.9513      0.6572       0.6572    3.3600            2
2022 06 18 30.5003 31.2475 30.9750      0.6810       0.6810    3.3597            2
2022 06 19 30.4799 31.2251 30.9529      0.6590       0.6590    3.3587            2
2022 06 20 30.5016 31.2448 30.9730      0.6792       0.6792    3.3572            2
2022 06 21 30.4847 31.2259 30.9544      0.6608       0.6608    3.3550            2
2022 06 22 30.5029 31.2422 30.9709      0.6776       0.6776    3.3521            2
2022 06 23 30.4891 31.2265 30.9554      0.6624       0.6624    3.3487            2
2022 06 24 30.5042 31.2396 30.9688      0.6761       0.6761    3.3446            2
2022 06 25 30.4933 31.2268 30.9562      0.6639       0.6639    3.3399            2
2022 06 26 30.5053 31.2369 30.9664      0.6746       0.6746    3.3346            2
2022 06 27 30.4973 31.2271 30.9567      0.6654       0.6654    3.3286            2
2022 06 28 30.5061 31.2341 30.9639      0.6731       0.6731    3.3221            2
2022 06 29 30.5011 31.2272 30.9571      0.6669       0.6669    3.3149            2
2022 06 30 30.5070 31.2313 30.9613      0.6717       0.6717    3.3071            2
2022 07 01 30.5046 31.2272 30.9572      0.6683       0.6683    3.2988            2
2022 07 02 30.5076 31.2285 30.9585      0.6703       0.6703    3.2898            2
2022 07 03 30.5080 31.2271 30.9571      0.6697       0.6697    3.2803            2
2022 07 04 30.5082 31.2256 30.9556      0.6690       0.6690    3.2701            2
2022 07 05 30.5110 31.2268 30.9567      0.6710       0.6710    3.2594            2
2022 07 06 30.5084 31.2225 30.9524      0.6676       0.6676    3.2481            2
2022 07 07 30.5140 31.2265 30.9562      0.6724       0.6724    3.2362            2
2022 07 08 30.5085 31.2194 30.9490      0.6662       0.6662    3.2238            2
2022 07 09 30.5168 31.2261 30.9556      0.6738       0.6738    3.2108            2
2022 07 10 30.5083 31.2161 30.9454      0.6647       0.6647    3.1973            2
2022 07 11 30.5195 31.2257 30.9549      0.6753       0.6753    3.1832            2
2022 07 12 30.5079 31.2127 30.9416      0.6632       0.6632    3.1686            2
2022 07 13 30.5220 31.2253 30.9540      0.6768       0.6768    3.1535            2
2022 07 14 30.5072 31.2091 30.9375      0.6616       0.6616    3.1379            2
2022 07 15 30.5244 31.2248 30.9530      0.6784       0.6784    3.1217            2
2022 07 16 30.5062 31.2053 30.9332      0.6599       0.6599    3.1051            2
2022 07 17 30.5267 31.2244 30.9520      0.6801       0.6801    3.0879            2
2022 07 18 30.5049 31.2014 30.9285      0.6581       0.6581    3.0703            2
2022 07 19 30.5289 31.2241 30.9509      0.6819       0.6819    3.0522            2
2022 07 20 30.5034 31.1973 30.9237      0.6563       0.6563    3.0336            2
2022 07 21 30.5309 31.2236 30.9496      0.6837       0.6837    3.0146            2
2022 07 22 30.5014 31.1930 30.9185      0.6542       0.6542    2.9952            2
2022 07 23 30.5330 31.2234 30.9485      0.6858       0.6858    2.9753            2
2022 07 24 30.4993 31.1885 30.9131      0.6521       0.6521    2.9550            2
2022 07 25 30.5349 31.2231 30.9472      0.6879       0.6879    2.9343            2
2022 07 26 30.4967 31.1838 30.9073      0.6498       0.6498    2.9131            2
2022 07 27 30.5369 31.2229 30.9459      0.6902       0.6902    2.8916            2
2022 07 28 30.4938 31.1789 30.9013      0.6474       0.6474    2.8697            2
2022 07 29 30.5387 31.2228 30.9446      0.6926       0.6926    2.8475            2
2022 07 30 30.4904 31.1737 30.8949      0.6447       0.6447    2.8249            2
2022 07 31 30.5406 31.2230 30.9435      0.6953       0.6953    2.8019            2
2022 08 01 30.4869 31.1684 30.8883      0.6420       0.6420    2.7786            2
2022 08 02 30.5424 31.2230 30.9423      0.6980       0.6980    2.7550            2
2022 08 03 30.4828 31.1627 30.8812      0.6390       0.6390    2.7310            2
2022 08 04 30.5442 31.2234 30.9412      0.7010       0.7010    2.7068            2
2022 08 05 30.4784 31.1568 30.8739      0.6358       0.6358    2.6823            2
2022 08 06 30.5461 31.2238 30.9401      0.7042       0.7042    2.6575            2
2022 08 07 30.4737 31.1508 30.8663      0.6325       0.6325    2.6324            2
2022 08 08 30.5479 31.2244 30.9391      0.7075       0.7075    2.6071            2
2022 08 09 30.4685 31.1445 30.8584      0.6290       0.6290    2.5815            2
2022 08 10 30.5496 31.2251 30.9381      0.7110       0.7110    2.5557            2
2022 08 11 30.4630 31.1379 30.8501      0.6253       0.6253    2.5297            2
2022 08 12 30.5514 31.2259 30.9372      0.7147       0.7147    2.5035            2
2022 08 13 30.4571 31.1312 30.8416      0.6214       0.6214    2.4771            2
2022 08 14 30.5533 31.2269 30.9364      0.7186       0.7186    2.4505            2
2022 08 15 30.4508 31.1242 30.8328      0.6173       0.6173    2.4238            2
2022 08 16 30.5551 31.2281 30.9358      0.7227       0.7227    2.3969            2
2022 08 17 30.4442 31.1169 30.8236      0.6130       0.6130    2.3698            2
2022 08 18 30.5569 31.2295 30.9352      0.7270       0.7270    2.3426            2
2022 08 19 30.4371 31.1095 30.8142      0.6085       0.6085    2.3153            2
2022 08 20 30.5588 31.2310 30.9347      0.7315       0.7315    2.2879            2
2022 08 21 30.4298 31.1019 30.8046      0.6039       0.6039    2.2604            2
2022 08 22 30.5606 31.2326 30.9342      0.7361       0.7361    2.2327            2
2022 08 23 30.4221 31.0941 30.7947      0.5991       0.5991    2.2051            2
2022 08 24 30.5624 31.2344 30.9339      0.7409       0.7409    2.1773            2
2022 08 25 30.4141 31.0861 30.7845      0.5941       0.5941    2.1495            2
2022 08 26 30.5643 31.2364 30.9337      0.7459       0.7459    2.1216            2
2022 08 27 30.4058 31.0779 30.7741      0.5890       0.5890    2.0938            2
2022 08 28 30.5661 31.2384 30.9335      0.7510       0.7510    2.0659            2
2022 08 29 30.3972 31.0697 30.7636      0.5838       0.5838    2.0379            2
2022 08 30 30.5679 31.2406 30.9333      0.7562       0.7562    2.0100            2
2022 08 31 30.3883 31.0613 30.7528      0.5784       0.5784    1.9821            2
2022 09 01 30.5697 31.2429 30.9333      0.7616       0.7616    1.9542            2
2022 09 02 30.3791 31.0527 30.7419      0.5729       0.5729    1.9264            2
2022 09 03 30.5714 31.2454 30.9334      0.7671       0.7671    1.8986            2
2022 09 04 30.3697 31.0441 30.7309      0.5673       0.5673    1.8708            2
2022 09 05 30.5731 31.2480 30.9335      0.7727       0.7727    1.8431            2
2022 09 06 30.3600 31.0353 30.7197      0.5616       0.5616    1.8155            2
2022 09 07 30.5748 31.2506 30.9337      0.7784       0.7784    1.7879            2
2022 09 08 30.3502 31.0266 30.7084      0.5559       0.5559    1.7605            2
2022 09 09 30.5763 31.2533 30.9338      0.7841       0.7841    1.7331            2
2022 09 10 30.3401 31.0178 30.6971      0.5501       0.5501    1.7058            2
2022 09 11 30.5778 31.2561 30.9341      0.7899       0.7899    1.6787            2
2022 09 12 30.3300 31.0090 30.6857      0.5443       0.5443    1.6516            2
2022 09 13 30.5791 31.2589 30.9343      0.7957       0.7957    1.6247            2
2022 09 14 30.3197 31.0002 30.6743      0.5385       0.5385    1.5980            2
2022 09 15 30.5804 31.2617 30.9345      0.8015       0.8015    1.5714            2
2022 09 16 30.3092 30.9915 30.6629      0.5327       0.5327    1.5449            2
2022 09 17 30.5815 31.2646 30.9347      0.8073       0.8073    1.5186            2
2022 09 18 30.2987 30.9827 30.6515      0.5269       0.5269    1.4925            2
2022 09 19 30.5825 31.2675 30.9349      0.8131       0.8131    1.4665            2
2022 09 20 30.2882 30.9742 30.6402      0.5212       0.5212    1.4407            2
2022 09 21 30.5833 31.2703 30.9350      0.8188       0.8188    1.4152            2
2022 09 22 30.2777 30.9657 30.6291      0.5156       0.5156    1.3898            2
2022 09 23 30.5839 31.2731 30.9351      0.8244       0.8244    1.3646            2
2022 09 24 30.2671 30.9574 30.6180      0.5101       0.5101    1.3396            2
2022 09 25 30.5844 31.2758 30.9350      0.8299       0.8299    1.3148            2
2022 09 26 30.2565 30.9491 30.6070      0.5046       0.5046    1.2902            2
2022 09 27 30.5847 31.2785 30.9350      0.8354       0.8354    1.2659            2
2022 09 28 30.2461 30.9411 30.5963      0.4994       0.4994    1.2418            2
2022 09 29 30.5847 31.2810 30.9348      0.8406       0.8406    1.2179            2
2022 09 30 30.2357 30.9333 30.5858      0.4943       0.4943    1.1942            2
2022 10 01 30.5844 31.2834 30.9345      0.8457       0.8457    1.1708            2
2022 10 02 30.2255 30.9258 30.5755      0.4894       0.4894    1.1477            2
2022 10 03 30.5840 31.2857 30.9340      0.8506       0.8506    1.1247            2
2022 10 04 30.2153 30.9185 30.5654      0.4847       0.4847    1.1021            2
2022 10 05 30.5832 31.2878 30.9334      0.8553       0.8553    1.0797            2
2022 10 06 30.2055 30.9116 30.5557      0.4803       0.4803    1.0575            2
2022 10 07 30.5821 31.2897 30.9325      0.8597       0.8597    1.0356            2
2022 10 08 30.1957 30.9049 30.5463      0.4761       0.4761    1.0140            2
2022 10 09 30.5808 31.2915 30.9315      0.8639       0.8639    0.9926            1
2022 10 10 30.1863 30.8986 30.5373      0.4722       0.4722    0.9715            1
2022 10 11 30.5791 31.2930 30.9303      0.8678       0.8678    0.9507            1
2022 10 12 30.1771 30.8927 30.5286      0.4686       0.4686    0.9301            1
2022 10 13 30.5770 31.2943 30.9289      0.8714       0.8714    0.9098            1
2022 10 14 30.1681 30.8871 30.5203      0.4653       0.4653    0.8898            1
2022 10 15 30.5747 31.2954 30.9273      0.8747       0.8747    0.8701            1
2022 10 16 30.1596 30.8820 30.5125      0.4624       0.4624    0.8506            1
2022 10 17 30.5719 31.2961 30.9253      0.8776       0.8776    0.8315            1
2022 10 18 30.1513 30.8772 30.5052      0.4598       0.4598    0.8126            1
2022 10 19 30.5688 31.2966 30.9232      0.8802       0.8802    0.7940            1
2022 10 20 30.1435 30.8731 30.4984      0.4577       0.4577    0.7756            1
2022 10 21 30.5652 31.2967 30.9207      0.8823       0.8823    0.7576            1
2022 10 22 30.1360 30.8693 30.4920      0.4559       0.4559    0.7398            1
2022 10 23 30.5613 31.2966 30.9179      0.8841       0.8841    0.7223            1
2022 10 24 30.1289 30.8660 30.4861      0.4545       0.4545    0.7051            1
2022 10 25 30.5570 31.2961 30.9149      0.8855       0.8855    0.6882            1
2022 10 26 30.1223 30.8633 30.4809      0.4536       0.4536    0.6715            1
2022 10 27 30.5522 31.2952 30.9115      0.8864       0.8864    0.6552            1
2022 10 28 30.1161 30.8611 30.4761      0.4531       0.4531    0.6391            1
2022 10 29 30.5471 31.2940 30.9079      0.8869       0.8869    0.6233            1
2022 10 30 30.1103 30.8593 30.4719      0.4530       0.4530    0.6077            1
2022 10 31 30.5415 31.2925 30.9039      0.8870       0.8870    0.5925            1
2022 11 01 30.1051 30.8582 30.4684      0.4534       0.4534    0.5775            1
2022 11 02 30.5355 31.2906 30.8996      0.8866       0.8866    0.5628            1
2022 11 03 30.1004 30.8576 30.4655      0.4543       0.4543    0.5483            1
2022 11 04 30.5291 31.2883 30.8950      0.8857       0.8857    0.5342            1
2022 11 05 30.0963 30.8576 30.4632      0.4557       0.4557    0.5203            1
2022 11 06 30.5221 31.2856 30.8900      0.8843       0.8843    0.5066            1
2022 11 07 30.0926 30.8582 30.4614      0.4575       0.4575    0.4933            1
2022 11 08 30.5149 31.2826 30.8847      0.8825       0.8825    0.4802            1
2022 11 09 30.0895 30.8594 30.4604      0.4599       0.4599    0.4673            1
2022 11 10 30.5070 31.2790 30.8790      0.8801       0.8801    0.4547            1
2022 11 11 30.0870 30.8611 30.4600      0.4627       0.4627    0.4424            1
2022 11 12 30.4989 31.2752 30.8731      0.8773       0.8773    0.4303            1
2022 11 13 30.0849 30.8634 30.4602      0.4660       0.4660    0.4185            1
2022 11 14 30.4903 31.2710 30.8668      0.8740       0.8740    0.4069            1
2022 11 15 30.0835 30.8664 30.4611      0.4698       0.4698    0.3956            1
2022 11 16 30.4813 31.2663 30.8601      0.8702       0.8702    0.3845            1
2022 11 17 30.0826 30.8699 30.4627      0.4741       0.4741    0.3736            1
2022 11 18 30.4719 31.2613 30.8532      0.8659       0.8659    0.3630            1
2022 11 19 30.0824 30.8740 30.4649      0.4789       0.4789    0.3527            1
2022 11 20 30.4621 31.2559 30.8459      0.8611       0.8611    0.3425            1
2022 11 21 30.0826 30.8786 30.4677      0.4841       0.4841    0.3326            1
2022 11 22 30.4519 31.2502 30.8384      0.8559       0.8559    0.3229            1
2022 11 23 30.0834 30.8838 30.4712      0.4898       0.4898    0.3135            1
2022 11 24 30.4414 31.2440 30.8306      0.8502       0.8502    0.3042            1
2022 11 25 30.0848 30.8897 30.4754      0.4960       0.4960    0.2952            1
2022 11 26 30.4305 31.2375 30.8224      0.8440       0.8440    0.2864            1
2022 11 27 30.0868 30.8960 30.4801      0.5026       0.5026    0.2778            1
2022 11 28 30.4193 31.2307 30.8140      0.8374       0.8374    0.2694            1
2022 11 29 30.0893 30.9029 30.4855      0.5097       0.5097    0.2612            1
2022 11 30 30.4077 31.2235 30.8053      0.8303       0.8303    0.2532            1
2022 12 01 30.0923 30.9103 30.4914      0.5171       0.5171    0.2454            1
2022 12 02 30.3959 31.2161 30.7965      0.8229       0.8229    0.2378            1
2022 12 03 30.0959 30.9182 30.4980      0.5250       0.5250    0.2304            1
2022 12 04 30.3838 31.2083 30.7874      0.8150       0.8150    0.2232            1
2022 12 05 30.0999 30.9266 30.5051      0.5332       0.5332    0.2162            1
2022 12 06 30.3715 31.2003 30.7782      0.8068       0.8068    0.2093            1
2022 12 07 30.1045 30.9354 30.5127      0.5418       0.5418    0.2027            1
2022 12 08 30.3589 31.1920 30.7687      0.7982       0.7982    0.1962            1
2022 12 09 30.1096 30.9448 30.5210      0.5508       0.5508    0.1899            1
2022 12 10 30.3461 31.1834 30.7591      0.7892       0.7892    0.1837            1
2022 12 11 30.1150 30.9545 30.5296      0.5600       0.5600    0.1777            1
2022 12 12 30.3332 31.1747 30.7494      0.7800       0.7800    0.1719            1
2022 12 13 30.1210 30.9646 30.5389      0.5696       0.5696    0.1662            1
2022 12 14 30.3201 31.1658 30.7396      0.7704       0.7704    0.1607            1
2022 12 15 30.1274 30.9751 30.5485      0.5794       0.5794    0.1554            1
2022 12 16 30.3069 31.1567 30.7297      0.7606       0.7606    0.1502            1
2022 12 17 30.1342 30.9860 30.5586      0.5895       0.5895    0.1451            1
2022 12 18 30.2936 31.1474 30.7197      0.7505       0.7505    0.1402            1
2022 12 19 30.1413 30.9972 30.5692      0.5998       0.5998    0.1354            1
2022 12 20 30.2802 31.1380 30.7097      0.7402       0.7402    0.1308            1
2022 12 21 30.1488 31.0085 30.5800      0.6102       0.6102    0.1263            1
2022 12 22 30.2670 31.1287 30.6998      0.7298       0.7298    0.1219            1
2022 12 23 30.1567 31.0203 30.5913      0.6209       0.6209    0.1177            1
2022 12 24 30.2536 31.1191 30.6898      0.7191       0.7191    0.1136            1
2022 12 25 30.1649 31.0323 30.6029      0.6317       0.6317    0.1096            1
2022 12 26 30.2402 31.1095 30.6799      0.7083       0.7083    0.1057            1
2022 12 27 30.1732 31.0443 30.6146      0.6425       0.6425    0.1020            1
2022 12 28 30.2271 31.1000 30.6702      0.6975       0.6975    0.0983            1
2022 12 29 30.1820 31.0567 30.6268      0.6535       0.6535    0.0948            1
2022 12 30 30.2139 31.0904 30.6605      0.6865       0.6865    0.0914            1
2022 12 31 30.1964 31.0747 30.6447      0.6700       0.6700    0.0881            1
2023 01 01 30.1954 31.0754 30.6454      0.6700       0.6700    0.2308            1
2023 01 02 30.1945 31.0762 30.6462      0.6700       0.6700    0.2381            1
2023 01 03 30.2046 31.0880 30.6581      0.6810       0.6810    0.2457            1
2023 01 04 30.1818 31.0668 30.6369      0.6590       0.6590    0.2534            1
2023 01 05 30.2140 31.1007 30.6709      0.6920       0.6920    0.2612            1
2023 01 06 30.1693 31.0576 30.6279      0.6480       0.6480    0.2693            1
2023 01 07 30.2235 31.1133 30.6838      0.7029       0.7029    0.2776            1
2023 01 08 30.1570 31.0485 30.6190      0.6371       0.6371    0.2861            1
2023 01 09 30.2330 31.1260 30.6968      0.7137       0.7137    0.2948            1
2023 01 10 30.1451 31.0396 30.6105      0.6263       0.6263    0.3037            1
2023 01 11 30.2428 31.1387 30.7099      0.7245       0.7245    0.3128            1
2023 01 12 30.1333 31.0307 30.6022      0.6155       0.6155    0.3221            1
2023 01 13 30.2524 31.1512 30.7229      0.7350       0.7350    0.3317            1
2023 01 14 30.1221 31.0223 30.5943      0.6050       0.6050    0.3414            1
2023 01 15 30.2622 31.1637 30.7360      0.7454       0.7454    0.3514            1
2023 01 16 30.1111 31.0140 30.5867      0.5946       0.5946    0.3616            1
2023 01 17 30.2719 31.1761 30.7491      0.7556       0.7556    0.3720            1
2023 01 18 30.1006 31.0060 30.5794      0.5844       0.5844    0.3827            1
2023 01 19 30.2815 31.1882 30.7620      0.7655       0.7655    0.3936            1
2023 01 20 30.0905 30.9984 30.5726      0.5745       0.5745    0.4047            1
2023 01 21 30.2912 31.2002 30.7749      0.7752       0.7752    0.4161            1
2023 01 22 30.0808 30.9910 30.5662      0.5648       0.5648    0.4277            1
2023 01 23 30.3007 31.2120 30.7877      0.7846       0.7846    0.4395            1
2023 01 24 30.0716 30.9840 30.5602      0.5554       0.5554    0.4516            1
2023 01 25 30.3101 31.2235 30.8003      0.7937       0.7937    0.4639            1
2023 01 26 30.0630 30.9774 30.5547      0.5463       0.5463    0.4765            1
2023 01 27 30.3194 31.2348 30.8127      0.8025       0.8025    0.4893            1
2023 01 28 30.0548 30.9711 30.5496      0.5375       0.5375    0.5024            1
2023 01 29 30.3286 31.2458 30.8249      0.8109       0.8109    0.5157            1
2023 01 30 30.0472 30.9653 30.5451      0.5291       0.5291    0.5293            1
2023 01 31 30.3376 31.2565 30.8369      0.8190       0.8190    0.5431            1
2023 02 01 30.0401 30.9598 30.5410      0.5210       0.5210    0.5572            1
2023 02 02 30.3464 31.2669 30.8487      0.8267       0.8267    0.5715            1
2023 02 03 30.0336 30.9548 30.5374      0.5133       0.5133    0.5862            1
2023 02 04 30.3549 31.2768 30.8601      0.8339       0.8339    0.6010            1
2023 02 05 30.0278 30.9504 30.5344      0.5061       0.5061    0.6162            1
2023 02 06 30.3631 31.2863 30.8712      0.8407       0.8407    0.6315            1
2023 02 07 30.0225 30.9463 30.5320      0.4993       0.4993    0.6472            1
2023 02 08 30.3712 31.2955 30.8821      0.8471       0.8471    0.6631            1
2023 02 09 30.0179 30.9428 30.5301      0.4929       0.4929    0.6793            1
2023 02 10 30.3791 31.3044 30.8926      0.8531       0.8531    0.6958            1
2023 02 11 30.0139 30.9396 30.5287      0.4869       0.4869    0.7125            1
2023 02 12 30.3865 31.3127 30.9027      0.8585       0.8585    0.7295            1
2023 02 13 30.0106 30.9371 30.5280      0.4815       0.4815    0.7467            1
2023 02 14 30.3938 31.3207 30.9125      0.8636       0.8636    0.7642            1
2023 02 15 30.0078 30.9349 30.5278      0.4764       0.4764    0.7820            1
2023 02 16 30.4007 31.3281 30.9219      0.8681       0.8681    0.8000            1
2023 02 17 30.0058 30.9334 30.5282      0.4719       0.4719    0.8183            1
2023 02 18 30.4073 31.3351 30.9309      0.8721       0.8721    0.8369            1
2023 02 19 30.0045 30.9324 30.5292      0.4679       0.4679    0.8557            1
2023 02 20 30.4137 31.3417 30.9395      0.8757       0.8757    0.8748            1
2023 02 21 30.0037 30.9318 30.5307      0.4643       0.4643    0.8941            1
2023 02 22 30.4197 31.3478 30.9477      0.8788       0.8788    0.9137            1
2023 02 23 30.0036 30.9317 30.5327      0.4612       0.4612    0.9335            1
2023 02 24 30.4254 31.3534 30.9555      0.8814       0.8814    0.9536            1
2023 02 25 30.0042 30.9321 30.5354      0.4586       0.4586    0.9740            1
2023 02 26 30.4306 31.3584 30.9628      0.8834       0.8834    0.9946            1
2023 02 27 30.0055 30.9331 30.5387      0.4566       0.4566    1.0154            2
2023 02 28 30.4358 31.3632 30.9698      0.8851       0.8851    1.0365            2
2023 03 01 30.0073 30.9345 30.5423      0.4549       0.4549    1.0578            2
2023 03 02 30.4404 31.3673 30.9763      0.8862       0.8862    1.0793            2
2023 03 03 30.0099 30.9364 30.5466      0.4538       0.4538    1.1011            2
2023 03 04 30.4447 31.3709 30.9823      0.8868       0.8868    1.1232            2
2023 03 05 30.0131 30.9389 30.5515      0.4532       0.4532    1.1454            2
2023 03 06 30.4488 31.3742 30.9880      0.8870       0.8870    1.1679            2
2023 03 07 30.0168 30.9417 30.5568      0.4530       0.4530    1.1905            2
2023 03 08 30.4525 31.3769 30.9932      0.8867       0.8867    1.2134            2
2023 03 09 30.0212 30.9450 30.5626      0.4533       0.4533    1.2365            2
2023 03 10 30.4560 31.3792 30.9981      0.8860       0.8860    1.2598            2
2023 03 11 30.0261 30.9487 30.5688      0.4540       0.4540    1.2833            2
2023 03 12 30.4591 31.3811 31.0025      0.8849       0.8849    1.3070            2
2023 03 13 30.0315 30.9528 30.5755      0.4551       0.4551    1.3309            2
2023 03 14 30.4620 31.3825 31.0065      0.8833       0.8833    1.3550            2
2023 03 15 30.0376 30.9574 30.5827      0.4567       0.4567    1.3792            2
2023 03 16 30.4645 31.3835 31.0101      0.8813       0.8813    1.4036            2
2023 03 17 30.0442 30.9624 30.5903      0.4587       0.4587    1.4282            2
2023 03 18 30.4667 31.3841 31.0133      0.8789       0.8789    1.4530            2
2023 03 19 30.0513 30.9677 30.5983      0.4611       0.4611    1.4778            2
2023 03 20 30.4688 31.3843 31.0162      0.8762       0.8762    1.5029            2
2023 03 21 30.0588 30.9733 30.6066      0.4638       0.4638    1.5280            2
2023 03 22 30.4705 31.3841 31.0187      0.8731       0.8731    1.5533            2
2023 03 23 30.0668 30.9793 30.6153      0.4669       0.4669    1.5787            2
2023 03 24 30.4720 31.3834 31.0207      0.8696       0.8696    1.6043            2
2023 03 25 30.0753 30.9856 30.6243      0.4704       0.4704    1.6299            2
2023 03 26 30.4734 31.3825 31.0226      0.8659       0.8659    1.6557            2
2023 03 27 30.0841 30.9921 30.6335      0.4741       0.4741    1.6815            2
2023 03 28 30.4744 31.3812 31.0240      0.8618       0.8618    1.7074            2
2023 03 29 30.0934 30.9990 30.6431      0.4782       0.4782    1.7334            2
2023 03 30 30.4753 31.3796 31.0252      0.8575       0.8575    1.7595            2
2023 03 31 30.1030 31.0060 30.6529      0.4825       0.4825    1.7856            2
2023 04 01 30.4761 31.3778 31.0261      0.8530       0.8530    1.8117            2
2023 04 02 30.1128 31.0131 30.6628      0.4870       0.4870    1.8379            2
2023 04 03 30.4767 31.3756 31.0267      0.8482       0.8482    1.8641            2
2023 04 04 30.1230 31.0205 30.6729      0.4918       0.4918    1.8904            2
2023 04 05 30.4771 31.3732 31.0270      0.8432       0.8432    1.9166            2
2023 04 06 30.1335 31.0281 30.6832      0.4968       0.4968    1.9429            2
2023 04 07 30.4774 31.3705 31.0271      0.8380       0.8380    1.9691            2
2023 04 08 30.1442 31.0358 30.6937      0.5020       0.5020    1.9954            2
2023 04 09 30.4776 31.3677 31.0270      0.8327       0.8327    2.0216            2
2023 04 10 30.1550 31.0435 30.7041      0.5073       0.5073    2.0477            2
2023 04 11 30.4777 31.3646 31.0266      0.8272       0.8272    2.0738            2
2023 04 12 30.1661 31.0514 30.7147      0.5128       0.5128    2.0998            2
2023 04 13 30.4777 31.3613 31.0260      0.8216       0.8216    2.1258            2
2023 04 14 30.1774 31.0593 30.7253      0.5184       0.5184    2.1517            2
2023 04 15 30.4777 31.3579 31.0253      0.8159       0.8159    2.1775            2
2023 04 16 30.1887 31.0672 30.7359      0.5241       0.5241    2.2032            2
2023 04 17 30.4777 31.3544 31.0245      0.8102       0.8102    2.2288            2
2023 04 18 30.2001 31.0750 30.7465      0.5298       0.5298    2.2542            2
2023 04 19 30.4776 31.3507 31.0234      0.8044       0.8044    2.2795            2
2023 04 20 30.2116 31.0829 30.7570      0.5356       0.5356    2.3047            2
2023 04 21 30.4775 31.3469 31.0223      0.7986       0.7986    2.3297            2
2023 04 22 30.2231 31.0907 30.7674      0.5414       0.5414    2.3545            2
2023 04 23 30.4774 31.3431 31.0210      0.7928       0.7928    2.3792            2
2023 04 24 30.2346 31.0984 30.7777      0.5472       0.5472    2.4036            2
2023 04 25 30.4773 31.3391 31.0197      0.7870       0.7870    2.4279            2
2023 04 26 30.2461 31.1061 30.7879      0.5530       0.5530    2.4519            2
2023 04 27 30.4771 31.3351 31.0182      0.7812       0.7812    2.4757            2
2023 04 28 30.2576 31.1136 30.7979      0.5588       0.5588    2.4993            2
2023 04 29 30.4771 31.3311 31.0167      0.7755       0.7755    2.5226            2
2023 04 30 30.2689 31.1210 30.8077      0.5645       0.5645    2.5457            2
2023 05 01 30.4772 31.3272 31.0152      0.7699       0.7699    2.5685            2
2023 05 02 30.2802 31.1281 30.8173      0.5701       0.5701    2.5910            2
2023 05 03 30.4772 31.3231 31.0135      0.7643       0.7643    2.6132            2
2023 05 04 30.2914 31.1352 30.8268      0.5757       0.5757    2.6351            2
2023 05 05 30.4774 31.3191 31.0119      0.7589       0.7589    2.6567            2
2023 05 06 30.3023 31.1420 30.8359      0.5811       0.5811    2.6780            2
2023 05 07 30.4776 31.3152 31.0102      0.7536       0.7536    2.6989            2
2023 05 08 30.3131 31.1486 30.8448      0.5864       0.5864    2.7195            2
2023 05 09 30.4779 31.3112 31.0085      0.7484       0.7484    2.7397            2
2023 05 10 30.3238 31.1550 30.8534      0.5916       0.5916    2.7596            2
2023 05 11 30.4783 31.3074 31.0069      0.7434       0.7434    2.7791            2
2023 05 12 30.3342 31.1611 30.8617      0.5966       0.5966    2.7982            2
2023 05 13 30.4788 31.3035 31.0052      0.7385       0.7385    2.8169            2
2023 05 14 30.3444 31.1670 30.8697      0.6015       0.6015    2.8352            2
2023 05 15 30.4794 31.2998 31.0035      0.7338       0.7338    2.8531            2
2023 05 16 30.3544 31.1726 30.8773      0.6062       0.6062    2.8705            2
2023 05 17 30.4800 31.2961 31.0018      0.7292       0.7292    2.8875            2
2023 05 18 30.3642 31.1780 30.8847      0.6108       0.6108    2.9041            2
2023 05 19 30.4807 31.2924 31.0001      0.7248       0.7248    2.9202            2
2023 05 20 30.3737 31.1831 30.8917      0.6152       0.6152    2.9359            2
2023 05 21 30.4817 31.2890 30.9985      0.7207       0.7207    2.9511            2
2023 05 22 30.3828 31.1879 30.8983      0.6193       0.6193    2.9658            2
2023 05 23 30.4826 31.2855 30.9968      0.7167       0.7167    2.9800            2
2023 05 24 30.3917 31.1924 30.9046      0.6233       0.6233    2.9938            2
2023 05 25 30.4836 31.2821 30.9951      0.7128       0.7128    3.0070            2
2023 05 26 30.4004 31.1966 30.9105      0.6272       0.6272    3.0197            2
2023 05 27 30.4847 31.2788 30.9935      0.7092       0.7092    3.0319            2
2023 05 28 30.4087 31.2005 30.9161      0.6308       0.6308    3.0436            2
2023 05 29 30.4860 31.2756 30.9919      0.7058       0.7058    3.0548            2
2023 05 30 30.4167 31.2041 30.9212      0.6342       0.6342    3.0654            2
2023 05 31 30.4873 31.2726 30.9904      0.7026       0.7026    3.0755            2
2023 06 01 30.4243 31.2074 30.9259      0.6374       0.6374    3.0850            2
2023 06 02 30.4886 31.2695 30.9887      0.6995       0.6995    3.0940            2
2023 06 03 30.4318 31.2105 30.9304      0.6405       0.6405    3.1024            2
2023 06 04 30.4900 31.2665 30.9871      0.6966       0.6966    3.1103            2
2023 06 05 30.4389 31.2133 30.9345      0.6434       0.6434    3.1176            2
2023 06 06 30.4914 31.2637 30.9855      0.6939       0.6939    3.1243            2
2023 06 07 30.4456 31.2157 30.9381      0.6461       0.6461    3.1305            2
2023 06 08 30.4929 31.2609 30.9839      0.6914       0.6914    3.1361            2
2023 06 09 30.4521 31.2179 30.9414      0.6486       0.6486    3.1411            2
2023 06 10 30.4944 31.2581 30.9822      0.6890       0.6890    3.1455            2
2023 06 11 30.4583 31.2199 30.9444      0.6510       0.6510    3.1493            2
2023 06 12 30.4959 31.2554 30.9805      0.6868       0.6868    3.1526            2
2023 06 13 30.4641 31.2215 30.9470      0.6532       0.6532    3.1553            2
2023 06 14 30.4974 31.2527 30.9787      0.6847       0.6847    3.1573            2
2023 06 15 30.4697 31.2230 30.9494      0.6553       0.6553    3.1588            2
2023 06 16 30.4989 31.2501 30.9769      0.6828       0.6828    3.1597            2
2023 06 17 30.4749 31.2241 30.9513      0.6572       0.6572    3.1600            2
2023 06 18 30.5003 31.2475 30.9750      0.6810       0.6810    3.1597            2
2023 06 19 30.4799 31.2251 30.9529      0.6590       0.6590    3.1588            2
2023 06 20 30.5016 31.2448 30.9730      0.6792       0.6792    3.1573            2
2023 06 21 30.4847 31.2259 30.9544      0.6608       0.6608    3.1553            2
2023 06 22 30.5029 31.2422 30.9709      0.6776       0.6776    3.1526            2
2023 06 23 30.4891 31.2265 30.9554      0.6624       0.6624    3.1493            2
2023 06 24 30.5042 31.2396 30.9688      0.6761       0.6761    3.1455            2
2023 06 25 30.4933 31.2268 30.9562      0.6639       0.6639    3.1411            2
2023 06 26 30.5053 31.2369 30.9664      0.6746       0.6746    3.1361            2
2023 06 27 30.4973 31.2271 30.9567      0.6654       0.6654    3.1305            2
2023 06 28 30.5061 31.2341 30.9639      0.6731       0.6731    3.1243            2
2023 06 29 30.5011 31.2272 30.9571      0.6669       0.6669    3.1176            2
2023 06 30 30.5070 31.2313 30.9613      0.6717       0.6717    3.1103            2
2023 07 01 30.5046 31.2272 30.9572      0.6683       0.6683    3.1024            2
2023 07 02 30.5076 31.2285 30.9585      0.6703       0.6703    3.0940            2
2023 07 03 30.5080 31.2271 30.9571      0.6697       0.6697    3.0850            2
2023 07 04 30.5082 31.2256 30.9556      0.6690       0.6690    3.0755            2
2023 07 05 30.5110 31.2268 30.9567      0.6710       0.6710    3.0654            2
2023 07 06 30.5084 31.2225 30.9524      0.6676       0.6676    3.0548            2
2023 07 07 30.5140 31.2265 30.9562      0.6724       0.6724    3.0436            2
2023 07 08 30.5085 31.2194 30.9490      0.6662       0.6662    3.0319            2
2023 07 09 30.5168 31.2261 30.9556      0.6738       0.6738    3.0197            2
2023 07 10 30.5083 31.2161 30.9454      0.6647       0.6647    3.0070            2
2023 07 11 30.5195 31.2257 30.9549      0.6753       0.6753    2.9938            2
2023 07 12 30.5079 31.2127 30.9416      0.6632       0.6632    2.9800            2
2023 07 13 30.5220 31.2253 30.9540      0.6768       0.6768    2.9658            2
2023 07 14 30.5072 31.2091 30.9375      0.6616       0.6616    2.9511            2
2023 07 15 30.5244 31.2248 30.9530      0.6784       0.6784    2.9359            2
2023 07 16 30.5062 31.2053 30.9332      0.6599       0.6599    2.9202            2
2023 07 17 30.5267 31.2244 30.9520      0.6801       0.6801    2.9041            2
2023 07 18 30.5049 31.2014 30.9285      0.6581       0.6581    2.8875            2
2023 07 19 30.5289 31.2241 30.9509      0.6819       0.6819    2.8705            2
2023 07 20 30.5034 31.1973 30.9237      0.6563       0.6563    2.8531            2
2023 07 21 30.5309 31.2236 30.9496      0.6837       0.6837    2.8352            2
2023 07 22 30.5014 31.1930 30.9185      0.6542       0.6542    2.8169            2
2023 07 23 30.5330 31.2234 30.9485      0.6858       0.6858    2.7982            2
2023 07 24 30.4993 31.1885 30.9131      0.6521       0.6521    2.7791            2
2023 07 25 30.5349 31.2231 30.9472      0.6879       0.6879    2.7596            2
2023 07 26 30.4967 31.1838 30.9073      0.6498       0.6498    2.7397            2
2023 07 27 30.5369 31.2229 30.9459      0.6902       0.6902    2.7195            2
2023 07 28 30.4938 31.1789 30.9013      0.6474       0.6474    2.6989            2
2023 07 29 30.5387 31.2228 30.9446      0.6926       0.6926    2.6780            2
2023 07 30 30.4904 31.1737 30.8949      0.6447       0.6447    2.6567            2
2023 07 31 30.5406 31.2230 30.9435      0.6953       0.6953    2.6351            2
2023 08 01 30.4869 31.1684 30.8883      0.6420       0.6420    2.6132            2
2023 08 02 30.5424 31.2230 30.9423      0.6980       0.6980    2.5910            2
2023 08 03 30.4828 31.1627 30.8812      0.6390       0.6390    2.5685            2
2023 08 04 30.5442 31.2234 30.9412      0.7010       0.7010    2.5457            2
2023 08 05 30.4784 31.1568 30.8739      0.6358       0.6358    2.5226            2
2023 08 06 30.5461 31.2238 30.9401      0.7042       0.7042    2.4993            2
2023 08 07 30.4737 31.1508 30.8663      0.6325       0.6325    2.4757            2
2023 08 08 30.5479 31.2244 30.9391      0.7075       0.7075    2.4519            2
2023 08 09 30.4685 31.1445 30.8584      0.6290       0.6290    2.4279            2
2023 08 10 30.5496 31.2251 30.9381      0.7110       0.7110    2.4036            2
2023 08 11 30.4630 31.1379 30.8501      0.6253       0.6253    2.3792            2
2023 08 12 30.5514 31.2259 30.9372      0.7147       0.7147    2.3545            2
2023 08 13 30.4571 31.1312 30.8416      0.6214       0.6214    2.3297            2
2023 08 14 30.5533 31.2269 30.9364      0.7186       0.7186    2.3047            2
2023 08 15 30.4508 31.1242 30.8328      0.6173       0.6173    2.2795            2
2023 08 16 30.5551 31.2281 30.9358      0.7227       0.7227    2.2542            2
2023 08 17 30.4442 31.1169 30.8236      0.6130       0.6130    2.2288            2
2023 08 18 30.5569 31.2295 30.9352      0.7270       0.7270    2.2032            2
2023 08 19 30.4371 31.1095 30.8142      0.6085       0.6085    2.1775            2
2023 08 20 30.5588 31.2310 30.9347      0.7315       0.7315    2.1517            2
2023 08 21 30.4298 31.1019 30.8046      0.6039       0.6039    2.1258            2
2023 08 22 30.5606 31.2326 30.9342      0.7361       0.7361    2.0998            2
2023 08 23 30.4221 31.0941 30.7947      0.5991       0.5991    2.0738            2
2023 08 24 30.5624 31.2344 30.9339      0.7409       0.7409    2.0477            2
2023 08 25 30.4141 31.0861 30.7845      0.5941       0.5941    2.0216            2
2023 08 26 30.5643 31.2364 30.9337      0.7459       0.7459    1.9954            2
2023 08 27 30.4058 31.0779 30.7741      0.5890       0.5890    1.9691            2
2023 08 28 30.5661 31.2384 30.9335      0.7510       0.7510    1.9429            2
2023 08 29 30.3972 31.0697 30.7636      0.5838       0.5838    1.9166            2
2023 08 30 30.5679 31.2406 30.9333      0.7562       0.7562    1.8904            2
2023 08 31 30.3883 31.0613 30.7528      0.5784       0.5784    1.8641            2
2023 09 01 30.5697 31.2429 30.9333      0.7616       0.7616    1.8379            2
2023 09 02 30.3791 31.0527 30.7419      0.5729       0.5729    1.8117            2
2023 09 03 30.5714 31.2454 30.9334      0.7671       0.7671    1.7856            2
2023 09 04 30.3697 31.0441 30.7309      0.5673       0.5673    1.7595            2
2023 09 05 30.5731 31.2480 30.9335      0.7727       0.7727    1.7334            2
2023 09 06 30.3600 31.0353 30.7197      0.5616       0.5616    1.7074            2
2023 09 07 30.5748 31.2506 30.9337      0.7784       0.7784    1.6815            2
2023 09 08 30.3502 31.0266 30.7084      0.5559       0.5559    1.6557            2
2023 09 09 30.5763 31.2533 30.9338      0.7841       0.7841    1.6299            2
2023 09 10 30.3401 31.0178 30.6971      0.5501       0.5501    1.6043            2
2023 09 11 30.5778 31.2561 30.9341      0.7899       0.7899    1.5787            2
2023 09 12 30.3300 31.0090 30.6857      0.5443       0.5443    1.5533            2
2023 09 13 30.5791 31.2589 30.9343      0.7957       0.7957    1.5280            2
2023 09 14 30.3197 31.0002 30.6743      0.5385       0.5385    1.5029            2
2023 09 15 30.5804 31.2617 30.9345      0.8015       0.8015    1.4778            2
2023 09 16 30.3092 30.9915 30.6629      0.5327       0.5327    1.4530            2
2023 09 17 30.5815 31.2646 30.9347      0.8073       0.8073    1.4282            2
2023 09 18 30.2987 30.9827 30.6515      0.5269       0.5269    1.4036            2
2023 09 19 30.5825 31.2675 30.9349      0.8131       0.8131    1.3792            2
2023 09 20 30.2882 30.9742 30.6402      0.5212       0.5212    1.3550            2
2023 09 21 30.5833 31.2703 30.9350      0.8188       0.8188    1.3309            2
2023 09 22 30.2777 30.9657 30.6291      0.5156       0.5156    1.3070            2
2023 09 23 30.5839 31.2731 30.9351      0.8244       0.8244    1.2833            2
2023 09 24 30.2671 30.9574 30.6180      0.5101       0.5101    1.2598            2
2023 09 25 30.5844 31.2758 30.9350      0.8299       0.8299    1.2365            2
2023 09 26 30.2565 30.9491 30.6070      0.5046       0.5046    1.2134            2
2023 09 27 30.5847 31.2785 30.9350      0.8354       0.8354    1.1905            2
2023 09 28 30.2461 30.9411 30.5963      0.4994       0.4994    1.1679            2
2023 09 29 30.5847 31.2810 30.9348      0.8406       0.8406    1.1454            2
2023 09 30 30.2357 30.9333 30.5858      0.4943       0.4943    1.1232            2
2023 10 01 30.5844 31.2834 30.9345      0.8457       0.8457    1.1011            2
2023 10 02 30.2255 30.9258 30.5755      0.4894       0.4894    1.0793            2
2023 10 03 30.5840 31.2857 30.9340      0.8506       0.8506    1.0578            2
2023 10 04 30.2153 30.9185 30.5654      0.4847       0.4847    1.0365            2
2023 10 05 30.5832 31.2878 30.9334      0.8553       0.8553    1.0154            2
2023 10 06 30.2055 30.9116 30.5557      0.4803       0.4803    0.9946            1
2023 10 07 30.5821 31.2897 30.9325      0.8597       0.8597    0.9740            1
2023 10 08 30.1957 30.9049 30.5463      0.4761       0.4761    0.9536            1
2023 10 09 30.5808 31.2915 30.9315      0.8639       0.8639    0.9335            1
2023 10 10 30.1863 30.8986 30.5373      0.4722       0.4722    0.9137            1
2023 10 11 30.5791 31.2930 30.9303      0.8678       0.8678    0.8941            1
2023 10 12 30.1771 30.8927 30.5286      0.4686       0.4686    0.8748            1
2023 10 13 30.5770 31.2943 30.9289      0.8714       0.8714    0.8557            1
2023 10 14 30.1681 30.8871 30.5203      0.4653       0.4653    0.8369            1
2023 10 15 30.5747 31.2954 30.9273      0.8747       0.8747    0.8183            1
2023 10 16 30.1596 30.8820 30.5125      0.4624       0.4624    0.8000            1
2023 10 17 30.5719 31.2961 30.9253      0.8776       0.8776    0.7820            1
2023 10 18 30.1513 30.8772 30.5052      0.4598       0.4598    0.7642            1
2023 10 19 30.5688 31.2966 30.9232      0.8802       0.8802    0.7467            1
2023 10 20 30.1435 30.8731 30.4984      0.4577       0.4577    0.7295            1
2023 10 21 30.5652 31.2967 30.9207      0.8823       0.8823    0.7125            1
2023 10 22 30.1360 30.8693 30.4920      0.4559       0.4559    0.6958            1
2023 10 23 30.5613 31.2966 30.9179      0.8841       0.8841    0.6793            1
2023 10 24 30.1289 30.8660 30.4861      0.4545       0.4545    0.6631            1
2023 10 25 30.5570 31.2961 30.9149      0.8855       0.8855    0.6472            1
2023 10 26 30.1223 30.8633 30.4809      0.4536       0.4536    0.6315            1
2023 10 27 30.5522 31.2952 30.9115      0.8864       0.8864    0.6162            1
2023 10 28 30.1161 30.8611 30.4761      0.4531       0.4531    0.6010            1
2023 10 29 30.5471 31.2940 30.9079      0.8869       0.8869    0.5862            1
2023 10 30 30.1103 30.8593 30.4719      0.4530       0.4530    0.5715            1
2023 10 31 30.5415 31.2925 30.9039      0.8870       0.8870    0.5572            1
2023 11 01 30.1051 30.8582 30.4684      0.4534       0.4534    0.5431            1
2023 11 02 30.5355 31.2906 30.8996      0.8866       0.8866    0.5293            1
2023 11 03 30.1004 30.8576 30.4655      0.4543       0.4543    0.5157            1
2023 11 04 30.5291 31.2883 30.8950      0.8857       0.8857    0.5024            1
2023 11 05 30.0963 30.8576 30.4632      0.4557       0.4557    0.4893            1
2023 11 06 30.5221 31.2856 30.8900      0.8843       0.8843    0.4765            1
2023 11 07 30.0926 30.8582 30.4614      0.4575       0.4575    0.4639            1
2023 11 08 30.5149 31.2826 30.8847      0.8825       0.8825    0.4516            1
2023 11 09 30.0895 30.8594 30.4604      0.4599       0.4599    0.4395            1
2023 11 10 30.5070 31.2790 30.8790      0.8801       0.8801    0.4277            1
2023 11 11 30.0870 30.8611 30.4600      0.4627       0.4627    0.4161            1
2023 11 12 30.4989 31.2752 30.8731      0.8773       0.8773    0.4047            1
2023 11 13 30.0849 30.8634 30.4602      0.4660       0.4660    0.3936            1
2023 11 14 30.4903 31.2710 30.8668      0.8740       0.8740    0.3827            1
2023 11 15 30.0835 30.8664 30.4611      0.4698       0.4698    0.3720            1
2023 11 16 30.4813 31.2663 30.8601      0.8702       0.8702    0.3616            1
2023 11 17 30.0826 30.8699 30.4627      0.4741       0.4741    0.3514            1
2023 11 18 30.4719 31.2613 30.8532      0.8659       0.8659    0.3414            1
2023 11 19 30.0824 30.8740 30.4649      0.4789       0.4789    0.3317            1
2023 11 20 30.4621 31.2559 30.8459      0.8611       0.8611    0.3221            1
2023 11 21 30.0826 30.8786 30.4677      0.4841       0.4841    0.3128            1
2023 11 22 30.4519 31.2502 30.8384      0.8559       0.8559    0.3037            1
2023 11 23 30.0834 30.8838 30.4712      0.4898       0.4898    0.2948            1
2023 11 24 30.4414 31.2440 30.8306      0.8502       0.8502    0.2861            1
2023 11 25 30.0848 30.8897 30.4754      0.4960       0.4960    0.2776            1
2023 11 26 30.4305 31.2375 30.8224      0.8440       0.8440    0.2693            1
2023 11 27 30.0868 30.8960 30.4801      0.5026       0.5026    0.2612            1
2023 11 28 30.4193 31.2307 30.8140      0.8374       0.8374    0.2534            1
2023 11 29 30.0893 30.9029 30.4855      0.5097       0.5097    0.2457            1
2023 11 30 30.4077 31.2235 30.8053      0.8303       0.8303    0.2381            1
2023 12 01 30.0923 30.9103 30.4914      0.5171       0.5171    0.2308            1
2023 12 02 30.3959 31.2161 30.7965      0.8229       0.8229    0.2237            1
2023 12 03 30.0959 30.9182 30.4980      0.5250       0.5250    0.2167            1
2023 12 04 30.3838 31.2083 30.7874      0.8150       0.8150    0.2099            1
2023 12 05 30.0999 30.9266 30.5051      0.5332       0.5332    0.2033            1
2023 12 06 30.3715 31.2003 30.7782      0.8068       0.8068    0.1969            1
2023 12 07 30.1045 30.9354 30.5127      0.5418       0.5418    0.1906            1
2023 12 08 30.3589 31.1920 30.7687      0.7982       0.7982    0.1845            1
2023 12 09 30.1096 30.9448 30.5210      0.5508       0.5508    0.1786            1
2023 12 10 30.3461 31.1834 30.7591      0.7892       0.7892    0.1728            1
2023 12 11 30.1150 30.9545 30.5296      0.5600       0.5600    0.1671            1
2023 12 12 30.3332 31.1747 30.7494      0.7800       0.7800    0.1617            1
2023 12 13 30.1210 30.9646 30.5389      0.5696       0.5696    0.1563            1
2023 12 14 30.3201 31.1658 30.7396      0.7704       0.7704    0.1512            1
2023 12 15 30.1274 30.9751 30.5485      0.5794       0.5794    0.1461            1
2023 12 16 30.3069 31.1567 30.7297      0.7606       0.7606    0.1412            1
2023 12 17 30.1342 30.9860 30.5586      0.5895       0.5895    0.1365            1
2023 12 18 30.2936 31.1474 30.7197      0.7505       0.7505    0.1319            1
2023 12 19 30.1413 30.9972 30.5692      0.5998       0.5998    0.1274            1
2023 12 20 30.2802 31.1380 30.7097      0.7402       0.7402    0.1230            1
2023 12 21 30.1488 31.0085 30.5800      0.6102       0.6102    0.1188            1
2023 12 22 30.2670 31.1287 30.6998      0.7298       0.7298    0.1147            1
2023 12 23 30.1567 31.0203 30.5913      0.6209       0.6209    0.1107            1
2023 12 24 30.2536 31.1191 30.6898      0.7191       0.7191    0.1068            1
2023 12 25 30.1649 31.0323 30.6029      0.6317       0.6317    0.1031            1
2023 12 26 30.2402 31.1095 30.6799      0.7083       0.7083    0.0994            1
2023 12 27 30.1732 31.0443 30.6146      0.6425       0.6425    0.0959            1
2023 12 28 30.2271 31.1000 30.6702      0.6975       0.6975    0.0925            1
2023 12 29 30.1820 31.0567 30.6268      0.6535       0.6535    0.0892            1
2023 12 30 30.2139 31.0904 30.6605      0.6865       0.6865    0.0860            1
2023 12 31 30.1964 31.0747 30.6447      0.6700       0.6700    0.0828            1
2024 01 01 30.1756 31.0556 30.6256      0.6500       0.6500    0.1947            1
2024 01 02 30.1747 31.0564 30.6264      0.6500       0.6500    0.2009            1
2024 01 03 30.1848 31.0682 30.6382      0.6610       0.6610    0.2072            1
2024 01 04 30.1620 31.0470 30.6171      0.6390       0.6390    0.2138            1
2024 01 05 30.1941 31.0808 30.6510      0.6719       0.6719    0.2205            1
2024 01 06 30.1496 31.0378 30.6081      0.6281       0.6281    0.2273            1
2024 01 07 30.2036 31.0934 30.6639      0.6828       0.6828    0.2344            1
2024 01 08 30.1374 31.0288 30.5993      0.6172       0.6172    0.2416            1
2024 01 09 30.2132 31.1061 30.6769      0.6936       0.6936    0.2490            1
2024 01 10 30.1254 31.0199 30.5908      0.6064       0.6064    0.2566            1
2024 01 11 30.2228 31.1188 30.6899      0.7043       0.7043    0.2643            1
2024 01 12 30.1138 31.0112 30.5826      0.5957       0.5957    0.2722            1
2024 01 13 30.2326 31.1314 30.7031      0.7149       0.7149    0.2803            1
2024 01 14 30.1025 31.0026 30.5746      0.5851       0.5851    0.2886            1
2024 01 15 30.2423 31.1438 30.7161      0.7252       0.7252    0.2971            1
2024 01 16 30.0916 30.9944 30.5671      0.5748       0.5748    0.3058            1
2024 01 17 30.2520 31.1561 30.7291      0.7354       0.7354    0.3147            1
2024 01 18 30.0811 30.9865 30.5598      0.5646       0.5646    0.3238            1
2024 01 19 30.2617 31.1683 30.7421      0.7453       0.7453    0.3330            1
2024 01 20 30.0710 30.9788 30.5531      0.5547       0.5547    0.3425            1
2024 01 21 30.2713 31.1803 30.7550      0.7550       0.7550    0.3522            1
2024 01 22 30.0614 30.9715 30.5466      0.5450       0.5450    0.3621            1
2024 01 23 30.2808 31.1921 30.7677      0.7644       0.7644    0.3722            1
2024 01 24 30.0522 30.9645 30.5407      0.5356       0.5356    0.3825            1
2024 01 25 30.2903 31.2036 30.7803      0.7735       0.7735    0.3930            1
2024 01 26 30.0435 30.9579 30.5351      0.5265       0.5265    0.4037            1
2024 01 27 30.2995 31.2148 30.7927      0.7822       0.7822    0.4147            1
2024 01 28 30.0354 30.9517 30.5301      0.5178       0.5178    0.4258            1
2024 01 29 30.3086 31.2258 30.8049      0.7906       0.7906    0.4372            1
2024 01 30 30.0278 30.9459 30.5256      0.5094       0.5094    0.4488            1
2024 01 31 30.3176 31.2365 30.8169      0.7987       0.7987    0.4606            1
2024 02 01 30.0208 30.9404 30.5215      0.5013       0.5013    0.4726            1
2024 02 02 30.3263 31.2468 30.8285      0.8063       0.8063    0.4849            1
2024 02 03 30.0144 30.9355 30.5180      0.4937       0.4937    0.4974            1
2024 02 04 30.3349 31.2568 30.8400      0.8136       0.8136    0.5101            1
2024 02 05 30.0084 30.9310 30.5150      0.4864       0.4864    0.5230            1
2024 02 06 30.3432 31.2664 30.8512      0.8204       0.8204    0.5362            1
2024 02 07 30.0032 30.9270 30.5126      0.4796       0.4796    0.5496            1
2024 02 08 30.3513 31.2756 30.8620      0.8268       0.8268    0.5632            1
2024 02 09 29.9986 30.9234 30.5106      0.4732       0.4732    0.5771            1
2024 02 10 30.3591 31.2844 30.8725      0.8328       0.8328    0.5912            1
2024 02 11 29.9945 30.9202 30.5092      0.4672       0.4672    0.6055            1
2024 02 12 30.3666 31.2927 30.8826      0.8382       0.8382    0.6200            1
2024 02 13 29.9913 30.9177 30.5086      0.4618       0.4618    0.6348            1
2024 02 14 30.3739 31.3007 30.8924      0.8433       0.8433    0.6498            1
2024 02 15 29.9885 30.9156 30.5083      0.4567       0.4567    0.6650            1
2024 02 16 30.3808 31.3081 30.9018      0.8478       0.8478    0.6805            1
2024 02 17 29.9865 30.9140 30.5087      0.4522       0.4522    0.6962            1
2024 02 18 30.3875 31.3152 30.9108      0.8519       0.8519    0.7121            1
2024 02 19 29.9850 30.9129 30.5096      0.4481       0.4481    0.7283            1
2024 02 20 30.3938 31.3218 30.9195      0.8555       0.8555    0.7447            1
2024 02 21 29.9842 30.9123 30.5110      0.4445       0.4445    0.7613            1
2024 02 22 30.3998 31.3279 30.9277      0.8586       0.8586    0.7781            1
2024 02 23 29.9841 30.9122 30.5131      0.4414       0.4414    0.7951            1
2024 02 24 30.4055 31.3335 30.9355      0.8612       0.8612    0.8124            1
2024 02 25 29.9847 30.9126 30.5157      0.4388       0.4388    0.8299            1
2024 02 26 30.4108 31.3386 30.9428      0.8633       0.8633    0.8476            1
2024 02 27 29.9859 30.9135 30.5189      0.4367       0.4367    0.8655            1
2024 02 28 30.4158 31.3433 30.9497      0.8649       0.8649    0.8836            1
2024 02 29 29.9878 30.9150 30.5226      0.4351       0.4351    0.9020            1
2024 03 01 30.4206 31.3475 30.9563      0.8661       0.8661    0.9205            1
2024 03 02 29.9902 30.9168 30.5268      0.4339       0.4339    0.9393            1
2024 03 03 30.4250 31.3512 30.9624      0.8668       0.8668    0.9583            1
2024 03 04 29.9933 30.9192 30.5316      0.4332       0.4332    0.9774            1
2024 03 05 30.4290 31.3545 30.9681      0.8670       0.8670    0.9968            1
2024 03 06 29.9970 30.9220 30.5368      0.4330       0.4330    1.0163            2
2024 03 07 30.4328 31.3573 30.9734      0.8668       0.8668    1.0361            2
2024 03 08 30.0013 30.9252 30.5426      0.4332       0.4332    1.0560            2
2024 03 09 30.4362 31.3596 30.9782      0.8661       0.8661    1.0761            2
2024 03 10 30.0062 30.9289 30.5488      0.4339       0.4339    1.0964            2
2024 03 11 30.4394 31.3615 30.9827      0.8650       0.8650    1.1168            2
2024 03 12 30.0116 30.9330 30.5555      0.4350       0.4350    1.1375            2
2024 03 13 30.4423 31.3630 30.9867      0.8635       0.8635    1.1582            2
2024 03 14 30.0175 30.9375 30.5625      0.4365       0.4365    1.1792            2
2024 03 15 30.4448 31.3640 30.9903      0.8615       0.8615    1.2003            2
2024 03 16 30.0241 30.9425 30.5701      0.4385       0.4385    1.2215            2
2024 03 17 30.4471 31.3646 30.9936      0.8592       0.8592    1.2429            2
2024 03 18 30.0311 30.9477 30.5780      0.4408       0.4408    1.2644            2
2024 03 19 30.4491 31.3648 30.9965      0.8565       0.8565    1.2861            2
2024 03 20 30.0385 30.9533 30.5862      0.4435       0.4435    1.3079            2
2024 03 21 30.4509 31.3646 30.9989      0.8534       0.8534    1.3298            2
2024 03 22 30.0465 30.9593 30.5949      0.4466       0.4466    1.3518            2
2024 03 23 30.4524 31.3641 31.0011      0.8500       0.8500    1.3739            2
2024 03 24 30.0549 30.9655 30.6038      0.4500       0.4500    1.3961            2
2024 03 25 30.4537 31.3632 31.0029      0.8463       0.8463    1.4184            2
2024 03 26 30.0637 30.9720 30.6131      0.4537       0.4537    1.4408            2
2024 03 27 30.4548 31.3619 31.0044      0.8423       0.8423    1.4633            2
2024 03 28 30.0728 30.9787 30.6225      0.4577       0.4577    1.4859            2
2024 03 29 30.4558 31.3605 31.0057      0.8381       0.8381    1.5085            2
2024 03 30 30.0823 30.9856 30.6322      0.4619       0.4619    1.5312            2
2024 03 31 30.4565 31.3585 31.0065      0.8335       0.8335    1.5539            2
2024 04 01 30.0922 30.9929 30.6422      0.4665       0.4665    1.5767            2
2024 04 02 30.4572 31.3565 31.0072      0.8288       0.8288    1.5995            2
2024 04 03 30.1023 31.0002 30.6522      0.4712       0.4712    1.6223            2
2024 04 04 30.4576 31.3540 31.0075      0.8238       0.8238    1.6451            2
2024 04 05 30.1127 31.0077 30.6625      0.4762       0.4762    1.6680            2
2024 04 06 30.4579 31.3514 31.0076      0.8187       0.8187    1.6908            2
2024 04 07 30.1233 31.0153 30.6728      0.4813       0.4813    1.7136            2
2024 04 08 30.4581 31.3486 31.0075      0.8134       0.8134    1.7365            2
2024 04 09 30.1341 31.0230 30.6833      0.4866       0.4866    1.7593            2
2024 04 10 30.4582 31.3455 31.0071      0.8079       0.8079    1.7820            2
2024 04 11 30.1452 31.0309 30.6938      0.4921       0.4921    1.8047            2
2024 04 12 30.4583 31.3423 31.0067      0.8024       0.8024    1.8274            2
2024 04 13 30.1563 31.0386 30.7043      0.4976       0.4976    1.8500            2
2024 04 14 30.4582 31.3389 31.0059      0.7967       0.7967    1.8725            2
2024 04 15 30.1676 31.0466 30.7149      0.5033       0.5033    1.8950            2
2024 04 16 30.4581 31.3353 31.0051      0.7910       0.7910    1.9173            2
2024 04 17 30.1790 31.0544 30.7254      0.5090       0.5090    1.9396            2
2024 04 18 30.4581 31.3318 31.0041      0.7853       0.7853    1.9617            2
2024 04 19 30.1903 31.0622 30.7359      0.5147       0.5147    1.9838            2
2024 04 20 30.4580 31.3280 31.0030      0.7795       0.7795    2.0057            2
2024 04 21 30.2018 31.0700 30.7463      0.5205       0.5205    2.0274            2
2024 04 22 30.4578 31.3241 31.0017      0.7737       0.7737    2.0490            2
2024 04 23 30.2133 31.0777 30.7565      0.5263       0.5263    2.0705            2
2024 04 24 30.4577 31.3202 31.0003      0.7679       0.7679    2.0918            2
2024 04 25 30.2247 31.0853 30.7667      0.5321       0.5321    2.1129            2
2024 04 26 30.4576 31.3162 30.9989      0.7621       0.7621    2.1338            2
2024 04 27 30.2362 31.0929 30.7768      0.5379       0.5379    2.1545            2
2024 04 28 30.4575 31.3122 30.9974      0.7564       0.7564    2.1750            2
2024 04 29 30.2475 31.1002 30.7866      0.5436       0.5436    2.1953            2
2024 04 30 30.4575 31.3082 30.9958      0.7508       0.7508    2.2154            2
2024 05 01 30.2587 31.1074 30.7962      0.5492       0.5492    2.2352            2
2024 05 02 30.4576 31.3042 30.9942      0.7453       0.7453    2.2548            2
2024 05 03 30.2698 31.1144 30.8056      0.5547       0.5547    2.2741            2
2024 05 04 30.4577 31.3002 30.9925      0.7398       0.7398    2.2932            2
2024 05 05 30.2809 31.1213 30.8148      0.5602       0.5602    2.3120            2
2024 05 06 30.4579 31.2962 30.9909      0.7345       0.7345    2.3305            2
2024 05 07 30.2917 31.1279 30.8236      0.5655       0.5655    2.3487            2
2024 05 08 30.4582 31.2923 30.9892      0.7293       0.7293    2.3667            2
2024 05 09 30.3023 31.1343 30.8323      0.5707       0.5707    2.3843            2
2024 05 10 30.4586 31.2884 30.9875      0.7243       0.7243    2.4016            2
2024 05 11 30.3127 31.1404 30.8405      0.5757       0.5757    2.4185            2
2024 05 12 30.4590 31.2846 30.9858      0.7194       0.7194    2.4351            2
2024 05 13 30.3229 31.1463 30.8486      0.5806       0.5806    2.4514            2
2024 05 14 30.4595 31.2807 30.9841      0.7146       0.7146    2.4673            2
2024 05 15 30.3329 31.1520 30.8563      0.5854       0.5854    2.4829            2
2024 05 16 30.4601 31.2770 30.9823      0.7100       0.7100    2.4981            2
2024 05 17 30.3427 31.1574 30.8637      0.5900       0.5900    2.5129            2
2024 05 18 30.4609 31.2734 30.9807      0.7057       0.7057    2.5273            2
2024 05 19 30.3521 31.1624 30.8706      0.5943       0.5943    2.5413            2
2024 05 20 30.4617 31.2698 30.9790      0.7014       0.7014    2.5550            2
2024 05 21 30.3614 31.1673 30.8774      0.5986       0.5986    2.5682            2
2024 05 22 30.4626 31.2663 30.9773      0.6974       0.6974    2.5810            2
2024 05 23 30.3703 31.1718 30.8837      0.6026       0.6026    2.5934            2
2024 05 24 30.4637 31.2630 30.9757      0.6936       0.6936    2.6053            2
2024 05 25 30.3789 31.1760 30.8896      0.6064       0.6064    2.6168            2
2024 05 26 30.4647 31.2596 30.9740      0.6899       0.6899    2.6279            2
2024 05 27 30.3872 31.1800 30.8952      0.6101       0.6101    2.6385            2
2024 05 28 30.4659 31.2565 30.9725      0.6865       0.6865    2.6487            2
2024 05 29 30.3952 31.1836 30.9003      0.6135       0.6135    2.6584            2
2024 05 30 30.4672 31.2533 30.9708      0.6832       0.6832    2.6677            2
2024 05 31 30.4030 31.1870 30.9052      0.6168       0.6168    2.6764            2
2024 06 01 30.4684 31.2503 30.9692      0.6801       0.6801    2.6847            2
2024 06 02 30.4104 31.1900 30.9097      0.6199       0.6199    2.6926            2
2024 06 03 30.4698 31.2473 30.9676      0.6772       0.6772    2.6999            2
2024 06 04 30.4175 31.1928 30.9137      0.6228       0.6228    2.7067            2
2024 06 05 30.4713 31.2444 30.9660      0.6745       0.6745    2.7131            2
2024 06 06 30.4243 31.1953 30.9174      0.6255       0.6255    2.7190            2
2024 06 07 30.4727 31.2415 30.9643      0.6719       0.6719    2.7243            2
2024 06 08 30.4308 31.1975 30.9209      0.6281       0.6281    2.7292            2
2024 06 09 30.4741 31.2387 30.9626      0.6695       0.6695    2.7335            2
2024 06 10 30.4370 31.1995 30.9239      0.6305       0.6305    2.7374            2
2024 06 11 30.4756 31.2361 30.9609      0.6673       0.6673    2.7407            2
2024 06 12 30.4428 31.2012 30.9265      0.6327       0.6327    2.7436            2
2024 06 13 30.4771 31.2334 30.9592      0.6652       0.6652    2.7459            2
2024 06 14 30.4484 31.2026 30.9288      0.6348       0.6348    2.7477            2
2024 06 15 30.4785 31.2307 30.9573      0.6632       0.6632    2.7490            2
2024 06 16 30.4538 31.2039 30.9309      0.6368       0.6368    2.7497            2
2024 06 17 30.4800 31.2281 30.9554      0.6614       0.6614    2.7500            2
2024 06 18 30.4587 31.2048 30.9326      0.6386       0.6386    2.7497            2
2024 06 19 30.4813 31.2254 30.9534      0.6596       0.6596    2.7490            2
2024 06 20 30.4636 31.2057 30.9340      0.6404       0.6404    2.7477            2
2024 06 21 30.4826 31.2228 30.9514      0.6580       0.6580    2.7459            2
2024 06 22 30.4680 31.2063 30.9351      0.6420       0.6420    2.7436            2
2024 06 23 30.4838 31.2201 30.9492      0.6564       0.6564    2.7407            2
2024 06 24 30.4723 31.2067 30.9360      0.6436       0.6436    2.7374            2
2024 06 25 30.4849 31.2174 30.9468      0.6549       0.6549    2.7335            2
2024 06 26 30.4763 31.2070 30.9366      0.6451       0.6451    2.7292            2
2024 06 27 30.4859 31.2147 30.9444      0.6535       0.6535    2.7243            2
2024 06 28 30.4800 31.2071 30.9369      0.6465       0.6465    2.7190            2
2024 06 29 30.4867 31.2120 30.9419      0.6521       0.6521    2.7131            2
2024 06 30 30.4836 31.2070 30.9370      0.6479       0.6479    2.7067            2
2024 07 01 30.4874 31.2091 30.9391      0.6507       0.6507    2.6999            2
2024 07 02 30.4869 31.2069 30.9369      0.6493       0.6493    2.6926            2
2024 07 03 30.4878 31.2061 30.9361      0.6493       0.6493    2.6847            2
2024 07 04 30.4901 31.2067 30.9367      0.6507       0.6507    2.6764            2
2024 07 05 30.4881 31.2031 30.9330      0.6479       0.6479    2.6677            2
2024 07 06 30.4931 31.2064 30.9362      0.6521       0.6521    2.6584            2
2024 07 07 30.4882 31.2000 30.9297      0.6465       0.6465    2.6487            2
2024 07 08 30.4959 31.2061 30.9356      0.6535       0.6535    2.6385            2
2024 07 09 30.4881 31.1967 30.9262      0.6451       0.6451    2.6279            2
2024 07 10 30.4985 31.2056 30.9348      0.6549       0.6549    2.6168            2
2024 07 11 30.4878 31.1933 30.9224      0.6436       0.6436    2.6053            2
2024 07 12 30.5011 31.2051 30.9340      0.6564       0.6564    2.5934            2
2024 07 13 30.4871 31.1897 30.9183      0.6420       0.6420    2.5810            2
2024 07 14 30.5035 31.2047 30.9330      0.6580       0.6580    2.5682            2
2024 07 15 30.4862 31.1861 30.9141      0.6404       0.6404    2.5550            2
2024 07 16 30.5057 31.2042 30.9319      0.6596       0.6596    2.5413            2
2024 07 17 30.4850 31.1822 30.9095      0.6386       0.6386    2.5273            2
2024 07 18 30.5080 31.2039 30.9309      0.6614       0.6614    2.5129            2
2024 07 19 30.4835 31.1781 30.9048      0.6368       0.6368    2.4981            2
2024 07 20 30.5100 31.2034 30.9296      0.6632       0.6632    2.4829            2
2024 07 21 30.4817 31.1739 30.8996      0.6348       0.6348    2.4673            2
2024 07 22 30.5121 31.2031 30.9284      0.6652       0.6652    2.4514            2
2024 07 23 30.4795 31.1694 30.8943      0.6327       0.6327    2.4351            2
2024 07 24 30.5141 31.2028 30.9272      0.6673       0.6673    2.4185            2
2024 07 25 30.4771 31.1648 30.8886      0.6305       0.6305    2.4016            2
2024 07 26 30.5159 31.2026 30.9259      0.6695       0.6695    2.3843            2
2024 07 27 30.4743 31.1599 30.8827      0.6281       0.6281    2.3667            2
2024 07 28 30.5178 31.2025 30.9246      0.6719       0.6719    2.3487            2
2024 07 29 30.4711 31.1548 30.8764      0.6255       0.6255    2.3305            2
2024 07 30 30.5197 31.2025 30.9234      0.6745       0.6745    2.3120            2
2024 07 31 30.4676 31.1495 30.8698      0.6228       0.6228    2.2932            2
2024 08 01 30.5215 31.2026 30.9222      0.6772       0.6772    2.2741            2
2024 08 02 30.4636 31.1440 30.8629      0.6199       0.6199    2.2548            2
2024 08 03 30.5233 31.2028 30.9211      0.6801       0.6801    2.2352            2
2024 08 04 30.4593 31.1382 30.8557      0.6168       0.6168    2.2154            2
2024 08 05 30.5251 31.2032 30.9200      0.6832       0.6832    2.1953            2
2024 08 06 30.4547 31.1321 30.8481      0.6135       0.6135    2.1750            2
2024 08 07 30.5269 31.2037 30.9189      0.6865       0.6865    2.1545            2
2024 08 08 30.4497 31.1259 30.8403      0.6101       0.6101    2.1338            2
2024 08 09 30.5286 31.2043 30.9179      0.6899       0.6899    2.1129            2
2024 08 10 30.4442 31.1194 30.8322      0.6064       0.6064    2.0918            2
2024 08 11 30.5305 31.2052 30.9171      0.6936       0.6936    2.0705            2
2024 08 12 30.4385 31.1128 30.8238      0.6026       0.6026    2.0490            2
2024 08 13 30.5322 31.2061 30.9162      0.6974       0.6974    2.0274            2
2024 08 14 30.4323 31.1059 30.8150      0.5986       0.5986    2.0057            2
2024 08 15 30.5340 31.2072 30.9155      0.7014       0.7014    1.9838            2
2024 08 16 30.4257 31.0986 30.8059      0.5943       0.5943    1.9617            2
2024 08 17 30.5359 31.2086 30.9149      0.7057       0.7057    1.9396            2
2024 08 18 30.4189 31.0914 30.7967      0.5900       0.5900    1.9173            2
2024 08 19 30.5376 31.2099 30.9143      0.7100       0.7100    1.8950            2
2024 08 20 30.4117 31.0838 30.7871      0.5854       0.5854    1.8725            2
2024 08 21 30.5395 31.2115 30.9138      0.7146       0.7146    1.8500            2
2024 08 22 30.4041 31.0760 30.7773      0.5806       0.5806    1.8274            2
2024 08 23 30.5414 31.2133 30.9135      0.7194       0.7194    1.8047            2
2024 08 24 30.3962 31.0681 30.7672      0.5757       0.5757    1.7820            2
2024 08 25 30.5432 31.2152 30.9132      0.7243       0.7243    1.7593            2
2024 08 26 30.3880 31.0601 30.7570      0.5707       0.5707    1.7365            2
2024 08 27 30.5450 31.2172 30.9130      0.7293       0.7293    1.7136            2
2024 08 28 30.3795 31.0519 30.7465      0.5655       0.5655    1.6908            2
2024 08 29 30.5468 31.2193 30.9129      0.7345       0.7345    1.6680            2
2024 08 30 30.3707 31.0435 30.7359      0.5602       0.5602    1.6451            2
2024 08 31 30.5485 31.2216 30.9128      0.7398       0.7398    1.6223            2
2024 09 01 30.3616 31.0350 30.7250      0.5547       0.5547    1.5995            2
2024 09 02 30.5503 31.2241 30.9129      0.7453       0.7453    1.5767            2
2024 09 03 30.3523 31.0264 30.7140      0.5492       0.5492    1.5539            2
2024 09 04 30.5520 31.2265 30.9129      0.7508       0.7508    1.5312            2
2024 09 05 30.3428 31.0178 30.7030      0.5436       0.5436    1.5085            2
2024 09 06 30.5536 31.2291 30.9130      0.7564       0.7564    1.4859            2
2024 09 07 30.3330 31.0091 30.6917      0.5379       0.5379    1.4633            2
2024 09 08 30.5552 31.2318 30.9132      0.7621       0.7621    1.4408            2
2024 09 09 30.3230 31.0003 30.6804      0.5321       0.5321    1.4184            2
2024 09 10 30.5567 31.2346 30.9134      0.7679       0.7679    1.3961            2
2024 09 11 30.3129 30.9915 30.6690      0.5263       0.5263    1.3739            2
2024 09 12 30.5581 31.2374 30.9137      0.7737       0.7737    1.3518            2
2024 09 13 30.3027 30.9827 30.6577      0.5205       0.5205    1.3298            2
2024 09 14 30.5594 31.2402 30.9139      0.7795       0.7795    1.3079            2
2024 09 15 30.2923 30.9739 30.6463      0.5147       0.5147    1.2861            2
2024 09 16 30.5606 31.2431 30.9141      0.7853       0.7853    1.2644            2
2024 09 17 30.2819 30.9653 30.6350      0.5090       0.5090    1.2429            2
2024 09 18 30.5616 31.2459 30.9142      0.7910       0.7910    1.2215            2
2024 09 19 30.2715 30.9567 30.6238      0.5033       0.5033    1.2003            2
2024 09 20 30.5624 31.2487 30.9144      0.7967       0.7967    1.1792            2
2024 09 21 30.2609 30.9481 30.6125      0.4976       0.4976    1.1582            2
2024 09 22 30.5632 31.2515 30.9145      0.8024       0.8024    1.1375            2
2024 09 23 30.2504 30.9398 30.6015      0.4921       0.4921    1.1168            2
2024 09 24 30.5637 31.2542 30.9145      0.8079       0.8079    1.0964            2
2024 09 25 30.2398 30.9315 30.5904      0.4866       0.4866    1.0761            2
2024 09 26 30.5641 31.2570 30.9145      0.8134       0.8134    1.0560            2
2024 09 27 30.2294 30.9235 30.5797      0.4813       0.4813    1.0361            2
2024 09 28 30.5642 31.2595 30.9143      0.8187       0.8187    1.0163            2
2024 09 29 30.2190 30.9157 30.5691      0.4762       0.4762    0.9968            1
2024 09 30 30.5640 31.2620 30.9140      0.8238       0.8238    0.9774            1
2024 10 01 30.2087 30.9080 30.5587      0.4712       0.4712    0.9583            1
2024 10 02 30.5636 31.2643 30.9136      0.8288       0.8288    0.9393            1
2024 10 03 30.1986 30.9007 30.5487      0.4665       0.4665    0.9205            1
2024 10 04 30.5629 31.2665 30.9130      0.8335       0.8335    0.9020            1
2024 10 05 30.1886 30.8936 30.5388      0.4619       0.4619    0.8836            1
2024 10 06 30.5621 31.2686 30.9124      0.8381       0.8381    0.8655            1
2024 10 07 30.1789 30.8869 30.5294      0.4577       0.4577    0.8476            1
2024 10 08 30.5608 31.2703 30.9114      0.8423       0.8423    0.8299            1
2024 10 09 30.1694 30.8805 30.5202      0.4537       0.4537    0.8124            1
2024 10 10 30.5592 31.2719 30.9103      0.8463       0.8463    0.7951            1
2024 10 11 30.1601 30.8744 30.5115      0.4500       0.4500    0.7781            1
2024 10 12 30.5573 31.2733 30.9089      0.8500       0.8500    0.7613            1
2024 10 13 30.1511 30.8688 30.5031      0.4466       0.4466    0.7447            1
2024 10 14 30.5551 31.2744 30.9074      0.8534       0.8534    0.7283            1
2024 10 15 30.1424 30.8634 30.4951      0.4435       0.4435    0.7121            1
2024 10 16 30.5526 31.2754 30.9056      0.8565       0.8565    0.6962            1
2024 10 17 30.1340 30.8586 30.4876      0.4408       0.4408    0.6805            1
2024 10 18 30.5496 31.2759 30.9036      0.8592       0.8592    0.6650            1
2024 10 19 30.1261 30.8542 30.4805      0.4385       0.4385    0.6498            1
2024 10 20 30.5462 31.2762 30.9012      0.8615       0.8615    0.6348            1
2024 10 21 30.1184 30.8502 30.4739      0.4365       0.4365    0.6200            1
2024 10 22 30.5426 31.2763 30.8987      0.8635       0.8635    0.6055            1
2024 10 23 30.1112 30.8468 30.4680      0.4350       0.4350    0.5912            1
2024 10 24 30.5384 31.2759 30.8958      0.8650       0.8650    0.5771            1
2024 10 25 30.1045 30.8439 30.4625      0.4339       0.4339    0.5632            1
2024 10 26 30.5338 31.2752 30.8925      0.8661       0.8661    0.5496            1
2024 10 27 30.0981 30.8414 30.4575      0.4332       0.4332    0.5362            1
2024 10 28 30.5289 31.2742 30.8890      0.8668       0.8668    0.5230            1
2024 10 29 30.0923 30.8396 30.4532      0.4330       0.4330    0.5101            1
2024 10 30 30.5235 31.2728 30.8852      0.8670       0.8670    0.4974            1
2024 10 31 30.0869 30.8382 30.4494      0.4332       0.4332    0.4849            1
2024 11 01 30.5177 31.2711 30.8811      0.8668       0.8668    0.4726            1
2024 11 02 30.0820 30.8374 30.4462      0.4339       0.4339    0.4606            1
2024 11 03 30.5114 31.2689 30.8766      0.8661       0.8661    0.4488            1
2024 11 04 30.0776 30.8372 30.4437      0.4351       0.4351    0.4372            1
2024 11 05 30.5047 31.2664 30.8717      0.8649       0.8649    0.4258            1
2024 11 06 30.0737 30.8375 30.4418      0.4367       0.4367    0.4147            1
2024 11 07 30.4976 31.2635 30.8666      0.8633       0.8633    0.4037            1
2024 11 08 30.0704 30.8384 30.4404      0.4388       0.4388    0.3930            1
2024 11 09 30.4901 31.2603 30.8612      0.8612       0.8612    0.3825            1
2024 11 10 30.0676 30.8399 30.4398      0.4414       0.4414    0.3722            1
2024 11 11 30.4822 31.2566 30.8554      0.8586       0.8586    0.3621            1
2024 11 12 30.0654 30.8420 30.4397      0.4445       0.4445    0.3522            1
2024 11 13 30.4738 31.2526 30.8492      0.8555       0.8555    0.3425            1
2024 11 14 30.0638 30.8447 30.4404      0.4481       0.4481    0.3330            1
2024 11 15 30.4650 31.2481 30.8428      0.8519       0.8519    0.3238            1
2024 11 16 30.0627 30.8480 30.4417      0.4522       0.4522    0.3147            1
2024 11 17 30.4558 31.2433 30.8360      0.8478       0.8478    0.3058            1
2024 11 18 30.0621 30.8518 30.4436      0.4567       0.4567    0.2971            1
2024 11 19 30.4462 31.2381 30.8289      0.8433       0.8433    0.2886            1
2024 11 20 30.0622 30.8563 30.4462      0.4618       0.4618    0.2803            1
2024 11 21 30.4362 31.2325 30.8215      0.8382       0.8382    0.2722            1
2024 11 22 30.0627 30.8612 30.4493      0.4672       0.4672    0.2643            1
2024 11 23 30.4259 31.2266 30.8139      0.8328       0.8328    0.2566            1
2024 11 24 30.0639 30.8668 30.4532      0.4732       0.4732    0.2490            1
2024 11 25 30.4152 31.2203 30.8059      0.8268       0.8268    0.2416            1
2024 11 26 30.0657 30.8729 30.4577      0.4796       0.4796    0.2344            1
2024 11 27 30.4042 31.2136 30.7976      0.8204       0.8204    0.2273            1
2024 11 28 30.0679 30.8795 30.4628      0.4864       0.4864    0.2205            1
2024 11 29 30.3928 31.2067 30.7892      0.8136       0.8136    0.2138            1
2024 11 30 30.0707 30.8867 30.4685      0.4937       0.4937    0.2072            1
2024 12 01 30.3812 31.1993 30.7804      0.8063       0.8063    0.2009            1
2024 12 02 30.0740 30.8944 30.4747      0.5013       0.5013    0.1947            1
2024 12 03 30.3693 31.1918 30.7715      0.7987       0.7987    0.1886            1
2024 12 04 30.0779 30.9026 30.4817      0.5094       0.5094    0.1827            1
2024 12 05 30.3570 31.1839 30.7623      0.7906       0.7906    0.1769            1
2024 12 06 30.0822 30.9112 30.4891      0.5178       0.5178    0.1713            1
2024 12 07 30.3446 31.1758 30.7530      0.7822       0.7822    0.1659            1
2024 12 08 30.0870 30.9203 30.4969      0.5265       0.5265    0.1606            1
2024 12 09 30.3321 31.1675 30.7436      0.7735       0.7735    0.1554            1
2024 12 10 30.0923 30.9298 30.5054      0.5356       0.5356    0.1504            1
2024 12 11 30.3193 31.1588 30.7340      0.7644       0.7644    0.1455            1
2024 12 12 30.0981 30.9397 30.5144      0.5450       0.5450    0.1407            1
2024 12 13 30.3063 31.1500 30.7242      0.7550       0.7550    0.1361            1
2024 12 14 30.1043 30.9501 30.5239      0.5547       0.5547    0.1315            1
2024 12 15 30.2932 31.1410 30.7144      0.7453       0.7453    0.1272            1
2024 12 16 30.1108 30.9607 30.5337      0.5646       0.5646    0.1229            1
2024 12 17 30.2800 31.1319 30.7046      0.7354       0.7354    0.1188            1
2024 12 18 30.1179 30.9718 30.5440      0.5748       0.5748    0.1148            1
2024 12 19 30.2667 31.1226 30.6946      0.7252       0.7252    0.1108            1
2024 12 20 30.1251 30.9830 30.5547      0.5851       0.5851    0.1071            1
2024 12 21 30.2535 31.1133 30.6847      0.7149       0.7149    0.1034            1
2024 12 22 30.1329 30.9946 30.5658      0.5957       0.5957    0.0998            1
2024 12 23 30.2401 31.1038 30.6747      0.7043       0.7043    0.0963            1
2024 12 24 30.1409 31.0065 30.5772      0.6064       0.6064    0.0930            1
2024 12 25 30.2268 31.0943 30.6649      0.6936       0.6936    0.0897            1
2024 12 26 30.1492 31.0185 30.5889      0.6172       0.6172    0.0865            1
2024 12 27 30.2136 31.0848 30.6551      0.6828       0.6828    0.0835            1
2024 12 28 30.1578 31.0307 30.6009      0.6281       0.6281    0.0805            1
2024 12 29 30.2005 31.0752 30.6453      0.6719       0.6719    0.0776            1
2024 12 30 30.1665 31.0431 30.6131      0.6390       0.6390    0.0748            1
2024 12 31 30.1875 31.0658 30.6358      0.6610       0.6610    0.0721            1
2025 01 01 30.2054 31.0854 30.6554      0.6800       0.6800    0.2454            1
2025 01 02 30.2045 31.0862 30.6562      0.6800       0.6800    0.2532            1
2025 01 03 30.2146 31.0980 30.6681      0.6910       0.6910    0.2612            1
2025 01 04 30.1918 31.0768 30.6469      0.6690       0.6690    0.2694            1
2025 01 05 30.2240 31.1107 30.6809      0.7020       0.7020    0.2778            1
2025 01 06 30.1793 31.0676 30.6379      0.6580       0.6580    0.2864            1
2025 01 07 30.2335 31.1233 30.6938      0.7129       0.7129    0.2952            1
2025 01 08 30.1670 31.0585 30.6290      0.6471       0.6471    0.3042            1
2025 01 09 30.2430 31.1360 30.7068      0.7237       0.7237    0.3135            1
2025 01 10 30.1551 31.0496 30.6205      0.6363       0.6363    0.3229            1
2025 01 11 30.2528 31.1487 30.7199      0.7345       0.7345    0.3326            1
2025 01 12 30.1433 31.0407 30.6122      0.6255       0.6255    0.3425            1
2025 01 13 30.2624 31.1612 30.7329      0.7450       0.7450    0.3527            1
2025 01 14 30.1321 31.0323 30.6043      0.6150       0.6150    0.3630            1
2025 01 15 30.2722 31.1737 30.7460      0.7554       0.7554    0.3736            1
2025 01 16 30.1211 31.0240 30.5967      0.6046       0.6046    0.3845            1
2025 01 17 30.2819 31.1861 30.7591      0.7656       0.7656    0.3956            1
2025 01 18 30.1106 31.0160 30.5894      0.5944       0.5944    0.4069            1
2025 01 19 30.2915 31.1982 30.7720      0.7755       0.7755    0.4185            1
2025 01 20 30.1005 31.0084 30.5826      0.5845       0.5845    0.4303            1
2025 01 21 30.3012 31.2102 30.7849      0.7852       0.7852    0.4424            1
2025 01 22 30.0908 31.0010 30.5762      0.5748       0.5748    0.4547            1
2025 01 23 30.3107 31.2220 30.7977      0.7946       0.7946    0.4673            1
2025 01 24 30.0816 30.9940 30.5702      0.5654       0.5654    0.4802            1
2025 01 25 30.3201 31.2335 30.8103      0.8037       0.8037    0.4933            1
2025 01 26 30.0730 30.9874 30.5647      0.5563       0.5563    0.5066            1
2025 01 27 30.3294 31.2448 30.8227      0.8125       0.8125    0.5203            1
2025 01 28 30.0648 30.9811 30.5596      0.5475       0.5475    0.5342            1
2025 01 29 30.3386 31.2558 30.8349      0.8209       0.8209    0.5483            1
2025 01 30 30.0572 30.9753 30.5551      0.5391       0.5391    0.5628            1
2025 01 31 30.3476 31.2665 30.8469      0.8290       0.8290    0.5775            1
2025 02 01 30.0501 30.9698 30.5510      0.5310       0.5310    0.5925            1
2025 02 02 30.3564 31.2769 30.8587      0.8367       0.8367    0.6077            1
2025 02 03 30.0436 30.9648 30.5474      0.5233       0.5233    0.6233            1
2025 02 04 30.3649 31.2868 30.8701      0.8439       0.8439    0.6391            1
2025 02 05 30.0378 30.9604 30.5444      0.5161       0.5161    0.6552            1
2025 02 06 30.3731 31.2963 30.8812      0.8507       0.8507    0.6715            1
2025 02 07 30.0325 30.9563 30.5420      0.5093       0.5093    0.6882            1
2025 02 08 30.3812 31.3055 30.8921      0.8571       0.8571    0.7051            1
2025 02 09 30.0279 30.9528 30.5401      0.5029       0.5029    0.7223            1
2025 02 10 30.3891 31.3144 30.9026      0.8631       0.8631    0.7398            1
2025 02 11 30.0239 30.9496 30.5387      0.4969       0.4969    0.7576            1
2025 02 12 30.3965 31.3227 30.9127      0.8685       0.8685    0.7756            1
2025 02 13 30.0206 30.9471 30.5380      0.4915       0.4915    0.7940            1
2025 02 14 30.4038 31.3307 30.9225      0.8736       0.8736    0.8126            1
2025 02 15 30.0178 30.9449 30.5378      0.4864       0.4864    0.8315            1
2025 02 16 30.4107 31.3381 30.9319      0.8781       0.8781    0.8506            1
2025 02 17 30.0158 30.9434 30.5382      0.4819       0.4819    0.8701            1
2025 02 18 30.4173 31.3451 30.9409      0.8821       0.8821    0.8898            1
2025 02 19 30.0145 30.9424 30.5392      0.4779       0.4779    0.9098            1
2025 02 20 30.4237 31.3517 30.9495      0.8857       0.8857    0.9301            1
2025 02 21 30.0137 30.9418 30.5407      0.4743       0.4743    0.9507            1
2025 02 22 30.4297 31.3578 30.9577      0.8888       0.8888    0.9715            1
2025 02 23 30.0136 30.9417 30.5427      0.4712       0.4712    0.9926            1
2025 02 24 30.4354 31.3634 30.9655      0.8914       0.8914    1.0140            2
2025 02 25 30.0142 30.9421 30.5454      0.4686       0.4686    1.0356            2
2025 02 26 30.4406 31.3684 30.9728      0.8934       0.8934    1.0575            2
2025 02 27 30.0155 30.9431 30.5487      0.4666       0.4666    1.0797            2
2025 02 28 30.4458 31.3732 30.9798      0.8951       0.8951    1.1021            2
2025 03 01 30.0173 30.9445 30.5523      0.4649       0.4649    1.1247            2
2025 03 02 30.4504 31.3773 30.9863      0.8962       0.8962    1.1477            2
2025 03 03 30.0199 30.9464 30.5566      0.4638       0.4638    1.1708            2
2025 03 04 30.4547 31.3809 30.9923      0.8968       0.8968    1.1942            2
2025 03 05 30.0231 30.9489 30.5615      0.4632       0.4632    1.2179            2
2025 03 06 30.4588 31.3842 30.9980      0.8970       0.8970    1.2418            2
2025 03 07 30.0268 30.9517 30.5668      0.4630       0.4630    1.2659            2
2025 03 08 30.4625 31.3869 31.0032      0.8967       0.8967    1.2902            2
2025 03 09 30.0312 30.9550 30.5726      0.4633       0.4633    1.3148            2
2025 03 10 30.4660 31.3892 31.0081      0.8960       0.8960    1.3396            2
2025 03 11 30.0361 30.9587 30.5788      0.4640       0.4640    1.3646            2
2025 03 12 30.4691 31.3911 31.0125      0.8949       0.8949    1.3898            2
2025 03 13 30.0415 30.9628 30.5855      0.4651       0.4651    1.4152            2
2025 03 14 30.4720 31.3925 31.0165      0.8933       0.8933    1.4407            2
2025 03 15 30.0476 30.9674 30.5927      0.4667       0.4667    1.4665            2
2025 03 16 30.4745 31.3935 31.0201      0.8913       0.8913    1.4925            2
2025 03 17 30.0542 30.9724 30.6003      0.4687       0.4687    1.5186            2
2025 03 18 30.4767 31.3941 31.0233      0.8889       0.8889    1.5449            2
2025 03 19 30.0613 30.9777 30.6083      0.4711       0.4711    1.5714            2
2025 03 20 30.4788 31.3943 31.0262      0.8862       0.8862    1.5980            2
2025 03 21 30.0688 30.9833 30.6166      0.4738       0.4738    1.6247            2
2025 03 22 30.4805 31.3941 31.0287      0.8831       0.8831    1.6516            2
2025 03 23 30.0768 30.9893 30.6253      0.4769       0.4769    1.6787            2
2025 03 24 30.4820 31.3934 31.0307      0.8796       0.8796    1.7058            2
2025 03 25 30.0853 30.9956 30.6343      0.4804       0.4804    1.7331            2
2025 03 26 30.4834 31.3925 31.0326      0.8759       0.8759    1.7605            2
2025 03 27 30.0941 31.0021 30.6435      0.4841       0.4841    1.7879            2
2025 03 28 30.4844 31.3912 31.0340      0.8718       0.8718    1.8155            2
2025 03 29 30.1034 31.0090 30.6531      0.4882       0.4882    1.8431            2
2025 03 30 30.4853 31.3896 31.0352      0.8675       0.8675    1.8708            2
2025 03 31 30.1130 31.0160 30.6629      0.4925       0.4925    1.8986            2
2025 04 01 30.4861 31.3878 31.0361      0.8630       0.8630    1.9264            2
2025 04 02 30.1228 31.0231 30.6728      0.4970       0.4970    1.9542            2
2025 04 03 30.4867 31.3856 31.0367      0.8582       0.8582    1.9821            2
2025 04 04 30.1330 31.0305 30.6829      0.5018       0.5018    2.0100            2
2025 04 05 30.4871 31.3832 31.0370      0.8532       0.8532    2.0379            2
2025 04 06 30.1435 31.0381 30.6932      0.5068       0.5068    2.0659            2
2025 04 07 30.4874 31.3805 31.0371      0.8480       0.8480    2.0938            2
2025 04 08 30.1542 31.0458 30.7037      0.5120       0.5120    2.1216            2
2025 04 09 30.4876 31.3777 31.0370      0.8427       0.8427    2.1495            2
2025 04 10 30.1650 31.0535 30.7141      0.5173       0.5173    2.1773            2
2025 04 11 30.4877 31.3746 31.0366      0.8372       0.8372    2.2051            2
2025 04 12 30.1761 31.0614 30.7247      0.5228       0.5228    2.2327            2
2025 04 13 30.4877 31.3713 31.0360      0.8316       0.8316    2.2604            2
2025 04 14 30.1874 31.0693 30.7353      0.5284       0.5284    2.2879            2
2025 04 15 30.4877 31.3679 31.0353      0.8259       0.8259    2.3153            2
2025 04 16 30.1987 31.0772 30.7459      0.5341       0.5341    2.3426            2
2025 04 17 30.4877 31.3644 31.0345      0.8202       0.8202    2.3698            2
2025 04 18 30.2101 31.0850 30.7565      0.5398       0.5398    2.3969            2
2025 04 19 30.4876 31.3607 31.0334      0.8144       0.8144    2.4238            2
2025 04 20 30.2216 31.0929 30.7670      0.5456       0.5456    2.4505            2
2025 04 21 30.4875 31.3569 31.0323      0.8086       0.8086    2.4771            2
2025 04 22 30.2331 31.1007 30.7774      0.5514       0.5514    2.5035            2
2025 04 23 30.4874 31.3531 31.0310      0.8028       0.8028    2.5297            2
2025 04 24 30.2446 31.1084 30.7877      0.5572       0.5572    2.5557            2
2025 04 25 30.4873 31.3491 31.0297      0.7970       0.7970    2.5815            2
2025 04 26 30.2561 31.1161 30.7979      0.5630       0.5630    2.6071            2
2025 04 27 30.4871 31.3451 31.0282      0.7912       0.7912    2.6324            2
2025 04 28 30.2676 31.1236 30.8079      0.5688       0.5688    2.6575            2
2025 04 29 30.4871 31.3411 31.0267      0.7855       0.7855    2.6823            2
2025 04 30 30.2789 31.1310 30.8177      0.5745       0.5745    2.7068            2
2025 05 01 30.4872 31.3372 31.0252      0.7799       0.7799    2.7310            2
2025 05 02 30.2902 31.1381 30.8273      0.5801       0.5801    2.7550            2
2025 05 03 30.4872 31.3331 31.0235      0.7743       0.7743    2.7786            2
2025 05 04 30.3014 31.1452 30.8368      0.5857       0.5857    2.8019            2
2025 05 05 30.4874 31.3291 31.0219      0.7689       0.7689    2.8249            2
2025 05 06 30.3123 31.1520 30.8459      0.5911       0.5911    2.8475            2
2025 05 07 30.4876 31.3252 31.0202      0.7636       0.7636    2.8697            2
2025 05 08 30.3231 31.1586 30.8548      0.5964       0.5964    2.8916            2
2025 05 09 30.4879 31.3212 31.0185      0.7584       0.7584    2.9131            2
2025 05 10 30.3338 31.1650 30.8634      0.6016       0.6016    2.9343            2
2025 05 11 30.4883 31.3174 31.0169      0.7534       0.7534    2.9550            2
2025 05 12 30.3442 31.1711 30.8717      0.6066       0.6066    2.9753            2
2025 05 13 30.4888 31.3135 31.0152      0.7485       0.7485    2.9952            2
2025 05 14 30.3544 31.1770 30.8797      0.6115       0.6115    3.0146            2
2025 05 15 30.4894 31.3098 31.0135      0.7438       0.7438    3.0336            2
2025 05 16 30.3644 31.1826 30.8873      0.6162       0.6162    3.0522            2
2025 05 17 30.4900 31.3061 31.0118      0.7392       0.7392    3.0703            2
2025 05 18 30.3742 31.1880 30.8947      0.6208       0.6208    3.0879            2
2025 05 19 30.4907 31.3024 31.0101      0.7348       0.7348    3.1051            2
2025 05 20 30.3837 31.1931 30.9017      0.6252       0.6252    3.1217            2
2025 05 21 30.4917 31.2990 31.0085      0.7307       0.7307    3.1379            2
2025 05 22 30.3928 31.1979 30.9083      0.6293       0.6293    3.1535            2
2025 05 23 30.4926 31.2955 31.0068      0.7267       0.7267    3.1686            2
2025 05 24 30.4017 31.2024 30.9146      0.6333       0.6333    3.1832            2
2025 05 25 30.4936 31.2921 31.0051      0.7228       0.7228    3.1973            2
2025 05 26 30.4104 31.2066 30.9205      0.6372       0.6372    3.2108            2
2025 05 27 30.4947 31.2888 31.0035      0.7192       0.7192    3.2238            2
2025 05 28 30.4187 31.2105 30.9261      0.6408       0.6408    3.2362            2
2025 05 29 30.4960 31.2856 31.0019      0.7158       0.7158    3.2481            2
2025 05 30 30.4267 31.2141 30.9312      0.6442       0.6442    3.2594            2
2025 05 31 30.4973 31.2826 31.0004      0.7126       0.7126    3.2701            2
2025 06 01 30.4343 31.2174 30.9359      0.6474       0.6474    3.2803            2
2025 06 02 30.4986 31.2795 30.9987      0.7095       0.7095    3.2898            2
2025 06 03 30.4418 31.2205 30.9404      0.6505       0.6505    3.2988            2
2025 06 04 30.5000 31.2765 30.9971      0.7066       0.7066    3.3071            2
2025 06 05 30.4489 31.2233 30.9445      0.6534       0.6534    3.3149            2
2025 06 06 30.5014 31.2737 30.9955      0.7039       0.7039    3.3221            2
2025 06 07 30.4556 31.2257 30.9481      0.6561       0.6561    3.3286            2
2025 06 08 30.5029 31.2709 30.9939      0.7014       0.7014    3.3346            2
2025 06 09 30.4621 31.2279 30.9514      0.6586       0.6586    3.3399            2
2025 06 10 30.5044 31.2681 30.9922      0.6990       0.6990    3.3446            2
2025 06 11 30.4683 31.2299 30.9544      0.6610       0.6610    3.3487            2
2025 06 12 30.5059 31.2654 30.9905      0.6968       0.6968    3.3521            2
2025 06 13 30.4741 31.2315 30.9570      0.6632       0.6632    3.3550            2
2025 06 14 30.5074 31.2627 30.9887      0.6947       0.6947    3.3572            2
2025 06 15 30.4797 31.2330 30.9594      0.6653       0.6653    3.3587            2
2025 06 16 30.5089 31.2601 30.9869      0.6928       0.6928    3.3597            2
2025 06 17 30.4849 31.2341 30.9613      0.6672       0.6672    3.3600            2
2025 06 18 30.5103 31.2575 30.9850      0.6910       0.6910    3.3597            2
2025 06 19 30.4899 31.2351 30.9629      0.6690       0.6690    3.3587            2
2025 06 20 30.5116 31.2548 30.9830      0.6892       0.6892    3.3572            2
2025 06 21 30.4947 31.2359 30.9644      0.6708       0.6708    3.3550            2
2025 06 22 30.5129 31.2522 30.9809      0.6876       0.6876    3.3521            2
2025 06 23 30.4991 31.2365 30.9654      0.6724       0.6724    3.3487            2
2025 06 24 30.5142 31.2496 30.9788      0.6861       0.6861    3.3446            2
2025 06 25 30.5033 31.2368 30.9662      0.6739       0.6739    3.3399            2
2025 06 26 30.5153 31.2469 30.9764      0.6846       0.6846    3.3346            2
2025 06 27 30.5073 31.2371 30.9667      0.6754       0.6754    3.3286            2
2025 06 28 30.5161 31.2441 30.9739      0.6831       0.6831    3.3221            2
2025 06 29 30.5111 31.2372 30.9671      0.6769       0.6769    3.3149            2
2025 06 30 30.5170 31.2413 30.9713      0.6817       0.6817    3.3071            2
2025 07 01 30.5146 31.2372 30.9672      0.6783       0.6783    3.2988            2
2025 07 02 30.5176 31.2385 30.9685      0.6803       0.6803    3.2898            2
2025 07 03 30.5180 31.2371 30.9671      0.6797       0.6797    3.2803            2
2025 07 04 30.5182 31.2356 30.9656      0.6790       0.6790    3.2701            2
2025 07 05 30.5210 31.2368 30.9667      0.6810       0.6810    3.2594            2
2025 07 06 30.5184 31.2325 30.9624      0.6776       0.6776    3.2481            2
2025 07 07 30.5240 31.2365 30.9662      0.6824       0.6824    3.2362            2
2025 07 08 30.5185 31.2294 30.9590      0.6762       0.6762    3.2238            2
2025 07 09 30.5268 31.2361 30.9656      0.6838       0.6838    3.2108            2
2025 07 10 30.5183 31.2261 30.9554      0.6747       0.6747    3.1973            2
2025 07 11 30.5295 31.2357 30.9649      0.6853       0.6853    3.1832            2
2025 07 12 30.5179 31.2227 30.9516      0.6732       0.6732    3.1686            2
2025 07 13 30.5320 31.2353 30.9640      0.6868       0.6868    3.1535            2
2025 07 14 30.5172 31.2191 30.9475      0.6716       0.6716    3.1379            2
2025 07 15 30.5344 31.2348 30.9630      0.6884       0.6884    3.1217            2
2025 07 16 30.5162 31.2153 30.9432      0.6699       0.6699    3.1051            2
2025 07 17 30.5367 31.2344 30.9620      0.6901       0.6901    3.0879            2
2025 07 18 30.5149 31.2114 30.9385      0.6681       0.6681    3.0703            2
2025 07 19 30.5389 31.2341 30.9609      0.6919       0.6919    3.0522            2
2025 07 20 30.5134 31.2073 30.9337      0.6663       0.6663    3.0336            2
2025 07 21 30.5409 31.2336 30.9596      0.6937       0.6937    3.0146            2
2025 07 22 30.5114 31.2030 30.9285      0.6642       0.6642    2.9952            2
2025 07 23 30.5430 31.2334 30.9585      0.6958       0.6958    2.9753            2
2025 07 24 30.5093 31.1985 30.9231      0.6621       0.6621    2.9550            2
2025 07 25 30.5449 31.2331 30.9572      0.6979       0.6979    2.9343            2
2025 07 26 30.5067 31.1938 30.9173      0.6598       0.6598    2.9131            2
2025 07 27 30.5469 31.2329 30.9559      0.7002       0.7002    2.8916            2
2025 07 28 30.5038 31.1889 30.9113      0.6574       0.6574    2.8697            2
2025 07 29 30.5487 31.2328 30.9546      0.7026       0.7026    2.8475            2
2025 07 30 30.5004 31.1837 30.9049      0.6547       0.6547    2.8249            2
2025 07 31 30.5506 31.2330 30.9535      0.7053       0.7053    2.8019            2
2025 08 01 30.4969 31.1784 30.8983      0.6520       0.6520    2.7786            2
2025 08 02 30.5524 31.2330 30.9523      0.7080       0.7080    2.7550            2
2025 08 03 30.4928 31.1727 30.8912      0.6490       0.6490    2.7310            2
2025 08 04 30.5542 31.2334 30.9512      0.7110       0.7110    2.7068            2
2025 08 05 30.4884 31.1668 30.8839      0.6458       0.6458    2.6823            2
2025 08 06 30.5561 31.2338 30.9501      0.7142       0.7142    2.6575            2
2025 08 07 30.4837 31.1608 30.8763      0.6425       0.6425    2.6324            2
2025 08 08 30.5579 31.2344 30.9491      0.7175       0.7175    2.6071            2
2025 08 09 30.4785 31.1545 30.8684      0.6390       0.6390    2.5815            2
2025 08 10 30.5596 31.2351 30.9481      0.7210       0.7210    2.5557            2
2025 08 11 30.4730 31.1479 30.8601      0.6353       0.6353    2.5297            2
2025 08 12 30.5614 31.2359 30.9472      0.7247       0.7247    2.5035            2
2025 08 13 30.4671 31.1412 30.8516      0.6314       0.6314    2.4771            2
2025 08 14 30.5633 31.2369 30.9464      0.7286       0.7286    2.4505            2
2025 08 15 30.4608 31.1342 30.8428      0.6273       0.6273    2.4238            2
2025 08 16 30.5651 31.2381 30.9458      0.7327       0.7327    2.3969            2
2025 08 17 30.4542 31.1269 30.8336      0.6230       0.6230    2.3698            2
2025 08 18 30.5669 31.2395 30.9452      0.7370       0.7370    2.3426            2
2025 08 19 30.4471 31.1195 30.8242      0.6185       0.6185    2.3153            2
2025 08 20 30.5688 31.2410 30.9447      0.7415       0.7415    2.2879            2
2025 08 21 30.4398 31.1119 30.8146      0.6139       0.6139    2.2604            2
2025 08 22 30.5706 31.2426 30.9442      0.7461       0.7461    2.2327            2
2025 08 23 30.4321 31.1041 30.8047      0.6091       0.6091    2.2051            2
2025 08 24 30.5724 31.2444 30.9439      0.7509       0.7509    2.1773            2
2025 08 25 30.4241 31.0961 30.7945      0.6041       0.6041    2.1495            2
2025 08 26 30.5743 31.2464 30.9437      0.7559       0.7559    2.1216            2
2025 08 27 30.4158 31.0879 30.7841      0.5990       0.5990    2.0938            2
2025 08 28 30.5761 31.2484 30.9435      0.7610       0.7610    2.0659            2
2025 08 29 30.4072 31.0797 30.7736      0.5938       0.5938    2.0379            2
2025 08 30 30.5779 31.2506 30.9433      0.7662       0.7662    2.0100            2
2025 08 31 30.3983 31.0713 30.7628      0.5884       0.5884    1.9821            2
2025 09 01 30.5797 31.2529 30.9433      0.7716       0.7716    1.9542            2
2025 09 02 30.3891 31.0627 30.7519      0.5829       0.5829    1.9264            2
2025 09 03 30.5814 31.2554 30.9434      0.7771       0.7771    1.8986            2
2025 09 04 30.3797 31.0541 30.7409      0.5773       0.5773    1.8708            2
2025 09 05 30.5831 31.2580 30.9435      0.7827       0.7827    1.8431            2
2025 09 06 30.3700 31.0453 30.7297      0.5716       0.5716    1.8155            2
2025 09 07 30.5848 31.2606 30.9437      0.7884       0.7884    1.7879            2
2025 09 08 30.3602 31.0366 30.7184      0.5659       0.5659    1.7605            2
2025 09 09 30.5863 31.2633 30.9438      0.7941       0.7941    1.7331            2
2025 09 10 30.3501 31.0278 30.7071      0.5601       0.5601    1.7058            2
2025 09 11 30.5878 31.2661 30.9441      0.7999       0.7999    1.6787            2
2025 09 12 30.3400 31.0190 30.6957      0.5543       0.5543    1.6516            2
2025 09 13 30.5891 31.2689 30.9443      0.8057       0.8057    1.6247            2
2025 09 14 30.3297 31.0102 30.6843      0.5485       0.5485    1.5980            2
2025 09 15 30.5904 31.2717 30.9445      0.8115       0.8115    1.5714            2
2025 09 16 30.3192 31.0015 30.6729      0.5427       0.5427    1.5449            2
2025 09 17 30.5915 31.2746 30.9447      0.8173       0.8173    1.5186            2
2025 09 18 30.3087 30.9927 30.6615      0.5369       0.5369    1.4925            2
2025 09 19 30.5925 31.2775 30.9449      0.8231       0.8231    1.4665            2
2025 09 20 30.2982 30.9842 30.6502      0.5312       0.5312    1.4407            2
2025 09 21 30.5933 31.2803 30.9450      0.8288       0.8288    1.4152            2
2025 09 22 30.2877 30.9757 30.6391      0.5256       0.5256    1.3898            2
2025 09 23 30.5939 31.2831 30.9451      0.8344       0.8344    1.3646            2
2025 09 24 30.2771 30.9674 30.6280      0.5201       0.5201    1.3396            2
2025 09 25 30.5944 31.2858 30.9450      0.8399       0.8399    1.3148            2
2025 09 26 30.2665 30.9591 30.6170      0.5146       0.5146    1.2902            2
2025 09 27 30.5947 31.2885 30.9450      0.8454       0.8454    1.2659            2
2025 09 28 30.2561 30.9511 30.6063      0.5094       0.5094    1.2418            2
2025 09 29 30.5947 31.2910 30.9448      0.8506       0.8506    1.2179            2
2025 09 30 30.2457 30.9433 30.5958      0.5043       0.5043    1.1942            2
2025 10 01 30.5944 31.2934 30.9445      0.8557       0.8557    1.1708            2
2025 10 02 30.2355 30.9358 30.5855      0.4994       0.4994    1.1477            2
2025 10 03 30.5940 31.2957 30.9440      0.8606       0.8606    1.1247            2
2025 10 04 30.2253 30.9285 30.5754      0.4947       0.4947    1.1021            2
2025 10 05 30.5932 31.2978 30.9434      0.8653       0.8653    1.0797            2
2025 10 06 30.2155 30.9216 30.5657      0.4903       0.4903    1.0575            2
2025 10 07 30.5921 31.2997 30.9425      0.8697       0.8697    1.0356            2
2025 10 08 30.2057 30.9149 30.5563      0.4861       0.4861    1.0140            2
2025 10 09 30.5908 31.3015 30.9415      0.8739       0.8739    0.9926            1
2025 10 10 30.1963 30.9086 30.5473      0.4822       0.4822    0.9715            1
2025 10 11 30.5891 31.3030 30.9403      0.8778       0.8778    0.9507            1
2025 10 12 30.1871 30.9027 30.5386      0.4786       0.4786    0.9301            1
2025 10 13 30.5870 31.3043 30.9389      0.8814       0.8814    0.9098            1
2025 10 14 30.1781 30.8971 30.5303      0.4753       0.4753    0.8898            1
2025 10 15 30.5847 31.3054 30.9373      0.8847       0.8847    0.8701            1
2025 10 16 30.1696 30.8920 30.5225      0.4724       0.4724    0.8506            1
2025 10 17 30.5819 31.3061 30.9353      0.8876       0.8876    0.8315            1
2025 10 18 30.1613 30.8872 30.5152      0.4698       0.4698    0.8126            1
2025 10 19 30.5788 31.3066 30.9332      0.8902       0.8902    0.7940            1
2025 10 20 30.1535 30.8831 30.5084      0.4677       0.4677    0.7756            1
2025 10 21 30.5752 31.3067 30.9307      0.8923       0.8923    0.7576            1
2025 10 22 30.1460 30.8793 30.5020      0.4659       0.4659    0.7398            1
2025 10 23 30.5713 31.3066 30.9279      0.8941       0.8941    0.7223            1
2025 10 24 30.1389 30.8760 30.4961      0.4645       0.4645    0.7051            1
2025 10 25 30.5670 31.3061 30.9249      0.8955       0.8955    0.6882            1
2025 10 26 30.1323 30.8733 30.4909      0.4636       0.4636    0.6715            1
2025 10 27 30.5622 31.3052 30.9215      0.8964       0.8964    0.6552            1
2025 10 28 30.1261 30.8711 30.4861      0.4631       0.4631    0.6391            1
2025 10 29 30.5571 31.3040 30.9179      0.8969       0.8969    0.6233            1
2025 10 30 30.1203 30.8693 30.4819      0.4630       0.4630    0.6077            1
2025 10 31 30.5515 31.3025 30.9139      0.8970       0.8970    0.5925            1
2025 11 01 30.1151 30.8682 30.4784      0.4634       0.4634    0.5775            1
2025 11 02 30.5455 31.3006 30.9096      0.8966       0.8966    0.5628            1
2025 11 03 30.1104 30.8676 30.4755      0.4643       0.4643    0.5483            1
2025 11 04 30.5391 31.2983 30.9050      0.8957       0.8957    0.5342            1
2025 11 05 30.1063 30.8676 30.4732      0.4657       0.4657    0.5203            1
2025 11 06 30.5321 31.2956 30.9000      0.8943       0.8943    0.5066            1
2025 11 07 30.1026 30.8682 30.4714      0.4675       0.4675    0.4933            1
2025 11 08 30.5249 31.2926 30.8947      0.8925       0.8925    0.4802            1
2025 11 09 30.0995 30.8694 30.4704      0.4699       0.4699    0.4673            1
2025 11 10 30.5170 31.2890 30.8890      0.8901       0.8901    0.4547            1
2025 11 11 30.0970 30.8711 30.4700      0.4727       0.4727    0.4424            1
2025 11 12 30.5089 31.2852 30.8831      0.8873       0.8873    0.4303            1
2025 11 13 30.0949 30.8734 30.4702      0.4760       0.4760    0.4185            1
2025 11 14 30.5003 31.2810 30.8768      0.8840       0.8840    0.4069            1
2025 11 15 30.0935 30.8764 30.4711      0.4798       0.4798    0.3956            1
2025 11 16 30.4913 31.2763 30.8701      0.8802       0.8802    0.3845            1
2025 11 17 30.0926 30.8799 30.4727      0.4841       0.4841    0.3736            1
2025 11 18 30.4819 31.2713 30.8632      0.8759       0.8759    0.3630            1
2025 11 19 30.0924 30.8840 30.4749      0.4889       0.4889    0.3527            1
2025 11 20 30.4721 31.2659 30.8559      0.8711       0.8711    0.3425            1
2025 11 21 30.0926 30.8886 30.4777      0.4941       0.4941    0.3326            1
2025 11 22 30.4619 31.2602 30.8484      0.8659       0.8659    0.3229            1
2025 11 23 30.0934 30.8938 30.4812      0.4998       0.4998    0.3135            1
2025 11 24 30.4514 31.2540 30.8406      0.8602       0.8602    0.3042            1
2025 11 25 30.0948 30.8997 30.4854      0.5060       0.5060    0.2952            1
2025 11 26 30.4405 31.2475 30.8324      0.8540       0.8540    0.2864            1
2025 11 27 30.0968 30.9060 30.4901      0.5126       0.5126    0.2778            1
2025 11 28 30.4293 31.2407 30.8240      0.8474       0.8474    0.2694            1
2025 11 29 30.0993 30.9129 30.4955      0.5197       0.5197    0.2612            1
2025 11 30 30.4177 31.2335 30.8153      0.8403       0.8403    0.2532            1
2025 12 01 30.1023 30.9203 30.5014      0.5271       0.5271    0.2454            1
2025 12 02 30.4059 31.2261 30.8065      0.8329       0.8329    0.2378            1
2025 12 03 30.1059 30.9282 30.5080      0.5350       0.5350    0.2304            1
2025 12 04 30.3938 31.2183 30.7974      0.8250       0.8250    0.2232            1
2025 12 05 30.1099 30.9366 30.5151      0.5432       0.5432    0.2162            1
2025 12 06 30.3815 31.2103 30.7882      0.8168       0.8168    0.2093            1
2025 12 07 30.1145 30.9454 30.5227      0.5518       0.5518    0.2027            1
2025 12 08 30.3689 31.2020 30.7787      0.8082       0.8082    0.1962            1
2025 12 09 30.1196 30.9548 30.5310      0.5608       0.5608    0.1899            1
2025 12 10 30.3561 31.1934 30.7691      0.7992       0.7992    0.1837            1
2025 12 11 30.1250 30.9645 30.5396      0.5700       0.5700    0.1777            1
2025 12 12 30.3432 31.1847 30.7594      0.7900       0.7900    0.1719            1
2025 12 13 30.1310 30.9746 30.5489      0.5796       0.5796    0.1662            1
2025 12 14 30.3301 31.1758 30.7496      0.7804       0.7804    0.1607            1
2025 12 15 30.1374 30.9851 30.5585      0.5894       0.5894    0.1554            1
2025 12 16 30.3169 31.1667 30.7397      0.7706       0.7706    0.1502            1
2025 12 17 30.1442 30.9960 30.5686      0.5995       0.5995    0.1451            1
2025 12 18 30.3036 31.1574 30.7297      0.7605       0.7605    0.1402            1
2025 12 19 30.1513 31.0072 30.5792      0.6098       0.6098    0.1354            1
2025 12 20 30.2902 31.1480 30.7197      0.7502       0.7502    0.1308            1
2025 12 21 30.1588 31.0185 30.5900      0.6202       0.6202    0.1263            1
2025 12 22 30.2770 31.1387 30.7098      0.7398       0.7398    0.1219            1
2025 12 23 30.1667 31.0303 30.6013      0.6309       0.6309    0.1177            1
2025 12 24 30.2636 31.1291 30.6998      0.7291       0.7291    0.1136            1
2025 12 25 30.1749 31.0423 30.6129      0.6417       0.6417    0.1096            1
2025 12 26 30.2502 31.1195 30.6899      0.7183       0.7183    0.1057            1
2025 12 27 30.1832 31.0543 30.6246      0.6525       0.6525    0.1020            1
2025 12 28 30.2371 31.1100 30.6802      0.7075       0.7075    0.0983            1
2025 12 29 30.1920 31.0667 30.6368      0.6635       0.6635    0.0948            1
2025 12 30 30.2239 31.1004 30.6705      0.6965       0.6965    0.0914            1
2025 12 31 30.2064 31.0847 30.6547      0.6800       0.6800    0.0881            1
