Name:
Northern Borneo, Malaysia
 
Polygon Middle Longitude:
113.4250 
 
Polygon Middle Latitude:
3.8500  
 
Averaged Maximum Monthly Mean:
29.7713
 
Averaged Monthly Mean (Jan-Dec):
27.3549 27.0741 27.6013 28.9349 29.5808 29.7713 29.5687 29.4815 29.1485 28.9666 29.0271 28.5639
 
First Valid DHW Date:
1985 25 03
 
First Valid BAA Date:
1985 31 03
 
YYYY MM DD SST_MIN SST_MAX SST@90th_HS SSTA@90th_HS 90th_HS>0 DHW_from_90th_HS>1 BAA_7day_max
2012 01 01 29.9653 30.8453 30.4153      0.8000       0.8000    0.0892            1
2012 01 02 29.9644 30.8461 30.4161      0.8000       0.8000    0.0920            1
2012 01 03 29.9745 30.8579 30.4279      0.8110       0.8110    0.0950            1
2012 01 04 29.9517 30.8367 30.4068      0.7890       0.7890    0.0979            1
2012 01 05 29.9838 30.8705 30.4407      0.8219       0.8219    0.1010            1
2012 01 06 29.9393 30.8275 30.3978      0.7781       0.7781    0.1042            1
2012 01 07 29.9933 30.8831 30.4536      0.8328       0.8328    0.1074            1
2012 01 08 29.9271 30.8185 30.3890      0.7672       0.7672    0.1107            1
2012 01 09 30.0029 30.8958 30.4666      0.8436       0.8436    0.1141            1
2012 01 10 29.9151 30.8096 30.3805      0.7564       0.7564    0.1175            1
2012 01 11 30.0125 30.9085 30.4796      0.8543       0.8543    0.1211            1
2012 01 12 29.9035 30.8009 30.3723      0.7457       0.7457    0.1247            1
2012 01 13 30.0223 30.9211 30.4928      0.8649       0.8649    0.1284            1
2012 01 14 29.8922 30.7923 30.3643      0.7351       0.7351    0.1322            1
2012 01 15 30.0320 30.9335 30.5058      0.8752       0.8752    0.1361            1
2012 01 16 29.8813 30.7841 30.3568      0.7248       0.7248    0.1401            1
2012 01 17 30.0417 30.9458 30.5188      0.8854       0.8854    0.1442            1
2012 01 18 29.8708 30.7762 30.3495      0.7146       0.7146    0.1483            1
2012 01 19 30.0514 30.9580 30.5318      0.8953       0.8953    0.1526            1
2012 01 20 29.8607 30.7685 30.3428      0.7047       0.7047    0.1569            1
2012 01 21 30.0610 30.9700 30.5447      0.9050       0.9050    0.1614            1
2012 01 22 29.8511 30.7612 30.3363      0.6950       0.6950    0.1659            1
2012 01 23 30.0705 30.9818 30.5574      0.9144       0.9144    0.1705            1
2012 01 24 29.8419 30.7542 30.3304      0.6856       0.6856    0.1752            1
2012 01 25 30.0800 30.9933 30.5700      0.9235       0.9235    0.1801            1
2012 01 26 29.8332 30.7476 30.3248      0.6765       0.6765    0.1850            1
2012 01 27 30.0892 31.0045 30.5824      0.9322       0.9322    0.1900            1
2012 01 28 29.8251 30.7414 30.3198      0.6678       0.6678    0.1951            1
2012 01 29 30.0983 31.0155 30.5946      0.9406       0.9406    0.2003            1
2012 01 30 29.8175 30.7356 30.3153      0.6594       0.6594    0.2056            1
2012 01 31 30.1073 31.0262 30.6066      0.9487       0.9487    0.2110            1
2012 02 01 29.8105 30.7301 30.3112      0.6513       0.6513    0.2166            1
2012 02 02 30.1160 31.0365 30.6182      0.9563       0.9563    0.2222            1
2012 02 03 29.8041 30.7252 30.3077      0.6437       0.6437    0.2279            1
2012 02 04 30.1246 31.0465 30.6297      0.9636       0.9636    0.2337            1
2012 02 05 29.7981 30.7207 30.3047      0.6364       0.6364    0.2396            1
2012 02 06 30.1329 31.0561 30.6409      0.9704       0.9704    0.2457            1
2012 02 07 29.7929 30.7167 30.3023      0.6296       0.6296    0.2518            1
2012 02 08 30.1410 31.0653 30.6517      0.9768       0.9768    0.2581            1
2012 02 09 29.7883 30.7131 30.3003      0.6232       0.6232    0.2644            1
2012 02 10 30.1488 31.0741 30.6622      0.9828       0.9828    0.2709            1
2012 02 11 29.7842 30.7099 30.2989      0.6172       0.6172    0.2774            1
2012 02 12 30.1563 31.0824 30.6723      0.9882       0.9882    0.2841            1
2012 02 13 29.7810 30.7074 30.2983      0.6118       0.6118    0.2909            1
2012 02 14 30.1636 31.0904 30.6821      0.9933       0.9933    0.2977            1
2012 02 15 29.7782 30.7053 30.2980      0.6067       0.6067    0.3047            1
2012 02 16 30.1705 31.0978 30.6915      0.9978       0.9978    0.3118            1
2012 02 17 29.7762 30.7037 30.2984      0.6022       0.6022    0.3190            1
2012 02 18 30.1772 31.1049 30.7005      1.0019       1.0019    0.3263            1
2012 02 19 29.7747 30.7026 30.2993      0.5981       0.5981    0.3337            1
2012 02 20 30.1835 31.1115 30.7092      1.0055       1.0055    0.3412            1
2012 02 21 29.7739 30.7020 30.3007      0.5945       0.5945    0.3488            1
2012 02 22 30.1895 31.1176 30.7174      1.0086       1.0086    0.3565            1
2012 02 23 29.7738 30.7019 30.3028      0.5914       0.5914    0.3643            1
2012 02 24 30.1952 31.1232 30.7252      1.0112       1.0112    0.3722            1
2012 02 25 29.7744 30.7023 30.3054      0.5888       0.5888    0.3802            1
2012 02 26 30.2005 31.1283 30.7325      1.0133       1.0133    0.3884            1
2012 02 27 29.7756 30.7032 30.3086      0.5867       0.5867    0.3966            1
2012 02 28 30.2055 31.1330 30.7394      1.0149       1.0149    0.4049            1
2012 02 29 29.7775 30.7047 30.3123      0.5851       0.5851    0.4133            1
2012 03 01 30.2103 31.1372 30.7460      1.0161       1.0161    0.4218            1
2012 03 02 29.7799 30.7065 30.3165      0.5839       0.5839    0.4304            1
2012 03 03 30.2147 31.1409 30.7521      1.0168       1.0168    0.4391            1
2012 03 04 29.7830 30.7089 30.3213      0.5832       0.5832    0.4478            1
2012 03 05 30.2187 31.1442 30.7578      1.0170       1.0170    0.4567            1
2012 03 06 29.7867 30.7117 30.3265      0.5830       0.5830    0.4657            1
2012 03 07 30.2225 31.1470 30.7631      1.0168       1.0168    0.4747            1
2012 03 08 29.7910 30.7149 30.3323      0.5832       0.5832    0.4838            1
2012 03 09 30.2259 31.1493 30.7679      1.0161       1.0161    0.4930            1
2012 03 10 29.7959 30.7186 30.3385      0.5839       0.5839    0.5023            1
2012 03 11 30.2291 31.1512 30.7724      1.0150       1.0150    0.5117            1
2012 03 12 29.8013 30.7227 30.3452      0.5850       0.5850    0.5212            1
2012 03 13 30.2320 31.1527 30.7764      1.0135       1.0135    0.5307            1
2012 03 14 29.8072 30.7272 30.3522      0.5865       0.5865    0.5403            1
2012 03 15 30.2345 31.1537 30.7800      1.0115       1.0115    0.5499            1
2012 03 16 29.8138 30.7322 30.3598      0.5885       0.5885    0.5597            1
2012 03 17 30.2368 31.1543 30.7833      1.0092       1.0092    0.5695            1
2012 03 18 29.8208 30.7374 30.3677      0.5908       0.5908    0.5793            1
2012 03 19 30.2388 31.1545 30.7862      1.0065       1.0065    0.5893            1
2012 03 20 29.8282 30.7430 30.3759      0.5935       0.5935    0.5992            1
2012 03 21 30.2406 31.1543 30.7886      1.0034       1.0034    0.6093            1
2012 03 22 29.8362 30.7490 30.3846      0.5966       0.5966    0.6194            1
2012 03 23 30.2421 31.1538 30.7908      1.0000       1.0000    0.6295            1
2012 03 24 29.8446 30.7552 30.3935      0.6000       0.6000    0.6397            1
2012 03 25 30.2434 31.1529 30.7926      0.9963       0.9963    0.6499            1
2012 03 26 29.8534 30.7617 30.4028      0.6037       0.6037    0.6602            1
2012 03 27 30.2445 31.1516 30.7941      0.9923       0.9923    0.6705            1
2012 03 28 29.8625 30.7684 30.4122      0.6077       0.6077    0.6808            1
2012 03 29 30.2455 31.1502 30.7954      0.9881       0.9881    0.6912            1
2012 03 30 29.8720 30.7753 30.4219      0.6119       0.6119    0.7016            1
2012 03 31 30.2462 31.1482 30.7962      0.9835       0.9835    0.7120            1
2012 04 01 29.8819 30.7826 30.4319      0.6165       0.6165    0.7224            1
2012 04 02 30.2469 31.1462 30.7969      0.9788       0.9788    0.7328            1
2012 04 03 29.8920 30.7899 30.4419      0.6212       0.6212    0.7433            1
2012 04 04 30.2473 31.1437 30.7972      0.9738       0.9738    0.7538            1
2012 04 05 29.9024 30.7974 30.4522      0.6262       0.6262    0.7642            1
2012 04 06 30.2476 31.1411 30.7973      0.9687       0.9687    0.7747            1
2012 04 07 29.9130 30.8050 30.4625      0.6313       0.6313    0.7852            1
2012 04 08 30.2478 31.1383 30.7972      0.9634       0.9634    0.7956            1
2012 04 09 29.9238 30.8127 30.4730      0.6366       0.6366    0.8061            1
2012 04 10 30.2479 31.1352 30.7968      0.9579       0.9579    0.8165            1
2012 04 11 29.9349 30.8206 30.4835      0.6421       0.6421    0.8269            1
2012 04 12 30.2480 31.1320 30.7964      0.9524       0.9524    0.8373            1
2012 04 13 29.9460 30.8283 30.4940      0.6476       0.6476    0.8476            1
2012 04 14 30.2479 31.1286 30.7956      0.9467       0.9467    0.8580            1
2012 04 15 29.9573 30.8363 30.5046      0.6533       0.6533    0.8682            1
2012 04 16 30.2478 31.1250 30.7948      0.9410       0.9410    0.8785            1
2012 04 17 29.9687 30.8441 30.5151      0.6590       0.6590    0.8887            1
2012 04 18 30.2478 31.1215 30.7938      0.9353       0.9353    0.8988            1
2012 04 19 29.9800 30.8519 30.5256      0.6647       0.6647    0.9089            1
2012 04 20 30.2477 31.1177 30.7927      0.9295       0.9295    0.9190            1
2012 04 21 29.9915 30.8597 30.5360      0.6705       0.6705    0.9289            1
2012 04 22 30.2475 31.1138 30.7914      0.9237       0.9237    0.9388            1
2012 04 23 30.0030 30.8674 30.5462      0.6763       0.6763    0.9487            1
2012 04 24 30.2474 31.1099 30.7900      0.9179       0.9179    0.9584            1
2012 04 25 30.0144 30.8750 30.5564      0.6821       0.6821    0.9681            1
2012 04 26 30.2473 31.1059 30.7886      0.9121       0.9121    0.9777            1
2012 04 27 30.0259 30.8826 30.5665      0.6879       0.6879    0.9872            1
2012 04 28 30.2472 31.1019 30.7871      0.9064       0.9064    0.9966            1
2012 04 29 30.0372 30.8899 30.5763      0.6936       0.6936    1.0059            2
2012 04 30 30.2472 31.0979 30.7855      0.9008       0.9008    1.0150            2
2012 05 01 30.0484 30.8971 30.5859      0.6992       0.6992    1.0241            2
2012 05 02 30.2473 31.0939 30.7839      0.8953       0.8953    1.0331            2
2012 05 03 30.0595 30.9041 30.5953      0.7047       0.7047    1.0420            2
2012 05 04 30.2474 31.0899 30.7822      0.8898       0.8898    1.0507            2
2012 05 05 30.0706 30.9110 30.6045      0.7102       0.7102    1.0593            2
2012 05 06 30.2476 31.0859 30.7806      0.8845       0.8845    1.0678            2
2012 05 07 30.0814 30.9176 30.6133      0.7155       0.7155    1.0761            2
2012 05 08 30.2479 31.0820 30.7789      0.8793       0.8793    1.0844            2
2012 05 09 30.0920 30.9240 30.6220      0.7207       0.7207    1.0924            2
2012 05 10 30.2483 31.0781 30.7772      0.8743       0.8743    1.1003            2
2012 05 11 30.1024 30.9301 30.6302      0.7257       0.7257    1.1081            2
2012 05 12 30.2487 31.0743 30.7755      0.8694       0.8694    1.1157            2
2012 05 13 30.1126 30.9360 30.6383      0.7306       0.7306    1.1232            2
2012 05 14 30.2492 31.0704 30.7738      0.8646       0.8646    1.1305            2
2012 05 15 30.1226 30.9417 30.6460      0.7354       0.7354    1.1376            2
2012 05 16 30.2498 31.0667 30.7720      0.8600       0.8600    1.1446            2
2012 05 17 30.1324 30.9471 30.6534      0.7400       0.7400    1.1514            2
2012 05 18 30.2506 31.0631 30.7704      0.8557       0.8557    1.1580            2
2012 05 19 30.1418 30.9521 30.6603      0.7443       0.7443    1.1644            2
2012 05 20 30.2514 31.0595 30.7687      0.8514       0.8514    1.1706            2
2012 05 21 30.1511 30.9570 30.6671      0.7486       0.7486    1.1767            2
2012 05 22 30.2523 31.0560 30.7670      0.8474       0.8474    1.1826            2
2012 05 23 30.1600 30.9615 30.6734      0.7526       0.7526    1.1882            2
2012 05 24 30.2534 31.0527 30.7654      0.8436       0.8436    1.1937            2
2012 05 25 30.1686 30.9657 30.6793      0.7564       0.7564    1.1990            2
2012 05 26 30.2544 31.0493 30.7637      0.8399       0.8399    1.2041            2
2012 05 27 30.1769 30.9697 30.6849      0.7601       0.7601    1.2089            2
2012 05 28 30.2556 31.0462 30.7622      0.8365       0.8365    1.2136            2
2012 05 29 30.1849 30.9733 30.6900      0.7635       0.7635    1.2180            2
2012 05 30 30.2569 31.0430 30.7605      0.8332       0.8332    1.2223            2
2012 05 31 30.1927 30.9767 30.6949      0.7668       0.7668    1.2263            2
2012 06 01 30.2581 31.0400 30.7589      0.8301       0.8301    1.2301            2
2012 06 02 30.2001 30.9797 30.6994      0.7699       0.7699    1.2337            2
2012 06 03 30.2595 31.0370 30.7573      0.8272       0.8272    1.2370            2
2012 06 04 30.2072 30.9825 30.7034      0.7728       0.7728    1.2402            2
2012 06 05 30.2610 31.0341 30.7557      0.8245       0.8245    1.2431            2
2012 06 06 30.2140 30.9850 30.7071      0.7755       0.7755    1.2458            2
2012 06 07 30.2624 31.0312 30.7540      0.8219       0.8219    1.2482            2
2012 06 08 30.2205 30.9872 30.7106      0.7781       0.7781    1.2505            2
2012 06 09 30.2638 31.0284 30.7523      0.8195       0.8195    1.2525            2
2012 06 10 30.2267 30.9892 30.7136      0.7805       0.7805    1.2542            2
2012 06 11 30.2653 31.0258 30.7506      0.8173       0.8173    1.2558            2
2012 06 12 30.2325 30.9909 30.7162      0.7827       0.7827    1.2570            2
2012 06 13 30.2668 31.0231 30.7489      0.8152       0.8152    1.2581            2
2012 06 14 30.2381 30.9923 30.7185      0.7848       0.7848    1.2589            2
2012 06 15 30.2682 31.0204 30.7470      0.8132       0.8132    1.2595            2
2012 06 16 30.2435 30.9936 30.7206      0.7868       0.7868    1.2599            2
2012 06 17 30.2697 31.0178 30.7451      0.8114       0.8114    1.2600            2
2012 06 18 30.2484 30.9945 30.7223      0.7886       0.7886    1.2599            2
2012 06 19 30.2710 31.0151 30.7431      0.8096       0.8096    1.2595            2
2012 06 20 30.2533 30.9954 30.7237      0.7904       0.7904    1.2589            2
2012 06 21 30.2723 31.0125 30.7411      0.8080       0.8080    1.2581            2
2012 06 22 30.2577 30.9960 30.7248      0.7920       0.7920    1.2570            2
2012 06 23 30.2735 31.0098 30.7389      0.8064       0.8064    1.2558            2
2012 06 24 30.2620 30.9964 30.7257      0.7936       0.7936    1.2542            2
2012 06 25 30.2746 31.0071 30.7365      0.8049       0.8049    1.2525            2
2012 06 26 30.2660 30.9967 30.7263      0.7951       0.7951    1.2505            2
2012 06 27 30.2756 31.0044 30.7341      0.8035       0.8035    1.2482            2
2012 06 28 30.2697 30.9968 30.7266      0.7965       0.7965    1.2458            2
2012 06 29 30.2764 31.0017 30.7316      0.8021       0.8021    1.2431            2
2012 06 30 30.2733 30.9967 30.7267      0.7979       0.7979    1.2402            2
2012 07 01 30.2771 30.9988 30.7288      0.8007       0.8007    1.2370            2
2012 07 02 30.2766 30.9966 30.7266      0.7993       0.7993    1.2337            2
2012 07 03 30.2775 30.9958 30.7258      0.7993       0.7993    1.2301            2
2012 07 04 30.2798 30.9964 30.7264      0.8007       0.8007    1.2263            2
2012 07 05 30.2778 30.9928 30.7227      0.7979       0.7979    1.2223            2
2012 07 06 30.2828 30.9961 30.7259      0.8021       0.8021    1.2180            2
2012 07 07 30.2779 30.9897 30.7194      0.7965       0.7965    1.2136            2
2012 07 08 30.2856 30.9958 30.7253      0.8035       0.8035    1.2089            2
2012 07 09 30.2778 30.9864 30.7159      0.7951       0.7951    1.2041            2
2012 07 10 30.2882 30.9953 30.7245      0.8049       0.8049    1.1990            2
2012 07 11 30.2775 30.9830 30.7121      0.7936       0.7936    1.1937            2
2012 07 12 30.2908 30.9948 30.7237      0.8064       0.8064    1.1882            2
2012 07 13 30.2768 30.9794 30.7080      0.7920       0.7920    1.1826            2
2012 07 14 30.2932 30.9944 30.7227      0.8080       0.8080    1.1767            2
2012 07 15 30.2759 30.9758 30.7038      0.7904       0.7904    1.1706            2
2012 07 16 30.2954 30.9939 30.7216      0.8096       0.8096    1.1644            2
2012 07 17 30.2747 30.9719 30.6992      0.7886       0.7886    1.1580            2
2012 07 18 30.2977 30.9936 30.7206      0.8114       0.8114    1.1514            2
2012 07 19 30.2732 30.9678 30.6945      0.7868       0.7868    1.1446            2
2012 07 20 30.2997 30.9931 30.7193      0.8132       0.8132    1.1376            2
2012 07 21 30.2714 30.9636 30.6893      0.7848       0.7848    1.1305            2
2012 07 22 30.3018 30.9928 30.7181      0.8152       0.8152    1.1232            2
2012 07 23 30.2692 30.9591 30.6840      0.7827       0.7827    1.1157            2
2012 07 24 30.3038 30.9925 30.7169      0.8173       0.8173    1.1081            2
2012 07 25 30.2668 30.9545 30.6783      0.7805       0.7805    1.1003            2
2012 07 26 30.3056 30.9923 30.7156      0.8195       0.8195    1.0924            2
2012 07 27 30.2640 30.9496 30.6724      0.7781       0.7781    1.0844            2
2012 07 28 30.3075 30.9922 30.7143      0.8219       0.8219    1.0761            2
2012 07 29 30.2608 30.9445 30.6661      0.7755       0.7755    1.0678            2
2012 07 30 30.3094 30.9922 30.7131      0.8245       0.8245    1.0593            2
2012 07 31 30.2573 30.9392 30.6595      0.7728       0.7728    1.0507            2
2012 08 01 30.3112 30.9923 30.7119      0.8272       0.8272    1.0420            2
2012 08 02 30.2533 30.9337 30.6526      0.7699       0.7699    1.0331            2
2012 08 03 30.3130 30.9925 30.7108      0.8301       0.8301    1.0241            2
2012 08 04 30.2490 30.9279 30.6454      0.7668       0.7668    1.0150            2
2012 08 05 30.3148 30.9929 30.7097      0.8332       0.8332    1.0059            2
2012 08 06 30.2444 30.9218 30.6378      0.7635       0.7635    0.9966            1
2012 08 07 30.3166 30.9934 30.7086      0.8365       0.8365    0.9872            1
2012 08 08 30.2394 30.9156 30.6300      0.7601       0.7601    0.9777            1
2012 08 09 30.3183 30.9940 30.7076      0.8399       0.8399    0.9681            1
2012 08 10 30.2339 30.9091 30.6219      0.7564       0.7564    0.9584            1
2012 08 11 30.3202 30.9949 30.7068      0.8436       0.8436    0.9487            1
2012 08 12 30.2282 30.9025 30.6135      0.7526       0.7526    0.9388            1
2012 08 13 30.3219 30.9958 30.7059      0.8474       0.8474    0.9289            1
2012 08 14 30.2220 30.8956 30.6047      0.7486       0.7486    0.9190            1
2012 08 15 30.3237 30.9969 30.7052      0.8514       0.8514    0.9089            1
2012 08 16 30.2154 30.8883 30.5956      0.7443       0.7443    0.8988            1
2012 08 17 30.3256 30.9983 30.7046      0.8557       0.8557    0.8887            1
2012 08 18 30.2086 30.8811 30.5864      0.7400       0.7400    0.8785            1
2012 08 19 30.3273 30.9996 30.7040      0.8600       0.8600    0.8682            1
2012 08 20 30.2014 30.8735 30.5768      0.7354       0.7354    0.8580            1
2012 08 21 30.3292 31.0012 30.7035      0.8646       0.8646    0.8476            1
2012 08 22 30.1938 30.8657 30.5670      0.7306       0.7306    0.8373            1
2012 08 23 30.3311 31.0030 30.7032      0.8694       0.8694    0.8269            1
2012 08 24 30.1859 30.8578 30.5569      0.7257       0.7257    0.8165            1
2012 08 25 30.3329 31.0049 30.7029      0.8743       0.8743    0.8061            1
2012 08 26 30.1777 30.8498 30.5467      0.7207       0.7207    0.7956            1
2012 08 27 30.3347 31.0069 30.7027      0.8793       0.8793    0.7852            1
2012 08 28 30.1692 30.8416 30.5362      0.7155       0.7155    0.7747            1
2012 08 29 30.3365 31.0090 30.7026      0.8845       0.8845    0.7642            1
2012 08 30 30.1604 30.8332 30.5256      0.7102       0.7102    0.7538            1
2012 08 31 30.3382 31.0113 30.7025      0.8898       0.8898    0.7433            1
2012 09 01 30.1513 30.8247 30.5147      0.7047       0.7047    0.7328            1
2012 09 02 30.3400 31.0138 30.7026      0.8953       0.8953    0.7224            1
2012 09 03 30.1420 30.8161 30.5037      0.6992       0.6992    0.7120            1
2012 09 04 30.3417 31.0162 30.7026      0.9008       0.9008    0.7016            1
2012 09 05 30.1325 30.8075 30.4927      0.6936       0.6936    0.6912            1
2012 09 06 30.3433 31.0188 30.7027      0.9064       0.9064    0.6808            1
2012 09 07 30.1227 30.7988 30.4814      0.6879       0.6879    0.6705            1
2012 09 08 30.3449 31.0215 30.7029      0.9121       0.9121    0.6602            1
2012 09 09 30.1127 30.7900 30.4701      0.6821       0.6821    0.6499            1
2012 09 10 30.3464 31.0243 30.7031      0.9179       0.9179    0.6397            1
2012 09 11 30.1026 30.7812 30.4587      0.6763       0.6763    0.6295            1
2012 09 12 30.3478 31.0271 30.7034      0.9237       0.9237    0.6194            1
2012 09 13 30.0924 30.7724 30.4474      0.6705       0.6705    0.6093            1
2012 09 14 30.3491 31.0299 30.7036      0.9295       0.9295    0.5992            1
2012 09 15 30.0820 30.7636 30.4360      0.6647       0.6647    0.5893            1
2012 09 16 30.3503 31.0328 30.7038      0.9353       0.9353    0.5793            1
2012 09 17 30.0716 30.7550 30.4247      0.6590       0.6590    0.5695            1
2012 09 18 30.3513 31.0356 30.7039      0.9410       0.9410    0.5597            1
2012 09 19 30.0612 30.7464 30.4135      0.6533       0.6533    0.5499            1
2012 09 20 30.3521 31.0384 30.7041      0.9467       0.9467    0.5403            1
2012 09 21 30.0506 30.7378 30.4022      0.6476       0.6476    0.5307            1
2012 09 22 30.3529 31.0412 30.7042      0.9524       0.9524    0.5212            1
2012 09 23 30.0401 30.7295 30.3912      0.6421       0.6421    0.5117            1
2012 09 24 30.3534 31.0439 30.7042      0.9579       0.9579    0.5023            1
2012 09 25 30.0295 30.7212 30.3801      0.6366       0.6366    0.4930            1
2012 09 26 30.3538 31.0467 30.7042      0.9634       0.9634    0.4838            1
2012 09 27 30.0191 30.7132 30.3694      0.6313       0.6313    0.4747            1
2012 09 28 30.3539 31.0492 30.7040      0.9687       0.9687    0.4657            1
2012 09 29 30.0087 30.7054 30.3588      0.6262       0.6262    0.4567            1
2012 09 30 30.3537 31.0517 30.7037      0.9738       0.9738    0.4478            1
2012 10 01 29.9984 30.6977 30.3484      0.6212       0.6212    0.4391            1
2012 10 02 30.3533 31.0540 30.7033      0.9788       0.9788    0.4304            1
2012 10 03 29.9883 30.6904 30.3384      0.6165       0.6165    0.4218            1
2012 10 04 30.3526 31.0562 30.7027      0.9835       0.9835    0.4133            1
2012 10 05 29.9783 30.6833 30.3285      0.6119       0.6119    0.4049            1
2012 10 06 30.3518 31.0583 30.7021      0.9881       0.9881    0.3966            1
2012 10 07 29.9686 30.6766 30.3191      0.6077       0.6077    0.3884            1
2012 10 08 30.3505 31.0600 30.7011      0.9923       0.9923    0.3802            1
2012 10 09 29.9591 30.6702 30.3099      0.6037       0.6037    0.3722            1
2012 10 10 30.3489 31.0616 30.7000      0.9963       0.9963    0.3643            1
2012 10 11 29.9498 30.6641 30.3012      0.6000       0.6000    0.3565            1
2012 10 12 30.3470 31.0630 30.6986      1.0000       1.0000    0.3488            1
2012 10 13 29.9408 30.6585 30.2928      0.5966       0.5966    0.3412            1
2012 10 14 30.3448 31.0641 30.6971      1.0034       1.0034    0.3337            1
2012 10 15 29.9321 30.6531 30.2848      0.5935       0.5935    0.3263            1
2012 10 16 30.3423 31.0651 30.6953      1.0065       1.0065    0.3190            1
2012 10 17 29.9237 30.6483 30.2773      0.5908       0.5908    0.3118            1
2012 10 18 30.3393 31.0656 30.6933      1.0092       1.0092    0.3047            1
2012 10 19 29.9158 30.6439 30.2702      0.5885       0.5885    0.2977            1
2012 10 20 30.3359 31.0659 30.6909      1.0115       1.0115    0.2909            1
2012 10 21 29.9081 30.6399 30.2636      0.5865       0.5865    0.2841            1
2012 10 22 30.3323 31.0660 30.6884      1.0135       1.0135    0.2774            1
2012 10 23 29.9009 30.6365 30.2577      0.5850       0.5850    0.2709            1
2012 10 24 30.3281 31.0656 30.6855      1.0150       1.0150    0.2644            1
2012 10 25 29.8942 30.6336 30.2522      0.5839       0.5839    0.2581            1
2012 10 26 30.3235 31.0649 30.6822      1.0161       1.0161    0.2518            1
2012 10 27 29.8878 30.6311 30.2472      0.5832       0.5832    0.2457            1
2012 10 28 30.3186 31.0639 30.6787      1.0168       1.0168    0.2396            1
2012 10 29 29.8820 30.6293 30.2429      0.5830       0.5830    0.2337            1
2012 10 30 30.3132 31.0625 30.6749      1.0170       1.0170    0.2279            1
2012 10 31 29.8766 30.6279 30.2391      0.5832       0.5832    0.2222            1
2012 11 01 30.3074 31.0608 30.6708      1.0168       1.0168    0.2166            1
2012 11 02 29.8717 30.6271 30.2359      0.5839       0.5839    0.2110            1
2012 11 03 30.3011 31.0586 30.6663      1.0161       1.0161    0.2056            1
2012 11 04 29.8673 30.6269 30.2334      0.5851       0.5851    0.2003            1
2012 11 05 30.2944 31.0561 30.6614      1.0149       1.0149    0.1951            1
2012 11 06 29.8634 30.6272 30.2315      0.5867       0.5867    0.1900            1
2012 11 07 30.2873 31.0532 30.6563      1.0133       1.0133    0.1850            1
2012 11 08 29.8601 30.6281 30.2301      0.5888       0.5888    0.1801            1
2012 11 09 30.2798 31.0500 30.6509      1.0112       1.0112    0.1752            1
2012 11 10 29.8573 30.6296 30.2295      0.5914       0.5914    0.1705            1
2012 11 11 30.2719 31.0463 30.6451      1.0086       1.0086    0.1659            1
2012 11 12 29.8551 30.6317 30.2294      0.5945       0.5945    0.1614            1
2012 11 13 30.2635 31.0423 30.6389      1.0055       1.0055    0.1569            1
2012 11 14 29.8535 30.6344 30.2301      0.5981       0.5981    0.1526            1
2012 11 15 30.2547 31.0378 30.6325      1.0019       1.0019    0.1483            1
2012 11 16 29.8524 30.6377 30.2314      0.6022       0.6022    0.1442            1
2012 11 17 30.2455 31.0330 30.6257      0.9978       0.9978    0.1401            1
2012 11 18 29.8518 30.6415 30.2333      0.6067       0.6067    0.1361            1
2012 11 19 30.2359 31.0278 30.6186      0.9933       0.9933    0.1322            1
2012 11 20 29.8519 30.6460 30.2359      0.6118       0.6118    0.1284            1
2012 11 21 30.2259 31.0222 30.6112      0.9882       0.9882    0.1247            1
2012 11 22 29.8524 30.6509 30.2390      0.6172       0.6172    0.1211            1
2012 11 23 30.2156 31.0163 30.6036      0.9828       0.9828    0.1175            1
2012 11 24 29.8536 30.6565 30.2429      0.6232       0.6232    0.1141            1
2012 11 25 30.2049 31.0100 30.5956      0.9768       0.9768    0.1107            1
2012 11 26 29.8554 30.6626 30.2474      0.6296       0.6296    0.1074            1
2012 11 27 30.1939 31.0033 30.5873      0.9704       0.9704    0.1042            1
2012 11 28 29.8576 30.6692 30.2525      0.6364       0.6364    0.1010            1
2012 11 29 30.1825 30.9964 30.5789      0.9636       0.9636    0.0979            1
2012 11 30 29.8604 30.6764 30.2582      0.6437       0.6437    0.0950            1
2012 12 01 30.1709 30.9890 30.5701      0.9563       0.9563    0.0920            1
2012 12 02 29.8637 30.6841 30.2644      0.6513       0.6513    0.0892            1
2012 12 03 30.1590 30.9815 30.5612      0.9487       0.9487    0.0864            1
2012 12 04 29.8676 30.6923 30.2714      0.6594       0.6594    0.0837            1
2012 12 05 30.1467 30.9736 30.5520      0.9406       0.9406    0.0811            1
2012 12 06 29.8719 30.7009 30.2788      0.6678       0.6678    0.0785            1
2012 12 07 30.1343 30.9655 30.5427      0.9322       0.9322    0.0760            1
2012 12 08 29.8767 30.7100 30.2866      0.6765       0.6765    0.0736            1
2012 12 09 30.1218 30.9572 30.5333      0.9235       0.9235    0.0712            1
2012 12 10 29.8820 30.7195 30.2951      0.6856       0.6856    0.0689            1
2012 12 11 30.1090 30.9485 30.5237      0.9144       0.9144    0.0666            1
2012 12 12 29.8878 30.7294 30.3041      0.6950       0.6950    0.0645            1
2012 12 13 30.0960 30.9397 30.5139      0.9050       0.9050    0.0623            1
2012 12 14 29.8940 30.7398 30.3136      0.7047       0.7047    0.0603            1
2012 12 15 30.0829 30.9307 30.5041      0.8953       0.8953    0.0583            1
2012 12 16 29.9005 30.7504 30.3234      0.7146       0.7146    0.0563            1
2012 12 17 30.0697 30.9216 30.4943      0.8854       0.8854    0.0544            1
2012 12 18 29.9076 30.7615 30.3337      0.7248       0.7248    0.0526            1
2012 12 19 30.0564 30.9123 30.4843      0.8752       0.8752    0.0508            1
2012 12 20 29.9148 30.7727 30.3444      0.7351       0.7351    0.0491            1
2012 12 21 30.0432 30.9030 30.4744      0.8649       0.8649    0.0474            1
2012 12 22 29.9226 30.7843 30.3555      0.7457       0.7457    0.0457            1
2012 12 23 30.0298 30.8935 30.4644      0.8543       0.8543    0.0441            1
2012 12 24 29.9306 30.7962 30.3669      0.7564       0.7564    0.0426            1
2012 12 25 30.0165 30.8840 30.4546      0.8436       0.8436    0.0411            1
2012 12 26 29.9389 30.8082 30.3786      0.7672       0.7672    0.0396            1
2012 12 27 30.0033 30.8745 30.4448      0.8328       0.8328    0.0382            1
2012 12 28 29.9475 30.8204 30.3906      0.7781       0.7781    0.0369            1
2012 12 29 29.9902 30.8649 30.4350      0.8219       0.8219    0.0356            1
2012 12 30 29.9562 30.8328 30.4028      0.7890       0.7890    0.0343            1
2012 12 31 29.9772 30.8555 30.4255      0.8110       0.8110    0.0330            1
2013 01 01 29.7351 30.6151 30.1851      0.5700       0.5700    0.0928            1
2013 01 02 29.7342 30.6159 30.1859      0.5700       0.5700    0.0957            1
2013 01 03 29.7443 30.6277 30.1978      0.5810       0.5810    0.0987            1
2013 01 04 29.7215 30.6065 30.1766      0.5590       0.5590    0.1018            1
2013 01 05 29.7537 30.6404 30.2106      0.5920       0.5920    0.1050            1
2013 01 06 29.7090 30.5973 30.1676      0.5480       0.5480    0.1082            1
2013 01 07 29.7632 30.6530 30.2235      0.6029       0.6029    0.1116            1
2013 01 08 29.6967 30.5882 30.1587      0.5371       0.5371    0.1150            1
2013 01 09 29.7727 30.6657 30.2365      0.6137       0.6137    0.1185            1
2013 01 10 29.6848 30.5793 30.1502      0.5263       0.5263    0.1221            1
2013 01 11 29.7825 30.6784 30.2496      0.6245       0.6245    0.1257            1
2013 01 12 29.6730 30.5704 30.1419      0.5155       0.5155    0.1295            1
2013 01 13 29.7921 30.6909 30.2626      0.6350       0.6350    0.1333            1
2013 01 14 29.6618 30.5620 30.1340      0.5050       0.5050    0.1372            1
2013 01 15 29.8019 30.7034 30.2757      0.6454       0.6454    0.1412            1
2013 01 16 29.6508 30.5537 30.1264      0.4946       0.4946    0.1453            1
2013 01 17 29.8116 30.7158 30.2888      0.6556       0.6556    0.1495            1
2013 01 18 29.6403 30.5457 30.1191      0.4844       0.4844    0.1538            1
2013 01 19 29.8212 30.7279 30.3017      0.6655       0.6655    0.1582            1
2013 01 20 29.6302 30.5381 30.1123      0.4745       0.4745    0.1627            1
2013 01 21 29.8309 30.7399 30.3146      0.6752       0.6752    0.1672            1
2013 01 22 29.6205 30.5307 30.1059      0.4648       0.4648    0.1719            1
2013 01 23 29.8404 30.7517 30.3274      0.6846       0.6846    0.1766            1
2013 01 24 29.6113 30.5237 30.0999      0.4554       0.4554    0.1815            1
2013 01 25 29.8498 30.7632 30.3400      0.6937       0.6937    0.1864            1
2013 01 26 29.6027 30.5171 30.0944      0.4463       0.4463    0.1915            1
2013 01 27 29.8591 30.7745 30.3524      0.7025       0.7025    0.1966            1
2013 01 28 29.5945 30.5108 30.0893      0.4375       0.4375    0.2019            1
2013 01 29 29.8683 30.7855 30.3646      0.7109       0.7109    0.2073            1
2013 01 30 29.5869 30.5050 30.0848      0.4291       0.4291    0.2127            1
2013 01 31 29.8773 30.7962 30.3766      0.7190       0.7190    0.2183            1
2013 02 01 29.5798 30.4995 30.0807      0.4210       0.4210    0.2239            1
2013 02 02 29.8861 30.8066 30.3884      0.7267       0.7267    0.2297            1
2013 02 03 29.5733 30.4945 30.0771      0.4133       0.4133    0.2356            1
2013 02 04 29.8946 30.8165 30.3998      0.7339       0.7339    0.2416            1
2013 02 05 29.5675 30.4901 30.0741      0.4061       0.4061    0.2476            1
2013 02 06 29.9028 30.8260 30.4109      0.7407       0.7407    0.2538            1
2013 02 07 29.5622 30.4860 30.0717      0.3993       0.3993    0.2601            1
2013 02 08 29.9109 30.8352 30.4218      0.7471       0.7471    0.2665            1
2013 02 09 29.5576 30.4825 30.0698      0.3929       0.3929    0.2730            1
2013 02 10 29.9188 30.8441 30.4323      0.7531       0.7531    0.2796            1
2013 02 11 29.5536 30.4793 30.0684      0.3869       0.3869    0.2863            1
2013 02 12 29.9262 30.8524 30.4424      0.7585       0.7585    0.2932            1
2013 02 13 29.5503 30.4768 30.0677      0.3815       0.3815    0.3001            1
2013 02 14 29.9335 30.8604 30.4522      0.7636       0.7636    0.3071            1
2013 02 15 29.5475 30.4746 30.0675      0.3764       0.3764    0.3143            1
2013 02 16 29.9404 30.8678 30.4616      0.7681       0.7681    0.3215            1
2013 02 17 29.5455 30.4731 30.0679      0.3719       0.3719    0.3289            1
2013 02 18 29.9470 30.8748 30.4706      0.7721       0.7721    0.3363            1
2013 02 19 29.5442 30.4721 30.0689      0.3679       0.3679    0.3439            1
2013 02 20 29.9534 30.8814 30.4792      0.7757       0.7757    0.3516            1
2013 02 21 29.5434 30.4715 30.0704      0.3643       0.3643    0.3593            1
2013 02 22 29.9594 30.8875 30.4874      0.7788       0.7788    0.3672            1
2013 02 23 29.5433 30.4714 30.0724      0.3612       0.3612    0.3752            1
2013 02 24 29.9651 30.8931 30.4952      0.7814       0.7814    0.3833            1
2013 02 25 29.5439 30.4718 30.0751      0.3586       0.3586    0.3914            1
2013 02 26 29.9703 30.8981 30.5025      0.7834       0.7834    0.3997            1
2013 02 27 29.5452 30.4728 30.0784      0.3566       0.3566    0.4081            1
2013 02 28 29.9755 30.9029 30.5095      0.7851       0.7851    0.4166            1
2013 03 01 29.5470 30.4742 30.0820      0.3549       0.3549    0.4251            1
2013 03 02 29.9801 30.9070 30.5160      0.7862       0.7862    0.4338            1
2013 03 03 29.5496 30.4761 30.0863      0.3538       0.3538    0.4425            1
2013 03 04 29.9844 30.9106 30.5220      0.7868       0.7868    0.4514            1
2013 03 05 29.5528 30.4786 30.0912      0.3532       0.3532    0.4603            1
2013 03 06 29.9885 30.9139 30.5277      0.7870       0.7870    0.4694            1
2013 03 07 29.5565 30.4814 30.0965      0.3530       0.3530    0.4785            1
2013 03 08 29.9922 30.9166 30.5329      0.7867       0.7867    0.4877            1
2013 03 09 29.5609 30.4847 30.1023      0.3533       0.3533    0.4970            1
2013 03 10 29.9957 30.9189 30.5378      0.7860       0.7860    0.5063            1
2013 03 11 29.5658 30.4884 30.1085      0.3540       0.3540    0.5158            1
2013 03 12 29.9988 30.9208 30.5422      0.7849       0.7849    0.5253            1
2013 03 13 29.5712 30.4925 30.1152      0.3551       0.3551    0.5349            1
2013 03 14 30.0017 30.9222 30.5462      0.7833       0.7833    0.5446            1
2013 03 15 29.5773 30.4971 30.1224      0.3567       0.3567    0.5543            1
2013 03 16 30.0042 30.9232 30.5498      0.7813       0.7813    0.5641            1
2013 03 17 29.5839 30.5021 30.1300      0.3587       0.3587    0.5740            1
2013 03 18 30.0064 30.9238 30.5530      0.7789       0.7789    0.5839            1
2013 03 19 29.5910 30.5074 30.1380      0.3611       0.3611    0.5939            1
2013 03 20 30.0085 30.9240 30.5559      0.7762       0.7762    0.6040            1
2013 03 21 29.5985 30.5130 30.1463      0.3638       0.3638    0.6141            1
2013 03 22 30.0102 30.9238 30.5584      0.7731       0.7731    0.6243            1
2013 03 23 29.6065 30.5190 30.1550      0.3669       0.3669    0.6345            1
2013 03 24 30.0117 30.9231 30.5604      0.7696       0.7696    0.6448            1
2013 03 25 29.6150 30.5253 30.1640      0.3704       0.3704    0.6551            1
2013 03 26 30.0131 30.9222 30.5623      0.7659       0.7659    0.6654            1
2013 03 27 29.6238 30.5318 30.1732      0.3741       0.3741    0.6758            1
2013 03 28 30.0141 30.9209 30.5637      0.7618       0.7618    0.6862            1
2013 03 29 29.6331 30.5387 30.1828      0.3782       0.3782    0.6967            1
2013 03 30 30.0150 30.9193 30.5649      0.7575       0.7575    0.7071            1
2013 03 31 29.6427 30.5457 30.1926      0.3825       0.3825    0.7176            1
2013 04 01 30.0158 30.9175 30.5658      0.7530       0.7530    0.7281            1
2013 04 02 29.6525 30.5528 30.2025      0.3870       0.3870    0.7387            1
2013 04 03 30.0164 30.9153 30.5664      0.7482       0.7482    0.7492            1
2013 04 04 29.6627 30.5602 30.2126      0.3918       0.3918    0.7597            1
2013 04 05 30.0168 30.9129 30.5667      0.7432       0.7432    0.7703            1
2013 04 06 29.6732 30.5678 30.2229      0.3968       0.3968    0.7808            1
2013 04 07 30.0171 30.9102 30.5668      0.7380       0.7380    0.7914            1
2013 04 08 29.6839 30.5755 30.2334      0.4020       0.4020    0.8019            1
2013 04 09 30.0173 30.9074 30.5667      0.7327       0.7327    0.8125            1
2013 04 10 29.6947 30.5832 30.2438      0.4073       0.4073    0.8230            1
2013 04 11 30.0174 30.9043 30.5663      0.7272       0.7272    0.8335            1
2013 04 12 29.7058 30.5911 30.2544      0.4128       0.4128    0.8439            1
2013 04 13 30.0174 30.9010 30.5657      0.7216       0.7216    0.8544            1
2013 04 14 29.7171 30.5990 30.2650      0.4184       0.4184    0.8648            1
2013 04 15 30.0174 30.8976 30.5650      0.7159       0.7159    0.8751            1
2013 04 16 29.7284 30.6069 30.2756      0.4241       0.4241    0.8855            1
2013 04 17 30.0174 30.8941 30.5642      0.7102       0.7102    0.8957            1
2013 04 18 29.7398 30.6147 30.2862      0.4298       0.4298    0.9060            1
2013 04 19 30.0173 30.8904 30.5631      0.7044       0.7044    0.9161            1
2013 04 20 29.7513 30.6226 30.2967      0.4356       0.4356    0.9262            1
2013 04 21 30.0172 30.8866 30.5620      0.6986       0.6986    0.9363            1
2013 04 22 29.7628 30.6304 30.3071      0.4414       0.4414    0.9463            1
2013 04 23 30.0171 30.8828 30.5607      0.6928       0.6928    0.9562            1
2013 04 24 29.7743 30.6381 30.3174      0.4472       0.4472    0.9660            1
2013 04 25 30.0170 30.8788 30.5594      0.6870       0.6870    0.9758            1
2013 04 26 29.7858 30.6458 30.3276      0.4530       0.4530    0.9854            1
2013 04 27 30.0168 30.8748 30.5579      0.6812       0.6812    0.9950            1
2013 04 28 29.7973 30.6533 30.3376      0.4588       0.4588    1.0045            2
2013 04 29 30.0168 30.8708 30.5564      0.6755       0.6755    1.0138            2
2013 04 30 29.8086 30.6607 30.3474      0.4645       0.4645    1.0231            2
2013 05 01 30.0169 30.8669 30.5549      0.6699       0.6699    1.0323            2
2013 05 02 29.8199 30.6678 30.3570      0.4701       0.4701    1.0413            2
2013 05 03 30.0169 30.8628 30.5532      0.6643       0.6643    1.0502            2
2013 05 04 29.8311 30.6749 30.3665      0.4757       0.4757    1.0590            2
2013 05 05 30.0171 30.8588 30.5516      0.6589       0.6589    1.0677            2
2013 05 06 29.8420 30.6817 30.3756      0.4811       0.4811    1.0763            2
2013 05 07 30.0173 30.8549 30.5499      0.6536       0.6536    1.0847            2
2013 05 08 29.8528 30.6883 30.3845      0.4864       0.4864    1.0930            2
2013 05 09 30.0176 30.8509 30.5482      0.6484       0.6484    1.1011            2
2013 05 10 29.8635 30.6947 30.3931      0.4916       0.4916    1.1091            2
2013 05 11 30.0180 30.8471 30.5466      0.6434       0.6434    1.1169            2
2013 05 12 29.8739 30.7008 30.4014      0.4966       0.4966    1.1246            2
2013 05 13 30.0185 30.8432 30.5449      0.6385       0.6385    1.1321            2
2013 05 14 29.8841 30.7067 30.4094      0.5015       0.5015    1.1395            2
2013 05 15 30.0191 30.8395 30.5432      0.6338       0.6338    1.1466            2
2013 05 16 29.8941 30.7123 30.4170      0.5062       0.5062    1.1537            2
2013 05 17 30.0197 30.8358 30.5415      0.6292       0.6292    1.1605            2
2013 05 18 29.9039 30.7177 30.4244      0.5108       0.5108    1.1672            2
2013 05 19 30.0204 30.8321 30.5398      0.6248       0.6248    1.1736            2
2013 05 20 29.9134 30.7228 30.4314      0.5152       0.5152    1.1799            2
2013 05 21 30.0214 30.8287 30.5382      0.6207       0.6207    1.1860            2
2013 05 22 29.9225 30.7276 30.4380      0.5193       0.5193    1.1919            2
2013 05 23 30.0223 30.8252 30.5365      0.6167       0.6167    1.1977            2
2013 05 24 29.9314 30.7321 30.4443      0.5233       0.5233    1.2032            2
2013 05 25 30.0233 30.8218 30.5348      0.6128       0.6128    1.2085            2
2013 05 26 29.9401 30.7363 30.4502      0.5272       0.5272    1.2136            2
2013 05 27 30.0244 30.8185 30.5332      0.6092       0.6092    1.2185            2
2013 05 28 29.9484 30.7402 30.4558      0.5308       0.5308    1.2232            2
2013 05 29 30.0257 30.8153 30.5316      0.6058       0.6058    1.2277            2
2013 05 30 29.9564 30.7438 30.4609      0.5342       0.5342    1.2320            2
2013 05 31 30.0270 30.8123 30.5301      0.6026       0.6026    1.2360            2
2013 06 01 29.9640 30.7471 30.4656      0.5374       0.5374    1.2399            2
2013 06 02 30.0283 30.8092 30.5284      0.5995       0.5995    1.2435            2
2013 06 03 29.9715 30.7502 30.4701      0.5405       0.5405    1.2469            2
2013 06 04 30.0297 30.8062 30.5268      0.5966       0.5966    1.2500            2
2013 06 05 29.9786 30.7530 30.4742      0.5434       0.5434    1.2530            2
2013 06 06 30.0311 30.8034 30.5252      0.5939       0.5939    1.2557            2
2013 06 07 29.9853 30.7554 30.4778      0.5461       0.5461    1.2581            2
2013 06 08 30.0326 30.8006 30.5236      0.5914       0.5914    1.2604            2
2013 06 09 29.9918 30.7576 30.4811      0.5486       0.5486    1.2624            2
2013 06 10 30.0341 30.7978 30.5219      0.5890       0.5890    1.2642            2
2013 06 11 29.9980 30.7596 30.4841      0.5510       0.5510    1.2657            2
2013 06 12 30.0356 30.7951 30.5202      0.5868       0.5868    1.2670            2
2013 06 13 30.0038 30.7612 30.4867      0.5532       0.5532    1.2681            2
2013 06 14 30.0371 30.7924 30.5184      0.5847       0.5847    1.2689            2
2013 06 15 30.0094 30.7627 30.4891      0.5553       0.5553    1.2695            2
2013 06 16 30.0386 30.7898 30.5166      0.5828       0.5828    1.2699            2
2013 06 17 30.0146 30.7638 30.4910      0.5572       0.5572    1.2700            2
2013 06 18 30.0400 30.7872 30.5147      0.5810       0.5810    1.2699            2
2013 06 19 30.0196 30.7648 30.4926      0.5590       0.5590    1.2695            2
2013 06 20 30.0413 30.7845 30.5127      0.5792       0.5792    1.2689            2
2013 06 21 30.0244 30.7656 30.4941      0.5608       0.5608    1.2681            2
2013 06 22 30.0426 30.7819 30.5106      0.5776       0.5776    1.2670            2
2013 06 23 30.0288 30.7662 30.4951      0.5624       0.5624    1.2657            2
2013 06 24 30.0439 30.7793 30.5085      0.5761       0.5761    1.2642            2
2013 06 25 30.0330 30.7665 30.4959      0.5639       0.5639    1.2624            2
2013 06 26 30.0450 30.7766 30.5061      0.5746       0.5746    1.2604            2
2013 06 27 30.0370 30.7668 30.4964      0.5654       0.5654    1.2581            2
2013 06 28 30.0458 30.7738 30.5036      0.5731       0.5731    1.2557            2
2013 06 29 30.0408 30.7669 30.4968      0.5669       0.5669    1.2530            2
2013 06 30 30.0467 30.7710 30.5010      0.5717       0.5717    1.2500            2
2013 07 01 30.0443 30.7669 30.4969      0.5683       0.5683    1.2469            2
2013 07 02 30.0473 30.7682 30.4982      0.5703       0.5703    1.2435            2
2013 07 03 30.0477 30.7668 30.4968      0.5697       0.5697    1.2399            2
2013 07 04 30.0479 30.7653 30.4953      0.5690       0.5690    1.2360            2
2013 07 05 30.0507 30.7665 30.4964      0.5710       0.5710    1.2320            2
2013 07 06 30.0481 30.7622 30.4921      0.5676       0.5676    1.2277            2
2013 07 07 30.0537 30.7662 30.4959      0.5724       0.5724    1.2232            2
2013 07 08 30.0482 30.7591 30.4887      0.5662       0.5662    1.2185            2
2013 07 09 30.0565 30.7658 30.4953      0.5738       0.5738    1.2136            2
2013 07 10 30.0480 30.7558 30.4851      0.5647       0.5647    1.2085            2
2013 07 11 30.0592 30.7654 30.4946      0.5753       0.5753    1.2032            2
2013 07 12 30.0476 30.7524 30.4813      0.5632       0.5632    1.1977            2
2013 07 13 30.0617 30.7650 30.4937      0.5768       0.5768    1.1919            2
2013 07 14 30.0469 30.7488 30.4772      0.5616       0.5616    1.1860            2
2013 07 15 30.0641 30.7645 30.4927      0.5784       0.5784    1.1799            2
2013 07 16 30.0459 30.7450 30.4729      0.5599       0.5599    1.1736            2
2013 07 17 30.0664 30.7641 30.4917      0.5801       0.5801    1.1672            2
2013 07 18 30.0446 30.7411 30.4682      0.5581       0.5581    1.1605            2
2013 07 19 30.0686 30.7638 30.4906      0.5819       0.5819    1.1537            2
2013 07 20 30.0431 30.7370 30.4634      0.5563       0.5563    1.1466            2
2013 07 21 30.0706 30.7633 30.4893      0.5837       0.5837    1.1395            2
2013 07 22 30.0411 30.7327 30.4582      0.5542       0.5542    1.1321            2
2013 07 23 30.0727 30.7631 30.4882      0.5858       0.5858    1.1246            2
2013 07 24 30.0390 30.7282 30.4528      0.5521       0.5521    1.1169            2
2013 07 25 30.0746 30.7628 30.4869      0.5879       0.5879    1.1091            2
2013 07 26 30.0364 30.7235 30.4470      0.5498       0.5498    1.1011            2
2013 07 27 30.0766 30.7626 30.4856      0.5902       0.5902    1.0930            2
2013 07 28 30.0335 30.7186 30.4410      0.5474       0.5474    1.0847            2
2013 07 29 30.0784 30.7625 30.4843      0.5926       0.5926    1.0763            2
2013 07 30 30.0301 30.7134 30.4346      0.5447       0.5447    1.0677            2
2013 07 31 30.0803 30.7627 30.4832      0.5953       0.5953    1.0590            2
2013 08 01 30.0266 30.7081 30.4280      0.5420       0.5420    1.0502            2
2013 08 02 30.0821 30.7627 30.4820      0.5980       0.5980    1.0413            2
2013 08 03 30.0225 30.7024 30.4209      0.5390       0.5390    1.0323            2
2013 08 04 30.0839 30.7631 30.4809      0.6010       0.6010    1.0231            2
2013 08 05 30.0181 30.6965 30.4136      0.5358       0.5358    1.0138            2
2013 08 06 30.0858 30.7635 30.4798      0.6042       0.6042    1.0045            2
2013 08 07 30.0134 30.6905 30.4060      0.5325       0.5325    0.9950            1
2013 08 08 30.0876 30.7641 30.4788      0.6075       0.6075    0.9854            1
2013 08 09 30.0082 30.6842 30.3981      0.5290       0.5290    0.9758            1
2013 08 10 30.0893 30.7648 30.4778      0.6110       0.6110    0.9660            1
2013 08 11 30.0027 30.6776 30.3898      0.5253       0.5253    0.9562            1
2013 08 12 30.0911 30.7656 30.4769      0.6147       0.6147    0.9463            1
2013 08 13 29.9968 30.6709 30.3813      0.5214       0.5214    0.9363            1
2013 08 14 30.0930 30.7666 30.4761      0.6186       0.6186    0.9262            1
2013 08 15 29.9905 30.6639 30.3725      0.5173       0.5173    0.9161            1
2013 08 16 30.0948 30.7678 30.4755      0.6227       0.6227    0.9060            1
2013 08 17 29.9839 30.6566 30.3633      0.5130       0.5130    0.8957            1
2013 08 18 30.0966 30.7692 30.4749      0.6270       0.6270    0.8855            1
2013 08 19 29.9768 30.6492 30.3539      0.5085       0.5085    0.8751            1
2013 08 20 30.0985 30.7707 30.4744      0.6315       0.6315    0.8648            1
2013 08 21 29.9695 30.6416 30.3443      0.5039       0.5039    0.8544            1
2013 08 22 30.1003 30.7723 30.4739      0.6361       0.6361    0.8439            1
2013 08 23 29.9618 30.6338 30.3344      0.4991       0.4991    0.8335            1
2013 08 24 30.1021 30.7741 30.4736      0.6409       0.6409    0.8230            1
2013 08 25 29.9538 30.6258 30.3242      0.4941       0.4941    0.8125            1
2013 08 26 30.1040 30.7761 30.4734      0.6459       0.6459    0.8019            1
2013 08 27 29.9455 30.6176 30.3138      0.4890       0.4890    0.7914            1
2013 08 28 30.1058 30.7781 30.4732      0.6510       0.6510    0.7808            1
2013 08 29 29.9369 30.6094 30.3033      0.4838       0.4838    0.7703            1
2013 08 30 30.1076 30.7803 30.4730      0.6562       0.6562    0.7597            1
2013 08 31 29.9280 30.6010 30.2925      0.4784       0.4784    0.7492            1
2013 09 01 30.1094 30.7826 30.4730      0.6616       0.6616    0.7387            1
2013 09 02 29.9188 30.5924 30.2816      0.4729       0.4729    0.7281            1
2013 09 03 30.1111 30.7851 30.4731      0.6671       0.6671    0.7176            1
2013 09 04 29.9094 30.5838 30.2706      0.4673       0.4673    0.7071            1
2013 09 05 30.1128 30.7877 30.4732      0.6727       0.6727    0.6967            1
2013 09 06 29.8997 30.5750 30.2594      0.4616       0.4616    0.6862            1
2013 09 07 30.1145 30.7903 30.4734      0.6784       0.6784    0.6758            1
2013 09 08 29.8899 30.5663 30.2481      0.4559       0.4559    0.6654            1
2013 09 09 30.1160 30.7930 30.4735      0.6841       0.6841    0.6551            1
2013 09 10 29.8798 30.5575 30.2368      0.4501       0.4501    0.6448            1
2013 09 11 30.1175 30.7958 30.4738      0.6899       0.6899    0.6345            1
2013 09 12 29.8697 30.5487 30.2254      0.4443       0.4443    0.6243            1
2013 09 13 30.1188 30.7986 30.4740      0.6957       0.6957    0.6141            1
2013 09 14 29.8594 30.5399 30.2140      0.4385       0.4385    0.6040            1
2013 09 15 30.1201 30.8014 30.4742      0.7015       0.7015    0.5939            1
2013 09 16 29.8489 30.5312 30.2026      0.4327       0.4327    0.5839            1
2013 09 17 30.1212 30.8043 30.4744      0.7073       0.7073    0.5740            1
2013 09 18 29.8384 30.5224 30.1912      0.4269       0.4269    0.5641            1
2013 09 19 30.1222 30.8072 30.4746      0.7131       0.7131    0.5543            1
2013 09 20 29.8279 30.5139 30.1799      0.4212       0.4212    0.5446            1
2013 09 21 30.1230 30.8100 30.4747      0.7188       0.7188    0.5349            1
2013 09 22 29.8174 30.5054 30.1688      0.4156       0.4156    0.5253            1
2013 09 23 30.1236 30.8128 30.4748      0.7244       0.7244    0.5158            1
2013 09 24 29.8068 30.4971 30.1577      0.4101       0.4101    0.5063            1
2013 09 25 30.1241 30.8155 30.4747      0.7299       0.7299    0.4970            1
2013 09 26 29.7962 30.4888 30.1467      0.4046       0.4046    0.4877            1
2013 09 27 30.1244 30.8182 30.4747      0.7354       0.7354    0.4785            1
2013 09 28 29.7858 30.4808 30.1360      0.3994       0.3994    0.4694            1
2013 09 29 30.1244 30.8207 30.4745      0.7406       0.7406    0.4603            1
2013 09 30 29.7754 30.4730 30.1255      0.3943       0.3943    0.4514            1
2013 10 01 30.1241 30.8231 30.4742      0.7457       0.7457    0.4425            1
2013 10 02 29.7652 30.4655 30.1152      0.3894       0.3894    0.4338            1
2013 10 03 30.1237 30.8254 30.4737      0.7506       0.7506    0.4251            1
2013 10 04 29.7550 30.4582 30.1051      0.3847       0.3847    0.4166            1
2013 10 05 30.1229 30.8275 30.4731      0.7553       0.7553    0.4081            1
2013 10 06 29.7452 30.4513 30.0954      0.3803       0.3803    0.3997            1
2013 10 07 30.1218 30.8294 30.4722      0.7597       0.7597    0.3914            1
2013 10 08 29.7354 30.4446 30.0860      0.3761       0.3761    0.3833            1
2013 10 09 30.1205 30.8312 30.4712      0.7639       0.7639    0.3752            1
2013 10 10 29.7260 30.4383 30.0770      0.3722       0.3722    0.3672            1
2013 10 11 30.1188 30.8327 30.4700      0.7678       0.7678    0.3593            1
2013 10 12 29.7168 30.4324 30.0683      0.3686       0.3686    0.3516            1
2013 10 13 30.1167 30.8340 30.4686      0.7714       0.7714    0.3439            1
2013 10 14 29.7078 30.4268 30.0600      0.3653       0.3653    0.3363            1
2013 10 15 30.1144 30.8351 30.4670      0.7747       0.7747    0.3289            1
2013 10 16 29.6993 30.4217 30.0522      0.3624       0.3624    0.3215            1
2013 10 17 30.1116 30.8358 30.4650      0.7776       0.7776    0.3143            1
2013 10 18 29.6910 30.4169 30.0449      0.3598       0.3598    0.3071            1
2013 10 19 30.1085 30.8363 30.4629      0.7802       0.7802    0.3001            1
2013 10 20 29.6832 30.4128 30.0381      0.3577       0.3577    0.2932            1
2013 10 21 30.1049 30.8364 30.4604      0.7823       0.7823    0.2863            1
2013 10 22 29.6757 30.4090 30.0317      0.3559       0.3559    0.2796            1
2013 10 23 30.1010 30.8363 30.4576      0.7841       0.7841    0.2730            1
2013 10 24 29.6686 30.4057 30.0258      0.3545       0.3545    0.2665            1
2013 10 25 30.0967 30.8358 30.4546      0.7855       0.7855    0.2601            1
2013 10 26 29.6620 30.4030 30.0206      0.3536       0.3536    0.2538            1
2013 10 27 30.0919 30.8349 30.4512      0.7864       0.7864    0.2476            1
2013 10 28 29.6558 30.4008 30.0158      0.3531       0.3531    0.2416            1
2013 10 29 30.0868 30.8337 30.4476      0.7869       0.7869    0.2356            1
2013 10 30 29.6500 30.3990 30.0116      0.3530       0.3530    0.2297            1
2013 10 31 30.0812 30.8322 30.4436      0.7870       0.7870    0.2239            1
2013 11 01 29.6448 30.3979 30.0081      0.3534       0.3534    0.2183            1
2013 11 02 30.0752 30.8303 30.4393      0.7866       0.7866    0.2127            1
2013 11 03 29.6401 30.3973 30.0052      0.3543       0.3543    0.2073            1
2013 11 04 30.0688 30.8280 30.4347      0.7857       0.7857    0.2019            1
2013 11 05 29.6360 30.3973 30.0029      0.3557       0.3557    0.1966            1
2013 11 06 30.0618 30.8253 30.4297      0.7843       0.7843    0.1915            1
2013 11 07 29.6323 30.3979 30.0011      0.3575       0.3575    0.1864            1
2013 11 08 30.0546 30.8223 30.4244      0.7825       0.7825    0.1815            1
2013 11 09 29.6292 30.3991 30.0001      0.3599       0.3599    0.1766            1
2013 11 10 30.0467 30.8187 30.4187      0.7801       0.7801    0.1719            1
2013 11 11 29.6267 30.4008 29.9997      0.3627       0.3627    0.1672            1
2013 11 12 30.0386 30.8149 30.4128      0.7773       0.7773    0.1627            1
2013 11 13 29.6246 30.4031 29.9999      0.3660       0.3660    0.1582            1
2013 11 14 30.0300 30.8107 30.4065      0.7740       0.7740    0.1538            1
2013 11 15 29.6232 30.4061 30.0008      0.3698       0.3698    0.1495            1
2013 11 16 30.0210 30.8060 30.3998      0.7702       0.7702    0.1453            1
2013 11 17 29.6223 30.4096 30.0024      0.3741       0.3741    0.1412            1
2013 11 18 30.0116 30.8010 30.3929      0.7659       0.7659    0.1372            1
2013 11 19 29.6221 30.4137 30.0046      0.3789       0.3789    0.1333            1
2013 11 20 30.0018 30.7956 30.3856      0.7611       0.7611    0.1295            1
2013 11 21 29.6223 30.4183 30.0074      0.3841       0.3841    0.1257            1
2013 11 22 29.9916 30.7899 30.3781      0.7559       0.7559    0.1221            1
2013 11 23 29.6231 30.4235 30.0109      0.3898       0.3898    0.1185            1
2013 11 24 29.9811 30.7837 30.3703      0.7502       0.7502    0.1150            1
2013 11 25 29.6245 30.4294 30.0151      0.3960       0.3960    0.1116            1
2013 11 26 29.9702 30.7772 30.3621      0.7440       0.7440    0.1082            1
2013 11 27 29.6265 30.4357 30.0198      0.4026       0.4026    0.1050            1
2013 11 28 29.9590 30.7704 30.3537      0.7374       0.7374    0.1018            1
2013 11 29 29.6290 30.4426 30.0252      0.4097       0.4097    0.0987            1
2013 11 30 29.9474 30.7632 30.3450      0.7303       0.7303    0.0957            1
2013 12 01 29.6320 30.4500 30.0311      0.4171       0.4171    0.0928            1
2013 12 02 29.9356 30.7558 30.3362      0.7229       0.7229    0.0899            1
2013 12 03 29.6356 30.4579 30.0377      0.4250       0.4250    0.0871            1
2013 12 04 29.9235 30.7480 30.3271      0.7150       0.7150    0.0844            1
2013 12 05 29.6396 30.4663 30.0448      0.4332       0.4332    0.0817            1
2013 12 06 29.9112 30.7400 30.3179      0.7068       0.7068    0.0791            1
2013 12 07 29.6442 30.4751 30.0524      0.4418       0.4418    0.0766            1
2013 12 08 29.8986 30.7317 30.3084      0.6982       0.6982    0.0741            1
2013 12 09 29.6493 30.4845 30.0607      0.4508       0.4508    0.0718            1
2013 12 10 29.8858 30.7231 30.2988      0.6892       0.6892    0.0694            1
2013 12 11 29.6547 30.4942 30.0693      0.4600       0.4600    0.0672            1
2013 12 12 29.8729 30.7144 30.2891      0.6800       0.6800    0.0650            1
2013 12 13 29.6607 30.5043 30.0786      0.4696       0.4696    0.0628            1
2013 12 14 29.8598 30.7055 30.2793      0.6704       0.6704    0.0608            1
2013 12 15 29.6671 30.5148 30.0882      0.4794       0.4794    0.0587            1
2013 12 16 29.8466 30.6964 30.2694      0.6606       0.6606    0.0568            1
2013 12 17 29.6739 30.5257 30.0983      0.4895       0.4895    0.0549            1
2013 12 18 29.8333 30.6871 30.2594      0.6505       0.6505    0.0530            1
2013 12 19 29.6810 30.5369 30.1089      0.4998       0.4998    0.0512            1
2013 12 20 29.8199 30.6777 30.2494      0.6402       0.6402    0.0494            1
2013 12 21 29.6885 30.5482 30.1197      0.5102       0.5102    0.0477            1
2013 12 22 29.8067 30.6684 30.2395      0.6298       0.6298    0.0461            1
2013 12 23 29.6964 30.5600 30.1310      0.5209       0.5209    0.0445            1
2013 12 24 29.7933 30.6588 30.2295      0.6191       0.6191    0.0429            1
2013 12 25 29.7046 30.5720 30.1426      0.5317       0.5317    0.0414            1
2013 12 26 29.7799 30.6492 30.2196      0.6083       0.6083    0.0400            1
2013 12 27 29.7129 30.5840 30.1543      0.5425       0.5425    0.0385            1
2013 12 28 29.7668 30.6397 30.2099      0.5975       0.5975    0.0372            1
2013 12 29 29.7217 30.5964 30.1665      0.5535       0.5535    0.0358            1
2013 12 30 29.7536 30.6301 30.2002      0.5865       0.5865    0.0345            1
2013 12 31 29.7361 30.6144 30.1844      0.5700       0.5700    0.0333            1
2014 01 01 29.8351 30.7151 30.2851      0.6700       0.6700    0.1432            1
2014 01 02 29.8342 30.7159 30.2859      0.6700       0.6700    0.1477            1
2014 01 03 29.8443 30.7277 30.2978      0.6810       0.6810    0.1524            1
2014 01 04 29.8215 30.7065 30.2766      0.6590       0.6590    0.1571            1
2014 01 05 29.8537 30.7404 30.3106      0.6920       0.6920    0.1620            1
2014 01 06 29.8090 30.6973 30.2676      0.6480       0.6480    0.1671            1
2014 01 07 29.8632 30.7530 30.3235      0.7029       0.7029    0.1722            1
2014 01 08 29.7967 30.6882 30.2587      0.6371       0.6371    0.1775            1
2014 01 09 29.8727 30.7657 30.3365      0.7137       0.7137    0.1829            1
2014 01 10 29.7848 30.6793 30.2502      0.6263       0.6263    0.1884            1
2014 01 11 29.8825 30.7784 30.3496      0.7245       0.7245    0.1940            1
2014 01 12 29.7730 30.6704 30.2419      0.6155       0.6155    0.1998            1
2014 01 13 29.8921 30.7909 30.3626      0.7350       0.7350    0.2057            1
2014 01 14 29.7618 30.6620 30.2340      0.6050       0.6050    0.2118            1
2014 01 15 29.9019 30.8034 30.3757      0.7454       0.7454    0.2180            1
2014 01 16 29.7508 30.6537 30.2264      0.5946       0.5946    0.2243            1
2014 01 17 29.9116 30.8158 30.3888      0.7556       0.7556    0.2308            1
2014 01 18 29.7403 30.6457 30.2191      0.5844       0.5844    0.2374            1
2014 01 19 29.9212 30.8279 30.4017      0.7655       0.7655    0.2441            1
2014 01 20 29.7302 30.6381 30.2123      0.5745       0.5745    0.2510            1
2014 01 21 29.9309 30.8399 30.4146      0.7752       0.7752    0.2581            1
2014 01 22 29.7205 30.6307 30.2059      0.5648       0.5648    0.2653            1
2014 01 23 29.9404 30.8517 30.4274      0.7846       0.7846    0.2726            1
2014 01 24 29.7113 30.6237 30.1999      0.5554       0.5554    0.2801            1
2014 01 25 29.9498 30.8632 30.4400      0.7937       0.7937    0.2877            1
2014 01 26 29.7027 30.6171 30.1944      0.5463       0.5463    0.2955            1
2014 01 27 29.9591 30.8745 30.4524      0.8025       0.8025    0.3035            1
2014 01 28 29.6945 30.6108 30.1893      0.5375       0.5375    0.3116            1
2014 01 29 29.9683 30.8855 30.4646      0.8109       0.8109    0.3199            1
2014 01 30 29.6869 30.6050 30.1848      0.5291       0.5291    0.3283            1
2014 01 31 29.9773 30.8962 30.4766      0.8190       0.8190    0.3369            1
2014 02 01 29.6798 30.5995 30.1807      0.5210       0.5210    0.3456            1
2014 02 02 29.9861 30.9066 30.4884      0.8267       0.8267    0.3545            1
2014 02 03 29.6733 30.5945 30.1771      0.5133       0.5133    0.3636            1
2014 02 04 29.9946 30.9165 30.4998      0.8339       0.8339    0.3728            1
2014 02 05 29.6675 30.5901 30.1741      0.5061       0.5061    0.3822            1
2014 02 06 30.0028 30.9260 30.5109      0.8407       0.8407    0.3917            1
2014 02 07 29.6622 30.5860 30.1717      0.4993       0.4993    0.4014            1
2014 02 08 30.0109 30.9352 30.5218      0.8471       0.8471    0.4113            1
2014 02 09 29.6576 30.5825 30.1698      0.4929       0.4929    0.4213            1
2014 02 10 30.0188 30.9441 30.5323      0.8531       0.8531    0.4315            1
2014 02 11 29.6536 30.5793 30.1684      0.4869       0.4869    0.4419            1
2014 02 12 30.0262 30.9524 30.5424      0.8585       0.8585    0.4524            1
2014 02 13 29.6503 30.5768 30.1677      0.4815       0.4815    0.4631            1
2014 02 14 30.0335 30.9604 30.5522      0.8636       0.8636    0.4740            1
2014 02 15 29.6475 30.5746 30.1675      0.4764       0.4764    0.4850            1
2014 02 16 30.0404 30.9678 30.5616      0.8681       0.8681    0.4962            1
2014 02 17 29.6455 30.5731 30.1679      0.4719       0.4719    0.5076            1
2014 02 18 30.0470 30.9748 30.5706      0.8721       0.8721    0.5191            1
2014 02 19 29.6442 30.5721 30.1689      0.4679       0.4679    0.5307            1
2014 02 20 30.0534 30.9814 30.5792      0.8757       0.8757    0.5426            1
2014 02 21 29.6434 30.5715 30.1704      0.4643       0.4643    0.5546            1
2014 02 22 30.0594 30.9875 30.5874      0.8788       0.8788    0.5667            1
2014 02 23 29.6433 30.5714 30.1724      0.4612       0.4612    0.5790            1
2014 02 24 30.0651 30.9931 30.5952      0.8814       0.8814    0.5915            1
2014 02 25 29.6439 30.5718 30.1751      0.4586       0.4586    0.6041            1
2014 02 26 30.0703 30.9981 30.6025      0.8834       0.8834    0.6169            1
2014 02 27 29.6452 30.5728 30.1784      0.4566       0.4566    0.6298            1
2014 02 28 30.0755 31.0029 30.6095      0.8851       0.8851    0.6429            1
2014 03 01 29.6470 30.5742 30.1820      0.4549       0.4549    0.6561            1
2014 03 02 30.0801 31.0070 30.6160      0.8862       0.8862    0.6695            1
2014 03 03 29.6496 30.5761 30.1863      0.4538       0.4538    0.6830            1
2014 03 04 30.0844 31.0106 30.6220      0.8868       0.8868    0.6966            1
2014 03 05 29.6528 30.5786 30.1912      0.4532       0.4532    0.7104            1
2014 03 06 30.0885 31.0139 30.6277      0.8870       0.8870    0.7244            1
2014 03 07 29.6565 30.5814 30.1965      0.4530       0.4530    0.7384            1
2014 03 08 30.0922 31.0166 30.6329      0.8867       0.8867    0.7526            1
2014 03 09 29.6609 30.5847 30.2023      0.4533       0.4533    0.7670            1
2014 03 10 30.0957 31.0189 30.6378      0.8860       0.8860    0.7814            1
2014 03 11 29.6658 30.5884 30.2085      0.4540       0.4540    0.7960            1
2014 03 12 30.0988 31.0208 30.6422      0.8849       0.8849    0.8107            1
2014 03 13 29.6712 30.5925 30.2152      0.4551       0.4551    0.8255            1
2014 03 14 30.1017 31.0222 30.6462      0.8833       0.8833    0.8404            1
2014 03 15 29.6773 30.5971 30.2224      0.4567       0.4567    0.8555            1
2014 03 16 30.1042 31.0232 30.6498      0.8813       0.8813    0.8706            1
2014 03 17 29.6839 30.6021 30.2300      0.4587       0.4587    0.8859            1
2014 03 18 30.1064 31.0238 30.6530      0.8789       0.8789    0.9012            1
2014 03 19 29.6910 30.6074 30.2380      0.4611       0.4611    0.9166            1
2014 03 20 30.1085 31.0240 30.6559      0.8762       0.8762    0.9322            1
2014 03 21 29.6985 30.6130 30.2463      0.4638       0.4638    0.9478            1
2014 03 22 30.1102 31.0238 30.6584      0.8731       0.8731    0.9635            1
2014 03 23 29.7065 30.6190 30.2550      0.4669       0.4669    0.9792            1
2014 03 24 30.1117 31.0231 30.6604      0.8696       0.8696    0.9951            1
2014 03 25 29.7150 30.6253 30.2640      0.4704       0.4704    1.0110            2
2014 03 26 30.1131 31.0222 30.6623      0.8659       0.8659    1.0269            2
2014 03 27 29.7238 30.6318 30.2732      0.4741       0.4741    1.0430            2
2014 03 28 30.1141 31.0209 30.6637      0.8618       0.8618    1.0590            2
2014 03 29 29.7331 30.6387 30.2828      0.4782       0.4782    1.0751            2
2014 03 30 30.1150 31.0193 30.6649      0.8575       0.8575    1.0913            2
2014 03 31 29.7427 30.6457 30.2926      0.4825       0.4825    1.1075            2
2014 04 01 30.1158 31.0175 30.6658      0.8530       0.8530    1.1237            2
2014 04 02 29.7525 30.6528 30.3025      0.4870       0.4870    1.1400            2
2014 04 03 30.1164 31.0153 30.6664      0.8482       0.8482    1.1562            2
2014 04 04 29.7627 30.6602 30.3126      0.4918       0.4918    1.1725            2
2014 04 05 30.1168 31.0129 30.6667      0.8432       0.8432    1.1888            2
2014 04 06 29.7732 30.6678 30.3229      0.4968       0.4968    1.2051            2
2014 04 07 30.1171 31.0102 30.6668      0.8380       0.8380    1.2214            2
2014 04 08 29.7839 30.6755 30.3334      0.5020       0.5020    1.2376            2
2014 04 09 30.1173 31.0074 30.6667      0.8327       0.8327    1.2539            2
2014 04 10 29.7947 30.6832 30.3438      0.5073       0.5073    1.2701            2
2014 04 11 30.1174 31.0043 30.6663      0.8272       0.8272    1.2863            2
2014 04 12 29.8058 30.6911 30.3544      0.5128       0.5128    1.3024            2
2014 04 13 30.1174 31.0010 30.6657      0.8216       0.8216    1.3185            2
2014 04 14 29.8171 30.6990 30.3650      0.5184       0.5184    1.3346            2
2014 04 15 30.1174 30.9976 30.6650      0.8159       0.8159    1.3506            2
2014 04 16 29.8284 30.7069 30.3756      0.5241       0.5241    1.3665            2
2014 04 17 30.1174 30.9941 30.6642      0.8102       0.8102    1.3824            2
2014 04 18 29.8398 30.7147 30.3862      0.5298       0.5298    1.3982            2
2014 04 19 30.1173 30.9904 30.6631      0.8044       0.8044    1.4139            2
2014 04 20 29.8513 30.7226 30.3967      0.5356       0.5356    1.4295            2
2014 04 21 30.1172 30.9866 30.6620      0.7986       0.7986    1.4450            2
2014 04 22 29.8628 30.7304 30.4071      0.5414       0.5414    1.4604            2
2014 04 23 30.1171 30.9828 30.6607      0.7928       0.7928    1.4757            2
2014 04 24 29.8743 30.7381 30.4174      0.5472       0.5472    1.4909            2
2014 04 25 30.1170 30.9788 30.6594      0.7870       0.7870    1.5059            2
2014 04 26 29.8858 30.7458 30.4276      0.5530       0.5530    1.5208            2
2014 04 27 30.1168 30.9748 30.6579      0.7812       0.7812    1.5356            2
2014 04 28 29.8973 30.7533 30.4376      0.5588       0.5588    1.5502            2
2014 04 29 30.1168 30.9708 30.6564      0.7755       0.7755    1.5647            2
2014 04 30 29.9086 30.7607 30.4474      0.5645       0.5645    1.5790            2
2014 05 01 30.1169 30.9669 30.6549      0.7699       0.7699    1.5931            2
2014 05 02 29.9199 30.7678 30.4570      0.5701       0.5701    1.6071            2
2014 05 03 30.1169 30.9628 30.6532      0.7643       0.7643    1.6208            2
2014 05 04 29.9311 30.7749 30.4665      0.5757       0.5757    1.6344            2
2014 05 05 30.1171 30.9588 30.6516      0.7589       0.7589    1.6478            2
2014 05 06 29.9420 30.7817 30.4756      0.5811       0.5811    1.6610            2
2014 05 07 30.1173 30.9549 30.6499      0.7536       0.7536    1.6740            2
2014 05 08 29.9528 30.7883 30.4845      0.5864       0.5864    1.6868            2
2014 05 09 30.1176 30.9509 30.6482      0.7484       0.7484    1.6993            2
2014 05 10 29.9635 30.7947 30.4931      0.5916       0.5916    1.7117            2
2014 05 11 30.1180 30.9471 30.6466      0.7434       0.7434    1.7237            2
2014 05 12 29.9739 30.8008 30.5014      0.5966       0.5966    1.7356            2
2014 05 13 30.1185 30.9432 30.6449      0.7385       0.7385    1.7472            2
2014 05 14 29.9841 30.8067 30.5094      0.6015       0.6015    1.7585            2
2014 05 15 30.1191 30.9395 30.6432      0.7338       0.7338    1.7696            2
2014 05 16 29.9941 30.8123 30.5170      0.6062       0.6062    1.7805            2
2014 05 17 30.1197 30.9358 30.6415      0.7292       0.7292    1.7910            2
2014 05 18 30.0039 30.8177 30.5244      0.6108       0.6108    1.8013            2
2014 05 19 30.1204 30.9321 30.6398      0.7248       0.7248    1.8113            2
2014 05 20 30.0134 30.8228 30.5314      0.6152       0.6152    1.8210            2
2014 05 21 30.1214 30.9287 30.6382      0.7207       0.7207    1.8304            2
2014 05 22 30.0225 30.8276 30.5380      0.6193       0.6193    1.8395            2
2014 05 23 30.1223 30.9252 30.6365      0.7167       0.7167    1.8484            2
2014 05 24 30.0314 30.8321 30.5443      0.6233       0.6233    1.8569            2
2014 05 25 30.1233 30.9218 30.6348      0.7128       0.7128    1.8651            2
2014 05 26 30.0401 30.8363 30.5502      0.6272       0.6272    1.8730            2
2014 05 27 30.1244 30.9185 30.6332      0.7092       0.7092    1.8806            2
2014 05 28 30.0484 30.8402 30.5558      0.6308       0.6308    1.8878            2
2014 05 29 30.1257 30.9153 30.6316      0.7058       0.7058    1.8947            2
2014 05 30 30.0564 30.8438 30.5609      0.6342       0.6342    1.9013            2
2014 05 31 30.1270 30.9123 30.6301      0.7026       0.7026    1.9076            2
2014 06 01 30.0640 30.8471 30.5656      0.6374       0.6374    1.9135            2
2014 06 02 30.1283 30.9092 30.6284      0.6995       0.6995    1.9191            2
2014 06 03 30.0715 30.8502 30.5701      0.6405       0.6405    1.9243            2
2014 06 04 30.1297 30.9062 30.6268      0.6966       0.6966    1.9292            2
2014 06 05 30.0786 30.8530 30.5742      0.6434       0.6434    1.9337            2
2014 06 06 30.1311 30.9034 30.6252      0.6939       0.6939    1.9379            2
2014 06 07 30.0853 30.8554 30.5778      0.6461       0.6461    1.9417            2
2014 06 08 30.1326 30.9006 30.6236      0.6914       0.6914    1.9452            2
2014 06 09 30.0918 30.8576 30.5811      0.6486       0.6486    1.9483            2
2014 06 10 30.1341 30.8978 30.6219      0.6890       0.6890    1.9510            2
2014 06 11 30.0980 30.8596 30.5841      0.6510       0.6510    1.9534            2
2014 06 12 30.1356 30.8951 30.6202      0.6868       0.6868    1.9554            2
2014 06 13 30.1038 30.8612 30.5867      0.6532       0.6532    1.9571            2
2014 06 14 30.1371 30.8924 30.6184      0.6847       0.6847    1.9583            2
2014 06 15 30.1094 30.8627 30.5891      0.6553       0.6553    1.9593            2
2014 06 16 30.1386 30.8898 30.6166      0.6828       0.6828    1.9598            2
2014 06 17 30.1146 30.8638 30.5910      0.6572       0.6572    1.9600            2
2014 06 18 30.1400 30.8872 30.6147      0.6810       0.6810    1.9598            2
2014 06 19 30.1196 30.8648 30.5926      0.6590       0.6590    1.9593            2
2014 06 20 30.1413 30.8845 30.6127      0.6792       0.6792    1.9583            2
2014 06 21 30.1244 30.8656 30.5941      0.6608       0.6608    1.9571            2
2014 06 22 30.1426 30.8819 30.6106      0.6776       0.6776    1.9554            2
2014 06 23 30.1288 30.8662 30.5951      0.6624       0.6624    1.9534            2
2014 06 24 30.1439 30.8793 30.6085      0.6761       0.6761    1.9510            2
2014 06 25 30.1330 30.8665 30.5959      0.6639       0.6639    1.9483            2
2014 06 26 30.1450 30.8766 30.6061      0.6746       0.6746    1.9452            2
2014 06 27 30.1370 30.8668 30.5964      0.6654       0.6654    1.9417            2
2014 06 28 30.1458 30.8738 30.6036      0.6731       0.6731    1.9379            2
2014 06 29 30.1408 30.8669 30.5968      0.6669       0.6669    1.9337            2
2014 06 30 30.1467 30.8710 30.6010      0.6717       0.6717    1.9292            2
2014 07 01 30.1443 30.8669 30.5969      0.6683       0.6683    1.9243            2
2014 07 02 30.1473 30.8682 30.5982      0.6703       0.6703    1.9191            2
2014 07 03 30.1477 30.8668 30.5968      0.6697       0.6697    1.9135            2
2014 07 04 30.1479 30.8653 30.5953      0.6690       0.6690    1.9076            2
2014 07 05 30.1507 30.8665 30.5964      0.6710       0.6710    1.9013            2
2014 07 06 30.1481 30.8622 30.5921      0.6676       0.6676    1.8947            2
2014 07 07 30.1537 30.8662 30.5959      0.6724       0.6724    1.8878            2
2014 07 08 30.1482 30.8591 30.5887      0.6662       0.6662    1.8806            2
2014 07 09 30.1565 30.8658 30.5953      0.6738       0.6738    1.8730            2
2014 07 10 30.1480 30.8558 30.5851      0.6647       0.6647    1.8651            2
2014 07 11 30.1592 30.8654 30.5946      0.6753       0.6753    1.8569            2
2014 07 12 30.1476 30.8524 30.5813      0.6632       0.6632    1.8484            2
2014 07 13 30.1617 30.8650 30.5937      0.6768       0.6768    1.8395            2
2014 07 14 30.1469 30.8488 30.5772      0.6616       0.6616    1.8304            2
2014 07 15 30.1641 30.8645 30.5927      0.6784       0.6784    1.8210            2
2014 07 16 30.1459 30.8450 30.5729      0.6599       0.6599    1.8113            2
2014 07 17 30.1664 30.8641 30.5917      0.6801       0.6801    1.8013            2
2014 07 18 30.1446 30.8411 30.5682      0.6581       0.6581    1.7910            2
2014 07 19 30.1686 30.8638 30.5906      0.6819       0.6819    1.7805            2
2014 07 20 30.1431 30.8370 30.5634      0.6563       0.6563    1.7696            2
2014 07 21 30.1706 30.8633 30.5893      0.6837       0.6837    1.7585            2
2014 07 22 30.1411 30.8327 30.5582      0.6542       0.6542    1.7472            2
2014 07 23 30.1727 30.8631 30.5882      0.6858       0.6858    1.7356            2
2014 07 24 30.1390 30.8282 30.5528      0.6521       0.6521    1.7237            2
2014 07 25 30.1746 30.8628 30.5869      0.6879       0.6879    1.7117            2
2014 07 26 30.1364 30.8235 30.5470      0.6498       0.6498    1.6993            2
2014 07 27 30.1766 30.8626 30.5856      0.6902       0.6902    1.6868            2
2014 07 28 30.1335 30.8186 30.5410      0.6474       0.6474    1.6740            2
2014 07 29 30.1784 30.8625 30.5843      0.6926       0.6926    1.6610            2
2014 07 30 30.1301 30.8134 30.5346      0.6447       0.6447    1.6478            2
2014 07 31 30.1803 30.8627 30.5832      0.6953       0.6953    1.6344            2
2014 08 01 30.1266 30.8081 30.5280      0.6420       0.6420    1.6208            2
2014 08 02 30.1821 30.8627 30.5820      0.6980       0.6980    1.6071            2
2014 08 03 30.1225 30.8024 30.5209      0.6390       0.6390    1.5931            2
2014 08 04 30.1839 30.8631 30.5809      0.7010       0.7010    1.5790            2
2014 08 05 30.1181 30.7965 30.5136      0.6358       0.6358    1.5647            2
2014 08 06 30.1858 30.8635 30.5798      0.7042       0.7042    1.5502            2
2014 08 07 30.1134 30.7905 30.5060      0.6325       0.6325    1.5356            2
2014 08 08 30.1876 30.8641 30.5788      0.7075       0.7075    1.5208            2
2014 08 09 30.1082 30.7842 30.4981      0.6290       0.6290    1.5059            2
2014 08 10 30.1893 30.8648 30.5778      0.7110       0.7110    1.4909            2
2014 08 11 30.1027 30.7776 30.4898      0.6253       0.6253    1.4757            2
2014 08 12 30.1911 30.8656 30.5769      0.7147       0.7147    1.4604            2
2014 08 13 30.0968 30.7709 30.4813      0.6214       0.6214    1.4450            2
2014 08 14 30.1930 30.8666 30.5761      0.7186       0.7186    1.4295            2
2014 08 15 30.0905 30.7639 30.4725      0.6173       0.6173    1.4139            2
2014 08 16 30.1948 30.8678 30.5755      0.7227       0.7227    1.3982            2
2014 08 17 30.0839 30.7566 30.4633      0.6130       0.6130    1.3824            2
2014 08 18 30.1966 30.8692 30.5749      0.7270       0.7270    1.3665            2
2014 08 19 30.0768 30.7492 30.4539      0.6085       0.6085    1.3506            2
2014 08 20 30.1985 30.8707 30.5744      0.7315       0.7315    1.3346            2
2014 08 21 30.0695 30.7416 30.4443      0.6039       0.6039    1.3185            2
2014 08 22 30.2003 30.8723 30.5739      0.7361       0.7361    1.3024            2
2014 08 23 30.0618 30.7338 30.4344      0.5991       0.5991    1.2863            2
2014 08 24 30.2021 30.8741 30.5736      0.7409       0.7409    1.2701            2
2014 08 25 30.0538 30.7258 30.4242      0.5941       0.5941    1.2539            2
2014 08 26 30.2040 30.8761 30.5734      0.7459       0.7459    1.2376            2
2014 08 27 30.0455 30.7176 30.4138      0.5890       0.5890    1.2214            2
2014 08 28 30.2058 30.8781 30.5732      0.7510       0.7510    1.2051            2
2014 08 29 30.0369 30.7094 30.4033      0.5838       0.5838    1.1888            2
2014 08 30 30.2076 30.8803 30.5730      0.7562       0.7562    1.1725            2
2014 08 31 30.0280 30.7010 30.3925      0.5784       0.5784    1.1562            2
2014 09 01 30.2094 30.8826 30.5730      0.7616       0.7616    1.1400            2
2014 09 02 30.0188 30.6924 30.3816      0.5729       0.5729    1.1237            2
2014 09 03 30.2111 30.8851 30.5731      0.7671       0.7671    1.1075            2
2014 09 04 30.0094 30.6838 30.3706      0.5673       0.5673    1.0913            2
2014 09 05 30.2128 30.8877 30.5732      0.7727       0.7727    1.0751            2
2014 09 06 29.9997 30.6750 30.3594      0.5616       0.5616    1.0590            2
2014 09 07 30.2145 30.8903 30.5734      0.7784       0.7784    1.0430            2
2014 09 08 29.9899 30.6663 30.3481      0.5559       0.5559    1.0269            2
2014 09 09 30.2160 30.8930 30.5735      0.7841       0.7841    1.0110            2
2014 09 10 29.9798 30.6575 30.3368      0.5501       0.5501    0.9951            1
2014 09 11 30.2175 30.8958 30.5738      0.7899       0.7899    0.9792            1
2014 09 12 29.9697 30.6487 30.3254      0.5443       0.5443    0.9635            1
2014 09 13 30.2188 30.8986 30.5740      0.7957       0.7957    0.9478            1
2014 09 14 29.9594 30.6399 30.3140      0.5385       0.5385    0.9322            1
2014 09 15 30.2201 30.9014 30.5742      0.8015       0.8015    0.9166            1
2014 09 16 29.9489 30.6312 30.3026      0.5327       0.5327    0.9012            1
2014 09 17 30.2212 30.9043 30.5744      0.8073       0.8073    0.8859            1
2014 09 18 29.9384 30.6224 30.2912      0.5269       0.5269    0.8706            1
2014 09 19 30.2222 30.9072 30.5746      0.8131       0.8131    0.8555            1
2014 09 20 29.9279 30.6139 30.2799      0.5212       0.5212    0.8404            1
2014 09 21 30.2230 30.9100 30.5747      0.8188       0.8188    0.8255            1
2014 09 22 29.9174 30.6054 30.2688      0.5156       0.5156    0.8107            1
2014 09 23 30.2236 30.9128 30.5748      0.8244       0.8244    0.7960            1
2014 09 24 29.9068 30.5971 30.2577      0.5101       0.5101    0.7814            1
2014 09 25 30.2241 30.9155 30.5747      0.8299       0.8299    0.7670            1
2014 09 26 29.8962 30.5888 30.2467      0.5046       0.5046    0.7526            1
2014 09 27 30.2244 30.9182 30.5747      0.8354       0.8354    0.7384            1
2014 09 28 29.8858 30.5808 30.2360      0.4994       0.4994    0.7244            1
2014 09 29 30.2244 30.9207 30.5745      0.8406       0.8406    0.7104            1
2014 09 30 29.8754 30.5730 30.2255      0.4943       0.4943    0.6966            1
2014 10 01 30.2241 30.9231 30.5742      0.8457       0.8457    0.6830            1
2014 10 02 29.8652 30.5655 30.2152      0.4894       0.4894    0.6695            1
2014 10 03 30.2237 30.9254 30.5737      0.8506       0.8506    0.6561            1
2014 10 04 29.8550 30.5582 30.2051      0.4847       0.4847    0.6429            1
2014 10 05 30.2229 30.9275 30.5731      0.8553       0.8553    0.6298            1
2014 10 06 29.8452 30.5513 30.1954      0.4803       0.4803    0.6169            1
2014 10 07 30.2218 30.9294 30.5722      0.8597       0.8597    0.6041            1
2014 10 08 29.8354 30.5446 30.1860      0.4761       0.4761    0.5915            1
2014 10 09 30.2205 30.9312 30.5712      0.8639       0.8639    0.5790            1
2014 10 10 29.8260 30.5383 30.1770      0.4722       0.4722    0.5667            1
2014 10 11 30.2188 30.9327 30.5700      0.8678       0.8678    0.5546            1
2014 10 12 29.8168 30.5324 30.1683      0.4686       0.4686    0.5426            1
2014 10 13 30.2167 30.9340 30.5686      0.8714       0.8714    0.5307            1
2014 10 14 29.8078 30.5268 30.1600      0.4653       0.4653    0.5191            1
2014 10 15 30.2144 30.9351 30.5670      0.8747       0.8747    0.5076            1
2014 10 16 29.7993 30.5217 30.1522      0.4624       0.4624    0.4962            1
2014 10 17 30.2116 30.9358 30.5650      0.8776       0.8776    0.4850            1
2014 10 18 29.7910 30.5169 30.1449      0.4598       0.4598    0.4740            1
2014 10 19 30.2085 30.9363 30.5629      0.8802       0.8802    0.4631            1
2014 10 20 29.7832 30.5128 30.1381      0.4577       0.4577    0.4524            1
2014 10 21 30.2049 30.9364 30.5604      0.8823       0.8823    0.4419            1
2014 10 22 29.7757 30.5090 30.1317      0.4559       0.4559    0.4315            1
2014 10 23 30.2010 30.9363 30.5576      0.8841       0.8841    0.4213            1
2014 10 24 29.7686 30.5057 30.1258      0.4545       0.4545    0.4113            1
2014 10 25 30.1967 30.9358 30.5546      0.8855       0.8855    0.4014            1
2014 10 26 29.7620 30.5030 30.1206      0.4536       0.4536    0.3917            1
2014 10 27 30.1919 30.9349 30.5512      0.8864       0.8864    0.3822            1
2014 10 28 29.7558 30.5008 30.1158      0.4531       0.4531    0.3728            1
2014 10 29 30.1868 30.9337 30.5476      0.8869       0.8869    0.3636            1
2014 10 30 29.7500 30.4990 30.1116      0.4530       0.4530    0.3545            1
2014 10 31 30.1812 30.9322 30.5436      0.8870       0.8870    0.3456            1
2014 11 01 29.7448 30.4979 30.1081      0.4534       0.4534    0.3369            1
2014 11 02 30.1752 30.9303 30.5393      0.8866       0.8866    0.3283            1
2014 11 03 29.7401 30.4973 30.1052      0.4543       0.4543    0.3199            1
2014 11 04 30.1688 30.9280 30.5347      0.8857       0.8857    0.3116            1
2014 11 05 29.7360 30.4973 30.1029      0.4557       0.4557    0.3035            1
2014 11 06 30.1618 30.9253 30.5297      0.8843       0.8843    0.2955            1
2014 11 07 29.7323 30.4979 30.1011      0.4575       0.4575    0.2877            1
2014 11 08 30.1546 30.9223 30.5244      0.8825       0.8825    0.2801            1
2014 11 09 29.7292 30.4991 30.1001      0.4599       0.4599    0.2726            1
2014 11 10 30.1467 30.9187 30.5187      0.8801       0.8801    0.2653            1
2014 11 11 29.7267 30.5008 30.0997      0.4627       0.4627    0.2581            1
2014 11 12 30.1386 30.9149 30.5128      0.8773       0.8773    0.2510            1
2014 11 13 29.7246 30.5031 30.0999      0.4660       0.4660    0.2441            1
2014 11 14 30.1300 30.9107 30.5065      0.8740       0.8740    0.2374            1
2014 11 15 29.7232 30.5061 30.1008      0.4698       0.4698    0.2308            1
2014 11 16 30.1210 30.9060 30.4998      0.8702       0.8702    0.2243            1
2014 11 17 29.7223 30.5096 30.1024      0.4741       0.4741    0.2180            1
2014 11 18 30.1116 30.9010 30.4929      0.8659       0.8659    0.2118            1
2014 11 19 29.7221 30.5137 30.1046      0.4789       0.4789    0.2057            1
2014 11 20 30.1018 30.8956 30.4856      0.8611       0.8611    0.1998            1
2014 11 21 29.7223 30.5183 30.1074      0.4841       0.4841    0.1940            1
2014 11 22 30.0916 30.8899 30.4781      0.8559       0.8559    0.1884            1
2014 11 23 29.7231 30.5235 30.1109      0.4898       0.4898    0.1829            1
2014 11 24 30.0811 30.8837 30.4703      0.8502       0.8502    0.1775            1
2014 11 25 29.7245 30.5294 30.1151      0.4960       0.4960    0.1722            1
2014 11 26 30.0702 30.8772 30.4621      0.8440       0.8440    0.1671            1
2014 11 27 29.7265 30.5357 30.1198      0.5026       0.5026    0.1620            1
2014 11 28 30.0590 30.8704 30.4537      0.8374       0.8374    0.1571            1
2014 11 29 29.7290 30.5426 30.1252      0.5097       0.5097    0.1524            1
2014 11 30 30.0474 30.8632 30.4450      0.8303       0.8303    0.1477            1
2014 12 01 29.7320 30.5500 30.1311      0.5171       0.5171    0.1432            1
2014 12 02 30.0356 30.8558 30.4362      0.8229       0.8229    0.1387            1
2014 12 03 29.7356 30.5579 30.1377      0.5250       0.5250    0.1344            1
2014 12 04 30.0235 30.8480 30.4271      0.8150       0.8150    0.1302            1
2014 12 05 29.7396 30.5663 30.1448      0.5332       0.5332    0.1261            1
2014 12 06 30.0112 30.8400 30.4179      0.8068       0.8068    0.1221            1
2014 12 07 29.7442 30.5751 30.1524      0.5418       0.5418    0.1182            1
2014 12 08 29.9986 30.8317 30.4084      0.7982       0.7982    0.1144            1
2014 12 09 29.7493 30.5845 30.1607      0.5508       0.5508    0.1107            1
2014 12 10 29.9858 30.8231 30.3988      0.7892       0.7892    0.1072            1
2014 12 11 29.7547 30.5942 30.1693      0.5600       0.5600    0.1037            1
2014 12 12 29.9729 30.8144 30.3891      0.7800       0.7800    0.1003            1
2014 12 13 29.7607 30.6043 30.1786      0.5696       0.5696    0.0970            1
2014 12 14 29.9598 30.8055 30.3793      0.7704       0.7704    0.0938            1
2014 12 15 29.7671 30.6148 30.1882      0.5794       0.5794    0.0906            1
2014 12 16 29.9466 30.7964 30.3694      0.7606       0.7606    0.0876            1
2014 12 17 29.7739 30.6257 30.1983      0.5895       0.5895    0.0847            1
2014 12 18 29.9333 30.7871 30.3594      0.7505       0.7505    0.0818            1
2014 12 19 29.7810 30.6369 30.2089      0.5998       0.5998    0.0790            1
2014 12 20 29.9199 30.7777 30.3494      0.7402       0.7402    0.0763            1
2014 12 21 29.7885 30.6482 30.2197      0.6102       0.6102    0.0737            1
2014 12 22 29.9067 30.7684 30.3395      0.7298       0.7298    0.0711            1
2014 12 23 29.7964 30.6600 30.2310      0.6209       0.6209    0.0687            1
2014 12 24 29.8933 30.7588 30.3295      0.7191       0.7191    0.0663            1
2014 12 25 29.8046 30.6720 30.2426      0.6317       0.6317    0.0639            1
2014 12 26 29.8799 30.7492 30.3196      0.7083       0.7083    0.0617            1
2014 12 27 29.8129 30.6840 30.2543      0.6425       0.6425    0.0595            1
2014 12 28 29.8668 30.7397 30.3099      0.6975       0.6975    0.0574            1
2014 12 29 29.8217 30.6964 30.2665      0.6535       0.6535    0.0553            1
2014 12 30 29.8536 30.7301 30.3002      0.6865       0.6865    0.0533            1
2014 12 31 29.8361 30.7144 30.2844      0.6700       0.6700    0.0514            1
2015 01 01 29.9251 30.8051 30.3751      0.7600       0.7600    0.1249            1
2015 01 02 29.9242 30.8059 30.3759      0.7600       0.7600    0.1289            1
2015 01 03 29.9343 30.8177 30.3878      0.7710       0.7710    0.1329            1
2015 01 04 29.9115 30.7965 30.3666      0.7490       0.7490    0.1371            1
2015 01 05 29.9437 30.8304 30.4006      0.7820       0.7820    0.1414            1
2015 01 06 29.8990 30.7873 30.3576      0.7380       0.7380    0.1457            1
2015 01 07 29.9532 30.8430 30.4135      0.7929       0.7929    0.1502            1
2015 01 08 29.8867 30.7782 30.3487      0.7271       0.7271    0.1548            1
2015 01 09 29.9627 30.8557 30.4265      0.8037       0.8037    0.1595            1
2015 01 10 29.8748 30.7693 30.3402      0.7163       0.7163    0.1643            1
2015 01 11 29.9725 30.8684 30.4396      0.8145       0.8145    0.1693            1
2015 01 12 29.8630 30.7604 30.3319      0.7055       0.7055    0.1743            1
2015 01 13 29.9821 30.8809 30.4526      0.8250       0.8250    0.1795            1
2015 01 14 29.8518 30.7520 30.3240      0.6950       0.6950    0.1848            1
2015 01 15 29.9919 30.8934 30.4657      0.8354       0.8354    0.1902            1
2015 01 16 29.8408 30.7437 30.3164      0.6846       0.6846    0.1957            1
2015 01 17 30.0016 30.9058 30.4788      0.8456       0.8456    0.2013            1
2015 01 18 29.8303 30.7357 30.3091      0.6744       0.6744    0.2071            1
2015 01 19 30.0112 30.9179 30.4917      0.8555       0.8555    0.2130            1
2015 01 20 29.8202 30.7281 30.3023      0.6645       0.6645    0.2190            1
2015 01 21 30.0209 30.9299 30.5046      0.8652       0.8652    0.2251            1
2015 01 22 29.8105 30.7207 30.2959      0.6548       0.6548    0.2314            1
2015 01 23 30.0304 30.9417 30.5174      0.8746       0.8746    0.2378            1
2015 01 24 29.8013 30.7137 30.2899      0.6454       0.6454    0.2444            1
2015 01 25 30.0398 30.9532 30.5300      0.8837       0.8837    0.2510            1
2015 01 26 29.7927 30.7071 30.2844      0.6363       0.6363    0.2578            1
2015 01 27 30.0491 30.9645 30.5424      0.8925       0.8925    0.2648            1
2015 01 28 29.7845 30.7008 30.2793      0.6275       0.6275    0.2719            1
2015 01 29 30.0583 30.9755 30.5546      0.9009       0.9009    0.2791            1
2015 01 30 29.7769 30.6950 30.2748      0.6191       0.6191    0.2864            1
2015 01 31 30.0673 30.9862 30.5666      0.9090       0.9090    0.2939            1
2015 02 01 29.7698 30.6895 30.2707      0.6110       0.6110    0.3015            1
2015 02 02 30.0761 30.9966 30.5784      0.9167       0.9167    0.3093            1
2015 02 03 29.7633 30.6845 30.2671      0.6033       0.6033    0.3172            1
2015 02 04 30.0846 31.0065 30.5898      0.9239       0.9239    0.3252            1
2015 02 05 29.7575 30.6801 30.2641      0.5961       0.5961    0.3334            1
2015 02 06 30.0928 31.0160 30.6009      0.9307       0.9307    0.3418            1
2015 02 07 29.7522 30.6760 30.2617      0.5893       0.5893    0.3502            1
2015 02 08 30.1009 31.0252 30.6118      0.9371       0.9371    0.3588            1
2015 02 09 29.7476 30.6725 30.2598      0.5829       0.5829    0.3676            1
2015 02 10 30.1088 31.0341 30.6223      0.9431       0.9431    0.3765            1
2015 02 11 29.7436 30.6693 30.2584      0.5769       0.5769    0.3855            1
2015 02 12 30.1162 31.0424 30.6324      0.9485       0.9485    0.3947            1
2015 02 13 29.7403 30.6668 30.2577      0.5715       0.5715    0.4041            1
2015 02 14 30.1235 31.0504 30.6422      0.9536       0.9536    0.4135            1
2015 02 15 29.7375 30.6646 30.2575      0.5664       0.5664    0.4232            1
2015 02 16 30.1304 31.0578 30.6516      0.9581       0.9581    0.4329            1
2015 02 17 29.7355 30.6631 30.2579      0.5619       0.5619    0.4428            1
2015 02 18 30.1370 31.0648 30.6606      0.9621       0.9621    0.4529            1
2015 02 19 29.7342 30.6621 30.2589      0.5579       0.5579    0.4630            1
2015 02 20 30.1434 31.0714 30.6692      0.9657       0.9657    0.4734            1
2015 02 21 29.7334 30.6615 30.2604      0.5543       0.5543    0.4838            1
2015 02 22 30.1494 31.0775 30.6774      0.9688       0.9688    0.4944            1
2015 02 23 29.7333 30.6614 30.2624      0.5512       0.5512    0.5052            1
2015 02 24 30.1551 31.0831 30.6852      0.9714       0.9714    0.5160            1
2015 02 25 29.7339 30.6618 30.2651      0.5486       0.5486    0.5270            1
2015 02 26 30.1603 31.0881 30.6925      0.9734       0.9734    0.5382            1
2015 02 27 29.7352 30.6628 30.2684      0.5466       0.5466    0.5495            1
2015 02 28 30.1655 31.0929 30.6995      0.9751       0.9751    0.5609            1
2015 03 01 29.7370 30.6642 30.2720      0.5449       0.5449    0.5724            1
2015 03 02 30.1701 31.0970 30.7060      0.9762       0.9762    0.5841            1
2015 03 03 29.7396 30.6661 30.2763      0.5438       0.5438    0.5959            1
2015 03 04 30.1744 31.1006 30.7120      0.9768       0.9768    0.6078            1
2015 03 05 29.7428 30.6686 30.2812      0.5432       0.5432    0.6198            1
2015 03 06 30.1785 31.1039 30.7177      0.9770       0.9770    0.6320            1
2015 03 07 29.7465 30.6714 30.2865      0.5430       0.5430    0.6442            1
2015 03 08 30.1822 31.1066 30.7229      0.9767       0.9767    0.6566            1
2015 03 09 29.7509 30.6747 30.2923      0.5433       0.5433    0.6691            1
2015 03 10 30.1857 31.1089 30.7278      0.9760       0.9760    0.6817            1
2015 03 11 29.7558 30.6784 30.2985      0.5440       0.5440    0.6945            1
2015 03 12 30.1888 31.1108 30.7322      0.9749       0.9749    0.7073            1
2015 03 13 29.7612 30.6825 30.3052      0.5451       0.5451    0.7202            1
2015 03 14 30.1917 31.1122 30.7362      0.9733       0.9733    0.7332            1
2015 03 15 29.7673 30.6871 30.3124      0.5467       0.5467    0.7464            1
2015 03 16 30.1942 31.1132 30.7398      0.9713       0.9713    0.7596            1
2015 03 17 29.7739 30.6921 30.3200      0.5487       0.5487    0.7729            1
2015 03 18 30.1964 31.1138 30.7430      0.9689       0.9689    0.7862            1
2015 03 19 29.7810 30.6974 30.3280      0.5511       0.5511    0.7997            1
2015 03 20 30.1985 31.1140 30.7459      0.9662       0.9662    0.8133            1
2015 03 21 29.7885 30.7030 30.3363      0.5538       0.5538    0.8269            1
2015 03 22 30.2002 31.1138 30.7484      0.9631       0.9631    0.8406            1
2015 03 23 29.7965 30.7090 30.3450      0.5569       0.5569    0.8543            1
2015 03 24 30.2017 31.1131 30.7504      0.9596       0.9596    0.8681            1
2015 03 25 29.8050 30.7153 30.3540      0.5604       0.5604    0.8820            1
2015 03 26 30.2031 31.1122 30.7523      0.9559       0.9559    0.8959            1
2015 03 27 29.8138 30.7218 30.3632      0.5641       0.5641    0.9099            1
2015 03 28 30.2041 31.1109 30.7537      0.9518       0.9518    0.9239            1
2015 03 29 29.8231 30.7287 30.3728      0.5682       0.5682    0.9380            1
2015 03 30 30.2050 31.1093 30.7549      0.9475       0.9475    0.9521            1
2015 03 31 29.8327 30.7357 30.3826      0.5725       0.5725    0.9662            1
2015 04 01 30.2058 31.1075 30.7558      0.9430       0.9430    0.9804            1
2015 04 02 29.8425 30.7428 30.3925      0.5770       0.5770    0.9946            1
2015 04 03 30.2064 31.1053 30.7564      0.9382       0.9382    1.0088            2
2015 04 04 29.8527 30.7502 30.4026      0.5818       0.5818    1.0230            2
2015 04 05 30.2068 31.1029 30.7567      0.9332       0.9332    1.0372            2
2015 04 06 29.8632 30.7578 30.4129      0.5868       0.5868    1.0514            2
2015 04 07 30.2071 31.1002 30.7568      0.9280       0.9280    1.0656            2
2015 04 08 29.8739 30.7655 30.4234      0.5920       0.5920    1.0798            2
2015 04 09 30.2073 31.0974 30.7567      0.9227       0.9227    1.0939            2
2015 04 10 29.8847 30.7732 30.4338      0.5973       0.5973    1.1081            2
2015 04 11 30.2074 31.0943 30.7563      0.9172       0.9172    1.1222            2
2015 04 12 29.8958 30.7811 30.4444      0.6028       0.6028    1.1363            2
2015 04 13 30.2074 31.0910 30.7557      0.9116       0.9116    1.1504            2
2015 04 14 29.9071 30.7890 30.4550      0.6084       0.6084    1.1644            2
2015 04 15 30.2074 31.0876 30.7550      0.9059       0.9059    1.1783            2
2015 04 16 29.9184 30.7969 30.4656      0.6141       0.6141    1.1922            2
2015 04 17 30.2074 31.0841 30.7542      0.9002       0.9002    1.2061            2
2015 04 18 29.9298 30.8047 30.4762      0.6198       0.6198    1.2198            2
2015 04 19 30.2073 31.0804 30.7531      0.8944       0.8944    1.2335            2
2015 04 20 29.9413 30.8126 30.4867      0.6256       0.6256    1.2472            2
2015 04 21 30.2072 31.0766 30.7520      0.8886       0.8886    1.2607            2
2015 04 22 29.9528 30.8204 30.4971      0.6314       0.6314    1.2741            2
2015 04 23 30.2071 31.0728 30.7507      0.8828       0.8828    1.2875            2
2015 04 24 29.9643 30.8281 30.5074      0.6372       0.6372    1.3007            2
2015 04 25 30.2070 31.0688 30.7494      0.8770       0.8770    1.3138            2
2015 04 26 29.9758 30.8358 30.5176      0.6430       0.6430    1.3268            2
2015 04 27 30.2068 31.0648 30.7479      0.8712       0.8712    1.3397            2
2015 04 28 29.9873 30.8433 30.5276      0.6488       0.6488    1.3525            2
2015 04 29 30.2068 31.0608 30.7464      0.8655       0.8655    1.3651            2
2015 04 30 29.9986 30.8507 30.5374      0.6545       0.6545    1.3776            2
2015 05 01 30.2069 31.0569 30.7449      0.8599       0.8599    1.3899            2
2015 05 02 30.0099 30.8578 30.5470      0.6601       0.6601    1.4021            2
2015 05 03 30.2069 31.0528 30.7432      0.8543       0.8543    1.4141            2
2015 05 04 30.0211 30.8649 30.5565      0.6657       0.6657    1.4260            2
2015 05 05 30.2071 31.0488 30.7416      0.8489       0.8489    1.4376            2
2015 05 06 30.0320 30.8717 30.5656      0.6711       0.6711    1.4492            2
2015 05 07 30.2073 31.0449 30.7399      0.8436       0.8436    1.4605            2
2015 05 08 30.0428 30.8783 30.5745      0.6764       0.6764    1.4716            2
2015 05 09 30.2076 31.0409 30.7382      0.8384       0.8384    1.4826            2
2015 05 10 30.0535 30.8847 30.5831      0.6816       0.6816    1.4933            2
2015 05 11 30.2080 31.0371 30.7366      0.8334       0.8334    1.5039            2
2015 05 12 30.0639 30.8908 30.5914      0.6866       0.6866    1.5142            2
2015 05 13 30.2085 31.0332 30.7349      0.8285       0.8285    1.5243            2
2015 05 14 30.0741 30.8967 30.5994      0.6915       0.6915    1.5342            2
2015 05 15 30.2091 31.0295 30.7332      0.8238       0.8238    1.5439            2
2015 05 16 30.0841 30.9023 30.6070      0.6962       0.6962    1.5534            2
2015 05 17 30.2097 31.0258 30.7315      0.8192       0.8192    1.5626            2
2015 05 18 30.0939 30.9077 30.6144      0.7008       0.7008    1.5715            2
2015 05 19 30.2104 31.0221 30.7298      0.8148       0.8148    1.5803            2
2015 05 20 30.1034 30.9128 30.6214      0.7052       0.7052    1.5887            2
2015 05 21 30.2114 31.0187 30.7282      0.8107       0.8107    1.5969            2
2015 05 22 30.1125 30.9176 30.6280      0.7093       0.7093    1.6049            2
2015 05 23 30.2123 31.0152 30.7265      0.8067       0.8067    1.6126            2
2015 05 24 30.1214 30.9221 30.6343      0.7133       0.7133    1.6200            2
2015 05 25 30.2133 31.0118 30.7248      0.8028       0.8028    1.6272            2
2015 05 26 30.1301 30.9263 30.6402      0.7172       0.7172    1.6341            2
2015 05 27 30.2144 31.0085 30.7232      0.7992       0.7992    1.6407            2
2015 05 28 30.1384 30.9302 30.6458      0.7208       0.7208    1.6470            2
2015 05 29 30.2157 31.0053 30.7216      0.7958       0.7958    1.6531            2
2015 05 30 30.1464 30.9338 30.6509      0.7242       0.7242    1.6588            2
2015 05 31 30.2170 31.0023 30.7201      0.7926       0.7926    1.6643            2
2015 06 01 30.1540 30.9371 30.6556      0.7274       0.7274    1.6694            2
2015 06 02 30.2183 30.9992 30.7184      0.7895       0.7895    1.6743            2
2015 06 03 30.1615 30.9402 30.6601      0.7305       0.7305    1.6788            2
2015 06 04 30.2197 30.9962 30.7168      0.7866       0.7866    1.6831            2
2015 06 05 30.1686 30.9430 30.6642      0.7334       0.7334    1.6871            2
2015 06 06 30.2211 30.9934 30.7152      0.7839       0.7839    1.6907            2
2015 06 07 30.1753 30.9454 30.6678      0.7361       0.7361    1.6940            2
2015 06 08 30.2226 30.9906 30.7136      0.7814       0.7814    1.6971            2
2015 06 09 30.1818 30.9476 30.6711      0.7386       0.7386    1.6998            2
2015 06 10 30.2241 30.9878 30.7119      0.7790       0.7790    1.7022            2
2015 06 11 30.1880 30.9496 30.6741      0.7410       0.7410    1.7042            2
2015 06 12 30.2256 30.9851 30.7102      0.7768       0.7768    1.7060            2
2015 06 13 30.1938 30.9512 30.6767      0.7432       0.7432    1.7074            2
2015 06 14 30.2271 30.9824 30.7084      0.7747       0.7747    1.7086            2
2015 06 15 30.1994 30.9527 30.6791      0.7453       0.7453    1.7094            2
2015 06 16 30.2286 30.9798 30.7066      0.7728       0.7728    1.7098            2
2015 06 17 30.2046 30.9538 30.6810      0.7472       0.7472    1.7100            2
2015 06 18 30.2300 30.9772 30.7047      0.7710       0.7710    1.7098            2
2015 06 19 30.2096 30.9548 30.6826      0.7490       0.7490    1.7094            2
2015 06 20 30.2313 30.9745 30.7027      0.7692       0.7692    1.7086            2
2015 06 21 30.2144 30.9556 30.6841      0.7508       0.7508    1.7074            2
2015 06 22 30.2326 30.9719 30.7006      0.7676       0.7676    1.7060            2
2015 06 23 30.2188 30.9562 30.6851      0.7524       0.7524    1.7042            2
2015 06 24 30.2339 30.9693 30.6985      0.7661       0.7661    1.7022            2
2015 06 25 30.2230 30.9565 30.6859      0.7539       0.7539    1.6998            2
2015 06 26 30.2350 30.9666 30.6961      0.7646       0.7646    1.6971            2
2015 06 27 30.2270 30.9568 30.6864      0.7554       0.7554    1.6940            2
2015 06 28 30.2358 30.9638 30.6936      0.7631       0.7631    1.6907            2
2015 06 29 30.2308 30.9569 30.6868      0.7569       0.7569    1.6871            2
2015 06 30 30.2367 30.9610 30.6910      0.7617       0.7617    1.6831            2
2015 07 01 30.2343 30.9569 30.6869      0.7583       0.7583    1.6788            2
2015 07 02 30.2373 30.9582 30.6882      0.7603       0.7603    1.6743            2
2015 07 03 30.2377 30.9568 30.6868      0.7597       0.7597    1.6694            2
2015 07 04 30.2379 30.9553 30.6853      0.7590       0.7590    1.6643            2
2015 07 05 30.2407 30.9565 30.6864      0.7610       0.7610    1.6588            2
2015 07 06 30.2381 30.9522 30.6821      0.7576       0.7576    1.6531            2
2015 07 07 30.2437 30.9562 30.6859      0.7624       0.7624    1.6470            2
2015 07 08 30.2382 30.9491 30.6787      0.7562       0.7562    1.6407            2
2015 07 09 30.2465 30.9558 30.6853      0.7638       0.7638    1.6341            2
2015 07 10 30.2380 30.9458 30.6751      0.7547       0.7547    1.6272            2
2015 07 11 30.2492 30.9554 30.6846      0.7653       0.7653    1.6200            2
2015 07 12 30.2376 30.9424 30.6713      0.7532       0.7532    1.6126            2
2015 07 13 30.2517 30.9550 30.6837      0.7668       0.7668    1.6049            2
2015 07 14 30.2369 30.9388 30.6672      0.7516       0.7516    1.5969            2
2015 07 15 30.2541 30.9545 30.6827      0.7684       0.7684    1.5887            2
2015 07 16 30.2359 30.9350 30.6629      0.7499       0.7499    1.5803            2
2015 07 17 30.2564 30.9541 30.6817      0.7701       0.7701    1.5715            2
2015 07 18 30.2346 30.9311 30.6582      0.7481       0.7481    1.5626            2
2015 07 19 30.2586 30.9538 30.6806      0.7719       0.7719    1.5534            2
2015 07 20 30.2331 30.9270 30.6534      0.7463       0.7463    1.5439            2
2015 07 21 30.2606 30.9533 30.6793      0.7737       0.7737    1.5342            2
2015 07 22 30.2311 30.9227 30.6482      0.7442       0.7442    1.5243            2
2015 07 23 30.2627 30.9531 30.6782      0.7758       0.7758    1.5142            2
2015 07 24 30.2290 30.9182 30.6428      0.7421       0.7421    1.5039            2
2015 07 25 30.2646 30.9528 30.6769      0.7779       0.7779    1.4933            2
2015 07 26 30.2264 30.9135 30.6370      0.7398       0.7398    1.4826            2
2015 07 27 30.2666 30.9526 30.6756      0.7802       0.7802    1.4716            2
2015 07 28 30.2235 30.9086 30.6310      0.7374       0.7374    1.4605            2
2015 07 29 30.2684 30.9525 30.6743      0.7826       0.7826    1.4492            2
2015 07 30 30.2201 30.9034 30.6246      0.7347       0.7347    1.4376            2
2015 07 31 30.2703 30.9527 30.6732      0.7853       0.7853    1.4260            2
2015 08 01 30.2166 30.8981 30.6180      0.7320       0.7320    1.4141            2
2015 08 02 30.2721 30.9527 30.6720      0.7880       0.7880    1.4021            2
2015 08 03 30.2125 30.8924 30.6109      0.7290       0.7290    1.3899            2
2015 08 04 30.2739 30.9531 30.6709      0.7910       0.7910    1.3776            2
2015 08 05 30.2081 30.8865 30.6036      0.7258       0.7258    1.3651            2
2015 08 06 30.2758 30.9535 30.6698      0.7942       0.7942    1.3525            2
2015 08 07 30.2034 30.8805 30.5960      0.7225       0.7225    1.3397            2
2015 08 08 30.2776 30.9541 30.6688      0.7975       0.7975    1.3268            2
2015 08 09 30.1982 30.8742 30.5881      0.7190       0.7190    1.3138            2
2015 08 10 30.2793 30.9548 30.6678      0.8010       0.8010    1.3007            2
2015 08 11 30.1927 30.8676 30.5798      0.7153       0.7153    1.2875            2
2015 08 12 30.2811 30.9556 30.6669      0.8047       0.8047    1.2741            2
2015 08 13 30.1868 30.8609 30.5713      0.7114       0.7114    1.2607            2
2015 08 14 30.2830 30.9566 30.6661      0.8086       0.8086    1.2472            2
2015 08 15 30.1805 30.8539 30.5625      0.7073       0.7073    1.2335            2
2015 08 16 30.2848 30.9578 30.6655      0.8127       0.8127    1.2198            2
2015 08 17 30.1739 30.8466 30.5533      0.7030       0.7030    1.2061            2
2015 08 18 30.2866 30.9592 30.6649      0.8170       0.8170    1.1922            2
2015 08 19 30.1668 30.8392 30.5439      0.6985       0.6985    1.1783            2
2015 08 20 30.2885 30.9607 30.6644      0.8215       0.8215    1.1644            2
2015 08 21 30.1595 30.8316 30.5343      0.6939       0.6939    1.1504            2
2015 08 22 30.2903 30.9623 30.6639      0.8261       0.8261    1.1363            2
2015 08 23 30.1518 30.8238 30.5244      0.6891       0.6891    1.1222            2
2015 08 24 30.2921 30.9641 30.6636      0.8309       0.8309    1.1081            2
2015 08 25 30.1438 30.8158 30.5142      0.6841       0.6841    1.0939            2
2015 08 26 30.2940 30.9661 30.6634      0.8359       0.8359    1.0798            2
2015 08 27 30.1355 30.8076 30.5038      0.6790       0.6790    1.0656            2
2015 08 28 30.2958 30.9681 30.6632      0.8410       0.8410    1.0514            2
2015 08 29 30.1269 30.7994 30.4933      0.6738       0.6738    1.0372            2
2015 08 30 30.2976 30.9703 30.6630      0.8462       0.8462    1.0230            2
2015 08 31 30.1180 30.7910 30.4825      0.6684       0.6684    1.0088            2
2015 09 01 30.2994 30.9726 30.6630      0.8516       0.8516    0.9946            1
2015 09 02 30.1088 30.7824 30.4716      0.6629       0.6629    0.9804            1
2015 09 03 30.3011 30.9751 30.6631      0.8571       0.8571    0.9662            1
2015 09 04 30.0994 30.7738 30.4606      0.6573       0.6573    0.9521            1
2015 09 05 30.3028 30.9777 30.6632      0.8627       0.8627    0.9380            1
2015 09 06 30.0897 30.7650 30.4494      0.6516       0.6516    0.9239            1
2015 09 07 30.3045 30.9803 30.6634      0.8684       0.8684    0.9099            1
2015 09 08 30.0799 30.7563 30.4381      0.6459       0.6459    0.8959            1
2015 09 09 30.3060 30.9830 30.6635      0.8741       0.8741    0.8820            1
2015 09 10 30.0698 30.7475 30.4268      0.6401       0.6401    0.8681            1
2015 09 11 30.3075 30.9858 30.6638      0.8799       0.8799    0.8543            1
2015 09 12 30.0597 30.7387 30.4154      0.6343       0.6343    0.8406            1
2015 09 13 30.3088 30.9886 30.6640      0.8857       0.8857    0.8269            1
2015 09 14 30.0494 30.7299 30.4040      0.6285       0.6285    0.8133            1
2015 09 15 30.3101 30.9914 30.6642      0.8915       0.8915    0.7997            1
2015 09 16 30.0389 30.7212 30.3926      0.6227       0.6227    0.7862            1
2015 09 17 30.3112 30.9943 30.6644      0.8973       0.8973    0.7729            1
2015 09 18 30.0284 30.7124 30.3812      0.6169       0.6169    0.7596            1
2015 09 19 30.3122 30.9972 30.6646      0.9031       0.9031    0.7464            1
2015 09 20 30.0179 30.7039 30.3699      0.6112       0.6112    0.7332            1
2015 09 21 30.3130 31.0000 30.6647      0.9088       0.9088    0.7202            1
2015 09 22 30.0074 30.6954 30.3588      0.6056       0.6056    0.7073            1
2015 09 23 30.3136 31.0028 30.6648      0.9144       0.9144    0.6945            1
2015 09 24 29.9968 30.6871 30.3477      0.6001       0.6001    0.6817            1
2015 09 25 30.3141 31.0055 30.6647      0.9199       0.9199    0.6691            1
2015 09 26 29.9862 30.6788 30.3367      0.5946       0.5946    0.6566            1
2015 09 27 30.3144 31.0082 30.6647      0.9254       0.9254    0.6442            1
2015 09 28 29.9758 30.6708 30.3260      0.5894       0.5894    0.6320            1
2015 09 29 30.3144 31.0107 30.6645      0.9306       0.9306    0.6198            1
2015 09 30 29.9654 30.6630 30.3155      0.5843       0.5843    0.6078            1
2015 10 01 30.3141 31.0131 30.6642      0.9357       0.9357    0.5959            1
2015 10 02 29.9552 30.6555 30.3052      0.5794       0.5794    0.5841            1
2015 10 03 30.3137 31.0154 30.6637      0.9406       0.9406    0.5724            1
2015 10 04 29.9450 30.6482 30.2951      0.5747       0.5747    0.5609            1
2015 10 05 30.3129 31.0175 30.6631      0.9453       0.9453    0.5495            1
2015 10 06 29.9352 30.6413 30.2854      0.5703       0.5703    0.5382            1
2015 10 07 30.3118 31.0194 30.6622      0.9497       0.9497    0.5270            1
2015 10 08 29.9254 30.6346 30.2760      0.5661       0.5661    0.5160            1
2015 10 09 30.3105 31.0212 30.6612      0.9539       0.9539    0.5052            1
2015 10 10 29.9160 30.6283 30.2670      0.5622       0.5622    0.4944            1
2015 10 11 30.3088 31.0227 30.6600      0.9578       0.9578    0.4838            1
2015 10 12 29.9068 30.6224 30.2583      0.5586       0.5586    0.4734            1
2015 10 13 30.3067 31.0240 30.6586      0.9614       0.9614    0.4630            1
2015 10 14 29.8978 30.6168 30.2500      0.5553       0.5553    0.4529            1
2015 10 15 30.3044 31.0251 30.6570      0.9647       0.9647    0.4428            1
2015 10 16 29.8893 30.6117 30.2422      0.5524       0.5524    0.4329            1
2015 10 17 30.3016 31.0258 30.6550      0.9676       0.9676    0.4232            1
2015 10 18 29.8810 30.6069 30.2349      0.5498       0.5498    0.4135            1
2015 10 19 30.2985 31.0263 30.6529      0.9702       0.9702    0.4041            1
2015 10 20 29.8732 30.6028 30.2281      0.5477       0.5477    0.3947            1
2015 10 21 30.2949 31.0264 30.6504      0.9723       0.9723    0.3855            1
2015 10 22 29.8657 30.5990 30.2217      0.5459       0.5459    0.3765            1
2015 10 23 30.2910 31.0263 30.6476      0.9741       0.9741    0.3676            1
2015 10 24 29.8586 30.5957 30.2158      0.5445       0.5445    0.3588            1
2015 10 25 30.2867 31.0258 30.6446      0.9755       0.9755    0.3502            1
2015 10 26 29.8520 30.5930 30.2106      0.5436       0.5436    0.3418            1
2015 10 27 30.2819 31.0249 30.6412      0.9764       0.9764    0.3334            1
2015 10 28 29.8458 30.5908 30.2058      0.5431       0.5431    0.3252            1
2015 10 29 30.2768 31.0237 30.6376      0.9769       0.9769    0.3172            1
2015 10 30 29.8400 30.5890 30.2016      0.5430       0.5430    0.3093            1
2015 10 31 30.2712 31.0222 30.6336      0.9770       0.9770    0.3015            1
2015 11 01 29.8348 30.5879 30.1981      0.5434       0.5434    0.2939            1
2015 11 02 30.2652 31.0203 30.6293      0.9766       0.9766    0.2864            1
2015 11 03 29.8301 30.5873 30.1952      0.5443       0.5443    0.2791            1
2015 11 04 30.2588 31.0180 30.6247      0.9757       0.9757    0.2719            1
2015 11 05 29.8260 30.5873 30.1929      0.5457       0.5457    0.2648            1
2015 11 06 30.2518 31.0153 30.6197      0.9743       0.9743    0.2578            1
2015 11 07 29.8223 30.5879 30.1911      0.5475       0.5475    0.2510            1
2015 11 08 30.2446 31.0123 30.6144      0.9725       0.9725    0.2444            1
2015 11 09 29.8192 30.5891 30.1901      0.5499       0.5499    0.2378            1
2015 11 10 30.2367 31.0087 30.6087      0.9701       0.9701    0.2314            1
2015 11 11 29.8167 30.5908 30.1897      0.5527       0.5527    0.2251            1
2015 11 12 30.2286 31.0049 30.6028      0.9673       0.9673    0.2190            1
2015 11 13 29.8146 30.5931 30.1899      0.5560       0.5560    0.2130            1
2015 11 14 30.2200 31.0007 30.5965      0.9640       0.9640    0.2071            1
2015 11 15 29.8132 30.5961 30.1908      0.5598       0.5598    0.2013            1
2015 11 16 30.2110 30.9960 30.5898      0.9602       0.9602    0.1957            1
2015 11 17 29.8123 30.5996 30.1924      0.5641       0.5641    0.1902            1
2015 11 18 30.2016 30.9910 30.5829      0.9559       0.9559    0.1848            1
2015 11 19 29.8121 30.6037 30.1946      0.5689       0.5689    0.1795            1
2015 11 20 30.1918 30.9856 30.5756      0.9511       0.9511    0.1743            1
2015 11 21 29.8123 30.6083 30.1974      0.5741       0.5741    0.1693            1
2015 11 22 30.1816 30.9799 30.5681      0.9459       0.9459    0.1643            1
2015 11 23 29.8131 30.6135 30.2009      0.5798       0.5798    0.1595            1
2015 11 24 30.1711 30.9737 30.5603      0.9402       0.9402    0.1548            1
2015 11 25 29.8145 30.6194 30.2051      0.5860       0.5860    0.1502            1
2015 11 26 30.1602 30.9672 30.5521      0.9340       0.9340    0.1457            1
2015 11 27 29.8165 30.6257 30.2098      0.5926       0.5926    0.1414            1
2015 11 28 30.1490 30.9604 30.5437      0.9274       0.9274    0.1371            1
2015 11 29 29.8190 30.6326 30.2152      0.5997       0.5997    0.1329            1
2015 11 30 30.1374 30.9532 30.5350      0.9203       0.9203    0.1289            1
2015 12 01 29.8220 30.6400 30.2211      0.6071       0.6071    0.1249            1
2015 12 02 30.1256 30.9458 30.5262      0.9129       0.9129    0.1210            1
2015 12 03 29.8256 30.6479 30.2277      0.6150       0.6150    0.1173            1
2015 12 04 30.1135 30.9380 30.5171      0.9050       0.9050    0.1136            1
2015 12 05 29.8296 30.6563 30.2348      0.6232       0.6232    0.1100            1
2015 12 06 30.1012 30.9300 30.5079      0.8968       0.8968    0.1065            1
2015 12 07 29.8342 30.6651 30.2424      0.6318       0.6318    0.1031            1
2015 12 08 30.0886 30.9217 30.4984      0.8882       0.8882    0.0998            1
2015 12 09 29.8393 30.6745 30.2507      0.6408       0.6408    0.0966            1
2015 12 10 30.0758 30.9131 30.4888      0.8792       0.8792    0.0935            1
2015 12 11 29.8447 30.6842 30.2593      0.6500       0.6500    0.0904            1
2015 12 12 30.0629 30.9044 30.4791      0.8700       0.8700    0.0875            1
2015 12 13 29.8507 30.6943 30.2686      0.6596       0.6596    0.0846            1
2015 12 14 30.0498 30.8955 30.4693      0.8604       0.8604    0.0818            1
2015 12 15 29.8571 30.7048 30.2782      0.6694       0.6694    0.0791            1
2015 12 16 30.0366 30.8864 30.4594      0.8506       0.8506    0.0764            1
2015 12 17 29.8639 30.7157 30.2883      0.6795       0.6795    0.0739            1
2015 12 18 30.0233 30.8771 30.4494      0.8405       0.8405    0.0714            1
2015 12 19 29.8710 30.7269 30.2989      0.6898       0.6898    0.0689            1
2015 12 20 30.0099 30.8677 30.4394      0.8302       0.8302    0.0666            1
2015 12 21 29.8785 30.7382 30.3097      0.7002       0.7002    0.0643            1
2015 12 22 29.9967 30.8584 30.4295      0.8198       0.8198    0.0621            1
2015 12 23 29.8864 30.7500 30.3210      0.7109       0.7109    0.0599            1
2015 12 24 29.9833 30.8488 30.4195      0.8091       0.8091    0.0578            1
2015 12 25 29.8946 30.7620 30.3326      0.7217       0.7217    0.0558            1
2015 12 26 29.9699 30.8392 30.4096      0.7983       0.7983    0.0538            1
2015 12 27 29.9029 30.7740 30.3443      0.7325       0.7325    0.0519            1
2015 12 28 29.9568 30.8297 30.3999      0.7875       0.7875    0.0500            1
2015 12 29 29.9117 30.7864 30.3565      0.7435       0.7435    0.0483            1
2015 12 30 29.9436 30.8201 30.3902      0.7765       0.7765    0.0465            1
2015 12 31 29.9261 30.8044 30.3744      0.7600       0.7600    0.0448            1
2016 01 01 29.8053 30.6853 30.2553      0.6400       0.6400    0.1062            1
2016 01 02 29.8044 30.6861 30.2561      0.6400       0.6400    0.1096            1
2016 01 03 29.8145 30.6979 30.2679      0.6510       0.6510    0.1130            1
2016 01 04 29.7917 30.6767 30.2468      0.6290       0.6290    0.1166            1
2016 01 05 29.8238 30.7105 30.2807      0.6619       0.6619    0.1203            1
2016 01 06 29.7793 30.6675 30.2378      0.6181       0.6181    0.1240            1
2016 01 07 29.8333 30.7231 30.2936      0.6728       0.6728    0.1278            1
2016 01 08 29.7671 30.6585 30.2290      0.6072       0.6072    0.1318            1
2016 01 09 29.8429 30.7358 30.3066      0.6836       0.6836    0.1358            1
2016 01 10 29.7551 30.6496 30.2205      0.5964       0.5964    0.1399            1
2016 01 11 29.8525 30.7485 30.3196      0.6943       0.6943    0.1442            1
2016 01 12 29.7435 30.6409 30.2123      0.5857       0.5857    0.1485            1
2016 01 13 29.8623 30.7611 30.3328      0.7049       0.7049    0.1529            1
2016 01 14 29.7322 30.6323 30.2043      0.5751       0.5751    0.1574            1
2016 01 15 29.8720 30.7735 30.3458      0.7152       0.7152    0.1621            1
2016 01 16 29.7213 30.6241 30.1968      0.5648       0.5648    0.1668            1
2016 01 17 29.8817 30.7858 30.3588      0.7254       0.7254    0.1717            1
2016 01 18 29.7108 30.6162 30.1895      0.5546       0.5546    0.1766            1
2016 01 19 29.8914 30.7980 30.3718      0.7353       0.7353    0.1817            1
2016 01 20 29.7007 30.6085 30.1828      0.5447       0.5447    0.1868            1
2016 01 21 29.9010 30.8100 30.3847      0.7450       0.7450    0.1921            1
2016 01 22 29.6911 30.6012 30.1763      0.5350       0.5350    0.1975            1
2016 01 23 29.9105 30.8218 30.3974      0.7544       0.7544    0.2030            1
2016 01 24 29.6819 30.5942 30.1704      0.5256       0.5256    0.2086            1
2016 01 25 29.9200 30.8333 30.4100      0.7635       0.7635    0.2144            1
2016 01 26 29.6732 30.5876 30.1648      0.5165       0.5165    0.2202            1
2016 01 27 29.9292 30.8445 30.4224      0.7722       0.7722    0.2262            1
2016 01 28 29.6651 30.5814 30.1598      0.5078       0.5078    0.2323            1
2016 01 29 29.9383 30.8555 30.4346      0.7806       0.7806    0.2385            1
2016 01 30 29.6575 30.5756 30.1553      0.4994       0.4994    0.2448            1
2016 01 31 29.9473 30.8662 30.4466      0.7887       0.7887    0.2512            1
2016 02 01 29.6505 30.5701 30.1512      0.4913       0.4913    0.2578            1
2016 02 02 29.9560 30.8765 30.4582      0.7963       0.7963    0.2645            1
2016 02 03 29.6441 30.5652 30.1477      0.4837       0.4837    0.2713            1
2016 02 04 29.9646 30.8865 30.4697      0.8036       0.8036    0.2782            1
2016 02 05 29.6381 30.5607 30.1447      0.4764       0.4764    0.2853            1
2016 02 06 29.9729 30.8961 30.4809      0.8104       0.8104    0.2925            1
2016 02 07 29.6329 30.5567 30.1423      0.4696       0.4696    0.2998            1
2016 02 08 29.9810 30.9053 30.4917      0.8168       0.8168    0.3072            1
2016 02 09 29.6283 30.5531 30.1403      0.4632       0.4632    0.3148            1
2016 02 10 29.9888 30.9141 30.5022      0.8228       0.8228    0.3225            1
2016 02 11 29.6242 30.5499 30.1389      0.4572       0.4572    0.3303            1
2016 02 12 29.9963 30.9224 30.5123      0.8282       0.8282    0.3382            1
2016 02 13 29.6210 30.5474 30.1383      0.4518       0.4518    0.3463            1
2016 02 14 30.0036 30.9304 30.5221      0.8333       0.8333    0.3544            1
2016 02 15 29.6182 30.5453 30.1380      0.4467       0.4467    0.3628            1
2016 02 16 30.0105 30.9378 30.5315      0.8378       0.8378    0.3712            1
2016 02 17 29.6162 30.5437 30.1384      0.4422       0.4422    0.3797            1
2016 02 18 30.0172 30.9449 30.5405      0.8419       0.8419    0.3884            1
2016 02 19 29.6147 30.5426 30.1393      0.4381       0.4381    0.3972            1
2016 02 20 30.0235 30.9515 30.5492      0.8455       0.8455    0.4062            1
2016 02 21 29.6139 30.5420 30.1407      0.4345       0.4345    0.4152            1
2016 02 22 30.0295 30.9576 30.5574      0.8486       0.8486    0.4244            1
2016 02 23 29.6138 30.5419 30.1428      0.4314       0.4314    0.4337            1
2016 02 24 30.0352 30.9632 30.5652      0.8512       0.8512    0.4431            1
2016 02 25 29.6144 30.5423 30.1454      0.4288       0.4288    0.4527            1
2016 02 26 30.0405 30.9683 30.5725      0.8533       0.8533    0.4623            1
2016 02 27 29.6156 30.5432 30.1486      0.4267       0.4267    0.4721            1
2016 02 28 30.0455 30.9730 30.5794      0.8549       0.8549    0.4820            1
2016 02 29 29.6175 30.5447 30.1523      0.4251       0.4251    0.4920            1
2016 03 01 30.0503 30.9772 30.5860      0.8561       0.8561    0.5021            1
2016 03 02 29.6199 30.5465 30.1565      0.4239       0.4239    0.5123            1
2016 03 03 30.0547 30.9809 30.5921      0.8568       0.8568    0.5227            1
2016 03 04 29.6230 30.5489 30.1613      0.4232       0.4232    0.5331            1
2016 03 05 30.0587 30.9842 30.5978      0.8570       0.8570    0.5437            1
2016 03 06 29.6267 30.5517 30.1665      0.4230       0.4230    0.5544            1
2016 03 07 30.0625 30.9870 30.6031      0.8568       0.8568    0.5651            1
2016 03 08 29.6310 30.5549 30.1723      0.4232       0.4232    0.5760            1
2016 03 09 30.0659 30.9893 30.6079      0.8561       0.8561    0.5870            1
2016 03 10 29.6359 30.5586 30.1785      0.4239       0.4239    0.5980            1
2016 03 11 30.0691 30.9912 30.6124      0.8550       0.8550    0.6092            1
2016 03 12 29.6413 30.5627 30.1852      0.4250       0.4250    0.6204            1
2016 03 13 30.0720 30.9927 30.6164      0.8535       0.8535    0.6318            1
2016 03 14 29.6472 30.5672 30.1922      0.4265       0.4265    0.6432            1
2016 03 15 30.0745 30.9937 30.6200      0.8515       0.8515    0.6547            1
2016 03 16 29.6538 30.5722 30.1998      0.4285       0.4285    0.6663            1
2016 03 17 30.0768 30.9943 30.6233      0.8492       0.8492    0.6780            1
2016 03 18 29.6608 30.5774 30.2077      0.4308       0.4308    0.6897            1
2016 03 19 30.0788 30.9945 30.6262      0.8465       0.8465    0.7015            1
2016 03 20 29.6682 30.5830 30.2159      0.4335       0.4335    0.7134            1
2016 03 21 30.0806 30.9943 30.6286      0.8434       0.8434    0.7253            1
2016 03 22 29.6762 30.5890 30.2246      0.4366       0.4366    0.7373            1
2016 03 23 30.0821 30.9938 30.6308      0.8400       0.8400    0.7494            1
2016 03 24 29.6846 30.5952 30.2335      0.4400       0.4400    0.7615            1
2016 03 25 30.0834 30.9929 30.6326      0.8363       0.8363    0.7737            1
2016 03 26 29.6934 30.6017 30.2428      0.4437       0.4437    0.7859            1
2016 03 27 30.0845 30.9916 30.6341      0.8323       0.8323    0.7982            1
2016 03 28 29.7025 30.6084 30.2522      0.4477       0.4477    0.8105            1
2016 03 29 30.0855 30.9902 30.6354      0.8281       0.8281    0.8228            1
2016 03 30 29.7120 30.6153 30.2619      0.4519       0.4519    0.8352            1
2016 03 31 30.0862 30.9882 30.6362      0.8235       0.8235    0.8476            1
2016 04 01 29.7219 30.6226 30.2719      0.4565       0.4565    0.8600            1
2016 04 02 30.0869 30.9862 30.6369      0.8188       0.8188    0.8724            1
2016 04 03 29.7320 30.6299 30.2819      0.4612       0.4612    0.8849            1
2016 04 04 30.0873 30.9837 30.6372      0.8138       0.8138    0.8973            1
2016 04 05 29.7424 30.6374 30.2922      0.4662       0.4662    0.9098            1
2016 04 06 30.0876 30.9811 30.6373      0.8087       0.8087    0.9223            1
2016 04 07 29.7530 30.6450 30.3025      0.4713       0.4713    0.9347            1
2016 04 08 30.0878 30.9783 30.6372      0.8034       0.8034    0.9472            1
2016 04 09 29.7638 30.6527 30.3130      0.4766       0.4766    0.9596            1
2016 04 10 30.0879 30.9752 30.6368      0.7979       0.7979    0.9720            1
2016 04 11 29.7749 30.6606 30.3235      0.4821       0.4821    0.9844            1
2016 04 12 30.0880 30.9720 30.6364      0.7924       0.7924    0.9968            1
2016 04 13 29.7860 30.6683 30.3340      0.4876       0.4876    1.0091            2
2016 04 14 30.0879 30.9686 30.6356      0.7867       0.7867    1.0214            2
2016 04 15 29.7973 30.6763 30.3446      0.4933       0.4933    1.0336            2
2016 04 16 30.0878 30.9650 30.6348      0.7810       0.7810    1.0458            2
2016 04 17 29.8087 30.6841 30.3551      0.4990       0.4990    1.0580            2
2016 04 18 30.0878 30.9615 30.6338      0.7753       0.7753    1.0700            2
2016 04 19 29.8200 30.6919 30.3656      0.5047       0.5047    1.0820            2
2016 04 20 30.0877 30.9577 30.6327      0.7695       0.7695    1.0940            2
2016 04 21 29.8315 30.6997 30.3760      0.5105       0.5105    1.1059            2
2016 04 22 30.0875 30.9538 30.6314      0.7637       0.7637    1.1176            2
2016 04 23 29.8430 30.7074 30.3862      0.5163       0.5163    1.1293            2
2016 04 24 30.0874 30.9499 30.6300      0.7579       0.7579    1.1410            2
2016 04 25 29.8544 30.7150 30.3964      0.5221       0.5221    1.1525            2
2016 04 26 30.0873 30.9459 30.6286      0.7521       0.7521    1.1639            2
2016 04 27 29.8659 30.7226 30.4065      0.5279       0.5279    1.1752            2
2016 04 28 30.0872 30.9419 30.6271      0.7464       0.7464    1.1864            2
2016 04 29 29.8772 30.7299 30.4163      0.5336       0.5336    1.1974            2
2016 04 30 30.0872 30.9379 30.6255      0.7408       0.7408    1.2084            2
2016 05 01 29.8884 30.7371 30.4259      0.5392       0.5392    1.2192            2
2016 05 02 30.0873 30.9339 30.6239      0.7353       0.7353    1.2299            2
2016 05 03 29.8995 30.7441 30.4353      0.5447       0.5447    1.2404            2
2016 05 04 30.0874 30.9299 30.6222      0.7298       0.7298    1.2508            2
2016 05 05 29.9106 30.7510 30.4445      0.5502       0.5502    1.2611            2
2016 05 06 30.0876 30.9259 30.6206      0.7245       0.7245    1.2712            2
2016 05 07 29.9214 30.7576 30.4533      0.5555       0.5555    1.2811            2
2016 05 08 30.0879 30.9220 30.6189      0.7193       0.7193    1.2909            2
2016 05 09 29.9320 30.7640 30.4620      0.5607       0.5607    1.3005            2
2016 05 10 30.0883 30.9181 30.6172      0.7143       0.7143    1.3099            2
2016 05 11 29.9424 30.7701 30.4702      0.5657       0.5657    1.3192            2
2016 05 12 30.0887 30.9143 30.6155      0.7094       0.7094    1.3283            2
2016 05 13 29.9526 30.7760 30.4783      0.5706       0.5706    1.3371            2
2016 05 14 30.0892 30.9104 30.6138      0.7046       0.7046    1.3458            2
2016 05 15 29.9626 30.7817 30.4860      0.5754       0.5754    1.3543            2
2016 05 16 30.0898 30.9067 30.6120      0.7000       0.7000    1.3626            2
2016 05 17 29.9724 30.7871 30.4934      0.5800       0.5800    1.3707            2
2016 05 18 30.0906 30.9031 30.6104      0.6957       0.6957    1.3785            2
2016 05 19 29.9818 30.7921 30.5003      0.5843       0.5843    1.3862            2
2016 05 20 30.0914 30.8995 30.6087      0.6914       0.6914    1.3936            2
2016 05 21 29.9911 30.7970 30.5071      0.5886       0.5886    1.4008            2
2016 05 22 30.0923 30.8960 30.6070      0.6874       0.6874    1.4078            2
2016 05 23 30.0000 30.8015 30.5134      0.5926       0.5926    1.4146            2
2016 05 24 30.0934 30.8927 30.6054      0.6836       0.6836    1.4211            2
2016 05 25 30.0086 30.8057 30.5193      0.5964       0.5964    1.4274            2
2016 05 26 30.0944 30.8893 30.6037      0.6799       0.6799    1.4334            2
2016 05 27 30.0169 30.8097 30.5249      0.6001       0.6001    1.4392            2
2016 05 28 30.0956 30.8862 30.6022      0.6765       0.6765    1.4447            2
2016 05 29 30.0249 30.8133 30.5300      0.6035       0.6035    1.4500            2
2016 05 30 30.0969 30.8830 30.6005      0.6732       0.6732    1.4551            2
2016 05 31 30.0327 30.8167 30.5349      0.6068       0.6068    1.4599            2
2016 06 01 30.0981 30.8800 30.5989      0.6701       0.6701    1.4644            2
2016 06 02 30.0401 30.8197 30.5394      0.6099       0.6099    1.4687            2
2016 06 03 30.0995 30.8770 30.5973      0.6672       0.6672    1.4727            2
2016 06 04 30.0472 30.8225 30.5434      0.6128       0.6128    1.4764            2
2016 06 05 30.1010 30.8741 30.5957      0.6645       0.6645    1.4799            2
2016 06 06 30.0540 30.8250 30.5471      0.6155       0.6155    1.4831            2
2016 06 07 30.1024 30.8712 30.5940      0.6619       0.6619    1.4860            2
2016 06 08 30.0605 30.8272 30.5506      0.6181       0.6181    1.4886            2
2016 06 09 30.1038 30.8684 30.5923      0.6595       0.6595    1.4910            2
2016 06 10 30.0667 30.8292 30.5536      0.6205       0.6205    1.4931            2
2016 06 11 30.1053 30.8658 30.5906      0.6573       0.6573    1.4949            2
2016 06 12 30.0725 30.8309 30.5562      0.6227       0.6227    1.4965            2
2016 06 13 30.1068 30.8631 30.5889      0.6552       0.6552    1.4977            2
2016 06 14 30.0781 30.8323 30.5585      0.6248       0.6248    1.4987            2
2016 06 15 30.1082 30.8604 30.5870      0.6532       0.6532    1.4994            2
2016 06 16 30.0835 30.8336 30.5606      0.6268       0.6268    1.4999            2
2016 06 17 30.1097 30.8578 30.5851      0.6514       0.6514    1.5000            2
2016 06 18 30.0884 30.8345 30.5623      0.6286       0.6286    1.4999            2
2016 06 19 30.1110 30.8551 30.5831      0.6496       0.6496    1.4994            2
2016 06 20 30.0933 30.8354 30.5637      0.6304       0.6304    1.4987            2
2016 06 21 30.1123 30.8525 30.5811      0.6480       0.6480    1.4977            2
2016 06 22 30.0977 30.8360 30.5648      0.6320       0.6320    1.4965            2
2016 06 23 30.1135 30.8498 30.5789      0.6464       0.6464    1.4949            2
2016 06 24 30.1020 30.8364 30.5657      0.6336       0.6336    1.4931            2
2016 06 25 30.1146 30.8471 30.5765      0.6449       0.6449    1.4910            2
2016 06 26 30.1060 30.8367 30.5663      0.6351       0.6351    1.4886            2
2016 06 27 30.1156 30.8444 30.5741      0.6435       0.6435    1.4860            2
2016 06 28 30.1097 30.8368 30.5666      0.6365       0.6365    1.4831            2
2016 06 29 30.1164 30.8417 30.5716      0.6421       0.6421    1.4799            2
2016 06 30 30.1133 30.8367 30.5667      0.6379       0.6379    1.4764            2
2016 07 01 30.1171 30.8388 30.5688      0.6407       0.6407    1.4727            2
2016 07 02 30.1166 30.8366 30.5666      0.6393       0.6393    1.4687            2
2016 07 03 30.1175 30.8358 30.5658      0.6393       0.6393    1.4644            2
2016 07 04 30.1198 30.8364 30.5664      0.6407       0.6407    1.4599            2
2016 07 05 30.1178 30.8328 30.5627      0.6379       0.6379    1.4551            2
2016 07 06 30.1228 30.8361 30.5659      0.6421       0.6421    1.4500            2
2016 07 07 30.1179 30.8297 30.5594      0.6365       0.6365    1.4447            2
2016 07 08 30.1256 30.8358 30.5653      0.6435       0.6435    1.4392            2
2016 07 09 30.1178 30.8264 30.5559      0.6351       0.6351    1.4334            2
2016 07 10 30.1282 30.8353 30.5645      0.6449       0.6449    1.4274            2
2016 07 11 30.1175 30.8230 30.5521      0.6336       0.6336    1.4211            2
2016 07 12 30.1308 30.8348 30.5637      0.6464       0.6464    1.4146            2
2016 07 13 30.1168 30.8194 30.5480      0.6320       0.6320    1.4078            2
2016 07 14 30.1332 30.8344 30.5627      0.6480       0.6480    1.4008            2
2016 07 15 30.1159 30.8158 30.5438      0.6304       0.6304    1.3936            2
2016 07 16 30.1354 30.8339 30.5616      0.6496       0.6496    1.3862            2
2016 07 17 30.1147 30.8119 30.5392      0.6286       0.6286    1.3785            2
2016 07 18 30.1377 30.8336 30.5606      0.6514       0.6514    1.3707            2
2016 07 19 30.1132 30.8078 30.5345      0.6268       0.6268    1.3626            2
2016 07 20 30.1397 30.8331 30.5593      0.6532       0.6532    1.3543            2
2016 07 21 30.1114 30.8036 30.5293      0.6248       0.6248    1.3458            2
2016 07 22 30.1418 30.8328 30.5581      0.6552       0.6552    1.3371            2
2016 07 23 30.1092 30.7991 30.5240      0.6227       0.6227    1.3283            2
2016 07 24 30.1438 30.8325 30.5569      0.6573       0.6573    1.3192            2
2016 07 25 30.1068 30.7945 30.5183      0.6205       0.6205    1.3099            2
2016 07 26 30.1456 30.8323 30.5556      0.6595       0.6595    1.3005            2
2016 07 27 30.1040 30.7896 30.5124      0.6181       0.6181    1.2909            2
2016 07 28 30.1475 30.8322 30.5543      0.6619       0.6619    1.2811            2
2016 07 29 30.1008 30.7845 30.5061      0.6155       0.6155    1.2712            2
2016 07 30 30.1494 30.8322 30.5531      0.6645       0.6645    1.2611            2
2016 07 31 30.0973 30.7792 30.4995      0.6128       0.6128    1.2508            2
2016 08 01 30.1512 30.8323 30.5519      0.6672       0.6672    1.2404            2
2016 08 02 30.0933 30.7737 30.4926      0.6099       0.6099    1.2299            2
2016 08 03 30.1530 30.8325 30.5508      0.6701       0.6701    1.2192            2
2016 08 04 30.0890 30.7679 30.4854      0.6068       0.6068    1.2084            2
2016 08 05 30.1548 30.8329 30.5497      0.6732       0.6732    1.1974            2
2016 08 06 30.0844 30.7618 30.4778      0.6035       0.6035    1.1864            2
2016 08 07 30.1566 30.8334 30.5486      0.6765       0.6765    1.1752            2
2016 08 08 30.0794 30.7556 30.4700      0.6001       0.6001    1.1639            2
2016 08 09 30.1583 30.8340 30.5476      0.6799       0.6799    1.1525            2
2016 08 10 30.0739 30.7491 30.4619      0.5964       0.5964    1.1410            2
2016 08 11 30.1602 30.8349 30.5468      0.6836       0.6836    1.1293            2
2016 08 12 30.0682 30.7425 30.4535      0.5926       0.5926    1.1176            2
2016 08 13 30.1619 30.8358 30.5459      0.6874       0.6874    1.1059            2
2016 08 14 30.0620 30.7356 30.4447      0.5886       0.5886    1.0940            2
2016 08 15 30.1637 30.8369 30.5452      0.6914       0.6914    1.0820            2
2016 08 16 30.0554 30.7283 30.4356      0.5843       0.5843    1.0700            2
2016 08 17 30.1656 30.8383 30.5446      0.6957       0.6957    1.0580            2
2016 08 18 30.0486 30.7211 30.4264      0.5800       0.5800    1.0458            2
2016 08 19 30.1673 30.8396 30.5440      0.7000       0.7000    1.0336            2
2016 08 20 30.0414 30.7135 30.4168      0.5754       0.5754    1.0214            2
2016 08 21 30.1692 30.8412 30.5435      0.7046       0.7046    1.0091            2
2016 08 22 30.0338 30.7057 30.4070      0.5706       0.5706    0.9968            1
2016 08 23 30.1711 30.8430 30.5432      0.7094       0.7094    0.9844            1
2016 08 24 30.0259 30.6978 30.3969      0.5657       0.5657    0.9720            1
2016 08 25 30.1729 30.8449 30.5429      0.7143       0.7143    0.9596            1
2016 08 26 30.0177 30.6898 30.3867      0.5607       0.5607    0.9472            1
2016 08 27 30.1747 30.8469 30.5427      0.7193       0.7193    0.9347            1
2016 08 28 30.0092 30.6816 30.3762      0.5555       0.5555    0.9223            1
2016 08 29 30.1765 30.8490 30.5426      0.7245       0.7245    0.9098            1
2016 08 30 30.0004 30.6732 30.3656      0.5502       0.5502    0.8973            1
2016 08 31 30.1782 30.8513 30.5425      0.7298       0.7298    0.8849            1
2016 09 01 29.9913 30.6647 30.3547      0.5447       0.5447    0.8724            1
2016 09 02 30.1800 30.8538 30.5426      0.7353       0.7353    0.8600            1
2016 09 03 29.9820 30.6561 30.3437      0.5392       0.5392    0.8476            1
2016 09 04 30.1817 30.8562 30.5426      0.7408       0.7408    0.8352            1
2016 09 05 29.9725 30.6475 30.3327      0.5336       0.5336    0.8228            1
2016 09 06 30.1833 30.8588 30.5427      0.7464       0.7464    0.8105            1
2016 09 07 29.9627 30.6388 30.3214      0.5279       0.5279    0.7982            1
2016 09 08 30.1849 30.8615 30.5429      0.7521       0.7521    0.7859            1
2016 09 09 29.9527 30.6300 30.3101      0.5221       0.5221    0.7737            1
2016 09 10 30.1864 30.8643 30.5431      0.7579       0.7579    0.7615            1
2016 09 11 29.9426 30.6212 30.2987      0.5163       0.5163    0.7494            1
2016 09 12 30.1878 30.8671 30.5434      0.7637       0.7637    0.7373            1
2016 09 13 29.9324 30.6124 30.2874      0.5105       0.5105    0.7253            1
2016 09 14 30.1891 30.8699 30.5436      0.7695       0.7695    0.7134            1
2016 09 15 29.9220 30.6036 30.2760      0.5047       0.5047    0.7015            1
2016 09 16 30.1903 30.8728 30.5438      0.7753       0.7753    0.6897            1
2016 09 17 29.9116 30.5950 30.2647      0.4990       0.4990    0.6780            1
2016 09 18 30.1913 30.8756 30.5439      0.7810       0.7810    0.6663            1
2016 09 19 29.9012 30.5864 30.2535      0.4933       0.4933    0.6547            1
2016 09 20 30.1921 30.8784 30.5441      0.7867       0.7867    0.6432            1
2016 09 21 29.8906 30.5778 30.2422      0.4876       0.4876    0.6318            1
2016 09 22 30.1929 30.8812 30.5442      0.7924       0.7924    0.6204            1
2016 09 23 29.8801 30.5695 30.2312      0.4821       0.4821    0.6092            1
2016 09 24 30.1934 30.8839 30.5442      0.7979       0.7979    0.5980            1
2016 09 25 29.8695 30.5612 30.2201      0.4766       0.4766    0.5870            1
2016 09 26 30.1938 30.8867 30.5442      0.8034       0.8034    0.5760            1
2016 09 27 29.8591 30.5532 30.2094      0.4713       0.4713    0.5651            1
2016 09 28 30.1939 30.8892 30.5440      0.8087       0.8087    0.5544            1
2016 09 29 29.8487 30.5454 30.1988      0.4662       0.4662    0.5437            1
2016 09 30 30.1937 30.8917 30.5437      0.8138       0.8138    0.5331            1
2016 10 01 29.8384 30.5377 30.1884      0.4612       0.4612    0.5227            1
2016 10 02 30.1933 30.8940 30.5433      0.8188       0.8188    0.5123            1
2016 10 03 29.8283 30.5304 30.1784      0.4565       0.4565    0.5021            1
2016 10 04 30.1926 30.8962 30.5427      0.8235       0.8235    0.4920            1
2016 10 05 29.8183 30.5233 30.1685      0.4519       0.4519    0.4820            1
2016 10 06 30.1918 30.8983 30.5421      0.8281       0.8281    0.4721            1
2016 10 07 29.8086 30.5166 30.1591      0.4477       0.4477    0.4623            1
2016 10 08 30.1905 30.9000 30.5411      0.8323       0.8323    0.4527            1
2016 10 09 29.7991 30.5102 30.1499      0.4437       0.4437    0.4431            1
2016 10 10 30.1889 30.9016 30.5400      0.8363       0.8363    0.4337            1
2016 10 11 29.7898 30.5041 30.1412      0.4400       0.4400    0.4244            1
2016 10 12 30.1870 30.9030 30.5386      0.8400       0.8400    0.4152            1
2016 10 13 29.7808 30.4985 30.1328      0.4366       0.4366    0.4062            1
2016 10 14 30.1848 30.9041 30.5371      0.8434       0.8434    0.3972            1
2016 10 15 29.7721 30.4931 30.1248      0.4335       0.4335    0.3884            1
2016 10 16 30.1823 30.9051 30.5353      0.8465       0.8465    0.3797            1
2016 10 17 29.7637 30.4883 30.1173      0.4308       0.4308    0.3712            1
2016 10 18 30.1793 30.9056 30.5333      0.8492       0.8492    0.3628            1
2016 10 19 29.7558 30.4839 30.1102      0.4285       0.4285    0.3544            1
2016 10 20 30.1759 30.9059 30.5309      0.8515       0.8515    0.3463            1
2016 10 21 29.7481 30.4799 30.1036      0.4265       0.4265    0.3382            1
2016 10 22 30.1723 30.9060 30.5284      0.8535       0.8535    0.3303            1
2016 10 23 29.7409 30.4765 30.0977      0.4250       0.4250    0.3225            1
2016 10 24 30.1681 30.9056 30.5255      0.8550       0.8550    0.3148            1
2016 10 25 29.7342 30.4736 30.0922      0.4239       0.4239    0.3072            1
2016 10 26 30.1635 30.9049 30.5222      0.8561       0.8561    0.2998            1
2016 10 27 29.7278 30.4711 30.0872      0.4232       0.4232    0.2925            1
2016 10 28 30.1586 30.9039 30.5187      0.8568       0.8568    0.2853            1
2016 10 29 29.7220 30.4693 30.0829      0.4230       0.4230    0.2782            1
2016 10 30 30.1532 30.9025 30.5149      0.8570       0.8570    0.2713            1
2016 10 31 29.7166 30.4679 30.0791      0.4232       0.4232    0.2645            1
2016 11 01 30.1474 30.9008 30.5108      0.8568       0.8568    0.2578            1
2016 11 02 29.7117 30.4671 30.0759      0.4239       0.4239    0.2512            1
2016 11 03 30.1411 30.8986 30.5063      0.8561       0.8561    0.2448            1
2016 11 04 29.7073 30.4669 30.0734      0.4251       0.4251    0.2385            1
2016 11 05 30.1344 30.8961 30.5014      0.8549       0.8549    0.2323            1
2016 11 06 29.7034 30.4672 30.0715      0.4267       0.4267    0.2262            1
2016 11 07 30.1273 30.8932 30.4963      0.8533       0.8533    0.2202            1
2016 11 08 29.7001 30.4681 30.0701      0.4288       0.4288    0.2144            1
2016 11 09 30.1198 30.8900 30.4909      0.8512       0.8512    0.2086            1
2016 11 10 29.6973 30.4696 30.0695      0.4314       0.4314    0.2030            1
2016 11 11 30.1119 30.8863 30.4851      0.8486       0.8486    0.1975            1
2016 11 12 29.6951 30.4717 30.0694      0.4345       0.4345    0.1921            1
2016 11 13 30.1035 30.8823 30.4789      0.8455       0.8455    0.1868            1
2016 11 14 29.6935 30.4744 30.0701      0.4381       0.4381    0.1817            1
2016 11 15 30.0947 30.8778 30.4725      0.8419       0.8419    0.1766            1
2016 11 16 29.6924 30.4777 30.0714      0.4422       0.4422    0.1717            1
2016 11 17 30.0855 30.8730 30.4657      0.8378       0.8378    0.1668            1
2016 11 18 29.6918 30.4815 30.0733      0.4467       0.4467    0.1621            1
2016 11 19 30.0759 30.8678 30.4586      0.8333       0.8333    0.1574            1
2016 11 20 29.6919 30.4860 30.0759      0.4518       0.4518    0.1529            1
2016 11 21 30.0659 30.8622 30.4512      0.8282       0.8282    0.1485            1
2016 11 22 29.6924 30.4909 30.0790      0.4572       0.4572    0.1442            1
2016 11 23 30.0556 30.8563 30.4436      0.8228       0.8228    0.1399            1
2016 11 24 29.6936 30.4965 30.0829      0.4632       0.4632    0.1358            1
2016 11 25 30.0449 30.8500 30.4356      0.8168       0.8168    0.1318            1
2016 11 26 29.6954 30.5026 30.0874      0.4696       0.4696    0.1278            1
2016 11 27 30.0339 30.8433 30.4273      0.8104       0.8104    0.1240            1
2016 11 28 29.6976 30.5092 30.0925      0.4764       0.4764    0.1203            1
2016 11 29 30.0225 30.8364 30.4189      0.8036       0.8036    0.1166            1
2016 11 30 29.7004 30.5164 30.0982      0.4837       0.4837    0.1130            1
2016 12 01 30.0109 30.8290 30.4101      0.7963       0.7963    0.1096            1
2016 12 02 29.7037 30.5241 30.1044      0.4913       0.4913    0.1062            1
2016 12 03 29.9990 30.8215 30.4012      0.7887       0.7887    0.1029            1
2016 12 04 29.7076 30.5323 30.1114      0.4994       0.4994    0.0996            1
2016 12 05 29.9867 30.8136 30.3920      0.7806       0.7806    0.0965            1
2016 12 06 29.7119 30.5409 30.1188      0.5078       0.5078    0.0935            1
2016 12 07 29.9743 30.8055 30.3827      0.7722       0.7722    0.0905            1
2016 12 08 29.7167 30.5500 30.1266      0.5165       0.5165    0.0876            1
2016 12 09 29.9618 30.7972 30.3733      0.7635       0.7635    0.0848            1
2016 12 10 29.7220 30.5595 30.1351      0.5256       0.5256    0.0820            1
2016 12 11 29.9490 30.7885 30.3637      0.7544       0.7544    0.0793            1
2016 12 12 29.7278 30.5694 30.1441      0.5350       0.5350    0.0767            1
2016 12 13 29.9360 30.7797 30.3539      0.7450       0.7450    0.0742            1
2016 12 14 29.7340 30.5798 30.1536      0.5447       0.5447    0.0718            1
2016 12 15 29.9229 30.7707 30.3441      0.7353       0.7353    0.0694            1
2016 12 16 29.7405 30.5904 30.1634      0.5546       0.5546    0.0670            1
2016 12 17 29.9097 30.7616 30.3343      0.7254       0.7254    0.0648            1
2016 12 18 29.7476 30.6015 30.1737      0.5648       0.5648    0.0626            1
2016 12 19 29.8964 30.7523 30.3243      0.7152       0.7152    0.0605            1
2016 12 20 29.7548 30.6127 30.1844      0.5751       0.5751    0.0584            1
2016 12 21 29.8832 30.7430 30.3144      0.7049       0.7049    0.0564            1
2016 12 22 29.7626 30.6243 30.1955      0.5857       0.5857    0.0544            1
2016 12 23 29.8698 30.7335 30.3044      0.6943       0.6943    0.0525            1
2016 12 24 29.7706 30.6362 30.2069      0.5964       0.5964    0.0507            1
2016 12 25 29.8565 30.7240 30.2946      0.6836       0.6836    0.0489            1
2016 12 26 29.7789 30.6482 30.2186      0.6072       0.6072    0.0472            1
2016 12 27 29.8433 30.7145 30.2848      0.6728       0.6728    0.0455            1
2016 12 28 29.7875 30.6604 30.2306      0.6181       0.6181    0.0439            1
2016 12 29 29.8302 30.7049 30.2750      0.6619       0.6619    0.0423            1
2016 12 30 29.7962 30.6728 30.2428      0.6290       0.6290    0.0408            1
2016 12 31 29.8172 30.6955 30.2655      0.6510       0.6510    0.0393            1
2017 01 01 29.9151 30.7951 30.3651      0.7500       0.7500    0.0855            1
2017 01 02 29.9142 30.7959 30.3659      0.7500       0.7500    0.0882            1
2017 01 03 29.9243 30.8077 30.3778      0.7610       0.7610    0.0910            1
2017 01 04 29.9015 30.7865 30.3566      0.7390       0.7390    0.0938            1
2017 01 05 29.9337 30.8204 30.3906      0.7720       0.7720    0.0967            1
2017 01 06 29.8890 30.7773 30.3476      0.7280       0.7280    0.0997            1
2017 01 07 29.9432 30.8330 30.4035      0.7829       0.7829    0.1028            1
2017 01 08 29.8767 30.7682 30.3387      0.7171       0.7171    0.1059            1
2017 01 09 29.9527 30.8457 30.4165      0.7937       0.7937    0.1092            1
2017 01 10 29.8648 30.7593 30.3302      0.7063       0.7063    0.1124            1
2017 01 11 29.9625 30.8584 30.4296      0.8045       0.8045    0.1158            1
2017 01 12 29.8530 30.7504 30.3219      0.6955       0.6955    0.1193            1
2017 01 13 29.9721 30.8709 30.4426      0.8150       0.8150    0.1228            1
2017 01 14 29.8418 30.7420 30.3140      0.6850       0.6850    0.1264            1
2017 01 15 29.9819 30.8834 30.4557      0.8254       0.8254    0.1301            1
2017 01 16 29.8308 30.7337 30.3064      0.6746       0.6746    0.1339            1
2017 01 17 29.9916 30.8958 30.4688      0.8356       0.8356    0.1377            1
2017 01 18 29.8203 30.7257 30.2991      0.6644       0.6644    0.1417            1
2017 01 19 30.0012 30.9079 30.4817      0.8455       0.8455    0.1457            1
2017 01 20 29.8102 30.7181 30.2923      0.6545       0.6545    0.1498            1
2017 01 21 30.0109 30.9199 30.4946      0.8552       0.8552    0.1540            1
2017 01 22 29.8005 30.7107 30.2859      0.6448       0.6448    0.1583            1
2017 01 23 30.0204 30.9317 30.5074      0.8646       0.8646    0.1627            1
2017 01 24 29.7913 30.7037 30.2799      0.6354       0.6354    0.1672            1
2017 01 25 30.0298 30.9432 30.5200      0.8737       0.8737    0.1718            1
2017 01 26 29.7827 30.6971 30.2744      0.6263       0.6263    0.1764            1
2017 01 27 30.0391 30.9545 30.5324      0.8825       0.8825    0.1812            1
2017 01 28 29.7745 30.6908 30.2693      0.6175       0.6175    0.1860            1
2017 01 29 30.0483 30.9655 30.5446      0.8909       0.8909    0.1909            1
2017 01 30 29.7669 30.6850 30.2648      0.6091       0.6091    0.1960            1
2017 01 31 30.0573 30.9762 30.5566      0.8990       0.8990    0.2011            1
2017 02 01 29.7598 30.6795 30.2607      0.6010       0.6010    0.2063            1
2017 02 02 30.0661 30.9866 30.5684      0.9067       0.9067    0.2116            1
2017 02 03 29.7533 30.6745 30.2571      0.5933       0.5933    0.2170            1
2017 02 04 30.0746 30.9965 30.5798      0.9139       0.9139    0.2225            1
2017 02 05 29.7475 30.6701 30.2541      0.5861       0.5861    0.2281            1
2017 02 06 30.0828 31.0060 30.5909      0.9207       0.9207    0.2338            1
2017 02 07 29.7422 30.6660 30.2517      0.5793       0.5793    0.2396            1
2017 02 08 30.0909 31.0152 30.6018      0.9271       0.9271    0.2455            1
2017 02 09 29.7376 30.6625 30.2498      0.5729       0.5729    0.2515            1
2017 02 10 30.0988 31.0241 30.6123      0.9331       0.9331    0.2576            1
2017 02 11 29.7336 30.6593 30.2484      0.5669       0.5669    0.2638            1
2017 02 12 30.1062 31.0324 30.6224      0.9385       0.9385    0.2701            1
2017 02 13 29.7303 30.6568 30.2477      0.5615       0.5615    0.2765            1
2017 02 14 30.1135 31.0404 30.6322      0.9436       0.9436    0.2829            1
2017 02 15 29.7275 30.6546 30.2475      0.5564       0.5564    0.2895            1
2017 02 16 30.1204 31.0478 30.6416      0.9481       0.9481    0.2962            1
2017 02 17 29.7255 30.6531 30.2479      0.5519       0.5519    0.3030            1
2017 02 18 30.1270 31.0548 30.6506      0.9521       0.9521    0.3098            1
2017 02 19 29.7242 30.6521 30.2489      0.5479       0.5479    0.3168            1
2017 02 20 30.1334 31.0614 30.6592      0.9557       0.9557    0.3239            1
2017 02 21 29.7234 30.6515 30.2504      0.5443       0.5443    0.3310            1
2017 02 22 30.1394 31.0675 30.6674      0.9588       0.9588    0.3383            1
2017 02 23 29.7233 30.6514 30.2524      0.5412       0.5412    0.3456            1
2017 02 24 30.1451 31.0731 30.6752      0.9614       0.9614    0.3531            1
2017 02 25 29.7239 30.6518 30.2551      0.5386       0.5386    0.3606            1
2017 02 26 30.1503 31.0781 30.6825      0.9634       0.9634    0.3682            1
2017 02 27 29.7252 30.6528 30.2584      0.5366       0.5366    0.3760            1
2017 02 28 30.1555 31.0829 30.6895      0.9651       0.9651    0.3838            1
2017 03 01 29.7270 30.6542 30.2620      0.5349       0.5349    0.3917            1
2017 03 02 30.1601 31.0870 30.6960      0.9662       0.9662    0.3996            1
2017 03 03 29.7296 30.6561 30.2663      0.5338       0.5338    0.4077            1
2017 03 04 30.1644 31.0906 30.7020      0.9668       0.9668    0.4159            1
2017 03 05 29.7328 30.6586 30.2712      0.5332       0.5332    0.4241            1
2017 03 06 30.1685 31.0939 30.7077      0.9670       0.9670    0.4324            1
2017 03 07 29.7365 30.6614 30.2765      0.5330       0.5330    0.4408            1
2017 03 08 30.1722 31.0966 30.7129      0.9667       0.9667    0.4493            1
2017 03 09 29.7409 30.6647 30.2823      0.5333       0.5333    0.4578            1
2017 03 10 30.1757 31.0989 30.7178      0.9660       0.9660    0.4665            1
2017 03 11 29.7458 30.6684 30.2885      0.5340       0.5340    0.4752            1
2017 03 12 30.1788 31.1008 30.7222      0.9649       0.9649    0.4839            1
2017 03 13 29.7512 30.6725 30.2952      0.5351       0.5351    0.4928            1
2017 03 14 30.1817 31.1022 30.7262      0.9633       0.9633    0.5017            1
2017 03 15 29.7573 30.6771 30.3024      0.5367       0.5367    0.5107            1
2017 03 16 30.1842 31.1032 30.7298      0.9613       0.9613    0.5197            1
2017 03 17 29.7639 30.6821 30.3100      0.5387       0.5387    0.5288            1
2017 03 18 30.1864 31.1038 30.7330      0.9589       0.9589    0.5380            1
2017 03 19 29.7710 30.6874 30.3180      0.5411       0.5411    0.5472            1
2017 03 20 30.1885 31.1040 30.7359      0.9562       0.9562    0.5564            1
2017 03 21 29.7785 30.6930 30.3263      0.5438       0.5438    0.5658            1
2017 03 22 30.1902 31.1038 30.7384      0.9531       0.9531    0.5751            1
2017 03 23 29.7865 30.6990 30.3350      0.5469       0.5469    0.5845            1
2017 03 24 30.1917 31.1031 30.7404      0.9496       0.9496    0.5940            1
2017 03 25 29.7950 30.7053 30.3440      0.5504       0.5504    0.6035            1
2017 03 26 30.1931 31.1022 30.7423      0.9459       0.9459    0.6130            1
2017 03 27 29.8038 30.7118 30.3532      0.5541       0.5541    0.6226            1
2017 03 28 30.1941 31.1009 30.7437      0.9418       0.9418    0.6322            1
2017 03 29 29.8131 30.7187 30.3628      0.5582       0.5582    0.6418            1
2017 03 30 30.1950 31.0993 30.7449      0.9375       0.9375    0.6514            1
2017 03 31 29.8227 30.7257 30.3726      0.5625       0.5625    0.6611            1
2017 04 01 30.1958 31.0975 30.7458      0.9330       0.9330    0.6708            1
2017 04 02 29.8325 30.7328 30.3825      0.5670       0.5670    0.6805            1
2017 04 03 30.1964 31.0953 30.7464      0.9282       0.9282    0.6902            1
2017 04 04 29.8427 30.7402 30.3926      0.5718       0.5718    0.6999            1
2017 04 05 30.1968 31.0929 30.7467      0.9232       0.9232    0.7096            1
2017 04 06 29.8532 30.7478 30.4029      0.5768       0.5768    0.7194            1
2017 04 07 30.1971 31.0902 30.7468      0.9180       0.9180    0.7291            1
2017 04 08 29.8639 30.7555 30.4134      0.5820       0.5820    0.7388            1
2017 04 09 30.1973 31.0874 30.7467      0.9127       0.9127    0.7485            1
2017 04 10 29.8747 30.7632 30.4238      0.5873       0.5873    0.7582            1
2017 04 11 30.1974 31.0843 30.7463      0.9072       0.9072    0.7678            1
2017 04 12 29.8858 30.7711 30.4344      0.5928       0.5928    0.7775            1
2017 04 13 30.1974 31.0810 30.7457      0.9016       0.9016    0.7871            1
2017 04 14 29.8971 30.7790 30.4450      0.5984       0.5984    0.7967            1
2017 04 15 30.1974 31.0776 30.7450      0.8959       0.8959    0.8062            1
2017 04 16 29.9084 30.7869 30.4556      0.6041       0.6041    0.8157            1
2017 04 17 30.1974 31.0741 30.7442      0.8902       0.8902    0.8252            1
2017 04 18 29.9198 30.7947 30.4662      0.6098       0.6098    0.8346            1
2017 04 19 30.1973 31.0704 30.7431      0.8844       0.8844    0.8440            1
2017 04 20 29.9313 30.8026 30.4767      0.6156       0.6156    0.8533            1
2017 04 21 30.1972 31.0666 30.7420      0.8786       0.8786    0.8626            1
2017 04 22 29.9428 30.8104 30.4871      0.6214       0.6214    0.8718            1
2017 04 23 30.1971 31.0628 30.7407      0.8728       0.8728    0.8809            1
2017 04 24 29.9543 30.8181 30.4974      0.6272       0.6272    0.8899            1
2017 04 25 30.1970 31.0588 30.7394      0.8670       0.8670    0.8989            1
2017 04 26 29.9658 30.8258 30.5076      0.6330       0.6330    0.9078            1
2017 04 27 30.1968 31.0548 30.7379      0.8612       0.8612    0.9166            1
2017 04 28 29.9773 30.8333 30.5176      0.6388       0.6388    0.9254            1
2017 04 29 30.1968 31.0508 30.7364      0.8555       0.8555    0.9340            1
2017 04 30 29.9886 30.8407 30.5274      0.6445       0.6445    0.9425            1
2017 05 01 30.1969 31.0469 30.7349      0.8499       0.8499    0.9510            1
2017 05 02 29.9999 30.8478 30.5370      0.6501       0.6501    0.9593            1
2017 05 03 30.1969 31.0428 30.7332      0.8443       0.8443    0.9675            1
2017 05 04 30.0111 30.8549 30.5465      0.6557       0.6557    0.9757            1
2017 05 05 30.1971 31.0388 30.7316      0.8389       0.8389    0.9837            1
2017 05 06 30.0220 30.8617 30.5556      0.6611       0.6611    0.9915            1
2017 05 07 30.1973 31.0349 30.7299      0.8336       0.8336    0.9993            1
2017 05 08 30.0328 30.8683 30.5645      0.6664       0.6664    1.0069            2
2017 05 09 30.1976 31.0309 30.7282      0.8284       0.8284    1.0144            2
2017 05 10 30.0435 30.8747 30.5731      0.6716       0.6716    1.0218            2
2017 05 11 30.1980 31.0271 30.7266      0.8234       0.8234    1.0290            2
2017 05 12 30.0539 30.8808 30.5814      0.6766       0.6766    1.0360            2
2017 05 13 30.1985 31.0232 30.7249      0.8185       0.8185    1.0430            2
2017 05 14 30.0641 30.8867 30.5894      0.6815       0.6815    1.0497            2
2017 05 15 30.1991 31.0195 30.7232      0.8138       0.8138    1.0564            2
2017 05 16 30.0741 30.8923 30.5970      0.6862       0.6862    1.0628            2
2017 05 17 30.1997 31.0158 30.7215      0.8092       0.8092    1.0691            2
2017 05 18 30.0839 30.8977 30.6044      0.6908       0.6908    1.0753            2
2017 05 19 30.2004 31.0121 30.7198      0.8048       0.8048    1.0812            2
2017 05 20 30.0934 30.9028 30.6114      0.6952       0.6952    1.0870            2
2017 05 21 30.2014 31.0087 30.7182      0.8007       0.8007    1.0926            2
2017 05 22 30.1025 30.9076 30.6180      0.6993       0.6993    1.0981            2
2017 05 23 30.2023 31.0052 30.7165      0.7967       0.7967    1.1034            2
2017 05 24 30.1114 30.9121 30.6243      0.7033       0.7033    1.1084            2
2017 05 25 30.2033 31.0018 30.7148      0.7928       0.7928    1.1133            2
2017 05 26 30.1201 30.9163 30.6302      0.7072       0.7072    1.1181            2
2017 05 27 30.2044 30.9985 30.7132      0.7892       0.7892    1.1226            2
2017 05 28 30.1284 30.9202 30.6358      0.7108       0.7108    1.1269            2
2017 05 29 30.2057 30.9953 30.7116      0.7858       0.7858    1.1310            2
2017 05 30 30.1364 30.9238 30.6409      0.7142       0.7142    1.1350            2
2017 05 31 30.2070 30.9923 30.7101      0.7826       0.7826    1.1387            2
2017 06 01 30.1440 30.9271 30.6456      0.7174       0.7174    1.1422            2
2017 06 02 30.2083 30.9892 30.7084      0.7795       0.7795    1.1456            2
2017 06 03 30.1515 30.9302 30.6501      0.7205       0.7205    1.1487            2
2017 06 04 30.2097 30.9862 30.7068      0.7766       0.7766    1.1516            2
2017 06 05 30.1586 30.9330 30.6542      0.7234       0.7234    1.1543            2
2017 06 06 30.2111 30.9834 30.7052      0.7739       0.7739    1.1568            2
2017 06 07 30.1653 30.9354 30.6578      0.7261       0.7261    1.1591            2
2017 06 08 30.2126 30.9806 30.7036      0.7714       0.7714    1.1611            2
2017 06 09 30.1718 30.9376 30.6611      0.7286       0.7286    1.1630            2
2017 06 10 30.2141 30.9778 30.7019      0.7690       0.7690    1.1646            2
2017 06 11 30.1780 30.9396 30.6641      0.7310       0.7310    1.1661            2
2017 06 12 30.2156 30.9751 30.7002      0.7668       0.7668    1.1673            2
2017 06 13 30.1838 30.9412 30.6667      0.7332       0.7332    1.1682            2
2017 06 14 30.2171 30.9724 30.6984      0.7647       0.7647    1.1690            2
2017 06 15 30.1894 30.9427 30.6691      0.7353       0.7353    1.1696            2
2017 06 16 30.2186 30.9698 30.6966      0.7628       0.7628    1.1699            2
2017 06 17 30.1946 30.9438 30.6710      0.7372       0.7372    1.1700            2
2017 06 18 30.2200 30.9672 30.6947      0.7610       0.7610    1.1699            2
2017 06 19 30.1996 30.9448 30.6726      0.7390       0.7390    1.1696            2
2017 06 20 30.2213 30.9645 30.6927      0.7592       0.7592    1.1690            2
2017 06 21 30.2044 30.9456 30.6741      0.7408       0.7408    1.1682            2
2017 06 22 30.2226 30.9619 30.6906      0.7576       0.7576    1.1673            2
2017 06 23 30.2088 30.9462 30.6751      0.7424       0.7424    1.1661            2
2017 06 24 30.2239 30.9593 30.6885      0.7561       0.7561    1.1646            2
2017 06 25 30.2130 30.9465 30.6759      0.7439       0.7439    1.1630            2
2017 06 26 30.2250 30.9566 30.6861      0.7546       0.7546    1.1611            2
2017 06 27 30.2170 30.9468 30.6764      0.7454       0.7454    1.1591            2
2017 06 28 30.2258 30.9538 30.6836      0.7531       0.7531    1.1568            2
2017 06 29 30.2208 30.9469 30.6768      0.7469       0.7469    1.1543            2
2017 06 30 30.2267 30.9510 30.6810      0.7517       0.7517    1.1516            2
2017 07 01 30.2243 30.9469 30.6769      0.7483       0.7483    1.1487            2
2017 07 02 30.2273 30.9482 30.6782      0.7503       0.7503    1.1456            2
2017 07 03 30.2277 30.9468 30.6768      0.7497       0.7497    1.1422            2
2017 07 04 30.2279 30.9453 30.6753      0.7490       0.7490    1.1387            2
2017 07 05 30.2307 30.9465 30.6764      0.7510       0.7510    1.1350            2
2017 07 06 30.2281 30.9422 30.6721      0.7476       0.7476    1.1310            2
2017 07 07 30.2337 30.9462 30.6759      0.7524       0.7524    1.1269            2
2017 07 08 30.2282 30.9391 30.6687      0.7462       0.7462    1.1226            2
2017 07 09 30.2365 30.9458 30.6753      0.7538       0.7538    1.1181            2
2017 07 10 30.2280 30.9358 30.6651      0.7447       0.7447    1.1133            2
2017 07 11 30.2392 30.9454 30.6746      0.7553       0.7553    1.1084            2
2017 07 12 30.2276 30.9324 30.6613      0.7432       0.7432    1.1034            2
2017 07 13 30.2417 30.9450 30.6737      0.7568       0.7568    1.0981            2
2017 07 14 30.2269 30.9288 30.6572      0.7416       0.7416    1.0926            2
2017 07 15 30.2441 30.9445 30.6727      0.7584       0.7584    1.0870            2
2017 07 16 30.2259 30.9250 30.6529      0.7399       0.7399    1.0812            2
2017 07 17 30.2464 30.9441 30.6717      0.7601       0.7601    1.0753            2
2017 07 18 30.2246 30.9211 30.6482      0.7381       0.7381    1.0691            2
2017 07 19 30.2486 30.9438 30.6706      0.7619       0.7619    1.0628            2
2017 07 20 30.2231 30.9170 30.6434      0.7363       0.7363    1.0564            2
2017 07 21 30.2506 30.9433 30.6693      0.7637       0.7637    1.0497            2
2017 07 22 30.2211 30.9127 30.6382      0.7342       0.7342    1.0430            2
2017 07 23 30.2527 30.9431 30.6682      0.7658       0.7658    1.0360            2
2017 07 24 30.2190 30.9082 30.6328      0.7321       0.7321    1.0290            2
2017 07 25 30.2546 30.9428 30.6669      0.7679       0.7679    1.0218            2
2017 07 26 30.2164 30.9035 30.6270      0.7298       0.7298    1.0144            2
2017 07 27 30.2566 30.9426 30.6656      0.7702       0.7702    1.0069            2
2017 07 28 30.2135 30.8986 30.6210      0.7274       0.7274    0.9993            1
2017 07 29 30.2584 30.9425 30.6643      0.7726       0.7726    0.9915            1
2017 07 30 30.2101 30.8934 30.6146      0.7247       0.7247    0.9837            1
2017 07 31 30.2603 30.9427 30.6632      0.7753       0.7753    0.9757            1
2017 08 01 30.2066 30.8881 30.6080      0.7220       0.7220    0.9675            1
2017 08 02 30.2621 30.9427 30.6620      0.7780       0.7780    0.9593            1
2017 08 03 30.2025 30.8824 30.6009      0.7190       0.7190    0.9510            1
2017 08 04 30.2639 30.9431 30.6609      0.7810       0.7810    0.9425            1
2017 08 05 30.1981 30.8765 30.5936      0.7158       0.7158    0.9340            1
2017 08 06 30.2658 30.9435 30.6598      0.7842       0.7842    0.9254            1
2017 08 07 30.1934 30.8705 30.5860      0.7125       0.7125    0.9166            1
2017 08 08 30.2676 30.9441 30.6588      0.7875       0.7875    0.9078            1
2017 08 09 30.1882 30.8642 30.5781      0.7090       0.7090    0.8989            1
2017 08 10 30.2693 30.9448 30.6578      0.7910       0.7910    0.8899            1
2017 08 11 30.1827 30.8576 30.5698      0.7053       0.7053    0.8809            1
2017 08 12 30.2711 30.9456 30.6569      0.7947       0.7947    0.8718            1
2017 08 13 30.1768 30.8509 30.5613      0.7014       0.7014    0.8626            1
2017 08 14 30.2730 30.9466 30.6561      0.7986       0.7986    0.8533            1
2017 08 15 30.1705 30.8439 30.5525      0.6973       0.6973    0.8440            1
2017 08 16 30.2748 30.9478 30.6555      0.8027       0.8027    0.8346            1
2017 08 17 30.1639 30.8366 30.5433      0.6930       0.6930    0.8252            1
2017 08 18 30.2766 30.9492 30.6549      0.8070       0.8070    0.8157            1
2017 08 19 30.1568 30.8292 30.5339      0.6885       0.6885    0.8062            1
2017 08 20 30.2785 30.9507 30.6544      0.8115       0.8115    0.7967            1
2017 08 21 30.1495 30.8216 30.5243      0.6839       0.6839    0.7871            1
2017 08 22 30.2803 30.9523 30.6539      0.8161       0.8161    0.7775            1
2017 08 23 30.1418 30.8138 30.5144      0.6791       0.6791    0.7678            1
2017 08 24 30.2821 30.9541 30.6536      0.8209       0.8209    0.7582            1
2017 08 25 30.1338 30.8058 30.5042      0.6741       0.6741    0.7485            1
2017 08 26 30.2840 30.9561 30.6534      0.8259       0.8259    0.7388            1
2017 08 27 30.1255 30.7976 30.4938      0.6690       0.6690    0.7291            1
2017 08 28 30.2858 30.9581 30.6532      0.8310       0.8310    0.7194            1
2017 08 29 30.1169 30.7894 30.4833      0.6638       0.6638    0.7096            1
2017 08 30 30.2876 30.9603 30.6530      0.8362       0.8362    0.6999            1
2017 08 31 30.1080 30.7810 30.4725      0.6584       0.6584    0.6902            1
2017 09 01 30.2894 30.9626 30.6530      0.8416       0.8416    0.6805            1
2017 09 02 30.0988 30.7724 30.4616      0.6529       0.6529    0.6708            1
2017 09 03 30.2911 30.9651 30.6531      0.8471       0.8471    0.6611            1
2017 09 04 30.0894 30.7638 30.4506      0.6473       0.6473    0.6514            1
2017 09 05 30.2928 30.9677 30.6532      0.8527       0.8527    0.6418            1
2017 09 06 30.0797 30.7550 30.4394      0.6416       0.6416    0.6322            1
2017 09 07 30.2945 30.9703 30.6534      0.8584       0.8584    0.6226            1
2017 09 08 30.0699 30.7463 30.4281      0.6359       0.6359    0.6130            1
2017 09 09 30.2960 30.9730 30.6535      0.8641       0.8641    0.6035            1
2017 09 10 30.0598 30.7375 30.4168      0.6301       0.6301    0.5940            1
2017 09 11 30.2975 30.9758 30.6538      0.8699       0.8699    0.5845            1
2017 09 12 30.0497 30.7287 30.4054      0.6243       0.6243    0.5751            1
2017 09 13 30.2988 30.9786 30.6540      0.8757       0.8757    0.5658            1
2017 09 14 30.0394 30.7199 30.3940      0.6185       0.6185    0.5564            1
2017 09 15 30.3001 30.9814 30.6542      0.8815       0.8815    0.5472            1
2017 09 16 30.0289 30.7112 30.3826      0.6127       0.6127    0.5380            1
2017 09 17 30.3012 30.9843 30.6544      0.8873       0.8873    0.5288            1
2017 09 18 30.0184 30.7024 30.3712      0.6069       0.6069    0.5197            1
2017 09 19 30.3022 30.9872 30.6546      0.8931       0.8931    0.5107            1
2017 09 20 30.0079 30.6939 30.3599      0.6012       0.6012    0.5017            1
2017 09 21 30.3030 30.9900 30.6547      0.8988       0.8988    0.4928            1
2017 09 22 29.9974 30.6854 30.3488      0.5956       0.5956    0.4839            1
2017 09 23 30.3036 30.9928 30.6548      0.9044       0.9044    0.4752            1
2017 09 24 29.9868 30.6771 30.3377      0.5901       0.5901    0.4665            1
2017 09 25 30.3041 30.9955 30.6547      0.9099       0.9099    0.4578            1
2017 09 26 29.9762 30.6688 30.3267      0.5846       0.5846    0.4493            1
2017 09 27 30.3044 30.9982 30.6547      0.9154       0.9154    0.4408            1
2017 09 28 29.9658 30.6608 30.3160      0.5794       0.5794    0.4324            1
2017 09 29 30.3044 31.0007 30.6545      0.9206       0.9206    0.4241            1
2017 09 30 29.9554 30.6530 30.3055      0.5743       0.5743    0.4159            1
2017 10 01 30.3041 31.0031 30.6542      0.9257       0.9257    0.4077            1
2017 10 02 29.9452 30.6455 30.2952      0.5694       0.5694    0.3996            1
2017 10 03 30.3037 31.0054 30.6537      0.9306       0.9306    0.3917            1
2017 10 04 29.9350 30.6382 30.2851      0.5647       0.5647    0.3838            1
2017 10 05 30.3029 31.0075 30.6531      0.9353       0.9353    0.3760            1
2017 10 06 29.9252 30.6313 30.2754      0.5603       0.5603    0.3682            1
2017 10 07 30.3018 31.0094 30.6522      0.9397       0.9397    0.3606            1
2017 10 08 29.9154 30.6246 30.2660      0.5561       0.5561    0.3531            1
2017 10 09 30.3005 31.0112 30.6512      0.9439       0.9439    0.3456            1
2017 10 10 29.9060 30.6183 30.2570      0.5522       0.5522    0.3383            1
2017 10 11 30.2988 31.0127 30.6500      0.9478       0.9478    0.3310            1
2017 10 12 29.8968 30.6124 30.2483      0.5486       0.5486    0.3239            1
2017 10 13 30.2967 31.0140 30.6486      0.9514       0.9514    0.3168            1
2017 10 14 29.8878 30.6068 30.2400      0.5453       0.5453    0.3098            1
2017 10 15 30.2944 31.0151 30.6470      0.9547       0.9547    0.3030            1
2017 10 16 29.8793 30.6017 30.2322      0.5424       0.5424    0.2962            1
2017 10 17 30.2916 31.0158 30.6450      0.9576       0.9576    0.2895            1
2017 10 18 29.8710 30.5969 30.2249      0.5398       0.5398    0.2829            1
2017 10 19 30.2885 31.0163 30.6429      0.9602       0.9602    0.2765            1
2017 10 20 29.8632 30.5928 30.2181      0.5377       0.5377    0.2701            1
2017 10 21 30.2849 31.0164 30.6404      0.9623       0.9623    0.2638            1
2017 10 22 29.8557 30.5890 30.2117      0.5359       0.5359    0.2576            1
2017 10 23 30.2810 31.0163 30.6376      0.9641       0.9641    0.2515            1
2017 10 24 29.8486 30.5857 30.2058      0.5345       0.5345    0.2455            1
2017 10 25 30.2767 31.0158 30.6346      0.9655       0.9655    0.2396            1
2017 10 26 29.8420 30.5830 30.2006      0.5336       0.5336    0.2338            1
2017 10 27 30.2719 31.0149 30.6312      0.9664       0.9664    0.2281            1
2017 10 28 29.8358 30.5808 30.1958      0.5331       0.5331    0.2225            1
2017 10 29 30.2668 31.0137 30.6276      0.9669       0.9669    0.2170            1
2017 10 30 29.8300 30.5790 30.1916      0.5330       0.5330    0.2116            1
2017 10 31 30.2612 31.0122 30.6236      0.9670       0.9670    0.2063            1
2017 11 01 29.8248 30.5779 30.1881      0.5334       0.5334    0.2011            1
2017 11 02 30.2552 31.0103 30.6193      0.9666       0.9666    0.1960            1
2017 11 03 29.8201 30.5773 30.1852      0.5343       0.5343    0.1909            1
2017 11 04 30.2488 31.0080 30.6147      0.9657       0.9657    0.1860            1
2017 11 05 29.8160 30.5773 30.1829      0.5357       0.5357    0.1812            1
2017 11 06 30.2418 31.0053 30.6097      0.9643       0.9643    0.1764            1
2017 11 07 29.8123 30.5779 30.1811      0.5375       0.5375    0.1718            1
2017 11 08 30.2346 31.0023 30.6044      0.9625       0.9625    0.1672            1
2017 11 09 29.8092 30.5791 30.1801      0.5399       0.5399    0.1627            1
2017 11 10 30.2267 30.9987 30.5987      0.9601       0.9601    0.1583            1
2017 11 11 29.8067 30.5808 30.1797      0.5427       0.5427    0.1540            1
2017 11 12 30.2186 30.9949 30.5928      0.9573       0.9573    0.1498            1
2017 11 13 29.8046 30.5831 30.1799      0.5460       0.5460    0.1457            1
2017 11 14 30.2100 30.9907 30.5865      0.9540       0.9540    0.1417            1
2017 11 15 29.8032 30.5861 30.1808      0.5498       0.5498    0.1377            1
2017 11 16 30.2010 30.9860 30.5798      0.9502       0.9502    0.1339            1
2017 11 17 29.8023 30.5896 30.1824      0.5541       0.5541    0.1301            1
2017 11 18 30.1916 30.9810 30.5729      0.9459       0.9459    0.1264            1
2017 11 19 29.8021 30.5937 30.1846      0.5589       0.5589    0.1228            1
2017 11 20 30.1818 30.9756 30.5656      0.9411       0.9411    0.1193            1
2017 11 21 29.8023 30.5983 30.1874      0.5641       0.5641    0.1158            1
2017 11 22 30.1716 30.9699 30.5581      0.9359       0.9359    0.1124            1
2017 11 23 29.8031 30.6035 30.1909      0.5698       0.5698    0.1092            1
2017 11 24 30.1611 30.9637 30.5503      0.9302       0.9302    0.1059            1
2017 11 25 29.8045 30.6094 30.1951      0.5760       0.5760    0.1028            1
2017 11 26 30.1502 30.9572 30.5421      0.9240       0.9240    0.0997            1
2017 11 27 29.8065 30.6157 30.1998      0.5826       0.5826    0.0967            1
2017 11 28 30.1390 30.9504 30.5337      0.9174       0.9174    0.0938            1
2017 11 29 29.8090 30.6226 30.2052      0.5897       0.5897    0.0910            1
2017 11 30 30.1274 30.9432 30.5250      0.9103       0.9103    0.0882            1
2017 12 01 29.8120 30.6300 30.2111      0.5971       0.5971    0.0855            1
2017 12 02 30.1156 30.9358 30.5162      0.9029       0.9029    0.0828            1
2017 12 03 29.8156 30.6379 30.2177      0.6050       0.6050    0.0802            1
2017 12 04 30.1035 30.9280 30.5071      0.8950       0.8950    0.0777            1
2017 12 05 29.8196 30.6463 30.2248      0.6132       0.6132    0.0753            1
2017 12 06 30.0912 30.9200 30.4979      0.8868       0.8868    0.0729            1
2017 12 07 29.8242 30.6551 30.2324      0.6218       0.6218    0.0706            1
2017 12 08 30.0786 30.9117 30.4884      0.8782       0.8782    0.0683            1
2017 12 09 29.8293 30.6645 30.2407      0.6308       0.6308    0.0661            1
2017 12 10 30.0658 30.9031 30.4788      0.8692       0.8692    0.0640            1
2017 12 11 29.8347 30.6742 30.2493      0.6400       0.6400    0.0619            1
2017 12 12 30.0529 30.8944 30.4691      0.8600       0.8600    0.0599            1
2017 12 13 29.8407 30.6843 30.2586      0.6496       0.6496    0.0579            1
2017 12 14 30.0398 30.8855 30.4593      0.8504       0.8504    0.0560            1
2017 12 15 29.8471 30.6948 30.2682      0.6594       0.6594    0.0541            1
2017 12 16 30.0266 30.8764 30.4494      0.8406       0.8406    0.0523            1
2017 12 17 29.8539 30.7057 30.2783      0.6695       0.6695    0.0505            1
2017 12 18 30.0133 30.8671 30.4394      0.8305       0.8305    0.0488            1
2017 12 19 29.8610 30.7169 30.2889      0.6798       0.6798    0.0472            1
2017 12 20 29.9999 30.8577 30.4294      0.8202       0.8202    0.0455            1
2017 12 21 29.8685 30.7282 30.2997      0.6902       0.6902    0.0440            1
2017 12 22 29.9867 30.8484 30.4195      0.8098       0.8098    0.0425            1
2017 12 23 29.8764 30.7400 30.3110      0.7009       0.7009    0.0410            1
2017 12 24 29.9733 30.8388 30.4095      0.7991       0.7991    0.0396            1
2017 12 25 29.8846 30.7520 30.3226      0.7117       0.7117    0.0382            1
2017 12 26 29.9599 30.8292 30.3996      0.7883       0.7883    0.0368            1
2017 12 27 29.8929 30.7640 30.3343      0.7225       0.7225    0.0355            1
2017 12 28 29.9468 30.8197 30.3899      0.7775       0.7775    0.0342            1
2017 12 29 29.9017 30.7764 30.3465      0.7335       0.7335    0.0330            1
2017 12 30 29.9336 30.8101 30.3802      0.7665       0.7665    0.0318            1
2017 12 31 29.9161 30.7944 30.3644      0.7500       0.7500    0.0307            1
2018 01 01 29.8451 30.7251 30.2951      0.6800       0.6800    0.0898            1
2018 01 02 29.8442 30.7259 30.2959      0.6800       0.6800    0.0927            1
2018 01 03 29.8543 30.7377 30.3078      0.6910       0.6910    0.0956            1
2018 01 04 29.8315 30.7165 30.2866      0.6690       0.6690    0.0986            1
2018 01 05 29.8637 30.7504 30.3206      0.7020       0.7020    0.1017            1
2018 01 06 29.8190 30.7073 30.2776      0.6580       0.6580    0.1048            1
2018 01 07 29.8732 30.7630 30.3335      0.7129       0.7129    0.1081            1
2018 01 08 29.8067 30.6982 30.2687      0.6471       0.6471    0.1114            1
2018 01 09 29.8827 30.7757 30.3465      0.7237       0.7237    0.1147            1
2018 01 10 29.7948 30.6893 30.2602      0.6363       0.6363    0.1182            1
2018 01 11 29.8925 30.7884 30.3596      0.7345       0.7345    0.1218            1
2018 01 12 29.7830 30.6804 30.2519      0.6255       0.6255    0.1254            1
2018 01 13 29.9021 30.8009 30.3726      0.7450       0.7450    0.1291            1
2018 01 14 29.7718 30.6720 30.2440      0.6150       0.6150    0.1329            1
2018 01 15 29.9119 30.8134 30.3857      0.7554       0.7554    0.1368            1
2018 01 16 29.7608 30.6637 30.2364      0.6046       0.6046    0.1408            1
2018 01 17 29.9216 30.8258 30.3988      0.7656       0.7656    0.1448            1
2018 01 18 29.7503 30.6557 30.2291      0.5944       0.5944    0.1490            1
2018 01 19 29.9312 30.8379 30.4117      0.7755       0.7755    0.1532            1
2018 01 20 29.7402 30.6481 30.2223      0.5845       0.5845    0.1575            1
2018 01 21 29.9409 30.8499 30.4246      0.7852       0.7852    0.1619            1
2018 01 22 29.7305 30.6407 30.2159      0.5748       0.5748    0.1665            1
2018 01 23 29.9504 30.8617 30.4374      0.7946       0.7946    0.1711            1
2018 01 24 29.7213 30.6337 30.2099      0.5654       0.5654    0.1758            1
2018 01 25 29.9598 30.8732 30.4500      0.8037       0.8037    0.1806            1
2018 01 26 29.7127 30.6271 30.2044      0.5563       0.5563    0.1855            1
2018 01 27 29.9691 30.8845 30.4624      0.8125       0.8125    0.1905            1
2018 01 28 29.7045 30.6208 30.1993      0.5475       0.5475    0.1955            1
2018 01 29 29.9783 30.8955 30.4746      0.8209       0.8209    0.2007            1
2018 01 30 29.6969 30.6150 30.1948      0.5391       0.5391    0.2060            1
2018 01 31 29.9873 30.9062 30.4866      0.8290       0.8290    0.2114            1
2018 02 01 29.6898 30.6095 30.1907      0.5310       0.5310    0.2169            1
2018 02 02 29.9961 30.9166 30.4984      0.8367       0.8367    0.2225            1
2018 02 03 29.6833 30.6045 30.1871      0.5233       0.5233    0.2282            1
2018 02 04 30.0046 30.9265 30.5098      0.8439       0.8439    0.2339            1
2018 02 05 29.6775 30.6001 30.1841      0.5161       0.5161    0.2398            1
2018 02 06 30.0128 30.9360 30.5209      0.8507       0.8507    0.2458            1
2018 02 07 29.6722 30.5960 30.1817      0.5093       0.5093    0.2519            1
2018 02 08 30.0209 30.9452 30.5318      0.8571       0.8571    0.2581            1
2018 02 09 29.6676 30.5925 30.1798      0.5029       0.5029    0.2644            1
2018 02 10 30.0288 30.9541 30.5423      0.8631       0.8631    0.2708            1
2018 02 11 29.6636 30.5893 30.1784      0.4969       0.4969    0.2773            1
2018 02 12 30.0362 30.9624 30.5524      0.8685       0.8685    0.2839            1
2018 02 13 29.6603 30.5868 30.1777      0.4915       0.4915    0.2906            1
2018 02 14 30.0435 30.9704 30.5622      0.8736       0.8736    0.2975            1
2018 02 15 29.6575 30.5846 30.1775      0.4864       0.4864    0.3044            1
2018 02 16 30.0504 30.9778 30.5716      0.8781       0.8781    0.3114            1
2018 02 17 29.6555 30.5831 30.1779      0.4819       0.4819    0.3185            1
2018 02 18 30.0570 30.9848 30.5806      0.8821       0.8821    0.3257            1
2018 02 19 29.6542 30.5821 30.1789      0.4779       0.4779    0.3331            1
2018 02 20 30.0634 30.9914 30.5892      0.8857       0.8857    0.3405            1
2018 02 21 29.6534 30.5815 30.1804      0.4743       0.4743    0.3480            1
2018 02 22 30.0694 30.9975 30.5974      0.8888       0.8888    0.3556            1
2018 02 23 29.6533 30.5814 30.1824      0.4712       0.4712    0.3634            1
2018 02 24 30.0751 31.0031 30.6052      0.8914       0.8914    0.3712            1
2018 02 25 29.6539 30.5818 30.1851      0.4686       0.4686    0.3791            1
2018 02 26 30.0803 31.0081 30.6125      0.8934       0.8934    0.3871            1
2018 02 27 29.6552 30.5828 30.1884      0.4666       0.4666    0.3952            1
2018 02 28 30.0855 31.0129 30.6195      0.8951       0.8951    0.4034            1
2018 03 01 29.6570 30.5842 30.1920      0.4649       0.4649    0.4117            1
2018 03 02 30.0901 31.0170 30.6260      0.8962       0.8962    0.4201            1
2018 03 03 29.6596 30.5861 30.1963      0.4638       0.4638    0.4286            1
2018 03 04 30.0944 31.0206 30.6320      0.8968       0.8968    0.4372            1
2018 03 05 29.6628 30.5886 30.2012      0.4632       0.4632    0.4458            1
2018 03 06 30.0985 31.0239 30.6377      0.8970       0.8970    0.4546            1
2018 03 07 29.6665 30.5914 30.2065      0.4630       0.4630    0.4634            1
2018 03 08 30.1022 31.0266 30.6429      0.8967       0.8967    0.4723            1
2018 03 09 29.6709 30.5947 30.2123      0.4633       0.4633    0.4813            1
2018 03 10 30.1057 31.0289 30.6478      0.8960       0.8960    0.4904            1
2018 03 11 29.6758 30.5984 30.2185      0.4640       0.4640    0.4995            1
2018 03 12 30.1088 31.0308 30.6522      0.8949       0.8949    0.5088            1
2018 03 13 29.6812 30.6025 30.2252      0.4651       0.4651    0.5180            1
2018 03 14 30.1117 31.0322 30.6562      0.8933       0.8933    0.5274            1
2018 03 15 29.6873 30.6071 30.2324      0.4667       0.4667    0.5369            1
2018 03 16 30.1142 31.0332 30.6598      0.8913       0.8913    0.5464            1
2018 03 17 29.6939 30.6121 30.2400      0.4687       0.4687    0.5559            1
2018 03 18 30.1164 31.0338 30.6630      0.8889       0.8889    0.5655            1
2018 03 19 29.7010 30.6174 30.2480      0.4711       0.4711    0.5752            1
2018 03 20 30.1185 31.0340 30.6659      0.8862       0.8862    0.5850            1
2018 03 21 29.7085 30.6230 30.2563      0.4738       0.4738    0.5948            1
2018 03 22 30.1202 31.0338 30.6684      0.8831       0.8831    0.6046            1
2018 03 23 29.7165 30.6290 30.2650      0.4769       0.4769    0.6145            1
2018 03 24 30.1217 31.0331 30.6704      0.8796       0.8796    0.6245            1
2018 03 25 29.7250 30.6353 30.2740      0.4804       0.4804    0.6344            1
2018 03 26 30.1231 31.0322 30.6723      0.8759       0.8759    0.6445            1
2018 03 27 29.7338 30.6418 30.2832      0.4841       0.4841    0.6545            1
2018 03 28 30.1241 31.0309 30.6737      0.8718       0.8718    0.6646            1
2018 03 29 29.7431 30.6487 30.2928      0.4882       0.4882    0.6747            1
2018 03 30 30.1250 31.0293 30.6749      0.8675       0.8675    0.6849            1
2018 03 31 29.7527 30.6557 30.3026      0.4925       0.4925    0.6950            1
2018 04 01 30.1258 31.0275 30.6758      0.8630       0.8630    0.7052            1
2018 04 02 29.7625 30.6628 30.3125      0.4970       0.4970    0.7154            1
2018 04 03 30.1264 31.0253 30.6764      0.8582       0.8582    0.7256            1
2018 04 04 29.7727 30.6702 30.3226      0.5018       0.5018    0.7358            1
2018 04 05 30.1268 31.0229 30.6767      0.8532       0.8532    0.7460            1
2018 04 06 29.7832 30.6778 30.3329      0.5068       0.5068    0.7563            1
2018 04 07 30.1271 31.0202 30.6768      0.8480       0.8480    0.7665            1
2018 04 08 29.7939 30.6855 30.3434      0.5120       0.5120    0.7767            1
2018 04 09 30.1273 31.0174 30.6767      0.8427       0.8427    0.7869            1
2018 04 10 29.8047 30.6932 30.3538      0.5173       0.5173    0.7970            1
2018 04 11 30.1274 31.0143 30.6763      0.8372       0.8372    0.8072            1
2018 04 12 29.8158 30.7011 30.3644      0.5228       0.5228    0.8173            1
2018 04 13 30.1274 31.0110 30.6757      0.8316       0.8316    0.8275            1
2018 04 14 29.8271 30.7090 30.3750      0.5284       0.5284    0.8375            1
2018 04 15 30.1274 31.0076 30.6750      0.8259       0.8259    0.8476            1
2018 04 16 29.8384 30.7169 30.3856      0.5341       0.5341    0.8576            1
2018 04 17 30.1274 31.0041 30.6742      0.8202       0.8202    0.8675            1
2018 04 18 29.8498 30.7247 30.3962      0.5398       0.5398    0.8774            1
2018 04 19 30.1273 31.0004 30.6731      0.8144       0.8144    0.8873            1
2018 04 20 29.8613 30.7326 30.4067      0.5456       0.5456    0.8971            1
2018 04 21 30.1272 30.9966 30.6720      0.8086       0.8086    0.9068            1
2018 04 22 29.8728 30.7404 30.4171      0.5514       0.5514    0.9165            1
2018 04 23 30.1271 30.9928 30.6707      0.8028       0.8028    0.9261            1
2018 04 24 29.8843 30.7481 30.4274      0.5572       0.5572    0.9356            1
2018 04 25 30.1270 30.9888 30.6694      0.7970       0.7970    0.9450            1
2018 04 26 29.8958 30.7558 30.4376      0.5630       0.5630    0.9544            1
2018 04 27 30.1268 30.9848 30.6679      0.7912       0.7912    0.9636            1
2018 04 28 29.9073 30.7633 30.4476      0.5688       0.5688    0.9728            1
2018 04 29 30.1268 30.9808 30.6664      0.7855       0.7855    0.9819            1
2018 04 30 29.9186 30.7707 30.4574      0.5745       0.5745    0.9909            1
2018 05 01 30.1269 30.9769 30.6649      0.7799       0.7799    0.9998            1
2018 05 02 29.9299 30.7778 30.4670      0.5801       0.5801    1.0085            2
2018 05 03 30.1269 30.9728 30.6632      0.7743       0.7743    1.0172            2
2018 05 04 29.9411 30.7849 30.4765      0.5857       0.5857    1.0257            2
2018 05 05 30.1271 30.9688 30.6616      0.7689       0.7689    1.0341            2
2018 05 06 29.9520 30.7917 30.4856      0.5911       0.5911    1.0424            2
2018 05 07 30.1273 30.9649 30.6599      0.7636       0.7636    1.0505            2
2018 05 08 29.9628 30.7983 30.4945      0.5964       0.5964    1.0585            2
2018 05 09 30.1276 30.9609 30.6582      0.7584       0.7584    1.0664            2
2018 05 10 29.9735 30.8047 30.5031      0.6016       0.6016    1.0741            2
2018 05 11 30.1280 30.9571 30.6566      0.7534       0.7534    1.0817            2
2018 05 12 29.9839 30.8108 30.5114      0.6066       0.6066    1.0892            2
2018 05 13 30.1285 30.9532 30.6549      0.7485       0.7485    1.0964            2
2018 05 14 29.9941 30.8167 30.5194      0.6115       0.6115    1.1036            2
2018 05 15 30.1291 30.9495 30.6532      0.7438       0.7438    1.1105            2
2018 05 16 30.0041 30.8223 30.5270      0.6162       0.6162    1.1173            2
2018 05 17 30.1297 30.9458 30.6515      0.7392       0.7392    1.1239            2
2018 05 18 30.0139 30.8277 30.5344      0.6208       0.6208    1.1304            2
2018 05 19 30.1304 30.9421 30.6498      0.7348       0.7348    1.1367            2
2018 05 20 30.0234 30.8328 30.5414      0.6252       0.6252    1.1428            2
2018 05 21 30.1314 30.9387 30.6482      0.7307       0.7307    1.1487            2
2018 05 22 30.0325 30.8376 30.5480      0.6293       0.6293    1.1544            2
2018 05 23 30.1323 30.9352 30.6465      0.7267       0.7267    1.1599            2
2018 05 24 30.0414 30.8421 30.5543      0.6333       0.6333    1.1653            2
2018 05 25 30.1333 30.9318 30.6448      0.7228       0.7228    1.1704            2
2018 05 26 30.0501 30.8463 30.5602      0.6372       0.6372    1.1754            2
2018 05 27 30.1344 30.9285 30.6432      0.7192       0.7192    1.1801            2
2018 05 28 30.0584 30.8502 30.5658      0.6408       0.6408    1.1847            2
2018 05 29 30.1357 30.9253 30.6416      0.7158       0.7158    1.1890            2
2018 05 30 30.0664 30.8538 30.5709      0.6442       0.6442    1.1932            2
2018 05 31 30.1370 30.9223 30.6401      0.7126       0.7126    1.1971            2
2018 06 01 30.0740 30.8571 30.5756      0.6474       0.6474    1.2008            2
2018 06 02 30.1383 30.9192 30.6384      0.7095       0.7095    1.2043            2
2018 06 03 30.0815 30.8602 30.5801      0.6505       0.6505    1.2076            2
2018 06 04 30.1397 30.9162 30.6368      0.7066       0.7066    1.2107            2
2018 06 05 30.0886 30.8630 30.5842      0.6534       0.6534    1.2135            2
2018 06 06 30.1411 30.9134 30.6352      0.7039       0.7039    1.2161            2
2018 06 07 30.0953 30.8654 30.5878      0.6561       0.6561    1.2185            2
2018 06 08 30.1426 30.9106 30.6336      0.7014       0.7014    1.2207            2
2018 06 09 30.1018 30.8676 30.5911      0.6586       0.6586    1.2226            2
2018 06 10 30.1441 30.9078 30.6319      0.6990       0.6990    1.2244            2
2018 06 11 30.1080 30.8696 30.5941      0.6610       0.6610    1.2259            2
2018 06 12 30.1456 30.9051 30.6302      0.6968       0.6968    1.2271            2
2018 06 13 30.1138 30.8712 30.5967      0.6632       0.6632    1.2282            2
2018 06 14 30.1471 30.9024 30.6284      0.6947       0.6947    1.2290            2
2018 06 15 30.1194 30.8727 30.5991      0.6653       0.6653    1.2295            2
2018 06 16 30.1486 30.8998 30.6266      0.6928       0.6928    1.2299            2
2018 06 17 30.1246 30.8738 30.6010      0.6672       0.6672    1.2300            2
2018 06 18 30.1500 30.8972 30.6247      0.6910       0.6910    1.2299            2
2018 06 19 30.1296 30.8748 30.6026      0.6690       0.6690    1.2295            2
2018 06 20 30.1513 30.8945 30.6227      0.6892       0.6892    1.2290            2
2018 06 21 30.1344 30.8756 30.6041      0.6708       0.6708    1.2282            2
2018 06 22 30.1526 30.8919 30.6206      0.6876       0.6876    1.2271            2
2018 06 23 30.1388 30.8762 30.6051      0.6724       0.6724    1.2259            2
2018 06 24 30.1539 30.8893 30.6185      0.6861       0.6861    1.2244            2
2018 06 25 30.1430 30.8765 30.6059      0.6739       0.6739    1.2226            2
2018 06 26 30.1550 30.8866 30.6161      0.6846       0.6846    1.2207            2
2018 06 27 30.1470 30.8768 30.6064      0.6754       0.6754    1.2185            2
2018 06 28 30.1558 30.8838 30.6136      0.6831       0.6831    1.2161            2
2018 06 29 30.1508 30.8769 30.6068      0.6769       0.6769    1.2135            2
2018 06 30 30.1567 30.8810 30.6110      0.6817       0.6817    1.2107            2
2018 07 01 30.1543 30.8769 30.6069      0.6783       0.6783    1.2076            2
2018 07 02 30.1573 30.8782 30.6082      0.6803       0.6803    1.2043            2
2018 07 03 30.1577 30.8768 30.6068      0.6797       0.6797    1.2008            2
2018 07 04 30.1579 30.8753 30.6053      0.6790       0.6790    1.1971            2
2018 07 05 30.1607 30.8765 30.6064      0.6810       0.6810    1.1932            2
2018 07 06 30.1581 30.8722 30.6021      0.6776       0.6776    1.1890            2
2018 07 07 30.1637 30.8762 30.6059      0.6824       0.6824    1.1847            2
2018 07 08 30.1582 30.8691 30.5987      0.6762       0.6762    1.1801            2
2018 07 09 30.1665 30.8758 30.6053      0.6838       0.6838    1.1754            2
2018 07 10 30.1580 30.8658 30.5951      0.6747       0.6747    1.1704            2
2018 07 11 30.1692 30.8754 30.6046      0.6853       0.6853    1.1653            2
2018 07 12 30.1576 30.8624 30.5913      0.6732       0.6732    1.1599            2
2018 07 13 30.1717 30.8750 30.6037      0.6868       0.6868    1.1544            2
2018 07 14 30.1569 30.8588 30.5872      0.6716       0.6716    1.1487            2
2018 07 15 30.1741 30.8745 30.6027      0.6884       0.6884    1.1428            2
2018 07 16 30.1559 30.8550 30.5829      0.6699       0.6699    1.1367            2
2018 07 17 30.1764 30.8741 30.6017      0.6901       0.6901    1.1304            2
2018 07 18 30.1546 30.8511 30.5782      0.6681       0.6681    1.1239            2
2018 07 19 30.1786 30.8738 30.6006      0.6919       0.6919    1.1173            2
2018 07 20 30.1531 30.8470 30.5734      0.6663       0.6663    1.1105            2
2018 07 21 30.1806 30.8733 30.5993      0.6937       0.6937    1.1036            2
2018 07 22 30.1511 30.8427 30.5682      0.6642       0.6642    1.0964            2
2018 07 23 30.1827 30.8731 30.5982      0.6958       0.6958    1.0892            2
2018 07 24 30.1490 30.8382 30.5628      0.6621       0.6621    1.0817            2
2018 07 25 30.1846 30.8728 30.5969      0.6979       0.6979    1.0741            2
2018 07 26 30.1464 30.8335 30.5570      0.6598       0.6598    1.0664            2
2018 07 27 30.1866 30.8726 30.5956      0.7002       0.7002    1.0585            2
2018 07 28 30.1435 30.8286 30.5510      0.6574       0.6574    1.0505            2
2018 07 29 30.1884 30.8725 30.5943      0.7026       0.7026    1.0424            2
2018 07 30 30.1401 30.8234 30.5446      0.6547       0.6547    1.0341            2
2018 07 31 30.1903 30.8727 30.5932      0.7053       0.7053    1.0257            2
2018 08 01 30.1366 30.8181 30.5380      0.6520       0.6520    1.0172            2
2018 08 02 30.1921 30.8727 30.5920      0.7080       0.7080    1.0085            2
2018 08 03 30.1325 30.8124 30.5309      0.6490       0.6490    0.9998            1
2018 08 04 30.1939 30.8731 30.5909      0.7110       0.7110    0.9909            1
2018 08 05 30.1281 30.8065 30.5236      0.6458       0.6458    0.9819            1
2018 08 06 30.1958 30.8735 30.5898      0.7142       0.7142    0.9728            1
2018 08 07 30.1234 30.8005 30.5160      0.6425       0.6425    0.9636            1
2018 08 08 30.1976 30.8741 30.5888      0.7175       0.7175    0.9544            1
2018 08 09 30.1182 30.7942 30.5081      0.6390       0.6390    0.9450            1
2018 08 10 30.1993 30.8748 30.5878      0.7210       0.7210    0.9356            1
2018 08 11 30.1127 30.7876 30.4998      0.6353       0.6353    0.9261            1
2018 08 12 30.2011 30.8756 30.5869      0.7247       0.7247    0.9165            1
2018 08 13 30.1068 30.7809 30.4913      0.6314       0.6314    0.9068            1
2018 08 14 30.2030 30.8766 30.5861      0.7286       0.7286    0.8971            1
2018 08 15 30.1005 30.7739 30.4825      0.6273       0.6273    0.8873            1
2018 08 16 30.2048 30.8778 30.5855      0.7327       0.7327    0.8774            1
2018 08 17 30.0939 30.7666 30.4733      0.6230       0.6230    0.8675            1
2018 08 18 30.2066 30.8792 30.5849      0.7370       0.7370    0.8576            1
2018 08 19 30.0868 30.7592 30.4639      0.6185       0.6185    0.8476            1
2018 08 20 30.2085 30.8807 30.5844      0.7415       0.7415    0.8375            1
2018 08 21 30.0795 30.7516 30.4543      0.6139       0.6139    0.8275            1
2018 08 22 30.2103 30.8823 30.5839      0.7461       0.7461    0.8173            1
2018 08 23 30.0718 30.7438 30.4444      0.6091       0.6091    0.8072            1
2018 08 24 30.2121 30.8841 30.5836      0.7509       0.7509    0.7970            1
2018 08 25 30.0638 30.7358 30.4342      0.6041       0.6041    0.7869            1
2018 08 26 30.2140 30.8861 30.5834      0.7559       0.7559    0.7767            1
2018 08 27 30.0555 30.7276 30.4238      0.5990       0.5990    0.7665            1
2018 08 28 30.2158 30.8881 30.5832      0.7610       0.7610    0.7563            1
2018 08 29 30.0469 30.7194 30.4133      0.5938       0.5938    0.7460            1
2018 08 30 30.2176 30.8903 30.5830      0.7662       0.7662    0.7358            1
2018 08 31 30.0380 30.7110 30.4025      0.5884       0.5884    0.7256            1
2018 09 01 30.2194 30.8926 30.5830      0.7716       0.7716    0.7154            1
2018 09 02 30.0288 30.7024 30.3916      0.5829       0.5829    0.7052            1
2018 09 03 30.2211 30.8951 30.5831      0.7771       0.7771    0.6950            1
2018 09 04 30.0194 30.6938 30.3806      0.5773       0.5773    0.6849            1
2018 09 05 30.2228 30.8977 30.5832      0.7827       0.7827    0.6747            1
2018 09 06 30.0097 30.6850 30.3694      0.5716       0.5716    0.6646            1
2018 09 07 30.2245 30.9003 30.5834      0.7884       0.7884    0.6545            1
2018 09 08 29.9999 30.6763 30.3581      0.5659       0.5659    0.6445            1
2018 09 09 30.2260 30.9030 30.5835      0.7941       0.7941    0.6344            1
2018 09 10 29.9898 30.6675 30.3468      0.5601       0.5601    0.6245            1
2018 09 11 30.2275 30.9058 30.5838      0.7999       0.7999    0.6145            1
2018 09 12 29.9797 30.6587 30.3354      0.5543       0.5543    0.6046            1
2018 09 13 30.2288 30.9086 30.5840      0.8057       0.8057    0.5948            1
2018 09 14 29.9694 30.6499 30.3240      0.5485       0.5485    0.5850            1
2018 09 15 30.2301 30.9114 30.5842      0.8115       0.8115    0.5752            1
2018 09 16 29.9589 30.6412 30.3126      0.5427       0.5427    0.5655            1
2018 09 17 30.2312 30.9143 30.5844      0.8173       0.8173    0.5559            1
2018 09 18 29.9484 30.6324 30.3012      0.5369       0.5369    0.5464            1
2018 09 19 30.2322 30.9172 30.5846      0.8231       0.8231    0.5369            1
2018 09 20 29.9379 30.6239 30.2899      0.5312       0.5312    0.5274            1
2018 09 21 30.2330 30.9200 30.5847      0.8288       0.8288    0.5180            1
2018 09 22 29.9274 30.6154 30.2788      0.5256       0.5256    0.5088            1
2018 09 23 30.2336 30.9228 30.5848      0.8344       0.8344    0.4995            1
2018 09 24 29.9168 30.6071 30.2677      0.5201       0.5201    0.4904            1
2018 09 25 30.2341 30.9255 30.5847      0.8399       0.8399    0.4813            1
2018 09 26 29.9062 30.5988 30.2567      0.5146       0.5146    0.4723            1
2018 09 27 30.2344 30.9282 30.5847      0.8454       0.8454    0.4634            1
2018 09 28 29.8958 30.5908 30.2460      0.5094       0.5094    0.4546            1
2018 09 29 30.2344 30.9307 30.5845      0.8506       0.8506    0.4458            1
2018 09 30 29.8854 30.5830 30.2355      0.5043       0.5043    0.4372            1
2018 10 01 30.2341 30.9331 30.5842      0.8557       0.8557    0.4286            1
2018 10 02 29.8752 30.5755 30.2252      0.4994       0.4994    0.4201            1
2018 10 03 30.2337 30.9354 30.5837      0.8606       0.8606    0.4117            1
2018 10 04 29.8650 30.5682 30.2151      0.4947       0.4947    0.4034            1
2018 10 05 30.2329 30.9375 30.5831      0.8653       0.8653    0.3952            1
2018 10 06 29.8552 30.5613 30.2054      0.4903       0.4903    0.3871            1
2018 10 07 30.2318 30.9394 30.5822      0.8697       0.8697    0.3791            1
2018 10 08 29.8454 30.5546 30.1960      0.4861       0.4861    0.3712            1
2018 10 09 30.2305 30.9412 30.5812      0.8739       0.8739    0.3634            1
2018 10 10 29.8360 30.5483 30.1870      0.4822       0.4822    0.3556            1
2018 10 11 30.2288 30.9427 30.5800      0.8778       0.8778    0.3480            1
2018 10 12 29.8268 30.5424 30.1783      0.4786       0.4786    0.3405            1
2018 10 13 30.2267 30.9440 30.5786      0.8814       0.8814    0.3331            1
2018 10 14 29.8178 30.5368 30.1700      0.4753       0.4753    0.3257            1
2018 10 15 30.2244 30.9451 30.5770      0.8847       0.8847    0.3185            1
2018 10 16 29.8093 30.5317 30.1622      0.4724       0.4724    0.3114            1
2018 10 17 30.2216 30.9458 30.5750      0.8876       0.8876    0.3044            1
2018 10 18 29.8010 30.5269 30.1549      0.4698       0.4698    0.2975            1
2018 10 19 30.2185 30.9463 30.5729      0.8902       0.8902    0.2906            1
2018 10 20 29.7932 30.5228 30.1481      0.4677       0.4677    0.2839            1
2018 10 21 30.2149 30.9464 30.5704      0.8923       0.8923    0.2773            1
2018 10 22 29.7857 30.5190 30.1417      0.4659       0.4659    0.2708            1
2018 10 23 30.2110 30.9463 30.5676      0.8941       0.8941    0.2644            1
2018 10 24 29.7786 30.5157 30.1358      0.4645       0.4645    0.2581            1
2018 10 25 30.2067 30.9458 30.5646      0.8955       0.8955    0.2519            1
2018 10 26 29.7720 30.5130 30.1306      0.4636       0.4636    0.2458            1
2018 10 27 30.2019 30.9449 30.5612      0.8964       0.8964    0.2398            1
2018 10 28 29.7658 30.5108 30.1258      0.4631       0.4631    0.2339            1
2018 10 29 30.1968 30.9437 30.5576      0.8969       0.8969    0.2282            1
2018 10 30 29.7600 30.5090 30.1216      0.4630       0.4630    0.2225            1
2018 10 31 30.1912 30.9422 30.5536      0.8970       0.8970    0.2169            1
2018 11 01 29.7548 30.5079 30.1181      0.4634       0.4634    0.2114            1
2018 11 02 30.1852 30.9403 30.5493      0.8966       0.8966    0.2060            1
2018 11 03 29.7501 30.5073 30.1152      0.4643       0.4643    0.2007            1
2018 11 04 30.1788 30.9380 30.5447      0.8957       0.8957    0.1955            1
2018 11 05 29.7460 30.5073 30.1129      0.4657       0.4657    0.1905            1
2018 11 06 30.1718 30.9353 30.5397      0.8943       0.8943    0.1855            1
2018 11 07 29.7423 30.5079 30.1111      0.4675       0.4675    0.1806            1
2018 11 08 30.1646 30.9323 30.5344      0.8925       0.8925    0.1758            1
2018 11 09 29.7392 30.5091 30.1101      0.4699       0.4699    0.1711            1
2018 11 10 30.1567 30.9287 30.5287      0.8901       0.8901    0.1665            1
2018 11 11 29.7367 30.5108 30.1097      0.4727       0.4727    0.1619            1
2018 11 12 30.1486 30.9249 30.5228      0.8873       0.8873    0.1575            1
2018 11 13 29.7346 30.5131 30.1099      0.4760       0.4760    0.1532            1
2018 11 14 30.1400 30.9207 30.5165      0.8840       0.8840    0.1490            1
2018 11 15 29.7332 30.5161 30.1108      0.4798       0.4798    0.1448            1
2018 11 16 30.1310 30.9160 30.5098      0.8802       0.8802    0.1408            1
2018 11 17 29.7323 30.5196 30.1124      0.4841       0.4841    0.1368            1
2018 11 18 30.1216 30.9110 30.5029      0.8759       0.8759    0.1329            1
2018 11 19 29.7321 30.5237 30.1146      0.4889       0.4889    0.1291            1
2018 11 20 30.1118 30.9056 30.4956      0.8711       0.8711    0.1254            1
2018 11 21 29.7323 30.5283 30.1174      0.4941       0.4941    0.1218            1
2018 11 22 30.1016 30.8999 30.4881      0.8659       0.8659    0.1182            1
2018 11 23 29.7331 30.5335 30.1209      0.4998       0.4998    0.1147            1
2018 11 24 30.0911 30.8937 30.4803      0.8602       0.8602    0.1114            1
2018 11 25 29.7345 30.5394 30.1251      0.5060       0.5060    0.1081            1
2018 11 26 30.0802 30.8872 30.4721      0.8540       0.8540    0.1048            1
2018 11 27 29.7365 30.5457 30.1298      0.5126       0.5126    0.1017            1
2018 11 28 30.0690 30.8804 30.4637      0.8474       0.8474    0.0986            1
2018 11 29 29.7390 30.5526 30.1352      0.5197       0.5197    0.0956            1
2018 11 30 30.0574 30.8732 30.4550      0.8403       0.8403    0.0927            1
2018 12 01 29.7420 30.5600 30.1411      0.5271       0.5271    0.0898            1
2018 12 02 30.0456 30.8658 30.4462      0.8329       0.8329    0.0871            1
2018 12 03 29.7456 30.5679 30.1477      0.5350       0.5350    0.0844            1
2018 12 04 30.0335 30.8580 30.4371      0.8250       0.8250    0.0817            1
2018 12 05 29.7496 30.5763 30.1548      0.5432       0.5432    0.0791            1
2018 12 06 30.0212 30.8500 30.4279      0.8168       0.8168    0.0766            1
2018 12 07 29.7542 30.5851 30.1624      0.5518       0.5518    0.0742            1
2018 12 08 30.0086 30.8417 30.4184      0.8082       0.8082    0.0718            1
2018 12 09 29.7593 30.5945 30.1707      0.5608       0.5608    0.0695            1
2018 12 10 29.9958 30.8331 30.4088      0.7992       0.7992    0.0672            1
2018 12 11 29.7647 30.6042 30.1793      0.5700       0.5700    0.0651            1
2018 12 12 29.9829 30.8244 30.3991      0.7900       0.7900    0.0629            1
2018 12 13 29.7707 30.6143 30.1886      0.5796       0.5796    0.0609            1
2018 12 14 29.9698 30.8155 30.3893      0.7804       0.7804    0.0588            1
2018 12 15 29.7771 30.6248 30.1982      0.5894       0.5894    0.0569            1
2018 12 16 29.9566 30.8064 30.3794      0.7706       0.7706    0.0550            1
2018 12 17 29.7839 30.6357 30.2083      0.5995       0.5995    0.0531            1
2018 12 18 29.9433 30.7971 30.3694      0.7605       0.7605    0.0513            1
2018 12 19 29.7910 30.6469 30.2189      0.6098       0.6098    0.0496            1
2018 12 20 29.9299 30.7877 30.3594      0.7502       0.7502    0.0479            1
2018 12 21 29.7985 30.6582 30.2297      0.6202       0.6202    0.0462            1
2018 12 22 29.9167 30.7784 30.3495      0.7398       0.7398    0.0446            1
2018 12 23 29.8064 30.6700 30.2410      0.6309       0.6309    0.0431            1
2018 12 24 29.9033 30.7688 30.3395      0.7291       0.7291    0.0416            1
2018 12 25 29.8146 30.6820 30.2526      0.6417       0.6417    0.0401            1
2018 12 26 29.8899 30.7592 30.3296      0.7183       0.7183    0.0387            1
2018 12 27 29.8229 30.6940 30.2643      0.6525       0.6525    0.0373            1
2018 12 28 29.8768 30.7497 30.3199      0.7075       0.7075    0.0360            1
2018 12 29 29.8317 30.7064 30.2765      0.6635       0.6635    0.0347            1
2018 12 30 29.8636 30.7401 30.3102      0.6965       0.6965    0.0335            1
2018 12 31 29.8461 30.7244 30.2944      0.6800       0.6800    0.0322            1
2019 01 01 29.9051 30.7851 30.3551      0.7400       0.7400    0.0782            1
2019 01 02 29.9042 30.7859 30.3559      0.7400       0.7400    0.0806            1
2019 01 03 29.9143 30.7977 30.3678      0.7510       0.7510    0.0832            1
2019 01 04 29.8915 30.7765 30.3466      0.7290       0.7290    0.0858            1
2019 01 05 29.9237 30.8104 30.3806      0.7620       0.7620    0.0885            1
2019 01 06 29.8790 30.7673 30.3376      0.7180       0.7180    0.0912            1
2019 01 07 29.9332 30.8230 30.3935      0.7729       0.7729    0.0940            1
2019 01 08 29.8667 30.7582 30.3287      0.7071       0.7071    0.0969            1
2019 01 09 29.9427 30.8357 30.4065      0.7837       0.7837    0.0998            1
2019 01 10 29.8548 30.7493 30.3202      0.6963       0.6963    0.1028            1
2019 01 11 29.9525 30.8484 30.4196      0.7945       0.7945    0.1059            1
2019 01 12 29.8430 30.7404 30.3119      0.6855       0.6855    0.1091            1
2019 01 13 29.9621 30.8609 30.4326      0.8050       0.8050    0.1123            1
2019 01 14 29.8318 30.7320 30.3040      0.6750       0.6750    0.1156            1
2019 01 15 29.9719 30.8734 30.4457      0.8154       0.8154    0.1190            1
2019 01 16 29.8208 30.7237 30.2964      0.6646       0.6646    0.1224            1
2019 01 17 29.9816 30.8858 30.4588      0.8256       0.8256    0.1260            1
2019 01 18 29.8103 30.7157 30.2891      0.6544       0.6544    0.1296            1
2019 01 19 29.9912 30.8979 30.4717      0.8355       0.8355    0.1333            1
2019 01 20 29.8002 30.7081 30.2823      0.6445       0.6445    0.1370            1
2019 01 21 30.0009 30.9099 30.4846      0.8452       0.8452    0.1409            1
2019 01 22 29.7905 30.7007 30.2759      0.6348       0.6348    0.1448            1
2019 01 23 30.0104 30.9217 30.4974      0.8546       0.8546    0.1488            1
2019 01 24 29.7813 30.6937 30.2699      0.6254       0.6254    0.1529            1
2019 01 25 30.0198 30.9332 30.5100      0.8637       0.8637    0.1571            1
2019 01 26 29.7727 30.6871 30.2644      0.6163       0.6163    0.1613            1
2019 01 27 30.0291 30.9445 30.5224      0.8725       0.8725    0.1657            1
2019 01 28 29.7645 30.6808 30.2593      0.6075       0.6075    0.1701            1
2019 01 29 30.0383 30.9555 30.5346      0.8809       0.8809    0.1746            1
2019 01 30 29.7569 30.6750 30.2548      0.5991       0.5991    0.1792            1
2019 01 31 30.0473 30.9662 30.5466      0.8890       0.8890    0.1839            1
2019 02 01 29.7498 30.6695 30.2507      0.5910       0.5910    0.1887            1
2019 02 02 30.0561 30.9766 30.5584      0.8967       0.8967    0.1935            1
2019 02 03 29.7433 30.6645 30.2471      0.5833       0.5833    0.1985            1
2019 02 04 30.0646 30.9865 30.5698      0.9039       0.9039    0.2035            1
2019 02 05 29.7375 30.6601 30.2441      0.5761       0.5761    0.2086            1
2019 02 06 30.0728 30.9960 30.5809      0.9107       0.9107    0.2138            1
2019 02 07 29.7322 30.6560 30.2417      0.5693       0.5693    0.2191            1
2019 02 08 30.0809 31.0052 30.5918      0.9171       0.9171    0.2245            1
2019 02 09 29.7276 30.6525 30.2398      0.5629       0.5629    0.2300            1
2019 02 10 30.0888 31.0141 30.6023      0.9231       0.9231    0.2356            1
2019 02 11 29.7236 30.6493 30.2384      0.5569       0.5569    0.2412            1
2019 02 12 30.0962 31.0224 30.6124      0.9285       0.9285    0.2470            1
2019 02 13 29.7203 30.6468 30.2377      0.5515       0.5515    0.2528            1
2019 02 14 30.1035 31.0304 30.6222      0.9336       0.9336    0.2588            1
2019 02 15 29.7175 30.6446 30.2375      0.5464       0.5464    0.2648            1
2019 02 16 30.1104 31.0378 30.6316      0.9381       0.9381    0.2709            1
2019 02 17 29.7155 30.6431 30.2379      0.5419       0.5419    0.2771            1
2019 02 18 30.1170 31.0448 30.6406      0.9421       0.9421    0.2834            1
2019 02 19 29.7142 30.6421 30.2389      0.5379       0.5379    0.2897            1
2019 02 20 30.1234 31.0514 30.6492      0.9457       0.9457    0.2962            1
2019 02 21 29.7134 30.6415 30.2404      0.5343       0.5343    0.3027            1
2019 02 22 30.1294 31.0575 30.6574      0.9488       0.9488    0.3094            1
2019 02 23 29.7133 30.6414 30.2424      0.5312       0.5312    0.3161            1
2019 02 24 30.1351 31.0631 30.6652      0.9514       0.9514    0.3229            1
2019 02 25 29.7139 30.6418 30.2451      0.5286       0.5286    0.3298            1
2019 02 26 30.1403 31.0681 30.6725      0.9534       0.9534    0.3368            1
2019 02 27 29.7152 30.6428 30.2484      0.5266       0.5266    0.3438            1
2019 02 28 30.1455 31.0729 30.6795      0.9551       0.9551    0.3510            1
2019 03 01 29.7170 30.6442 30.2520      0.5249       0.5249    0.3582            1
2019 03 02 30.1501 31.0770 30.6860      0.9562       0.9562    0.3655            1
2019 03 03 29.7196 30.6461 30.2563      0.5238       0.5238    0.3729            1
2019 03 04 30.1544 31.0806 30.6920      0.9568       0.9568    0.3803            1
2019 03 05 29.7228 30.6486 30.2612      0.5232       0.5232    0.3878            1
2019 03 06 30.1585 31.0839 30.6977      0.9570       0.9570    0.3954            1
2019 03 07 29.7265 30.6514 30.2665      0.5230       0.5230    0.4031            1
2019 03 08 30.1622 31.0866 30.7029      0.9567       0.9567    0.4109            1
2019 03 09 29.7309 30.6547 30.2723      0.5233       0.5233    0.4187            1
2019 03 10 30.1657 31.0889 30.7078      0.9560       0.9560    0.4266            1
2019 03 11 29.7358 30.6584 30.2785      0.5240       0.5240    0.4345            1
2019 03 12 30.1688 31.0908 30.7122      0.9549       0.9549    0.4426            1
2019 03 13 29.7412 30.6625 30.2852      0.5251       0.5251    0.4507            1
2019 03 14 30.1717 31.0922 30.7162      0.9533       0.9533    0.4588            1
2019 03 15 29.7473 30.6671 30.2924      0.5267       0.5267    0.4670            1
2019 03 16 30.1742 31.0932 30.7198      0.9513       0.9513    0.4753            1
2019 03 17 29.7539 30.6721 30.3000      0.5287       0.5287    0.4836            1
2019 03 18 30.1764 31.0938 30.7230      0.9489       0.9489    0.4920            1
2019 03 19 29.7610 30.6774 30.3080      0.5311       0.5311    0.5004            1
2019 03 20 30.1785 31.0940 30.7259      0.9462       0.9462    0.5089            1
2019 03 21 29.7685 30.6830 30.3163      0.5338       0.5338    0.5174            1
2019 03 22 30.1802 31.0938 30.7284      0.9431       0.9431    0.5260            1
2019 03 23 29.7765 30.6890 30.3250      0.5369       0.5369    0.5346            1
2019 03 24 30.1817 31.0931 30.7304      0.9396       0.9396    0.5432            1
2019 03 25 29.7850 30.6953 30.3340      0.5404       0.5404    0.5519            1
2019 03 26 30.1831 31.0922 30.7323      0.9359       0.9359    0.5606            1
2019 03 27 29.7938 30.7018 30.3432      0.5441       0.5441    0.5694            1
2019 03 28 30.1841 31.0909 30.7337      0.9318       0.9318    0.5781            1
2019 03 29 29.8031 30.7087 30.3528      0.5482       0.5482    0.5869            1
2019 03 30 30.1850 31.0893 30.7349      0.9275       0.9275    0.5958            1
2019 03 31 29.8127 30.7157 30.3626      0.5525       0.5525    0.6046            1
2019 04 01 30.1858 31.0875 30.7358      0.9230       0.9230    0.6135            1
2019 04 02 29.8225 30.7228 30.3725      0.5570       0.5570    0.6223            1
2019 04 03 30.1864 31.0853 30.7364      0.9182       0.9182    0.6312            1
2019 04 04 29.8327 30.7302 30.3826      0.5618       0.5618    0.6401            1
2019 04 05 30.1868 31.0829 30.7367      0.9132       0.9132    0.6490            1
2019 04 06 29.8432 30.7378 30.3929      0.5668       0.5668    0.6579            1
2019 04 07 30.1871 31.0802 30.7368      0.9080       0.9080    0.6668            1
2019 04 08 29.8539 30.7455 30.4034      0.5720       0.5720    0.6756            1
2019 04 09 30.1873 31.0774 30.7367      0.9027       0.9027    0.6845            1
2019 04 10 29.8647 30.7532 30.4138      0.5773       0.5773    0.6934            1
2019 04 11 30.1874 31.0743 30.7363      0.8972       0.8972    0.7022            1
2019 04 12 29.8758 30.7611 30.4244      0.5828       0.5828    0.7110            1
2019 04 13 30.1874 31.0710 30.7357      0.8916       0.8916    0.7198            1
2019 04 14 29.8871 30.7690 30.4350      0.5884       0.5884    0.7286            1
2019 04 15 30.1874 31.0676 30.7350      0.8859       0.8859    0.7373            1
2019 04 16 29.8984 30.7769 30.4456      0.5941       0.5941    0.7460            1
2019 04 17 30.1874 31.0641 30.7342      0.8802       0.8802    0.7547            1
2019 04 18 29.9098 30.7847 30.4562      0.5998       0.5998    0.7633            1
2019 04 19 30.1873 31.0604 30.7331      0.8744       0.8744    0.7719            1
2019 04 20 29.9213 30.7926 30.4667      0.6056       0.6056    0.7804            1
2019 04 21 30.1872 31.0566 30.7320      0.8686       0.8686    0.7888            1
2019 04 22 29.9328 30.8004 30.4771      0.6114       0.6114    0.7973            1
2019 04 23 30.1871 31.0528 30.7307      0.8628       0.8628    0.8056            1
2019 04 24 29.9443 30.8081 30.4874      0.6172       0.6172    0.8139            1
2019 04 25 30.1870 31.0488 30.7294      0.8570       0.8570    0.8221            1
2019 04 26 29.9558 30.8158 30.4976      0.6230       0.6230    0.8302            1
2019 04 27 30.1868 31.0448 30.7279      0.8512       0.8512    0.8383            1
2019 04 28 29.9673 30.8233 30.5076      0.6288       0.6288    0.8463            1
2019 04 29 30.1868 31.0408 30.7264      0.8455       0.8455    0.8542            1
2019 04 30 29.9786 30.8307 30.5174      0.6345       0.6345    0.8620            1
2019 05 01 30.1869 31.0369 30.7249      0.8399       0.8399    0.8697            1
2019 05 02 29.9899 30.8378 30.5270      0.6401       0.6401    0.8773            1
2019 05 03 30.1869 31.0328 30.7232      0.8343       0.8343    0.8848            1
2019 05 04 30.0011 30.8449 30.5365      0.6457       0.6457    0.8923            1
2019 05 05 30.1871 31.0288 30.7216      0.8289       0.8289    0.8996            1
2019 05 06 30.0120 30.8517 30.5456      0.6511       0.6511    0.9068            1
2019 05 07 30.1873 31.0249 30.7199      0.8236       0.8236    0.9139            1
2019 05 08 30.0228 30.8583 30.5545      0.6564       0.6564    0.9208            1
2019 05 09 30.1876 31.0209 30.7182      0.8184       0.8184    0.9277            1
2019 05 10 30.0335 30.8647 30.5631      0.6616       0.6616    0.9344            1
2019 05 11 30.1880 31.0171 30.7166      0.8134       0.8134    0.9410            1
2019 05 12 30.0439 30.8708 30.5714      0.6666       0.6666    0.9475            1
2019 05 13 30.1885 31.0132 30.7149      0.8085       0.8085    0.9538            1
2019 05 14 30.0541 30.8767 30.5794      0.6715       0.6715    0.9600            1
2019 05 15 30.1891 31.0095 30.7132      0.8038       0.8038    0.9661            1
2019 05 16 30.0641 30.8823 30.5870      0.6762       0.6762    0.9720            1
2019 05 17 30.1897 31.0058 30.7115      0.7992       0.7992    0.9777            1
2019 05 18 30.0739 30.8877 30.5944      0.6808       0.6808    0.9834            1
2019 05 19 30.1904 31.0021 30.7098      0.7948       0.7948    0.9888            1
2019 05 20 30.0834 30.8928 30.6014      0.6852       0.6852    0.9941            1
2019 05 21 30.1914 30.9987 30.7082      0.7907       0.7907    0.9993            1
2019 05 22 30.0925 30.8976 30.6080      0.6893       0.6893    1.0042            2
2019 05 23 30.1923 30.9952 30.7065      0.7867       0.7867    1.0091            2
2019 05 24 30.1014 30.9021 30.6143      0.6933       0.6933    1.0137            2
2019 05 25 30.1933 30.9918 30.7048      0.7828       0.7828    1.0182            2
2019 05 26 30.1101 30.9063 30.6202      0.6972       0.6972    1.0225            2
2019 05 27 30.1944 30.9885 30.7032      0.7792       0.7792    1.0266            2
2019 05 28 30.1184 30.9102 30.6258      0.7008       0.7008    1.0306            2
2019 05 29 30.1957 30.9853 30.7016      0.7758       0.7758    1.0344            2
2019 05 30 30.1264 30.9138 30.6309      0.7042       0.7042    1.0380            2
2019 05 31 30.1970 30.9823 30.7001      0.7726       0.7726    1.0414            2
2019 06 01 30.1340 30.9171 30.6356      0.7074       0.7074    1.0446            2
2019 06 02 30.1983 30.9792 30.6984      0.7695       0.7695    1.0476            2
2019 06 03 30.1415 30.9202 30.6401      0.7105       0.7105    1.0505            2
2019 06 04 30.1997 30.9762 30.6968      0.7666       0.7666    1.0532            2
2019 06 05 30.1486 30.9230 30.6442      0.7134       0.7134    1.0556            2
2019 06 06 30.2011 30.9734 30.6952      0.7639       0.7639    1.0579            2
2019 06 07 30.1553 30.9254 30.6478      0.7161       0.7161    1.0600            2
2019 06 08 30.2026 30.9706 30.6936      0.7614       0.7614    1.0619            2
2019 06 09 30.1618 30.9276 30.6511      0.7186       0.7186    1.0636            2
2019 06 10 30.2041 30.9678 30.6919      0.7590       0.7590    1.0651            2
2019 06 11 30.1680 30.9296 30.6541      0.7210       0.7210    1.0664            2
2019 06 12 30.2056 30.9651 30.6902      0.7568       0.7568    1.0675            2
2019 06 13 30.1738 30.9312 30.6567      0.7232       0.7232    1.0684            2
2019 06 14 30.2071 30.9624 30.6884      0.7547       0.7547    1.0691            2
2019 06 15 30.1794 30.9327 30.6591      0.7253       0.7253    1.0696            2
2019 06 16 30.2086 30.9598 30.6866      0.7528       0.7528    1.0699            2
2019 06 17 30.1846 30.9338 30.6610      0.7272       0.7272    1.0700            2
2019 06 18 30.2100 30.9572 30.6847      0.7510       0.7510    1.0699            2
2019 06 19 30.1896 30.9348 30.6626      0.7290       0.7290    1.0696            2
2019 06 20 30.2113 30.9545 30.6827      0.7492       0.7492    1.0691            2
2019 06 21 30.1944 30.9356 30.6641      0.7308       0.7308    1.0684            2
2019 06 22 30.2126 30.9519 30.6806      0.7476       0.7476    1.0675            2
2019 06 23 30.1988 30.9362 30.6651      0.7324       0.7324    1.0664            2
2019 06 24 30.2139 30.9493 30.6785      0.7461       0.7461    1.0651            2
2019 06 25 30.2030 30.9365 30.6659      0.7339       0.7339    1.0636            2
2019 06 26 30.2150 30.9466 30.6761      0.7446       0.7446    1.0619            2
2019 06 27 30.2070 30.9368 30.6664      0.7354       0.7354    1.0600            2
2019 06 28 30.2158 30.9438 30.6736      0.7431       0.7431    1.0579            2
2019 06 29 30.2108 30.9369 30.6668      0.7369       0.7369    1.0556            2
2019 06 30 30.2167 30.9410 30.6710      0.7417       0.7417    1.0532            2
2019 07 01 30.2143 30.9369 30.6669      0.7383       0.7383    1.0505            2
2019 07 02 30.2173 30.9382 30.6682      0.7403       0.7403    1.0476            2
2019 07 03 30.2177 30.9368 30.6668      0.7397       0.7397    1.0446            2
2019 07 04 30.2179 30.9353 30.6653      0.7390       0.7390    1.0414            2
2019 07 05 30.2207 30.9365 30.6664      0.7410       0.7410    1.0380            2
2019 07 06 30.2181 30.9322 30.6621      0.7376       0.7376    1.0344            2
2019 07 07 30.2237 30.9362 30.6659      0.7424       0.7424    1.0306            2
2019 07 08 30.2182 30.9291 30.6587      0.7362       0.7362    1.0266            2
2019 07 09 30.2265 30.9358 30.6653      0.7438       0.7438    1.0225            2
2019 07 10 30.2180 30.9258 30.6551      0.7347       0.7347    1.0182            2
2019 07 11 30.2292 30.9354 30.6646      0.7453       0.7453    1.0137            2
2019 07 12 30.2176 30.9224 30.6513      0.7332       0.7332    1.0091            2
2019 07 13 30.2317 30.9350 30.6637      0.7468       0.7468    1.0042            2
2019 07 14 30.2169 30.9188 30.6472      0.7316       0.7316    0.9993            1
2019 07 15 30.2341 30.9345 30.6627      0.7484       0.7484    0.9941            1
2019 07 16 30.2159 30.9150 30.6429      0.7299       0.7299    0.9888            1
2019 07 17 30.2364 30.9341 30.6617      0.7501       0.7501    0.9834            1
2019 07 18 30.2146 30.9111 30.6382      0.7281       0.7281    0.9777            1
2019 07 19 30.2386 30.9338 30.6606      0.7519       0.7519    0.9720            1
2019 07 20 30.2131 30.9070 30.6334      0.7263       0.7263    0.9661            1
2019 07 21 30.2406 30.9333 30.6593      0.7537       0.7537    0.9600            1
2019 07 22 30.2111 30.9027 30.6282      0.7242       0.7242    0.9538            1
2019 07 23 30.2427 30.9331 30.6582      0.7558       0.7558    0.9475            1
2019 07 24 30.2090 30.8982 30.6228      0.7221       0.7221    0.9410            1
2019 07 25 30.2446 30.9328 30.6569      0.7579       0.7579    0.9344            1
2019 07 26 30.2064 30.8935 30.6170      0.7198       0.7198    0.9277            1
2019 07 27 30.2466 30.9326 30.6556      0.7602       0.7602    0.9208            1
2019 07 28 30.2035 30.8886 30.6110      0.7174       0.7174    0.9139            1
2019 07 29 30.2484 30.9325 30.6543      0.7626       0.7626    0.9068            1
2019 07 30 30.2001 30.8834 30.6046      0.7147       0.7147    0.8996            1
2019 07 31 30.2503 30.9327 30.6532      0.7653       0.7653    0.8923            1
2019 08 01 30.1966 30.8781 30.5980      0.7120       0.7120    0.8848            1
2019 08 02 30.2521 30.9327 30.6520      0.7680       0.7680    0.8773            1
2019 08 03 30.1925 30.8724 30.5909      0.7090       0.7090    0.8697            1
2019 08 04 30.2539 30.9331 30.6509      0.7710       0.7710    0.8620            1
2019 08 05 30.1881 30.8665 30.5836      0.7058       0.7058    0.8542            1
2019 08 06 30.2558 30.9335 30.6498      0.7742       0.7742    0.8463            1
2019 08 07 30.1834 30.8605 30.5760      0.7025       0.7025    0.8383            1
2019 08 08 30.2576 30.9341 30.6488      0.7775       0.7775    0.8302            1
2019 08 09 30.1782 30.8542 30.5681      0.6990       0.6990    0.8221            1
2019 08 10 30.2593 30.9348 30.6478      0.7810       0.7810    0.8139            1
2019 08 11 30.1727 30.8476 30.5598      0.6953       0.6953    0.8056            1
2019 08 12 30.2611 30.9356 30.6469      0.7847       0.7847    0.7973            1
2019 08 13 30.1668 30.8409 30.5513      0.6914       0.6914    0.7888            1
2019 08 14 30.2630 30.9366 30.6461      0.7886       0.7886    0.7804            1
2019 08 15 30.1605 30.8339 30.5425      0.6873       0.6873    0.7719            1
2019 08 16 30.2648 30.9378 30.6455      0.7927       0.7927    0.7633            1
2019 08 17 30.1539 30.8266 30.5333      0.6830       0.6830    0.7547            1
2019 08 18 30.2666 30.9392 30.6449      0.7970       0.7970    0.7460            1
2019 08 19 30.1468 30.8192 30.5239      0.6785       0.6785    0.7373            1
2019 08 20 30.2685 30.9407 30.6444      0.8015       0.8015    0.7286            1
2019 08 21 30.1395 30.8116 30.5143      0.6739       0.6739    0.7198            1
2019 08 22 30.2703 30.9423 30.6439      0.8061       0.8061    0.7110            1
2019 08 23 30.1318 30.8038 30.5044      0.6691       0.6691    0.7022            1
2019 08 24 30.2721 30.9441 30.6436      0.8109       0.8109    0.6934            1
2019 08 25 30.1238 30.7958 30.4942      0.6641       0.6641    0.6845            1
2019 08 26 30.2740 30.9461 30.6434      0.8159       0.8159    0.6756            1
2019 08 27 30.1155 30.7876 30.4838      0.6590       0.6590    0.6668            1
2019 08 28 30.2758 30.9481 30.6432      0.8210       0.8210    0.6579            1
2019 08 29 30.1069 30.7794 30.4733      0.6538       0.6538    0.6490            1
2019 08 30 30.2776 30.9503 30.6430      0.8262       0.8262    0.6401            1
2019 08 31 30.0980 30.7710 30.4625      0.6484       0.6484    0.6312            1
2019 09 01 30.2794 30.9526 30.6430      0.8316       0.8316    0.6223            1
2019 09 02 30.0888 30.7624 30.4516      0.6429       0.6429    0.6135            1
2019 09 03 30.2811 30.9551 30.6431      0.8371       0.8371    0.6046            1
2019 09 04 30.0794 30.7538 30.4406      0.6373       0.6373    0.5958            1
2019 09 05 30.2828 30.9577 30.6432      0.8427       0.8427    0.5869            1
2019 09 06 30.0697 30.7450 30.4294      0.6316       0.6316    0.5781            1
2019 09 07 30.2845 30.9603 30.6434      0.8484       0.8484    0.5694            1
2019 09 08 30.0599 30.7363 30.4181      0.6259       0.6259    0.5606            1
2019 09 09 30.2860 30.9630 30.6435      0.8541       0.8541    0.5519            1
2019 09 10 30.0498 30.7275 30.4068      0.6201       0.6201    0.5432            1
2019 09 11 30.2875 30.9658 30.6438      0.8599       0.8599    0.5346            1
2019 09 12 30.0397 30.7187 30.3954      0.6143       0.6143    0.5260            1
2019 09 13 30.2888 30.9686 30.6440      0.8657       0.8657    0.5174            1
2019 09 14 30.0294 30.7099 30.3840      0.6085       0.6085    0.5089            1
2019 09 15 30.2901 30.9714 30.6442      0.8715       0.8715    0.5004            1
2019 09 16 30.0189 30.7012 30.3726      0.6027       0.6027    0.4920            1
2019 09 17 30.2912 30.9743 30.6444      0.8773       0.8773    0.4836            1
2019 09 18 30.0084 30.6924 30.3612      0.5969       0.5969    0.4753            1
2019 09 19 30.2922 30.9772 30.6446      0.8831       0.8831    0.4670            1
2019 09 20 29.9979 30.6839 30.3499      0.5912       0.5912    0.4588            1
2019 09 21 30.2930 30.9800 30.6447      0.8888       0.8888    0.4507            1
2019 09 22 29.9874 30.6754 30.3388      0.5856       0.5856    0.4426            1
2019 09 23 30.2936 30.9828 30.6448      0.8944       0.8944    0.4345            1
2019 09 24 29.9768 30.6671 30.3277      0.5801       0.5801    0.4266            1
2019 09 25 30.2941 30.9855 30.6447      0.8999       0.8999    0.4187            1
2019 09 26 29.9662 30.6588 30.3167      0.5746       0.5746    0.4109            1
2019 09 27 30.2944 30.9882 30.6447      0.9054       0.9054    0.4031            1
2019 09 28 29.9558 30.6508 30.3060      0.5694       0.5694    0.3954            1
2019 09 29 30.2944 30.9907 30.6445      0.9106       0.9106    0.3878            1
2019 09 30 29.9454 30.6430 30.2955      0.5643       0.5643    0.3803            1
2019 10 01 30.2941 30.9931 30.6442      0.9157       0.9157    0.3729            1
2019 10 02 29.9352 30.6355 30.2852      0.5594       0.5594    0.3655            1
2019 10 03 30.2937 30.9954 30.6437      0.9206       0.9206    0.3582            1
2019 10 04 29.9250 30.6282 30.2751      0.5547       0.5547    0.3510            1
2019 10 05 30.2929 30.9975 30.6431      0.9253       0.9253    0.3438            1
2019 10 06 29.9152 30.6213 30.2654      0.5503       0.5503    0.3368            1
2019 10 07 30.2918 30.9994 30.6422      0.9297       0.9297    0.3298            1
2019 10 08 29.9054 30.6146 30.2560      0.5461       0.5461    0.3229            1
2019 10 09 30.2905 31.0012 30.6412      0.9339       0.9339    0.3161            1
2019 10 10 29.8960 30.6083 30.2470      0.5422       0.5422    0.3094            1
2019 10 11 30.2888 31.0027 30.6400      0.9378       0.9378    0.3027            1
2019 10 12 29.8868 30.6024 30.2383      0.5386       0.5386    0.2962            1
2019 10 13 30.2867 31.0040 30.6386      0.9414       0.9414    0.2897            1
2019 10 14 29.8778 30.5968 30.2300      0.5353       0.5353    0.2834            1
2019 10 15 30.2844 31.0051 30.6370      0.9447       0.9447    0.2771            1
2019 10 16 29.8693 30.5917 30.2222      0.5324       0.5324    0.2709            1
2019 10 17 30.2816 31.0058 30.6350      0.9476       0.9476    0.2648            1
2019 10 18 29.8610 30.5869 30.2149      0.5298       0.5298    0.2588            1
2019 10 19 30.2785 31.0063 30.6329      0.9502       0.9502    0.2528            1
2019 10 20 29.8532 30.5828 30.2081      0.5277       0.5277    0.2470            1
2019 10 21 30.2749 31.0064 30.6304      0.9523       0.9523    0.2412            1
2019 10 22 29.8457 30.5790 30.2017      0.5259       0.5259    0.2356            1
2019 10 23 30.2710 31.0063 30.6276      0.9541       0.9541    0.2300            1
2019 10 24 29.8386 30.5757 30.1958      0.5245       0.5245    0.2245            1
2019 10 25 30.2667 31.0058 30.6246      0.9555       0.9555    0.2191            1
2019 10 26 29.8320 30.5730 30.1906      0.5236       0.5236    0.2138            1
2019 10 27 30.2619 31.0049 30.6212      0.9564       0.9564    0.2086            1
2019 10 28 29.8258 30.5708 30.1858      0.5231       0.5231    0.2035            1
2019 10 29 30.2568 31.0037 30.6176      0.9569       0.9569    0.1985            1
2019 10 30 29.8200 30.5690 30.1816      0.5230       0.5230    0.1935            1
2019 10 31 30.2512 31.0022 30.6136      0.9570       0.9570    0.1887            1
2019 11 01 29.8148 30.5679 30.1781      0.5234       0.5234    0.1839            1
2019 11 02 30.2452 31.0003 30.6093      0.9566       0.9566    0.1792            1
2019 11 03 29.8101 30.5673 30.1752      0.5243       0.5243    0.1746            1
2019 11 04 30.2388 30.9980 30.6047      0.9557       0.9557    0.1701            1
2019 11 05 29.8060 30.5673 30.1729      0.5257       0.5257    0.1657            1
2019 11 06 30.2318 30.9953 30.5997      0.9543       0.9543    0.1613            1
2019 11 07 29.8023 30.5679 30.1711      0.5275       0.5275    0.1571            1
2019 11 08 30.2246 30.9923 30.5944      0.9525       0.9525    0.1529            1
2019 11 09 29.7992 30.5691 30.1701      0.5299       0.5299    0.1488            1
2019 11 10 30.2167 30.9887 30.5887      0.9501       0.9501    0.1448            1
2019 11 11 29.7967 30.5708 30.1697      0.5327       0.5327    0.1409            1
2019 11 12 30.2086 30.9849 30.5828      0.9473       0.9473    0.1370            1
2019 11 13 29.7946 30.5731 30.1699      0.5360       0.5360    0.1333            1
2019 11 14 30.2000 30.9807 30.5765      0.9440       0.9440    0.1296            1
2019 11 15 29.7932 30.5761 30.1708      0.5398       0.5398    0.1260            1
2019 11 16 30.1910 30.9760 30.5698      0.9402       0.9402    0.1224            1
2019 11 17 29.7923 30.5796 30.1724      0.5441       0.5441    0.1190            1
2019 11 18 30.1816 30.9710 30.5629      0.9359       0.9359    0.1156            1
2019 11 19 29.7921 30.5837 30.1746      0.5489       0.5489    0.1123            1
2019 11 20 30.1718 30.9656 30.5556      0.9311       0.9311    0.1091            1
2019 11 21 29.7923 30.5883 30.1774      0.5541       0.5541    0.1059            1
2019 11 22 30.1616 30.9599 30.5481      0.9259       0.9259    0.1028            1
2019 11 23 29.7931 30.5935 30.1809      0.5598       0.5598    0.0998            1
2019 11 24 30.1511 30.9537 30.5403      0.9202       0.9202    0.0969            1
2019 11 25 29.7945 30.5994 30.1851      0.5660       0.5660    0.0940            1
2019 11 26 30.1402 30.9472 30.5321      0.9140       0.9140    0.0912            1
2019 11 27 29.7965 30.6057 30.1898      0.5726       0.5726    0.0885            1
2019 11 28 30.1290 30.9404 30.5237      0.9074       0.9074    0.0858            1
2019 11 29 29.7990 30.6126 30.1952      0.5797       0.5797    0.0832            1
2019 11 30 30.1174 30.9332 30.5150      0.9003       0.9003    0.0806            1
2019 12 01 29.8020 30.6200 30.2011      0.5871       0.5871    0.0782            1
2019 12 02 30.1056 30.9258 30.5062      0.8929       0.8929    0.0757            1
2019 12 03 29.8056 30.6279 30.2077      0.5950       0.5950    0.0734            1
2019 12 04 30.0935 30.9180 30.4971      0.8850       0.8850    0.0711            1
2019 12 05 29.8096 30.6363 30.2148      0.6032       0.6032    0.0688            1
2019 12 06 30.0812 30.9100 30.4879      0.8768       0.8768    0.0667            1
2019 12 07 29.8142 30.6451 30.2224      0.6118       0.6118    0.0645            1
2019 12 08 30.0686 30.9017 30.4784      0.8682       0.8682    0.0625            1
2019 12 09 29.8193 30.6545 30.2307      0.6208       0.6208    0.0605            1
2019 12 10 30.0558 30.8931 30.4688      0.8592       0.8592    0.0585            1
2019 12 11 29.8247 30.6642 30.2393      0.6300       0.6300    0.0566            1
2019 12 12 30.0429 30.8844 30.4591      0.8500       0.8500    0.0547            1
2019 12 13 29.8307 30.6743 30.2486      0.6396       0.6396    0.0529            1
2019 12 14 30.0298 30.8755 30.4493      0.8404       0.8404    0.0512            1
2019 12 15 29.8371 30.6848 30.2582      0.6494       0.6494    0.0495            1
2019 12 16 30.0166 30.8664 30.4394      0.8306       0.8306    0.0478            1
2019 12 17 29.8439 30.6957 30.2683      0.6595       0.6595    0.0462            1
2019 12 18 30.0033 30.8571 30.4294      0.8205       0.8205    0.0446            1
2019 12 19 29.8510 30.7069 30.2789      0.6698       0.6698    0.0431            1
2019 12 20 29.9899 30.8477 30.4194      0.8102       0.8102    0.0417            1
2019 12 21 29.8585 30.7182 30.2897      0.6802       0.6802    0.0402            1
2019 12 22 29.9767 30.8384 30.4095      0.7998       0.7998    0.0388            1
2019 12 23 29.8664 30.7300 30.3010      0.6909       0.6909    0.0375            1
2019 12 24 29.9633 30.8288 30.3995      0.7891       0.7891    0.0362            1
2019 12 25 29.8746 30.7420 30.3126      0.7017       0.7017    0.0349            1
2019 12 26 29.9499 30.8192 30.3896      0.7783       0.7783    0.0337            1
2019 12 27 29.8829 30.7540 30.3243      0.7125       0.7125    0.0325            1
2019 12 28 29.9368 30.8097 30.3799      0.7675       0.7675    0.0313            1
2019 12 29 29.8917 30.7664 30.3365      0.7235       0.7235    0.0302            1
2019 12 30 29.9236 30.8001 30.3702      0.7565       0.7565    0.0000            1
2019 12 31 29.9061 30.7844 30.3544      0.7400       0.7400    0.0000            1
2020 01 01 29.9053 30.7853 30.3553      0.7400       0.7400    0.0977            1
2020 01 02 29.9044 30.7861 30.3561      0.7400       0.7400    0.1008            1
2020 01 03 29.9145 30.7979 30.3679      0.7510       0.7510    0.1040            1
2020 01 04 29.8917 30.7767 30.3468      0.7290       0.7290    0.1073            1
2020 01 05 29.9238 30.8105 30.3807      0.7619       0.7619    0.1106            1
2020 01 06 29.8793 30.7675 30.3378      0.7181       0.7181    0.1141            1
2020 01 07 29.9333 30.8231 30.3936      0.7728       0.7728    0.1176            1
2020 01 08 29.8671 30.7585 30.3290      0.7072       0.7072    0.1212            1
2020 01 09 29.9429 30.8358 30.4066      0.7836       0.7836    0.1249            1
2020 01 10 29.8551 30.7496 30.3205      0.6964       0.6964    0.1287            1
2020 01 11 29.9525 30.8485 30.4196      0.7943       0.7943    0.1326            1
2020 01 12 29.8435 30.7409 30.3123      0.6857       0.6857    0.1366            1
2020 01 13 29.9623 30.8611 30.4328      0.8049       0.8049    0.1407            1
2020 01 14 29.8322 30.7323 30.3043      0.6751       0.6751    0.1448            1
2020 01 15 29.9720 30.8735 30.4458      0.8152       0.8152    0.1491            1
2020 01 16 29.8213 30.7241 30.2968      0.6648       0.6648    0.1535            1
2020 01 17 29.9817 30.8858 30.4588      0.8254       0.8254    0.1579            1
2020 01 18 29.8108 30.7162 30.2895      0.6546       0.6546    0.1625            1
2020 01 19 29.9914 30.8980 30.4718      0.8353       0.8353    0.1671            1
2020 01 20 29.8007 30.7085 30.2828      0.6447       0.6447    0.1719            1
2020 01 21 30.0010 30.9100 30.4847      0.8450       0.8450    0.1767            1
2020 01 22 29.7911 30.7012 30.2763      0.6350       0.6350    0.1817            1
2020 01 23 30.0105 30.9218 30.4974      0.8544       0.8544    0.1868            1
2020 01 24 29.7819 30.6942 30.2704      0.6256       0.6256    0.1919            1
2020 01 25 30.0200 30.9333 30.5100      0.8635       0.8635    0.1972            1
2020 01 26 29.7732 30.6876 30.2648      0.6165       0.6165    0.2026            1
2020 01 27 30.0292 30.9445 30.5224      0.8722       0.8722    0.2081            1
2020 01 28 29.7651 30.6814 30.2598      0.6078       0.6078    0.2137            1
2020 01 29 30.0383 30.9555 30.5346      0.8806       0.8806    0.2194            1
2020 01 30 29.7575 30.6756 30.2553      0.5994       0.5994    0.2252            1
2020 01 31 30.0473 30.9662 30.5466      0.8887       0.8887    0.2311            1
2020 02 01 29.7505 30.6701 30.2512      0.5913       0.5913    0.2372            1
2020 02 02 30.0560 30.9765 30.5582      0.8963       0.8963    0.2433            1
2020 02 03 29.7441 30.6652 30.2477      0.5837       0.5837    0.2496            1
2020 02 04 30.0646 30.9865 30.5697      0.9036       0.9036    0.2560            1
2020 02 05 29.7381 30.6607 30.2447      0.5764       0.5764    0.2625            1
2020 02 06 30.0729 30.9961 30.5809      0.9104       0.9104    0.2691            1
2020 02 07 29.7329 30.6567 30.2423      0.5696       0.5696    0.2758            1
2020 02 08 30.0810 31.0053 30.5917      0.9168       0.9168    0.2826            1
2020 02 09 29.7283 30.6531 30.2403      0.5632       0.5632    0.2896            1
2020 02 10 30.0888 31.0141 30.6022      0.9228       0.9228    0.2967            1
2020 02 11 29.7242 30.6499 30.2389      0.5572       0.5572    0.3038            1
2020 02 12 30.0963 31.0224 30.6123      0.9282       0.9282    0.3111            1
2020 02 13 29.7210 30.6474 30.2383      0.5518       0.5518    0.3186            1
2020 02 14 30.1036 31.0304 30.6221      0.9333       0.9333    0.3261            1
2020 02 15 29.7182 30.6453 30.2380      0.5467       0.5467    0.3337            1
2020 02 16 30.1105 31.0378 30.6315      0.9378       0.9378    0.3415            1
2020 02 17 29.7162 30.6437 30.2384      0.5422       0.5422    0.3494            1
2020 02 18 30.1172 31.0449 30.6405      0.9419       0.9419    0.3574            1
2020 02 19 29.7147 30.6426 30.2393      0.5381       0.5381    0.3655            1
2020 02 20 30.1235 31.0515 30.6492      0.9455       0.9455    0.3737            1
2020 02 21 29.7139 30.6420 30.2407      0.5345       0.5345    0.3820            1
2020 02 22 30.1295 31.0576 30.6574      0.9486       0.9486    0.3905            1
2020 02 23 29.7138 30.6419 30.2428      0.5314       0.5314    0.3990            1
2020 02 24 30.1352 31.0632 30.6652      0.9512       0.9512    0.4077            1
2020 02 25 29.7144 30.6423 30.2454      0.5288       0.5288    0.4165            1
2020 02 26 30.1405 31.0683 30.6725      0.9533       0.9533    0.4253            1
2020 02 27 29.7156 30.6432 30.2486      0.5267       0.5267    0.4343            1
2020 02 28 30.1455 31.0730 30.6794      0.9549       0.9549    0.4434            1
2020 02 29 29.7175 30.6447 30.2523      0.5251       0.5251    0.4526            1
2020 03 01 30.1503 31.0772 30.6860      0.9561       0.9561    0.4619            1
2020 03 02 29.7199 30.6465 30.2565      0.5239       0.5239    0.4714            1
2020 03 03 30.1547 31.0809 30.6921      0.9568       0.9568    0.4809            1
2020 03 04 29.7230 30.6489 30.2613      0.5232       0.5232    0.4905            1
2020 03 05 30.1587 31.0842 30.6978      0.9570       0.9570    0.5002            1
2020 03 06 29.7267 30.6517 30.2665      0.5230       0.5230    0.5100            1
2020 03 07 30.1625 31.0870 30.7031      0.9568       0.9568    0.5199            1
2020 03 08 29.7310 30.6549 30.2723      0.5232       0.5232    0.5299            1
2020 03 09 30.1659 31.0893 30.7079      0.9561       0.9561    0.5400            1
2020 03 10 29.7359 30.6586 30.2785      0.5239       0.5239    0.5502            1
2020 03 11 30.1691 31.0912 30.7124      0.9550       0.9550    0.5604            1
2020 03 12 29.7413 30.6627 30.2852      0.5250       0.5250    0.5708            1
2020 03 13 30.1720 31.0927 30.7164      0.9535       0.9535    0.5812            1
2020 03 14 29.7472 30.6672 30.2922      0.5265       0.5265    0.5917            1
2020 03 15 30.1745 31.0937 30.7200      0.9515       0.9515    0.6023            1
2020 03 16 29.7538 30.6722 30.2998      0.5285       0.5285    0.6130            1
2020 03 17 30.1768 31.0943 30.7233      0.9492       0.9492    0.6237            1
2020 03 18 29.7608 30.6774 30.3077      0.5308       0.5308    0.6345            1
2020 03 19 30.1788 31.0945 30.7262      0.9465       0.9465    0.6454            1
2020 03 20 29.7682 30.6830 30.3159      0.5335       0.5335    0.6563            1
2020 03 21 30.1806 31.0943 30.7286      0.9434       0.9434    0.6673            1
2020 03 22 29.7762 30.6890 30.3246      0.5366       0.5366    0.6784            1
2020 03 23 30.1821 31.0938 30.7308      0.9400       0.9400    0.6895            1
2020 03 24 29.7846 30.6952 30.3335      0.5400       0.5400    0.7006            1
2020 03 25 30.1834 31.0929 30.7326      0.9363       0.9363    0.7118            1
2020 03 26 29.7934 30.7017 30.3428      0.5437       0.5437    0.7230            1
2020 03 27 30.1845 31.0916 30.7341      0.9323       0.9323    0.7343            1
2020 03 28 29.8025 30.7084 30.3522      0.5477       0.5477    0.7456            1
2020 03 29 30.1855 31.0902 30.7354      0.9281       0.9281    0.7570            1
2020 03 30 29.8120 30.7153 30.3619      0.5519       0.5519    0.7684            1
2020 03 31 30.1862 31.0882 30.7362      0.9235       0.9235    0.7798            1
2020 04 01 29.8219 30.7226 30.3719      0.5565       0.5565    0.7912            1
2020 04 02 30.1869 31.0862 30.7369      0.9188       0.9188    0.8026            1
2020 04 03 29.8320 30.7299 30.3819      0.5612       0.5612    0.8141            1
2020 04 04 30.1873 31.0837 30.7372      0.9138       0.9138    0.8255            1
2020 04 05 29.8424 30.7374 30.3922      0.5662       0.5662    0.8370            1
2020 04 06 30.1876 31.0811 30.7373      0.9087       0.9087    0.8485            1
2020 04 07 29.8530 30.7450 30.4025      0.5713       0.5713    0.8599            1
2020 04 08 30.1878 31.0783 30.7372      0.9034       0.9034    0.8714            1
2020 04 09 29.8638 30.7527 30.4130      0.5766       0.5766    0.8828            1
2020 04 10 30.1879 31.0752 30.7368      0.8979       0.8979    0.8943            1
2020 04 11 29.8749 30.7606 30.4235      0.5821       0.5821    0.9056            1
2020 04 12 30.1880 31.0720 30.7364      0.8924       0.8924    0.9170            1
2020 04 13 29.8860 30.7683 30.4340      0.5876       0.5876    0.9284            1
2020 04 14 30.1879 31.0686 30.7356      0.8867       0.8867    0.9397            1
2020 04 15 29.8973 30.7763 30.4446      0.5933       0.5933    0.9509            1
2020 04 16 30.1878 31.0650 30.7348      0.8810       0.8810    0.9622            1
2020 04 17 29.9087 30.7841 30.4551      0.5990       0.5990    0.9733            1
2020 04 18 30.1878 31.0615 30.7338      0.8753       0.8753    0.9844            1
2020 04 19 29.9200 30.7919 30.4656      0.6047       0.6047    0.9955            1
2020 04 20 30.1877 31.0577 30.7327      0.8695       0.8695    1.0065            2
2020 04 21 29.9315 30.7997 30.4760      0.6105       0.6105    1.0174            2
2020 04 22 30.1875 31.0538 30.7314      0.8637       0.8637    1.0282            2
2020 04 23 29.9430 30.8074 30.4862      0.6163       0.6163    1.0390            2
2020 04 24 30.1874 31.0499 30.7300      0.8579       0.8579    1.0497            2
2020 04 25 29.9544 30.8150 30.4964      0.6221       0.6221    1.0603            2
2020 04 26 30.1873 31.0459 30.7286      0.8521       0.8521    1.0708            2
2020 04 27 29.9659 30.8226 30.5065      0.6279       0.6279    1.0812            2
2020 04 28 30.1872 31.0419 30.7271      0.8464       0.8464    1.0915            2
2020 04 29 29.9772 30.8299 30.5163      0.6336       0.6336    1.1016            2
2020 04 30 30.1872 31.0379 30.7255      0.8408       0.8408    1.1117            2
2020 05 01 29.9884 30.8371 30.5259      0.6392       0.6392    1.1217            2
2020 05 02 30.1873 31.0339 30.7239      0.8353       0.8353    1.1315            2
2020 05 03 29.9995 30.8441 30.5353      0.6447       0.6447    1.1412            2
2020 05 04 30.1874 31.0299 30.7222      0.8298       0.8298    1.1508            2
2020 05 05 30.0106 30.8510 30.5445      0.6502       0.6502    1.1602            2
2020 05 06 30.1876 31.0259 30.7206      0.8245       0.8245    1.1695            2
2020 05 07 30.0214 30.8576 30.5533      0.6555       0.6555    1.1786            2
2020 05 08 30.1879 31.0220 30.7189      0.8193       0.8193    1.1876            2
2020 05 09 30.0320 30.8640 30.5620      0.6607       0.6607    1.1965            2
2020 05 10 30.1883 31.0181 30.7172      0.8143       0.8143    1.2051            2
2020 05 11 30.0424 30.8701 30.5702      0.6657       0.6657    1.2137            2
2020 05 12 30.1887 31.0143 30.7155      0.8094       0.8094    1.2220            2
2020 05 13 30.0526 30.8760 30.5783      0.6706       0.6706    1.2302            2
2020 05 14 30.1892 31.0104 30.7138      0.8046       0.8046    1.2382            2
2020 05 15 30.0626 30.8817 30.5860      0.6754       0.6754    1.2460            2
2020 05 16 30.1898 31.0067 30.7120      0.8000       0.8000    1.2536            2
2020 05 17 30.0724 30.8871 30.5934      0.6800       0.6800    1.2610            2
2020 05 18 30.1906 31.0031 30.7104      0.7957       0.7957    1.2683            2
2020 05 19 30.0818 30.8921 30.6003      0.6843       0.6843    1.2753            2
2020 05 20 30.1914 30.9995 30.7087      0.7914       0.7914    1.2821            2
2020 05 21 30.0911 30.8970 30.6071      0.6886       0.6886    1.2888            2
2020 05 22 30.1923 30.9960 30.7070      0.7874       0.7874    1.2952            2
2020 05 23 30.1000 30.9015 30.6134      0.6926       0.6926    1.3014            2
2020 05 24 30.1934 30.9927 30.7054      0.7836       0.7836    1.3074            2
2020 05 25 30.1086 30.9057 30.6193      0.6964       0.6964    1.3132            2
2020 05 26 30.1944 30.9893 30.7037      0.7799       0.7799    1.3187            2
2020 05 27 30.1169 30.9097 30.6249      0.7001       0.7001    1.3241            2
2020 05 28 30.1956 30.9862 30.7022      0.7765       0.7765    1.3292            2
2020 05 29 30.1249 30.9133 30.6300      0.7035       0.7035    1.3340            2
2020 05 30 30.1969 30.9830 30.7005      0.7732       0.7732    1.3387            2
2020 05 31 30.1327 30.9167 30.6349      0.7068       0.7068    1.3431            2
2020 06 01 30.1981 30.9800 30.6989      0.7701       0.7701    1.3472            2
2020 06 02 30.1401 30.9197 30.6394      0.7099       0.7099    1.3512            2
2020 06 03 30.1995 30.9770 30.6973      0.7672       0.7672    1.3549            2
2020 06 04 30.1472 30.9225 30.6434      0.7128       0.7128    1.3583            2
2020 06 05 30.2010 30.9741 30.6957      0.7645       0.7645    1.3615            2
2020 06 06 30.1540 30.9250 30.6471      0.7155       0.7155    1.3644            2
2020 06 07 30.2024 30.9712 30.6940      0.7619       0.7619    1.3671            2
2020 06 08 30.1605 30.9272 30.6506      0.7181       0.7181    1.3696            2
2020 06 09 30.2038 30.9684 30.6923      0.7595       0.7595    1.3717            2
2020 06 10 30.1667 30.9292 30.6536      0.7205       0.7205    1.3737            2
2020 06 11 30.2053 30.9658 30.6906      0.7573       0.7573    1.3753            2
2020 06 12 30.1725 30.9309 30.6562      0.7227       0.7227    1.3768            2
2020 06 13 30.2068 30.9631 30.6889      0.7552       0.7552    1.3779            2
2020 06 14 30.1781 30.9323 30.6585      0.7248       0.7248    1.3788            2
2020 06 15 30.2082 30.9604 30.6870      0.7532       0.7532    1.3795            2
2020 06 16 30.1835 30.9336 30.6606      0.7268       0.7268    1.3799            2
2020 06 17 30.2097 30.9578 30.6851      0.7514       0.7514    1.3800            2
2020 06 18 30.1884 30.9345 30.6623      0.7286       0.7286    1.3799            2
2020 06 19 30.2110 30.9551 30.6831      0.7496       0.7496    1.3795            2
2020 06 20 30.1933 30.9354 30.6637      0.7304       0.7304    1.3788            2
2020 06 21 30.2123 30.9525 30.6811      0.7480       0.7480    1.3779            2
2020 06 22 30.1977 30.9360 30.6648      0.7320       0.7320    1.3768            2
2020 06 23 30.2135 30.9498 30.6789      0.7464       0.7464    1.3753            2
2020 06 24 30.2020 30.9364 30.6657      0.7336       0.7336    1.3737            2
2020 06 25 30.2146 30.9471 30.6765      0.7449       0.7449    1.3717            2
2020 06 26 30.2060 30.9367 30.6663      0.7351       0.7351    1.3696            2
2020 06 27 30.2156 30.9444 30.6741      0.7435       0.7435    1.3671            2
2020 06 28 30.2097 30.9368 30.6666      0.7365       0.7365    1.3644            2
2020 06 29 30.2164 30.9417 30.6716      0.7421       0.7421    1.3615            2
2020 06 30 30.2133 30.9367 30.6667      0.7379       0.7379    1.3583            2
2020 07 01 30.2171 30.9388 30.6688      0.7407       0.7407    1.3549            2
2020 07 02 30.2166 30.9366 30.6666      0.7393       0.7393    1.3512            2
2020 07 03 30.2175 30.9358 30.6658      0.7393       0.7393    1.3472            2
2020 07 04 30.2198 30.9364 30.6664      0.7407       0.7407    1.3431            2
2020 07 05 30.2178 30.9328 30.6627      0.7379       0.7379    1.3387            2
2020 07 06 30.2228 30.9361 30.6659      0.7421       0.7421    1.3340            2
2020 07 07 30.2179 30.9297 30.6594      0.7365       0.7365    1.3292            2
2020 07 08 30.2256 30.9358 30.6653      0.7435       0.7435    1.3241            2
2020 07 09 30.2178 30.9264 30.6559      0.7351       0.7351    1.3187            2
2020 07 10 30.2282 30.9353 30.6645      0.7449       0.7449    1.3132            2
2020 07 11 30.2175 30.9230 30.6521      0.7336       0.7336    1.3074            2
2020 07 12 30.2308 30.9348 30.6637      0.7464       0.7464    1.3014            2
2020 07 13 30.2168 30.9194 30.6480      0.7320       0.7320    1.2952            2
2020 07 14 30.2332 30.9344 30.6627      0.7480       0.7480    1.2888            2
2020 07 15 30.2159 30.9158 30.6438      0.7304       0.7304    1.2821            2
2020 07 16 30.2354 30.9339 30.6616      0.7496       0.7496    1.2753            2
2020 07 17 30.2147 30.9119 30.6392      0.7286       0.7286    1.2683            2
2020 07 18 30.2377 30.9336 30.6606      0.7514       0.7514    1.2610            2
2020 07 19 30.2132 30.9078 30.6345      0.7268       0.7268    1.2536            2
2020 07 20 30.2397 30.9331 30.6593      0.7532       0.7532    1.2460            2
2020 07 21 30.2114 30.9036 30.6293      0.7248       0.7248    1.2382            2
2020 07 22 30.2418 30.9328 30.6581      0.7552       0.7552    1.2302            2
2020 07 23 30.2092 30.8991 30.6240      0.7227       0.7227    1.2220            2
2020 07 24 30.2438 30.9325 30.6569      0.7573       0.7573    1.2137            2
2020 07 25 30.2068 30.8945 30.6183      0.7205       0.7205    1.2051            2
2020 07 26 30.2456 30.9323 30.6556      0.7595       0.7595    1.1965            2
2020 07 27 30.2040 30.8896 30.6124      0.7181       0.7181    1.1876            2
2020 07 28 30.2475 30.9322 30.6543      0.7619       0.7619    1.1786            2
2020 07 29 30.2008 30.8845 30.6061      0.7155       0.7155    1.1695            2
2020 07 30 30.2494 30.9322 30.6531      0.7645       0.7645    1.1602            2
2020 07 31 30.1973 30.8792 30.5995      0.7128       0.7128    1.1508            2
2020 08 01 30.2512 30.9323 30.6519      0.7672       0.7672    1.1412            2
2020 08 02 30.1933 30.8737 30.5926      0.7099       0.7099    1.1315            2
2020 08 03 30.2530 30.9325 30.6508      0.7701       0.7701    1.1217            2
2020 08 04 30.1890 30.8679 30.5854      0.7068       0.7068    1.1117            2
2020 08 05 30.2548 30.9329 30.6497      0.7732       0.7732    1.1016            2
2020 08 06 30.1844 30.8618 30.5778      0.7035       0.7035    1.0915            2
2020 08 07 30.2566 30.9334 30.6486      0.7765       0.7765    1.0812            2
2020 08 08 30.1794 30.8556 30.5700      0.7001       0.7001    1.0708            2
2020 08 09 30.2583 30.9340 30.6476      0.7799       0.7799    1.0603            2
2020 08 10 30.1739 30.8491 30.5619      0.6964       0.6964    1.0497            2
2020 08 11 30.2602 30.9349 30.6468      0.7836       0.7836    1.0390            2
2020 08 12 30.1682 30.8425 30.5535      0.6926       0.6926    1.0282            2
2020 08 13 30.2619 30.9358 30.6459      0.7874       0.7874    1.0174            2
2020 08 14 30.1620 30.8356 30.5447      0.6886       0.6886    1.0065            2
2020 08 15 30.2637 30.9369 30.6452      0.7914       0.7914    0.9955            1
2020 08 16 30.1554 30.8283 30.5356      0.6843       0.6843    0.9844            1
2020 08 17 30.2656 30.9383 30.6446      0.7957       0.7957    0.9733            1
2020 08 18 30.1486 30.8211 30.5264      0.6800       0.6800    0.9622            1
2020 08 19 30.2673 30.9396 30.6440      0.8000       0.8000    0.9509            1
2020 08 20 30.1414 30.8135 30.5168      0.6754       0.6754    0.9397            1
2020 08 21 30.2692 30.9412 30.6435      0.8046       0.8046    0.9284            1
2020 08 22 30.1338 30.8057 30.5070      0.6706       0.6706    0.9170            1
2020 08 23 30.2711 30.9430 30.6432      0.8094       0.8094    0.9056            1
2020 08 24 30.1259 30.7978 30.4969      0.6657       0.6657    0.8943            1
2020 08 25 30.2729 30.9449 30.6429      0.8143       0.8143    0.8828            1
2020 08 26 30.1177 30.7898 30.4867      0.6607       0.6607    0.8714            1
2020 08 27 30.2747 30.9469 30.6427      0.8193       0.8193    0.8599            1
2020 08 28 30.1092 30.7816 30.4762      0.6555       0.6555    0.8485            1
2020 08 29 30.2765 30.9490 30.6426      0.8245       0.8245    0.8370            1
2020 08 30 30.1004 30.7732 30.4656      0.6502       0.6502    0.8255            1
2020 08 31 30.2782 30.9513 30.6425      0.8298       0.8298    0.8141            1
2020 09 01 30.0913 30.7647 30.4547      0.6447       0.6447    0.8026            1
2020 09 02 30.2800 30.9538 30.6426      0.8353       0.8353    0.7912            1
2020 09 03 30.0820 30.7561 30.4437      0.6392       0.6392    0.7798            1
2020 09 04 30.2817 30.9562 30.6426      0.8408       0.8408    0.7684            1
2020 09 05 30.0725 30.7475 30.4327      0.6336       0.6336    0.7570            1
2020 09 06 30.2833 30.9588 30.6427      0.8464       0.8464    0.7456            1
2020 09 07 30.0627 30.7388 30.4214      0.6279       0.6279    0.7343            1
2020 09 08 30.2849 30.9615 30.6429      0.8521       0.8521    0.7230            1
2020 09 09 30.0527 30.7300 30.4101      0.6221       0.6221    0.7118            1
2020 09 10 30.2864 30.9643 30.6431      0.8579       0.8579    0.7006            1
2020 09 11 30.0426 30.7212 30.3987      0.6163       0.6163    0.6895            1
2020 09 12 30.2878 30.9671 30.6434      0.8637       0.8637    0.6784            1
2020 09 13 30.0324 30.7124 30.3874      0.6105       0.6105    0.6673            1
2020 09 14 30.2891 30.9699 30.6436      0.8695       0.8695    0.6563            1
2020 09 15 30.0220 30.7036 30.3760      0.6047       0.6047    0.6454            1
2020 09 16 30.2903 30.9728 30.6438      0.8753       0.8753    0.6345            1
2020 09 17 30.0116 30.6950 30.3647      0.5990       0.5990    0.6237            1
2020 09 18 30.2913 30.9756 30.6439      0.8810       0.8810    0.6130            1
2020 09 19 30.0012 30.6864 30.3535      0.5933       0.5933    0.6023            1
2020 09 20 30.2921 30.9784 30.6441      0.8867       0.8867    0.5917            1
2020 09 21 29.9906 30.6778 30.3422      0.5876       0.5876    0.5812            1
2020 09 22 30.2929 30.9812 30.6442      0.8924       0.8924    0.5708            1
2020 09 23 29.9801 30.6695 30.3312      0.5821       0.5821    0.5604            1
2020 09 24 30.2934 30.9839 30.6442      0.8979       0.8979    0.5502            1
2020 09 25 29.9695 30.6612 30.3201      0.5766       0.5766    0.5400            1
2020 09 26 30.2938 30.9867 30.6442      0.9034       0.9034    0.5299            1
2020 09 27 29.9591 30.6532 30.3094      0.5713       0.5713    0.5199            1
2020 09 28 30.2939 30.9892 30.6440      0.9087       0.9087    0.5100            1
2020 09 29 29.9487 30.6454 30.2988      0.5662       0.5662    0.5002            1
2020 09 30 30.2937 30.9917 30.6437      0.9138       0.9138    0.4905            1
2020 10 01 29.9384 30.6377 30.2884      0.5612       0.5612    0.4809            1
2020 10 02 30.2933 30.9940 30.6433      0.9188       0.9188    0.4714            1
2020 10 03 29.9283 30.6304 30.2784      0.5565       0.5565    0.4619            1
2020 10 04 30.2926 30.9962 30.6427      0.9235       0.9235    0.4526            1
2020 10 05 29.9183 30.6233 30.2685      0.5519       0.5519    0.4434            1
2020 10 06 30.2918 30.9983 30.6421      0.9281       0.9281    0.4343            1
2020 10 07 29.9086 30.6166 30.2591      0.5477       0.5477    0.4253            1
2020 10 08 30.2905 31.0000 30.6411      0.9323       0.9323    0.4165            1
2020 10 09 29.8991 30.6102 30.2499      0.5437       0.5437    0.4077            1
2020 10 10 30.2889 31.0016 30.6400      0.9363       0.9363    0.3990            1
2020 10 11 29.8898 30.6041 30.2412      0.5400       0.5400    0.3905            1
2020 10 12 30.2870 31.0030 30.6386      0.9400       0.9400    0.3820            1
2020 10 13 29.8808 30.5985 30.2328      0.5366       0.5366    0.3737            1
2020 10 14 30.2848 31.0041 30.6371      0.9434       0.9434    0.3655            1
2020 10 15 29.8721 30.5931 30.2248      0.5335       0.5335    0.3574            1
2020 10 16 30.2823 31.0051 30.6353      0.9465       0.9465    0.3494            1
2020 10 17 29.8637 30.5883 30.2173      0.5308       0.5308    0.3415            1
2020 10 18 30.2793 31.0056 30.6333      0.9492       0.9492    0.3337            1
2020 10 19 29.8558 30.5839 30.2102      0.5285       0.5285    0.3261            1
2020 10 20 30.2759 31.0059 30.6309      0.9515       0.9515    0.3186            1
2020 10 21 29.8481 30.5799 30.2036      0.5265       0.5265    0.3111            1
2020 10 22 30.2723 31.0060 30.6284      0.9535       0.9535    0.3038            1
2020 10 23 29.8409 30.5765 30.1977      0.5250       0.5250    0.2967            1
2020 10 24 30.2681 31.0056 30.6255      0.9550       0.9550    0.2896            1
2020 10 25 29.8342 30.5736 30.1922      0.5239       0.5239    0.2826            1
2020 10 26 30.2635 31.0049 30.6222      0.9561       0.9561    0.2758            1
2020 10 27 29.8278 30.5711 30.1872      0.5232       0.5232    0.2691            1
2020 10 28 30.2586 31.0039 30.6187      0.9568       0.9568    0.2625            1
2020 10 29 29.8220 30.5693 30.1829      0.5230       0.5230    0.2560            1
2020 10 30 30.2532 31.0025 30.6149      0.9570       0.9570    0.2496            1
2020 10 31 29.8166 30.5679 30.1791      0.5232       0.5232    0.2433            1
2020 11 01 30.2474 31.0008 30.6108      0.9568       0.9568    0.2372            1
2020 11 02 29.8117 30.5671 30.1759      0.5239       0.5239    0.2311            1
2020 11 03 30.2411 30.9986 30.6063      0.9561       0.9561    0.2252            1
2020 11 04 29.8073 30.5669 30.1734      0.5251       0.5251    0.2194            1
2020 11 05 30.2344 30.9961 30.6014      0.9549       0.9549    0.2137            1
2020 11 06 29.8034 30.5672 30.1715      0.5267       0.5267    0.2081            1
2020 11 07 30.2273 30.9932 30.5963      0.9533       0.9533    0.2026            1
2020 11 08 29.8001 30.5681 30.1701      0.5288       0.5288    0.1972            1
2020 11 09 30.2198 30.9900 30.5909      0.9512       0.9512    0.1919            1
2020 11 10 29.7973 30.5696 30.1695      0.5314       0.5314    0.1868            1
2020 11 11 30.2119 30.9863 30.5851      0.9486       0.9486    0.1817            1
2020 11 12 29.7951 30.5717 30.1694      0.5345       0.5345    0.1767            1
2020 11 13 30.2035 30.9823 30.5789      0.9455       0.9455    0.1719            1
2020 11 14 29.7935 30.5744 30.1701      0.5381       0.5381    0.1671            1
2020 11 15 30.1947 30.9778 30.5725      0.9419       0.9419    0.1625            1
2020 11 16 29.7924 30.5777 30.1714      0.5422       0.5422    0.1579            1
2020 11 17 30.1855 30.9730 30.5657      0.9378       0.9378    0.1535            1
2020 11 18 29.7918 30.5815 30.1733      0.5467       0.5467    0.1491            1
2020 11 19 30.1759 30.9678 30.5586      0.9333       0.9333    0.1448            1
2020 11 20 29.7919 30.5860 30.1759      0.5518       0.5518    0.1407            1
2020 11 21 30.1659 30.9622 30.5512      0.9282       0.9282    0.1366            1
2020 11 22 29.7924 30.5909 30.1790      0.5572       0.5572    0.1326            1
2020 11 23 30.1556 30.9563 30.5436      0.9228       0.9228    0.1287            1
2020 11 24 29.7936 30.5965 30.1829      0.5632       0.5632    0.1249            1
2020 11 25 30.1449 30.9500 30.5356      0.9168       0.9168    0.1212            1
2020 11 26 29.7954 30.6026 30.1874      0.5696       0.5696    0.1176            1
2020 11 27 30.1339 30.9433 30.5273      0.9104       0.9104    0.1141            1
2020 11 28 29.7976 30.6092 30.1925      0.5764       0.5764    0.1106            1
2020 11 29 30.1225 30.9364 30.5189      0.9036       0.9036    0.1073            1
2020 11 30 29.8004 30.6164 30.1982      0.5837       0.5837    0.1040            1
2020 12 01 30.1109 30.9290 30.5101      0.8963       0.8963    0.1008            1
2020 12 02 29.8037 30.6241 30.2044      0.5913       0.5913    0.0977            1
2020 12 03 30.0990 30.9215 30.5012      0.8887       0.8887    0.0946            1
2020 12 04 29.8076 30.6323 30.2114      0.5994       0.5994    0.0917            1
2020 12 05 30.0867 30.9136 30.4920      0.8806       0.8806    0.0888            1
2020 12 06 29.8119 30.6409 30.2188      0.6078       0.6078    0.0860            1
2020 12 07 30.0743 30.9055 30.4827      0.8722       0.8722    0.0832            1
2020 12 08 29.8167 30.6500 30.2266      0.6165       0.6165    0.0806            1
2020 12 09 30.0618 30.8972 30.4733      0.8635       0.8635    0.0780            1
2020 12 10 29.8220 30.6595 30.2351      0.6256       0.6256    0.0755            1
2020 12 11 30.0490 30.8885 30.4637      0.8544       0.8544    0.0730            1
2020 12 12 29.8278 30.6694 30.2441      0.6350       0.6350    0.0706            1
2020 12 13 30.0360 30.8797 30.4539      0.8450       0.8450    0.0683            1
2020 12 14 29.8340 30.6798 30.2536      0.6447       0.6447    0.0660            1
2020 12 15 30.0229 30.8707 30.4441      0.8353       0.8353    0.0638            1
2020 12 16 29.8405 30.6904 30.2634      0.6546       0.6546    0.0617            1
2020 12 17 30.0097 30.8616 30.4343      0.8254       0.8254    0.0596            1
2020 12 18 29.8476 30.7015 30.2737      0.6648       0.6648    0.0576            1
2020 12 19 29.9964 30.8523 30.4243      0.8152       0.8152    0.0556            1
2020 12 20 29.8548 30.7127 30.2844      0.6751       0.6751    0.0537            1
2020 12 21 29.9832 30.8430 30.4144      0.8049       0.8049    0.0519            1
2020 12 22 29.8626 30.7243 30.2955      0.6857       0.6857    0.0501            1
2020 12 23 29.9698 30.8335 30.4044      0.7943       0.7943    0.0483            1
2020 12 24 29.8706 30.7362 30.3069      0.6964       0.6964    0.0467            1
2020 12 25 29.9565 30.8240 30.3946      0.7836       0.7836    0.0450            1
2020 12 26 29.8789 30.7482 30.3186      0.7072       0.7072    0.0434            1
2020 12 27 29.9433 30.8145 30.3848      0.7728       0.7728    0.0419            1
2020 12 28 29.8875 30.7604 30.3306      0.7181       0.7181    0.0404            1
2020 12 29 29.9302 30.8049 30.3750      0.7619       0.7619    0.0389            1
2020 12 30 29.8962 30.7728 30.3428      0.7290       0.7290    0.0375            1
2020 12 31 29.9172 30.7955 30.3655      0.7510       0.7510    0.0362            1
2021 01 01 29.9651 30.8451 30.4151      0.8000       0.8000    0.1154            1
2021 01 02 29.9642 30.8459 30.4159      0.8000       0.8000    0.1191            1
2021 01 03 29.9743 30.8577 30.4278      0.8110       0.8110    0.1228            1
2021 01 04 29.9515 30.8365 30.4066      0.7890       0.7890    0.1267            1
2021 01 05 29.9837 30.8704 30.4406      0.8220       0.8220    0.1306            1
2021 01 06 29.9390 30.8273 30.3976      0.7780       0.7780    0.1347            1
2021 01 07 29.9932 30.8830 30.4535      0.8329       0.8329    0.1388            1
2021 01 08 29.9267 30.8182 30.3887      0.7671       0.7671    0.1431            1
2021 01 09 30.0027 30.8957 30.4665      0.8437       0.8437    0.1474            1
2021 01 10 29.9148 30.8093 30.3802      0.7563       0.7563    0.1519            1
2021 01 11 30.0125 30.9084 30.4796      0.8545       0.8545    0.1564            1
2021 01 12 29.9030 30.8004 30.3719      0.7455       0.7455    0.1611            1
2021 01 13 30.0221 30.9209 30.4926      0.8650       0.8650    0.1658            1
2021 01 14 29.8918 30.7920 30.3640      0.7350       0.7350    0.1707            1
2021 01 15 30.0319 30.9334 30.5057      0.8754       0.8754    0.1757            1
2021 01 16 29.8808 30.7837 30.3564      0.7246       0.7246    0.1808            1
2021 01 17 30.0416 30.9458 30.5188      0.8856       0.8856    0.1860            1
2021 01 18 29.8703 30.7757 30.3491      0.7144       0.7144    0.1913            1
2021 01 19 30.0512 30.9579 30.5317      0.8955       0.8955    0.1968            1
2021 01 20 29.8602 30.7681 30.3423      0.7045       0.7045    0.2024            1
2021 01 21 30.0609 30.9699 30.5446      0.9052       0.9052    0.2080            1
2021 01 22 29.8505 30.7607 30.3359      0.6948       0.6948    0.2138            1
2021 01 23 30.0704 30.9817 30.5574      0.9146       0.9146    0.2197            1
2021 01 24 29.8413 30.7537 30.3299      0.6854       0.6854    0.2258            1
2021 01 25 30.0798 30.9932 30.5700      0.9237       0.9237    0.2320            1
2021 01 26 29.8327 30.7471 30.3244      0.6763       0.6763    0.2382            1
2021 01 27 30.0891 31.0045 30.5824      0.9325       0.9325    0.2446            1
2021 01 28 29.8245 30.7408 30.3193      0.6675       0.6675    0.2512            1
2021 01 29 30.0983 31.0155 30.5946      0.9409       0.9409    0.2578            1
2021 01 30 29.8169 30.7350 30.3148      0.6591       0.6591    0.2646            1
2021 01 31 30.1073 31.0262 30.6066      0.9490       0.9490    0.2716            1
2021 02 01 29.8098 30.7295 30.3107      0.6510       0.6510    0.2786            1
2021 02 02 30.1161 31.0366 30.6184      0.9567       0.9567    0.2858            1
2021 02 03 29.8033 30.7245 30.3071      0.6433       0.6433    0.2931            1
2021 02 04 30.1246 31.0465 30.6298      0.9639       0.9639    0.3005            1
2021 02 05 29.7975 30.7201 30.3041      0.6361       0.6361    0.3081            1
2021 02 06 30.1328 31.0560 30.6409      0.9707       0.9707    0.3158            1
2021 02 07 29.7922 30.7160 30.3017      0.6293       0.6293    0.3236            1
2021 02 08 30.1409 31.0652 30.6518      0.9771       0.9771    0.3316            1
2021 02 09 29.7876 30.7125 30.2998      0.6229       0.6229    0.3397            1
2021 02 10 30.1488 31.0741 30.6623      0.9831       0.9831    0.3479            1
2021 02 11 29.7836 30.7093 30.2984      0.6169       0.6169    0.3562            1
2021 02 12 30.1562 31.0824 30.6724      0.9885       0.9885    0.3647            1
2021 02 13 29.7803 30.7068 30.2977      0.6115       0.6115    0.3733            1
2021 02 14 30.1635 31.0904 30.6822      0.9936       0.9936    0.3821            1
2021 02 15 29.7775 30.7046 30.2975      0.6064       0.6064    0.3910            1
2021 02 16 30.1704 31.0978 30.6916      0.9981       0.9981    0.4000            1
2021 02 17 29.7755 30.7031 30.2979      0.6019       0.6019    0.4092            1
2021 02 18 30.1770 31.1048 30.7006      1.0021       1.0021    0.4184            1
2021 02 19 29.7742 30.7021 30.2989      0.5979       0.5979    0.4278            1
2021 02 20 30.1834 31.1114 30.7092      1.0057       1.0057    0.4374            1
2021 02 21 29.7734 30.7015 30.3004      0.5943       0.5943    0.4470            1
2021 02 22 30.1894 31.1175 30.7174      1.0088       1.0088    0.4568            1
2021 02 23 29.7733 30.7014 30.3024      0.5912       0.5912    0.4668            1
2021 02 24 30.1951 31.1231 30.7252      1.0114       1.0114    0.4768            1
2021 02 25 29.7739 30.7018 30.3051      0.5886       0.5886    0.4870            1
2021 02 26 30.2003 31.1281 30.7325      1.0134       1.0134    0.4973            1
2021 02 27 29.7752 30.7028 30.3084      0.5866       0.5866    0.5077            1
2021 02 28 30.2055 31.1329 30.7395      1.0151       1.0151    0.5182            1
2021 03 01 29.7770 30.7042 30.3120      0.5849       0.5849    0.5289            1
2021 03 02 30.2101 31.1370 30.7460      1.0162       1.0162    0.5397            1
2021 03 03 29.7796 30.7061 30.3163      0.5838       0.5838    0.5506            1
2021 03 04 30.2144 31.1406 30.7520      1.0168       1.0168    0.5616            1
2021 03 05 29.7828 30.7086 30.3212      0.5832       0.5832    0.5727            1
2021 03 06 30.2185 31.1439 30.7577      1.0170       1.0170    0.5839            1
2021 03 07 29.7865 30.7114 30.3265      0.5830       0.5830    0.5953            1
2021 03 08 30.2222 31.1466 30.7629      1.0167       1.0167    0.6067            1
2021 03 09 29.7909 30.7147 30.3323      0.5833       0.5833    0.6183            1
2021 03 10 30.2257 31.1489 30.7678      1.0160       1.0160    0.6299            1
2021 03 11 29.7958 30.7184 30.3385      0.5840       0.5840    0.6417            1
2021 03 12 30.2288 31.1508 30.7722      1.0149       1.0149    0.6535            1
2021 03 13 29.8012 30.7225 30.3452      0.5851       0.5851    0.6655            1
2021 03 14 30.2317 31.1522 30.7762      1.0133       1.0133    0.6775            1
2021 03 15 29.8073 30.7271 30.3524      0.5867       0.5867    0.6896            1
2021 03 16 30.2342 31.1532 30.7798      1.0113       1.0113    0.7018            1
2021 03 17 29.8139 30.7321 30.3600      0.5887       0.5887    0.7141            1
2021 03 18 30.2364 31.1538 30.7830      1.0089       1.0089    0.7265            1
2021 03 19 29.8210 30.7374 30.3680      0.5911       0.5911    0.7389            1
2021 03 20 30.2385 31.1540 30.7859      1.0062       1.0062    0.7514            1
2021 03 21 29.8285 30.7430 30.3763      0.5938       0.5938    0.7640            1
2021 03 22 30.2402 31.1538 30.7884      1.0031       1.0031    0.7767            1
2021 03 23 29.8365 30.7490 30.3850      0.5969       0.5969    0.7894            1
2021 03 24 30.2417 31.1531 30.7904      0.9996       0.9996    0.8021            1
2021 03 25 29.8450 30.7553 30.3940      0.6004       0.6004    0.8150            1
2021 03 26 30.2431 31.1522 30.7923      0.9959       0.9959    0.8278            1
2021 03 27 29.8538 30.7618 30.4032      0.6041       0.6041    0.8407            1
2021 03 28 30.2441 31.1509 30.7937      0.9918       0.9918    0.8537            1
2021 03 29 29.8631 30.7687 30.4128      0.6082       0.6082    0.8667            1
2021 03 30 30.2450 31.1493 30.7949      0.9875       0.9875    0.8797            1
2021 03 31 29.8727 30.7757 30.4226      0.6125       0.6125    0.8928            1
2021 04 01 30.2458 31.1475 30.7958      0.9830       0.9830    0.9059            1
2021 04 02 29.8825 30.7828 30.4325      0.6170       0.6170    0.9190            1
2021 04 03 30.2464 31.1453 30.7964      0.9782       0.9782    0.9321            1
2021 04 04 29.8927 30.7902 30.4426      0.6218       0.6218    0.9452            1
2021 04 05 30.2468 31.1429 30.7967      0.9732       0.9732    0.9583            1
2021 04 06 29.9032 30.7978 30.4529      0.6268       0.6268    0.9714            1
2021 04 07 30.2471 31.1402 30.7968      0.9680       0.9680    0.9846            1
2021 04 08 29.9139 30.8055 30.4634      0.6320       0.6320    0.9977            1
2021 04 09 30.2473 31.1374 30.7967      0.9627       0.9627    1.0108            2
2021 04 10 29.9247 30.8132 30.4738      0.6373       0.6373    1.0239            2
2021 04 11 30.2474 31.1343 30.7963      0.9572       0.9572    1.0369            2
2021 04 12 29.9358 30.8211 30.4844      0.6428       0.6428    1.0499            2
2021 04 13 30.2474 31.1310 30.7957      0.9516       0.9516    1.0629            2
2021 04 14 29.9471 30.8290 30.4950      0.6484       0.6484    1.0759            2
2021 04 15 30.2474 31.1276 30.7950      0.9459       0.9459    1.0887            2
2021 04 16 29.9584 30.8369 30.5056      0.6541       0.6541    1.1016            2
2021 04 17 30.2474 31.1241 30.7942      0.9402       0.9402    1.1144            2
2021 04 18 29.9698 30.8447 30.5162      0.6598       0.6598    1.1271            2
2021 04 19 30.2473 31.1204 30.7931      0.9344       0.9344    1.1398            2
2021 04 20 29.9813 30.8526 30.5267      0.6656       0.6656    1.1523            2
2021 04 21 30.2472 31.1166 30.7920      0.9286       0.9286    1.1648            2
2021 04 22 29.9928 30.8604 30.5371      0.6714       0.6714    1.1773            2
2021 04 23 30.2471 31.1128 30.7907      0.9228       0.9228    1.1896            2
2021 04 24 30.0043 30.8681 30.5474      0.6772       0.6772    1.2018            2
2021 04 25 30.2470 31.1088 30.7894      0.9170       0.9170    1.2139            2
2021 04 26 30.0158 30.8758 30.5576      0.6830       0.6830    1.2260            2
2021 04 27 30.2468 31.1048 30.7879      0.9112       0.9112    1.2379            2
2021 04 28 30.0273 30.8833 30.5676      0.6888       0.6888    1.2496            2
2021 04 29 30.2468 31.1008 30.7864      0.9055       0.9055    1.2613            2
2021 04 30 30.0386 30.8907 30.5774      0.6945       0.6945    1.2728            2
2021 05 01 30.2469 31.0969 30.7849      0.8999       0.8999    1.2842            2
2021 05 02 30.0499 30.8978 30.5870      0.7001       0.7001    1.2955            2
2021 05 03 30.2469 31.0928 30.7832      0.8943       0.8943    1.3066            2
2021 05 04 30.0611 30.9049 30.5965      0.7057       0.7057    1.3176            2
2021 05 05 30.2471 31.0888 30.7816      0.8889       0.8889    1.3284            2
2021 05 06 30.0720 30.9117 30.6056      0.7111       0.7111    1.3390            2
2021 05 07 30.2473 31.0849 30.7799      0.8836       0.8836    1.3495            2
2021 05 08 30.0828 30.9183 30.6145      0.7164       0.7164    1.3598            2
2021 05 09 30.2476 31.0809 30.7782      0.8784       0.8784    1.3699            2
2021 05 10 30.0935 30.9247 30.6231      0.7216       0.7216    1.3798            2
2021 05 11 30.2480 31.0771 30.7766      0.8734       0.8734    1.3895            2
2021 05 12 30.1039 30.9308 30.6314      0.7266       0.7266    1.3991            2
2021 05 13 30.2485 31.0732 30.7749      0.8685       0.8685    1.4084            2
2021 05 14 30.1141 30.9367 30.6394      0.7315       0.7315    1.4176            2
2021 05 15 30.2491 31.0695 30.7732      0.8638       0.8638    1.4265            2
2021 05 16 30.1241 30.9423 30.6470      0.7362       0.7362    1.4353            2
2021 05 17 30.2497 31.0658 30.7715      0.8592       0.8592    1.4438            2
2021 05 18 30.1339 30.9477 30.6544      0.7408       0.7408    1.4521            2
2021 05 19 30.2504 31.0621 30.7698      0.8548       0.8548    1.4601            2
2021 05 20 30.1434 30.9528 30.6614      0.7452       0.7452    1.4679            2
2021 05 21 30.2514 31.0587 30.7682      0.8507       0.8507    1.4755            2
2021 05 22 30.1525 30.9576 30.6680      0.7493       0.7493    1.4829            2
2021 05 23 30.2523 31.0552 30.7665      0.8467       0.8467    1.4900            2
2021 05 24 30.1614 30.9621 30.6743      0.7533       0.7533    1.4969            2
2021 05 25 30.2533 31.0518 30.7648      0.8428       0.8428    1.5035            2
2021 05 26 30.1701 30.9663 30.6802      0.7572       0.7572    1.5099            2
2021 05 27 30.2544 31.0485 30.7632      0.8392       0.8392    1.5160            2
2021 05 28 30.1784 30.9702 30.6858      0.7608       0.7608    1.5218            2
2021 05 29 30.2557 31.0453 30.7616      0.8358       0.8358    1.5274            2
2021 05 30 30.1864 30.9738 30.6909      0.7642       0.7642    1.5327            2
2021 05 31 30.2570 31.0423 30.7601      0.8326       0.8326    1.5377            2
2021 06 01 30.1940 30.9771 30.6956      0.7674       0.7674    1.5425            2
2021 06 02 30.2583 31.0392 30.7584      0.8295       0.8295    1.5470            2
2021 06 03 30.2015 30.9802 30.7001      0.7705       0.7705    1.5512            2
2021 06 04 30.2597 31.0362 30.7568      0.8266       0.8266    1.5551            2
2021 06 05 30.2086 30.9830 30.7042      0.7734       0.7734    1.5588            2
2021 06 06 30.2611 31.0334 30.7552      0.8239       0.8239    1.5622            2
2021 06 07 30.2153 30.9854 30.7078      0.7761       0.7761    1.5652            2
2021 06 08 30.2626 31.0306 30.7536      0.8214       0.8214    1.5680            2
2021 06 09 30.2218 30.9876 30.7111      0.7786       0.7786    1.5705            2
2021 06 10 30.2641 31.0278 30.7519      0.8190       0.8190    1.5728            2
2021 06 11 30.2280 30.9896 30.7141      0.7810       0.7810    1.5747            2
2021 06 12 30.2656 31.0251 30.7502      0.8168       0.8168    1.5763            2
2021 06 13 30.2338 30.9912 30.7167      0.7832       0.7832    1.5776            2
2021 06 14 30.2671 31.0224 30.7484      0.8147       0.8147    1.5787            2
2021 06 15 30.2394 30.9927 30.7191      0.7853       0.7853    1.5794            2
2021 06 16 30.2686 31.0198 30.7466      0.8128       0.8128    1.5799            2
2021 06 17 30.2446 30.9938 30.7210      0.7872       0.7872    1.5800            2
2021 06 18 30.2700 31.0172 30.7447      0.8110       0.8110    1.5799            2
2021 06 19 30.2496 30.9948 30.7226      0.7890       0.7890    1.5794            2
2021 06 20 30.2713 31.0145 30.7427      0.8092       0.8092    1.5787            2
2021 06 21 30.2544 30.9956 30.7241      0.7908       0.7908    1.5776            2
2021 06 22 30.2726 31.0119 30.7406      0.8076       0.8076    1.5763            2
2021 06 23 30.2588 30.9962 30.7251      0.7924       0.7924    1.5747            2
2021 06 24 30.2739 31.0093 30.7385      0.8061       0.8061    1.5728            2
2021 06 25 30.2630 30.9965 30.7259      0.7939       0.7939    1.5705            2
2021 06 26 30.2750 31.0066 30.7361      0.8046       0.8046    1.5680            2
2021 06 27 30.2670 30.9968 30.7264      0.7954       0.7954    1.5652            2
2021 06 28 30.2758 31.0038 30.7336      0.8031       0.8031    1.5622            2
2021 06 29 30.2708 30.9969 30.7268      0.7969       0.7969    1.5588            2
2021 06 30 30.2767 31.0010 30.7310      0.8017       0.8017    1.5551            2
2021 07 01 30.2743 30.9969 30.7269      0.7983       0.7983    1.5512            2
2021 07 02 30.2773 30.9982 30.7282      0.8003       0.8003    1.5470            2
2021 07 03 30.2777 30.9968 30.7268      0.7997       0.7997    1.5425            2
2021 07 04 30.2779 30.9953 30.7253      0.7990       0.7990    1.5377            2
2021 07 05 30.2807 30.9965 30.7264      0.8010       0.8010    1.5327            2
2021 07 06 30.2781 30.9922 30.7221      0.7976       0.7976    1.5274            2
2021 07 07 30.2837 30.9962 30.7259      0.8024       0.8024    1.5218            2
2021 07 08 30.2782 30.9891 30.7187      0.7962       0.7962    1.5160            2
2021 07 09 30.2865 30.9958 30.7253      0.8038       0.8038    1.5099            2
2021 07 10 30.2780 30.9858 30.7151      0.7947       0.7947    1.5035            2
2021 07 11 30.2892 30.9954 30.7246      0.8053       0.8053    1.4969            2
2021 07 12 30.2776 30.9824 30.7113      0.7932       0.7932    1.4900            2
2021 07 13 30.2917 30.9950 30.7237      0.8068       0.8068    1.4829            2
2021 07 14 30.2769 30.9788 30.7072      0.7916       0.7916    1.4755            2
2021 07 15 30.2941 30.9945 30.7227      0.8084       0.8084    1.4679            2
2021 07 16 30.2759 30.9750 30.7029      0.7899       0.7899    1.4601            2
2021 07 17 30.2964 30.9941 30.7217      0.8101       0.8101    1.4521            2
2021 07 18 30.2746 30.9711 30.6982      0.7881       0.7881    1.4438            2
2021 07 19 30.2986 30.9938 30.7206      0.8119       0.8119    1.4353            2
2021 07 20 30.2731 30.9670 30.6934      0.7863       0.7863    1.4265            2
2021 07 21 30.3006 30.9933 30.7193      0.8137       0.8137    1.4176            2
2021 07 22 30.2711 30.9627 30.6882      0.7842       0.7842    1.4084            2
2021 07 23 30.3027 30.9931 30.7182      0.8158       0.8158    1.3991            2
2021 07 24 30.2690 30.9582 30.6828      0.7821       0.7821    1.3895            2
2021 07 25 30.3046 30.9928 30.7169      0.8179       0.8179    1.3798            2
2021 07 26 30.2664 30.9535 30.6770      0.7798       0.7798    1.3699            2
2021 07 27 30.3066 30.9926 30.7156      0.8202       0.8202    1.3598            2
2021 07 28 30.2635 30.9486 30.6710      0.7774       0.7774    1.3495            2
2021 07 29 30.3084 30.9925 30.7143      0.8226       0.8226    1.3390            2
2021 07 30 30.2601 30.9434 30.6646      0.7747       0.7747    1.3284            2
2021 07 31 30.3103 30.9927 30.7132      0.8253       0.8253    1.3176            2
2021 08 01 30.2566 30.9381 30.6580      0.7720       0.7720    1.3066            2
2021 08 02 30.3121 30.9927 30.7120      0.8280       0.8280    1.2955            2
2021 08 03 30.2525 30.9324 30.6509      0.7690       0.7690    1.2842            2
2021 08 04 30.3139 30.9931 30.7109      0.8310       0.8310    1.2728            2
2021 08 05 30.2481 30.9265 30.6436      0.7658       0.7658    1.2613            2
2021 08 06 30.3158 30.9935 30.7098      0.8342       0.8342    1.2496            2
2021 08 07 30.2434 30.9205 30.6360      0.7625       0.7625    1.2379            2
2021 08 08 30.3176 30.9941 30.7088      0.8375       0.8375    1.2260            2
2021 08 09 30.2382 30.9142 30.6281      0.7590       0.7590    1.2139            2
2021 08 10 30.3193 30.9948 30.7078      0.8410       0.8410    1.2018            2
2021 08 11 30.2327 30.9076 30.6198      0.7553       0.7553    1.1896            2
2021 08 12 30.3211 30.9956 30.7069      0.8447       0.8447    1.1773            2
2021 08 13 30.2268 30.9009 30.6113      0.7514       0.7514    1.1648            2
2021 08 14 30.3230 30.9966 30.7061      0.8486       0.8486    1.1523            2
2021 08 15 30.2205 30.8939 30.6025      0.7473       0.7473    1.1398            2
2021 08 16 30.3248 30.9978 30.7055      0.8527       0.8527    1.1271            2
2021 08 17 30.2139 30.8866 30.5933      0.7430       0.7430    1.1144            2
2021 08 18 30.3266 30.9992 30.7049      0.8570       0.8570    1.1016            2
2021 08 19 30.2068 30.8792 30.5839      0.7385       0.7385    1.0887            2
2021 08 20 30.3285 31.0007 30.7044      0.8615       0.8615    1.0759            2
2021 08 21 30.1995 30.8716 30.5743      0.7339       0.7339    1.0629            2
2021 08 22 30.3303 31.0023 30.7039      0.8661       0.8661    1.0499            2
2021 08 23 30.1918 30.8638 30.5644      0.7291       0.7291    1.0369            2
2021 08 24 30.3321 31.0041 30.7036      0.8709       0.8709    1.0239            2
2021 08 25 30.1838 30.8558 30.5542      0.7241       0.7241    1.0108            2
2021 08 26 30.3340 31.0061 30.7034      0.8759       0.8759    0.9977            1
2021 08 27 30.1755 30.8476 30.5438      0.7190       0.7190    0.9846            1
2021 08 28 30.3358 31.0081 30.7032      0.8810       0.8810    0.9714            1
2021 08 29 30.1669 30.8394 30.5333      0.7138       0.7138    0.9583            1
2021 08 30 30.3376 31.0103 30.7030      0.8862       0.8862    0.9452            1
2021 08 31 30.1580 30.8310 30.5225      0.7084       0.7084    0.9321            1
2021 09 01 30.3394 31.0126 30.7030      0.8916       0.8916    0.9190            1
2021 09 02 30.1488 30.8224 30.5116      0.7029       0.7029    0.9059            1
2021 09 03 30.3411 31.0151 30.7031      0.8971       0.8971    0.8928            1
2021 09 04 30.1394 30.8138 30.5006      0.6973       0.6973    0.8797            1
2021 09 05 30.3428 31.0177 30.7032      0.9027       0.9027    0.8667            1
2021 09 06 30.1297 30.8050 30.4894      0.6916       0.6916    0.8537            1
2021 09 07 30.3445 31.0203 30.7034      0.9084       0.9084    0.8407            1
2021 09 08 30.1199 30.7963 30.4781      0.6859       0.6859    0.8278            1
2021 09 09 30.3460 31.0230 30.7035      0.9141       0.9141    0.8150            1
2021 09 10 30.1098 30.7875 30.4668      0.6801       0.6801    0.8021            1
2021 09 11 30.3475 31.0258 30.7038      0.9199       0.9199    0.7894            1
2021 09 12 30.0997 30.7787 30.4554      0.6743       0.6743    0.7767            1
2021 09 13 30.3488 31.0286 30.7040      0.9257       0.9257    0.7640            1
2021 09 14 30.0894 30.7699 30.4440      0.6685       0.6685    0.7514            1
2021 09 15 30.3501 31.0314 30.7042      0.9315       0.9315    0.7389            1
2021 09 16 30.0789 30.7612 30.4326      0.6627       0.6627    0.7265            1
2021 09 17 30.3512 31.0343 30.7044      0.9373       0.9373    0.7141            1
2021 09 18 30.0684 30.7524 30.4212      0.6569       0.6569    0.7018            1
2021 09 19 30.3522 31.0372 30.7046      0.9431       0.9431    0.6896            1
2021 09 20 30.0579 30.7439 30.4099      0.6512       0.6512    0.6775            1
2021 09 21 30.3530 31.0400 30.7047      0.9488       0.9488    0.6655            1
2021 09 22 30.0474 30.7354 30.3988      0.6456       0.6456    0.6535            1
2021 09 23 30.3536 31.0428 30.7048      0.9544       0.9544    0.6417            1
2021 09 24 30.0368 30.7271 30.3877      0.6401       0.6401    0.6299            1
2021 09 25 30.3541 31.0455 30.7047      0.9599       0.9599    0.6183            1
2021 09 26 30.0262 30.7188 30.3767      0.6346       0.6346    0.6067            1
2021 09 27 30.3544 31.0482 30.7047      0.9654       0.9654    0.5953            1
2021 09 28 30.0158 30.7108 30.3660      0.6294       0.6294    0.5839            1
2021 09 29 30.3544 31.0507 30.7045      0.9706       0.9706    0.5727            1
2021 09 30 30.0054 30.7030 30.3555      0.6243       0.6243    0.5616            1
2021 10 01 30.3541 31.0531 30.7042      0.9757       0.9757    0.5506            1
2021 10 02 29.9952 30.6955 30.3452      0.6194       0.6194    0.5397            1
2021 10 03 30.3537 31.0554 30.7037      0.9806       0.9806    0.5289            1
2021 10 04 29.9850 30.6882 30.3351      0.6147       0.6147    0.5182            1
2021 10 05 30.3529 31.0575 30.7031      0.9853       0.9853    0.5077            1
2021 10 06 29.9752 30.6813 30.3254      0.6103       0.6103    0.4973            1
2021 10 07 30.3518 31.0594 30.7022      0.9897       0.9897    0.4870            1
2021 10 08 29.9654 30.6746 30.3160      0.6061       0.6061    0.4768            1
2021 10 09 30.3505 31.0612 30.7012      0.9939       0.9939    0.4668            1
2021 10 10 29.9560 30.6683 30.3070      0.6022       0.6022    0.4568            1
2021 10 11 30.3488 31.0627 30.7000      0.9978       0.9978    0.4470            1
2021 10 12 29.9468 30.6624 30.2983      0.5986       0.5986    0.4374            1
2021 10 13 30.3467 31.0640 30.6986      1.0014       1.0014    0.4278            1
2021 10 14 29.9378 30.6568 30.2900      0.5953       0.5953    0.4184            1
2021 10 15 30.3444 31.0651 30.6970      1.0047       1.0047    0.4092            1
2021 10 16 29.9293 30.6517 30.2822      0.5924       0.5924    0.4000            1
2021 10 17 30.3416 31.0658 30.6950      1.0076       1.0076    0.3910            1
2021 10 18 29.9210 30.6469 30.2749      0.5898       0.5898    0.3821            1
2021 10 19 30.3385 31.0663 30.6929      1.0102       1.0102    0.3733            1
2021 10 20 29.9132 30.6428 30.2681      0.5877       0.5877    0.3647            1
2021 10 21 30.3349 31.0664 30.6904      1.0123       1.0123    0.3562            1
2021 10 22 29.9057 30.6390 30.2617      0.5859       0.5859    0.3479            1
2021 10 23 30.3310 31.0663 30.6876      1.0141       1.0141    0.3397            1
2021 10 24 29.8986 30.6357 30.2558      0.5845       0.5845    0.3316            1
2021 10 25 30.3267 31.0658 30.6846      1.0155       1.0155    0.3236            1
2021 10 26 29.8920 30.6330 30.2506      0.5836       0.5836    0.3158            1
2021 10 27 30.3219 31.0649 30.6812      1.0164       1.0164    0.3081            1
2021 10 28 29.8858 30.6308 30.2458      0.5831       0.5831    0.3005            1
2021 10 29 30.3168 31.0637 30.6776      1.0169       1.0169    0.2931            1
2021 10 30 29.8800 30.6290 30.2416      0.5830       0.5830    0.2858            1
2021 10 31 30.3112 31.0622 30.6736      1.0170       1.0170    0.2786            1
2021 11 01 29.8748 30.6279 30.2381      0.5834       0.5834    0.2716            1
2021 11 02 30.3052 31.0603 30.6693      1.0166       1.0166    0.2646            1
2021 11 03 29.8701 30.6273 30.2352      0.5843       0.5843    0.2578            1
2021 11 04 30.2988 31.0580 30.6647      1.0157       1.0157    0.2512            1
2021 11 05 29.8660 30.6273 30.2329      0.5857       0.5857    0.2446            1
2021 11 06 30.2918 31.0553 30.6597      1.0143       1.0143    0.2382            1
2021 11 07 29.8623 30.6279 30.2311      0.5875       0.5875    0.2320            1
2021 11 08 30.2846 31.0523 30.6544      1.0125       1.0125    0.2258            1
2021 11 09 29.8592 30.6291 30.2301      0.5899       0.5899    0.2197            1
2021 11 10 30.2767 31.0487 30.6487      1.0101       1.0101    0.2138            1
2021 11 11 29.8567 30.6308 30.2297      0.5927       0.5927    0.2080            1
2021 11 12 30.2686 31.0449 30.6428      1.0073       1.0073    0.2024            1
2021 11 13 29.8546 30.6331 30.2299      0.5960       0.5960    0.1968            1
2021 11 14 30.2600 31.0407 30.6365      1.0040       1.0040    0.1913            1
2021 11 15 29.8532 30.6361 30.2308      0.5998       0.5998    0.1860            1
2021 11 16 30.2510 31.0360 30.6298      1.0002       1.0002    0.1808            1
2021 11 17 29.8523 30.6396 30.2324      0.6041       0.6041    0.1757            1
2021 11 18 30.2416 31.0310 30.6229      0.9959       0.9959    0.1707            1
2021 11 19 29.8521 30.6437 30.2346      0.6089       0.6089    0.1658            1
2021 11 20 30.2318 31.0256 30.6156      0.9911       0.9911    0.1611            1
2021 11 21 29.8523 30.6483 30.2374      0.6141       0.6141    0.1564            1
2021 11 22 30.2216 31.0199 30.6081      0.9859       0.9859    0.1519            1
2021 11 23 29.8531 30.6535 30.2409      0.6198       0.6198    0.1474            1
2021 11 24 30.2111 31.0137 30.6003      0.9802       0.9802    0.1431            1
2021 11 25 29.8545 30.6594 30.2451      0.6260       0.6260    0.1388            1
2021 11 26 30.2002 31.0072 30.5921      0.9740       0.9740    0.1347            1
2021 11 27 29.8565 30.6657 30.2498      0.6326       0.6326    0.1306            1
2021 11 28 30.1890 31.0004 30.5837      0.9674       0.9674    0.1267            1
2021 11 29 29.8590 30.6726 30.2552      0.6397       0.6397    0.1228            1
2021 11 30 30.1774 30.9932 30.5750      0.9603       0.9603    0.1191            1
2021 12 01 29.8620 30.6800 30.2611      0.6471       0.6471    0.1154            1
2021 12 02 30.1656 30.9858 30.5662      0.9529       0.9529    0.1118            1
2021 12 03 29.8656 30.6879 30.2677      0.6550       0.6550    0.1084            1
2021 12 04 30.1535 30.9780 30.5571      0.9450       0.9450    0.1050            1
2021 12 05 29.8696 30.6963 30.2748      0.6632       0.6632    0.1017            1
2021 12 06 30.1412 30.9700 30.5479      0.9368       0.9368    0.0984            1
2021 12 07 29.8742 30.7051 30.2824      0.6718       0.6718    0.0953            1
2021 12 08 30.1286 30.9617 30.5384      0.9282       0.9282    0.0922            1
2021 12 09 29.8793 30.7145 30.2907      0.6808       0.6808    0.0893            1
2021 12 10 30.1158 30.9531 30.5288      0.9192       0.9192    0.0864            1
2021 12 11 29.8847 30.7242 30.2993      0.6900       0.6900    0.0836            1
2021 12 12 30.1029 30.9444 30.5191      0.9100       0.9100    0.0808            1
2021 12 13 29.8907 30.7343 30.3086      0.6996       0.6996    0.0782            1
2021 12 14 30.0898 30.9355 30.5093      0.9004       0.9004    0.0756            1
2021 12 15 29.8971 30.7448 30.3182      0.7094       0.7094    0.0731            1
2021 12 16 30.0766 30.9264 30.4994      0.8906       0.8906    0.0706            1
2021 12 17 29.9039 30.7557 30.3283      0.7195       0.7195    0.0682            1
2021 12 18 30.0633 30.9171 30.4894      0.8805       0.8805    0.0659            1
2021 12 19 29.9110 30.7669 30.3389      0.7298       0.7298    0.0637            1
2021 12 20 30.0499 30.9077 30.4794      0.8702       0.8702    0.0615            1
2021 12 21 29.9185 30.7782 30.3497      0.7402       0.7402    0.0594            1
2021 12 22 30.0367 30.8984 30.4695      0.8598       0.8598    0.0573            1
2021 12 23 29.9264 30.7900 30.3610      0.7509       0.7509    0.0553            1
2021 12 24 30.0233 30.8888 30.4595      0.8491       0.8491    0.0534            1
2021 12 25 29.9346 30.8020 30.3726      0.7617       0.7617    0.0515            1
2021 12 26 30.0099 30.8792 30.4496      0.8383       0.8383    0.0497            1
2021 12 27 29.9429 30.8140 30.3843      0.7725       0.7725    0.0480            1
2021 12 28 29.9968 30.8697 30.4399      0.8275       0.8275    0.0462            1
2021 12 29 29.9517 30.8264 30.3965      0.7835       0.7835    0.0446            1
2021 12 30 29.9836 30.8601 30.4302      0.8165       0.8165    0.0430            1
2021 12 31 29.9661 30.8444 30.4144      0.8000       0.8000    0.0414            1
2022 01 01 29.7851 30.6651 30.2351      0.6200       0.6200    0.1096            1
2022 01 02 29.7842 30.6659 30.2359      0.6200       0.6200    0.1130            1
2022 01 03 29.7943 30.6777 30.2478      0.6310       0.6310    0.1166            1
2022 01 04 29.7715 30.6565 30.2266      0.6090       0.6090    0.1203            1
2022 01 05 29.8037 30.6904 30.2606      0.6420       0.6420    0.1240            1
2022 01 06 29.7590 30.6473 30.2176      0.5980       0.5980    0.1278            1
2022 01 07 29.8132 30.7030 30.2735      0.6529       0.6529    0.1318            1
2022 01 08 29.7467 30.6382 30.2087      0.5871       0.5871    0.1358            1
2022 01 09 29.8227 30.7157 30.2865      0.6637       0.6637    0.1399            1
2022 01 10 29.7348 30.6293 30.2002      0.5763       0.5763    0.1442            1
2022 01 11 29.8325 30.7284 30.2996      0.6745       0.6745    0.1485            1
2022 01 12 29.7230 30.6204 30.1919      0.5655       0.5655    0.1529            1
2022 01 13 29.8421 30.7409 30.3126      0.6850       0.6850    0.1574            1
2022 01 14 29.7118 30.6120 30.1840      0.5550       0.5550    0.1621            1
2022 01 15 29.8519 30.7534 30.3257      0.6954       0.6954    0.1668            1
2022 01 16 29.7008 30.6037 30.1764      0.5446       0.5446    0.1717            1
2022 01 17 29.8616 30.7658 30.3388      0.7056       0.7056    0.1766            1
2022 01 18 29.6903 30.5957 30.1691      0.5344       0.5344    0.1817            1
2022 01 19 29.8712 30.7779 30.3517      0.7155       0.7155    0.1868            1
2022 01 20 29.6802 30.5881 30.1623      0.5245       0.5245    0.1921            1
2022 01 21 29.8809 30.7899 30.3646      0.7252       0.7252    0.1975            1
2022 01 22 29.6705 30.5807 30.1559      0.5148       0.5148    0.2030            1
2022 01 23 29.8904 30.8017 30.3774      0.7346       0.7346    0.2086            1
2022 01 24 29.6613 30.5737 30.1499      0.5054       0.5054    0.2144            1
2022 01 25 29.8998 30.8132 30.3900      0.7437       0.7437    0.2202            1
2022 01 26 29.6527 30.5671 30.1444      0.4963       0.4963    0.2262            1
2022 01 27 29.9091 30.8245 30.4024      0.7525       0.7525    0.2323            1
2022 01 28 29.6445 30.5608 30.1393      0.4875       0.4875    0.2385            1
2022 01 29 29.9183 30.8355 30.4146      0.7609       0.7609    0.2448            1
2022 01 30 29.6369 30.5550 30.1348      0.4791       0.4791    0.2512            1
2022 01 31 29.9273 30.8462 30.4266      0.7690       0.7690    0.2578            1
2022 02 01 29.6298 30.5495 30.1307      0.4710       0.4710    0.2645            1
2022 02 02 29.9361 30.8566 30.4384      0.7767       0.7767    0.2713            1
2022 02 03 29.6233 30.5445 30.1271      0.4633       0.4633    0.2782            1
2022 02 04 29.9446 30.8665 30.4498      0.7839       0.7839    0.2853            1
2022 02 05 29.6175 30.5401 30.1241      0.4561       0.4561    0.2925            1
2022 02 06 29.9528 30.8760 30.4609      0.7907       0.7907    0.2998            1
2022 02 07 29.6122 30.5360 30.1217      0.4493       0.4493    0.3072            1
2022 02 08 29.9609 30.8852 30.4718      0.7971       0.7971    0.3148            1
2022 02 09 29.6076 30.5325 30.1198      0.4429       0.4429    0.3225            1
2022 02 10 29.9688 30.8941 30.4823      0.8031       0.8031    0.3303            1
2022 02 11 29.6036 30.5293 30.1184      0.4369       0.4369    0.3382            1
2022 02 12 29.9762 30.9024 30.4924      0.8085       0.8085    0.3463            1
2022 02 13 29.6003 30.5268 30.1177      0.4315       0.4315    0.3544            1
2022 02 14 29.9835 30.9104 30.5022      0.8136       0.8136    0.3628            1
2022 02 15 29.5975 30.5246 30.1175      0.4264       0.4264    0.3712            1
2022 02 16 29.9904 30.9178 30.5116      0.8181       0.8181    0.3797            1
2022 02 17 29.5955 30.5231 30.1179      0.4219       0.4219    0.3884            1
2022 02 18 29.9970 30.9248 30.5206      0.8221       0.8221    0.3972            1
2022 02 19 29.5942 30.5221 30.1189      0.4179       0.4179    0.4062            1
2022 02 20 30.0034 30.9314 30.5292      0.8257       0.8257    0.4152            1
2022 02 21 29.5934 30.5215 30.1204      0.4143       0.4143    0.4244            1
2022 02 22 30.0094 30.9375 30.5374      0.8288       0.8288    0.4337            1
2022 02 23 29.5933 30.5214 30.1224      0.4112       0.4112    0.4431            1
2022 02 24 30.0151 30.9431 30.5452      0.8314       0.8314    0.4527            1
2022 02 25 29.5939 30.5218 30.1251      0.4086       0.4086    0.4623            1
2022 02 26 30.0203 30.9481 30.5525      0.8334       0.8334    0.4721            1
2022 02 27 29.5952 30.5228 30.1284      0.4066       0.4066    0.4820            1
2022 02 28 30.0255 30.9529 30.5595      0.8351       0.8351    0.4920            1
2022 03 01 29.5970 30.5242 30.1320      0.4049       0.4049    0.5021            1
2022 03 02 30.0301 30.9570 30.5660      0.8362       0.8362    0.5123            1
2022 03 03 29.5996 30.5261 30.1363      0.4038       0.4038    0.5227            1
2022 03 04 30.0344 30.9606 30.5720      0.8368       0.8368    0.5331            1
2022 03 05 29.6028 30.5286 30.1412      0.4032       0.4032    0.5437            1
2022 03 06 30.0385 30.9639 30.5777      0.8370       0.8370    0.5544            1
2022 03 07 29.6065 30.5314 30.1465      0.4030       0.4030    0.5651            1
2022 03 08 30.0422 30.9666 30.5829      0.8367       0.8367    0.5760            1
2022 03 09 29.6109 30.5347 30.1523      0.4033       0.4033    0.5870            1
2022 03 10 30.0457 30.9689 30.5878      0.8360       0.8360    0.5980            1
2022 03 11 29.6158 30.5384 30.1585      0.4040       0.4040    0.6092            1
2022 03 12 30.0488 30.9708 30.5922      0.8349       0.8349    0.6204            1
2022 03 13 29.6212 30.5425 30.1652      0.4051       0.4051    0.6318            1
2022 03 14 30.0517 30.9722 30.5962      0.8333       0.8333    0.6432            1
2022 03 15 29.6273 30.5471 30.1724      0.4067       0.4067    0.6547            1
2022 03 16 30.0542 30.9732 30.5998      0.8313       0.8313    0.6663            1
2022 03 17 29.6339 30.5521 30.1800      0.4087       0.4087    0.6780            1
2022 03 18 30.0564 30.9738 30.6030      0.8289       0.8289    0.6897            1
2022 03 19 29.6410 30.5574 30.1880      0.4111       0.4111    0.7015            1
2022 03 20 30.0585 30.9740 30.6059      0.8262       0.8262    0.7134            1
2022 03 21 29.6485 30.5630 30.1963      0.4138       0.4138    0.7253            1
2022 03 22 30.0602 30.9738 30.6084      0.8231       0.8231    0.7373            1
2022 03 23 29.6565 30.5690 30.2050      0.4169       0.4169    0.7494            1
2022 03 24 30.0617 30.9731 30.6104      0.8196       0.8196    0.7615            1
2022 03 25 29.6650 30.5753 30.2140      0.4204       0.4204    0.7737            1
2022 03 26 30.0631 30.9722 30.6123      0.8159       0.8159    0.7859            1
2022 03 27 29.6738 30.5818 30.2232      0.4241       0.4241    0.7982            1
2022 03 28 30.0641 30.9709 30.6137      0.8118       0.8118    0.8105            1
2022 03 29 29.6831 30.5887 30.2328      0.4282       0.4282    0.8228            1
2022 03 30 30.0650 30.9693 30.6149      0.8075       0.8075    0.8352            1
2022 03 31 29.6927 30.5957 30.2426      0.4325       0.4325    0.8476            1
2022 04 01 30.0658 30.9675 30.6158      0.8030       0.8030    0.8600            1
2022 04 02 29.7025 30.6028 30.2525      0.4370       0.4370    0.8724            1
2022 04 03 30.0664 30.9653 30.6164      0.7982       0.7982    0.8849            1
2022 04 04 29.7127 30.6102 30.2626      0.4418       0.4418    0.8973            1
2022 04 05 30.0668 30.9629 30.6167      0.7932       0.7932    0.9098            1
2022 04 06 29.7232 30.6178 30.2729      0.4468       0.4468    0.9223            1
2022 04 07 30.0671 30.9602 30.6168      0.7880       0.7880    0.9347            1
2022 04 08 29.7339 30.6255 30.2834      0.4520       0.4520    0.9472            1
2022 04 09 30.0673 30.9574 30.6167      0.7827       0.7827    0.9596            1
2022 04 10 29.7447 30.6332 30.2938      0.4573       0.4573    0.9720            1
2022 04 11 30.0674 30.9543 30.6163      0.7772       0.7772    0.9844            1
2022 04 12 29.7558 30.6411 30.3044      0.4628       0.4628    0.9968            1
2022 04 13 30.0674 30.9510 30.6157      0.7716       0.7716    1.0091            2
2022 04 14 29.7671 30.6490 30.3150      0.4684       0.4684    1.0214            2
2022 04 15 30.0674 30.9476 30.6150      0.7659       0.7659    1.0336            2
2022 04 16 29.7784 30.6569 30.3256      0.4741       0.4741    1.0458            2
2022 04 17 30.0674 30.9441 30.6142      0.7602       0.7602    1.0580            2
2022 04 18 29.7898 30.6647 30.3362      0.4798       0.4798    1.0700            2
2022 04 19 30.0673 30.9404 30.6131      0.7544       0.7544    1.0820            2
2022 04 20 29.8013 30.6726 30.3467      0.4856       0.4856    1.0940            2
2022 04 21 30.0672 30.9366 30.6120      0.7486       0.7486    1.1059            2
2022 04 22 29.8128 30.6804 30.3571      0.4914       0.4914    1.1176            2
2022 04 23 30.0671 30.9328 30.6107      0.7428       0.7428    1.1293            2
2022 04 24 29.8243 30.6881 30.3674      0.4972       0.4972    1.1410            2
2022 04 25 30.0670 30.9288 30.6094      0.7370       0.7370    1.1525            2
2022 04 26 29.8358 30.6958 30.3776      0.5030       0.5030    1.1639            2
2022 04 27 30.0668 30.9248 30.6079      0.7312       0.7312    1.1752            2
2022 04 28 29.8473 30.7033 30.3876      0.5088       0.5088    1.1864            2
2022 04 29 30.0668 30.9208 30.6064      0.7255       0.7255    1.1974            2
2022 04 30 29.8586 30.7107 30.3974      0.5145       0.5145    1.2084            2
2022 05 01 30.0669 30.9169 30.6049      0.7199       0.7199    1.2192            2
2022 05 02 29.8699 30.7178 30.4070      0.5201       0.5201    1.2299            2
2022 05 03 30.0669 30.9128 30.6032      0.7143       0.7143    1.2404            2
2022 05 04 29.8811 30.7249 30.4165      0.5257       0.5257    1.2508            2
2022 05 05 30.0671 30.9088 30.6016      0.7089       0.7089    1.2611            2
2022 05 06 29.8920 30.7317 30.4256      0.5311       0.5311    1.2712            2
2022 05 07 30.0673 30.9049 30.5999      0.7036       0.7036    1.2811            2
2022 05 08 29.9028 30.7383 30.4345      0.5364       0.5364    1.2909            2
2022 05 09 30.0676 30.9009 30.5982      0.6984       0.6984    1.3005            2
2022 05 10 29.9135 30.7447 30.4431      0.5416       0.5416    1.3099            2
2022 05 11 30.0680 30.8971 30.5966      0.6934       0.6934    1.3192            2
2022 05 12 29.9239 30.7508 30.4514      0.5466       0.5466    1.3283            2
2022 05 13 30.0685 30.8932 30.5949      0.6885       0.6885    1.3371            2
2022 05 14 29.9341 30.7567 30.4594      0.5515       0.5515    1.3458            2
2022 05 15 30.0691 30.8895 30.5932      0.6838       0.6838    1.3543            2
2022 05 16 29.9441 30.7623 30.4670      0.5562       0.5562    1.3626            2
2022 05 17 30.0697 30.8858 30.5915      0.6792       0.6792    1.3707            2
2022 05 18 29.9539 30.7677 30.4744      0.5608       0.5608    1.3785            2
2022 05 19 30.0704 30.8821 30.5898      0.6748       0.6748    1.3862            2
2022 05 20 29.9634 30.7728 30.4814      0.5652       0.5652    1.3936            2
2022 05 21 30.0714 30.8787 30.5882      0.6707       0.6707    1.4008            2
2022 05 22 29.9725 30.7776 30.4880      0.5693       0.5693    1.4078            2
2022 05 23 30.0723 30.8752 30.5865      0.6667       0.6667    1.4146            2
2022 05 24 29.9814 30.7821 30.4943      0.5733       0.5733    1.4211            2
2022 05 25 30.0733 30.8718 30.5848      0.6628       0.6628    1.4274            2
2022 05 26 29.9901 30.7863 30.5002      0.5772       0.5772    1.4334            2
2022 05 27 30.0744 30.8685 30.5832      0.6592       0.6592    1.4392            2
2022 05 28 29.9984 30.7902 30.5058      0.5808       0.5808    1.4447            2
2022 05 29 30.0757 30.8653 30.5816      0.6558       0.6558    1.4500            2
2022 05 30 30.0064 30.7938 30.5109      0.5842       0.5842    1.4551            2
2022 05 31 30.0770 30.8623 30.5801      0.6526       0.6526    1.4599            2
2022 06 01 30.0140 30.7971 30.5156      0.5874       0.5874    1.4644            2
2022 06 02 30.0783 30.8592 30.5784      0.6495       0.6495    1.4687            2
2022 06 03 30.0215 30.8002 30.5201      0.5905       0.5905    1.4727            2
2022 06 04 30.0797 30.8562 30.5768      0.6466       0.6466    1.4764            2
2022 06 05 30.0286 30.8030 30.5242      0.5934       0.5934    1.4799            2
2022 06 06 30.0811 30.8534 30.5752      0.6439       0.6439    1.4831            2
2022 06 07 30.0353 30.8054 30.5278      0.5961       0.5961    1.4860            2
2022 06 08 30.0826 30.8506 30.5736      0.6414       0.6414    1.4886            2
2022 06 09 30.0418 30.8076 30.5311      0.5986       0.5986    1.4910            2
2022 06 10 30.0841 30.8478 30.5719      0.6390       0.6390    1.4931            2
2022 06 11 30.0480 30.8096 30.5341      0.6010       0.6010    1.4949            2
2022 06 12 30.0856 30.8451 30.5702      0.6368       0.6368    1.4965            2
2022 06 13 30.0538 30.8112 30.5367      0.6032       0.6032    1.4977            2
2022 06 14 30.0871 30.8424 30.5684      0.6347       0.6347    1.4987            2
2022 06 15 30.0594 30.8127 30.5391      0.6053       0.6053    1.4994            2
2022 06 16 30.0886 30.8398 30.5666      0.6328       0.6328    1.4999            2
2022 06 17 30.0646 30.8138 30.5410      0.6072       0.6072    1.5000            2
2022 06 18 30.0900 30.8372 30.5647      0.6310       0.6310    1.4999            2
2022 06 19 30.0696 30.8148 30.5426      0.6090       0.6090    1.4994            2
2022 06 20 30.0913 30.8345 30.5627      0.6292       0.6292    1.4987            2
2022 06 21 30.0744 30.8156 30.5441      0.6108       0.6108    1.4977            2
2022 06 22 30.0926 30.8319 30.5606      0.6276       0.6276    1.4965            2
2022 06 23 30.0788 30.8162 30.5451      0.6124       0.6124    1.4949            2
2022 06 24 30.0939 30.8293 30.5585      0.6261       0.6261    1.4931            2
2022 06 25 30.0830 30.8165 30.5459      0.6139       0.6139    1.4910            2
2022 06 26 30.0950 30.8266 30.5561      0.6246       0.6246    1.4886            2
2022 06 27 30.0870 30.8168 30.5464      0.6154       0.6154    1.4860            2
2022 06 28 30.0958 30.8238 30.5536      0.6231       0.6231    1.4831            2
2022 06 29 30.0908 30.8169 30.5468      0.6169       0.6169    1.4799            2
2022 06 30 30.0967 30.8210 30.5510      0.6217       0.6217    1.4764            2
2022 07 01 30.0943 30.8169 30.5469      0.6183       0.6183    1.4727            2
2022 07 02 30.0973 30.8182 30.5482      0.6203       0.6203    1.4687            2
2022 07 03 30.0977 30.8168 30.5468      0.6197       0.6197    1.4644            2
2022 07 04 30.0979 30.8153 30.5453      0.6190       0.6190    1.4599            2
2022 07 05 30.1007 30.8165 30.5464      0.6210       0.6210    1.4551            2
2022 07 06 30.0981 30.8122 30.5421      0.6176       0.6176    1.4500            2
2022 07 07 30.1037 30.8162 30.5459      0.6224       0.6224    1.4447            2
2022 07 08 30.0982 30.8091 30.5387      0.6162       0.6162    1.4392            2
2022 07 09 30.1065 30.8158 30.5453      0.6238       0.6238    1.4334            2
2022 07 10 30.0980 30.8058 30.5351      0.6147       0.6147    1.4274            2
2022 07 11 30.1092 30.8154 30.5446      0.6253       0.6253    1.4211            2
2022 07 12 30.0976 30.8024 30.5313      0.6132       0.6132    1.4146            2
2022 07 13 30.1117 30.8150 30.5437      0.6268       0.6268    1.4078            2
2022 07 14 30.0969 30.7988 30.5272      0.6116       0.6116    1.4008            2
2022 07 15 30.1141 30.8145 30.5427      0.6284       0.6284    1.3936            2
2022 07 16 30.0959 30.7950 30.5229      0.6099       0.6099    1.3862            2
2022 07 17 30.1164 30.8141 30.5417      0.6301       0.6301    1.3785            2
2022 07 18 30.0946 30.7911 30.5182      0.6081       0.6081    1.3707            2
2022 07 19 30.1186 30.8138 30.5406      0.6319       0.6319    1.3626            2
2022 07 20 30.0931 30.7870 30.5134      0.6063       0.6063    1.3543            2
2022 07 21 30.1206 30.8133 30.5393      0.6337       0.6337    1.3458            2
2022 07 22 30.0911 30.7827 30.5082      0.6042       0.6042    1.3371            2
2022 07 23 30.1227 30.8131 30.5382      0.6358       0.6358    1.3283            2
2022 07 24 30.0890 30.7782 30.5028      0.6021       0.6021    1.3192            2
2022 07 25 30.1246 30.8128 30.5369      0.6379       0.6379    1.3099            2
2022 07 26 30.0864 30.7735 30.4970      0.5998       0.5998    1.3005            2
2022 07 27 30.1266 30.8126 30.5356      0.6402       0.6402    1.2909            2
2022 07 28 30.0835 30.7686 30.4910      0.5974       0.5974    1.2811            2
2022 07 29 30.1284 30.8125 30.5343      0.6426       0.6426    1.2712            2
2022 07 30 30.0801 30.7634 30.4846      0.5947       0.5947    1.2611            2
2022 07 31 30.1303 30.8127 30.5332      0.6453       0.6453    1.2508            2
2022 08 01 30.0766 30.7581 30.4780      0.5920       0.5920    1.2404            2
2022 08 02 30.1321 30.8127 30.5320      0.6480       0.6480    1.2299            2
2022 08 03 30.0725 30.7524 30.4709      0.5890       0.5890    1.2192            2
2022 08 04 30.1339 30.8131 30.5309      0.6510       0.6510    1.2084            2
2022 08 05 30.0681 30.7465 30.4636      0.5858       0.5858    1.1974            2
2022 08 06 30.1358 30.8135 30.5298      0.6542       0.6542    1.1864            2
2022 08 07 30.0634 30.7405 30.4560      0.5825       0.5825    1.1752            2
2022 08 08 30.1376 30.8141 30.5288      0.6575       0.6575    1.1639            2
2022 08 09 30.0582 30.7342 30.4481      0.5790       0.5790    1.1525            2
2022 08 10 30.1393 30.8148 30.5278      0.6610       0.6610    1.1410            2
2022 08 11 30.0527 30.7276 30.4398      0.5753       0.5753    1.1293            2
2022 08 12 30.1411 30.8156 30.5269      0.6647       0.6647    1.1176            2
2022 08 13 30.0468 30.7209 30.4313      0.5714       0.5714    1.1059            2
2022 08 14 30.1430 30.8166 30.5261      0.6686       0.6686    1.0940            2
2022 08 15 30.0405 30.7139 30.4225      0.5673       0.5673    1.0820            2
2022 08 16 30.1448 30.8178 30.5255      0.6727       0.6727    1.0700            2
2022 08 17 30.0339 30.7066 30.4133      0.5630       0.5630    1.0580            2
2022 08 18 30.1466 30.8192 30.5249      0.6770       0.6770    1.0458            2
2022 08 19 30.0268 30.6992 30.4039      0.5585       0.5585    1.0336            2
2022 08 20 30.1485 30.8207 30.5244      0.6815       0.6815    1.0214            2
2022 08 21 30.0195 30.6916 30.3943      0.5539       0.5539    1.0091            2
2022 08 22 30.1503 30.8223 30.5239      0.6861       0.6861    0.9968            1
2022 08 23 30.0118 30.6838 30.3844      0.5491       0.5491    0.9844            1
2022 08 24 30.1521 30.8241 30.5236      0.6909       0.6909    0.9720            1
2022 08 25 30.0038 30.6758 30.3742      0.5441       0.5441    0.9596            1
2022 08 26 30.1540 30.8261 30.5234      0.6959       0.6959    0.9472            1
2022 08 27 29.9955 30.6676 30.3638      0.5390       0.5390    0.9347            1
2022 08 28 30.1558 30.8281 30.5232      0.7010       0.7010    0.9223            1
2022 08 29 29.9869 30.6594 30.3533      0.5338       0.5338    0.9098            1
2022 08 30 30.1576 30.8303 30.5230      0.7062       0.7062    0.8973            1
2022 08 31 29.9780 30.6510 30.3425      0.5284       0.5284    0.8849            1
2022 09 01 30.1594 30.8326 30.5230      0.7116       0.7116    0.8724            1
2022 09 02 29.9688 30.6424 30.3316      0.5229       0.5229    0.8600            1
2022 09 03 30.1611 30.8351 30.5231      0.7171       0.7171    0.8476            1
2022 09 04 29.9594 30.6338 30.3206      0.5173       0.5173    0.8352            1
2022 09 05 30.1628 30.8377 30.5232      0.7227       0.7227    0.8228            1
2022 09 06 29.9497 30.6250 30.3094      0.5116       0.5116    0.8105            1
2022 09 07 30.1645 30.8403 30.5234      0.7284       0.7284    0.7982            1
2022 09 08 29.9399 30.6163 30.2981      0.5059       0.5059    0.7859            1
2022 09 09 30.1660 30.8430 30.5235      0.7341       0.7341    0.7737            1
2022 09 10 29.9298 30.6075 30.2868      0.5001       0.5001    0.7615            1
2022 09 11 30.1675 30.8458 30.5238      0.7399       0.7399    0.7494            1
2022 09 12 29.9197 30.5987 30.2754      0.4943       0.4943    0.7373            1
2022 09 13 30.1688 30.8486 30.5240      0.7457       0.7457    0.7253            1
2022 09 14 29.9094 30.5899 30.2640      0.4885       0.4885    0.7134            1
2022 09 15 30.1701 30.8514 30.5242      0.7515       0.7515    0.7015            1
2022 09 16 29.8989 30.5812 30.2526      0.4827       0.4827    0.6897            1
2022 09 17 30.1712 30.8543 30.5244      0.7573       0.7573    0.6780            1
2022 09 18 29.8884 30.5724 30.2412      0.4769       0.4769    0.6663            1
2022 09 19 30.1722 30.8572 30.5246      0.7631       0.7631    0.6547            1
2022 09 20 29.8779 30.5639 30.2299      0.4712       0.4712    0.6432            1
2022 09 21 30.1730 30.8600 30.5247      0.7688       0.7688    0.6318            1
2022 09 22 29.8674 30.5554 30.2188      0.4656       0.4656    0.6204            1
2022 09 23 30.1736 30.8628 30.5248      0.7744       0.7744    0.6092            1
2022 09 24 29.8568 30.5471 30.2077      0.4601       0.4601    0.5980            1
2022 09 25 30.1741 30.8655 30.5247      0.7799       0.7799    0.5870            1
2022 09 26 29.8462 30.5388 30.1967      0.4546       0.4546    0.5760            1
2022 09 27 30.1744 30.8682 30.5247      0.7854       0.7854    0.5651            1
2022 09 28 29.8358 30.5308 30.1860      0.4494       0.4494    0.5544            1
2022 09 29 30.1744 30.8707 30.5245      0.7906       0.7906    0.5437            1
2022 09 30 29.8254 30.5230 30.1755      0.4443       0.4443    0.5331            1
2022 10 01 30.1741 30.8731 30.5242      0.7957       0.7957    0.5227            1
2022 10 02 29.8152 30.5155 30.1652      0.4394       0.4394    0.5123            1
2022 10 03 30.1737 30.8754 30.5237      0.8006       0.8006    0.5021            1
2022 10 04 29.8050 30.5082 30.1551      0.4347       0.4347    0.4920            1
2022 10 05 30.1729 30.8775 30.5231      0.8053       0.8053    0.4820            1
2022 10 06 29.7952 30.5013 30.1454      0.4303       0.4303    0.4721            1
2022 10 07 30.1718 30.8794 30.5222      0.8097       0.8097    0.4623            1
2022 10 08 29.7854 30.4946 30.1360      0.4261       0.4261    0.4527            1
2022 10 09 30.1705 30.8812 30.5212      0.8139       0.8139    0.4431            1
2022 10 10 29.7760 30.4883 30.1270      0.4222       0.4222    0.4337            1
2022 10 11 30.1688 30.8827 30.5200      0.8178       0.8178    0.4244            1
2022 10 12 29.7668 30.4824 30.1183      0.4186       0.4186    0.4152            1
2022 10 13 30.1667 30.8840 30.5186      0.8214       0.8214    0.4062            1
2022 10 14 29.7578 30.4768 30.1100      0.4153       0.4153    0.3972            1
2022 10 15 30.1644 30.8851 30.5170      0.8247       0.8247    0.3884            1
2022 10 16 29.7493 30.4717 30.1022      0.4124       0.4124    0.3797            1
2022 10 17 30.1616 30.8858 30.5150      0.8276       0.8276    0.3712            1
2022 10 18 29.7410 30.4669 30.0949      0.4098       0.4098    0.3628            1
2022 10 19 30.1585 30.8863 30.5129      0.8302       0.8302    0.3544            1
2022 10 20 29.7332 30.4628 30.0881      0.4077       0.4077    0.3463            1
2022 10 21 30.1549 30.8864 30.5104      0.8323       0.8323    0.3382            1
2022 10 22 29.7257 30.4590 30.0817      0.4059       0.4059    0.3303            1
2022 10 23 30.1510 30.8863 30.5076      0.8341       0.8341    0.3225            1
2022 10 24 29.7186 30.4557 30.0758      0.4045       0.4045    0.3148            1
2022 10 25 30.1467 30.8858 30.5046      0.8355       0.8355    0.3072            1
2022 10 26 29.7120 30.4530 30.0706      0.4036       0.4036    0.2998            1
2022 10 27 30.1419 30.8849 30.5012      0.8364       0.8364    0.2925            1
2022 10 28 29.7058 30.4508 30.0658      0.4031       0.4031    0.2853            1
2022 10 29 30.1368 30.8837 30.4976      0.8369       0.8369    0.2782            1
2022 10 30 29.7000 30.4490 30.0616      0.4030       0.4030    0.2713            1
2022 10 31 30.1312 30.8822 30.4936      0.8370       0.8370    0.2645            1
2022 11 01 29.6948 30.4479 30.0581      0.4034       0.4034    0.2578            1
2022 11 02 30.1252 30.8803 30.4893      0.8366       0.8366    0.2512            1
2022 11 03 29.6901 30.4473 30.0552      0.4043       0.4043    0.2448            1
2022 11 04 30.1188 30.8780 30.4847      0.8357       0.8357    0.2385            1
2022 11 05 29.6860 30.4473 30.0529      0.4057       0.4057    0.2323            1
2022 11 06 30.1118 30.8753 30.4797      0.8343       0.8343    0.2262            1
2022 11 07 29.6823 30.4479 30.0511      0.4075       0.4075    0.2202            1
2022 11 08 30.1046 30.8723 30.4744      0.8325       0.8325    0.2144            1
2022 11 09 29.6792 30.4491 30.0501      0.4099       0.4099    0.2086            1
2022 11 10 30.0967 30.8687 30.4687      0.8301       0.8301    0.2030            1
2022 11 11 29.6767 30.4508 30.0497      0.4127       0.4127    0.1975            1
2022 11 12 30.0886 30.8649 30.4628      0.8273       0.8273    0.1921            1
2022 11 13 29.6746 30.4531 30.0499      0.4160       0.4160    0.1868            1
2022 11 14 30.0800 30.8607 30.4565      0.8240       0.8240    0.1817            1
2022 11 15 29.6732 30.4561 30.0508      0.4198       0.4198    0.1766            1
2022 11 16 30.0710 30.8560 30.4498      0.8202       0.8202    0.1717            1
2022 11 17 29.6723 30.4596 30.0524      0.4241       0.4241    0.1668            1
2022 11 18 30.0616 30.8510 30.4429      0.8159       0.8159    0.1621            1
2022 11 19 29.6721 30.4637 30.0546      0.4289       0.4289    0.1574            1
2022 11 20 30.0518 30.8456 30.4356      0.8111       0.8111    0.1529            1
2022 11 21 29.6723 30.4683 30.0574      0.4341       0.4341    0.1485            1
2022 11 22 30.0416 30.8399 30.4281      0.8059       0.8059    0.1442            1
2022 11 23 29.6731 30.4735 30.0609      0.4398       0.4398    0.1399            1
2022 11 24 30.0311 30.8337 30.4203      0.8002       0.8002    0.1358            1
2022 11 25 29.6745 30.4794 30.0651      0.4460       0.4460    0.1318            1
2022 11 26 30.0202 30.8272 30.4121      0.7940       0.7940    0.1278            1
2022 11 27 29.6765 30.4857 30.0698      0.4526       0.4526    0.1240            1
2022 11 28 30.0090 30.8204 30.4037      0.7874       0.7874    0.1203            1
2022 11 29 29.6790 30.4926 30.0752      0.4597       0.4597    0.1166            1
2022 11 30 29.9974 30.8132 30.3950      0.7803       0.7803    0.1130            1
2022 12 01 29.6820 30.5000 30.0811      0.4671       0.4671    0.1096            1
2022 12 02 29.9856 30.8058 30.3862      0.7729       0.7729    0.1062            1
2022 12 03 29.6856 30.5079 30.0877      0.4750       0.4750    0.1029            1
2022 12 04 29.9735 30.7980 30.3771      0.7650       0.7650    0.0996            1
2022 12 05 29.6896 30.5163 30.0948      0.4832       0.4832    0.0965            1
2022 12 06 29.9612 30.7900 30.3679      0.7568       0.7568    0.0935            1
2022 12 07 29.6942 30.5251 30.1024      0.4918       0.4918    0.0905            1
2022 12 08 29.9486 30.7817 30.3584      0.7482       0.7482    0.0876            1
2022 12 09 29.6993 30.5345 30.1107      0.5008       0.5008    0.0848            1
2022 12 10 29.9358 30.7731 30.3488      0.7392       0.7392    0.0820            1
2022 12 11 29.7047 30.5442 30.1193      0.5100       0.5100    0.0793            1
2022 12 12 29.9229 30.7644 30.3391      0.7300       0.7300    0.0767            1
2022 12 13 29.7107 30.5543 30.1286      0.5196       0.5196    0.0742            1
2022 12 14 29.9098 30.7555 30.3293      0.7204       0.7204    0.0718            1
2022 12 15 29.7171 30.5648 30.1382      0.5294       0.5294    0.0694            1
2022 12 16 29.8966 30.7464 30.3194      0.7106       0.7106    0.0670            1
2022 12 17 29.7239 30.5757 30.1483      0.5395       0.5395    0.0648            1
2022 12 18 29.8833 30.7371 30.3094      0.7005       0.7005    0.0626            1
2022 12 19 29.7310 30.5869 30.1589      0.5498       0.5498    0.0605            1
2022 12 20 29.8699 30.7277 30.2994      0.6902       0.6902    0.0584            1
2022 12 21 29.7385 30.5982 30.1697      0.5602       0.5602    0.0564            1
2022 12 22 29.8567 30.7184 30.2895      0.6798       0.6798    0.0544            1
2022 12 23 29.7464 30.6100 30.1810      0.5709       0.5709    0.0525            1
2022 12 24 29.8433 30.7088 30.2795      0.6691       0.6691    0.0507            1
2022 12 25 29.7546 30.6220 30.1926      0.5817       0.5817    0.0489            1
2022 12 26 29.8299 30.6992 30.2696      0.6583       0.6583    0.0472            1
2022 12 27 29.7629 30.6340 30.2043      0.5925       0.5925    0.0455            1
2022 12 28 29.8168 30.6897 30.2599      0.6475       0.6475    0.0439            1
2022 12 29 29.7717 30.6464 30.2165      0.6035       0.6035    0.0423            1
2022 12 30 29.8036 30.6801 30.2502      0.6365       0.6365    0.0408            1
2022 12 31 29.7861 30.6644 30.2344      0.6200       0.6200    0.0393            1
2023 01 01 29.8051 30.6851 30.2551      0.6400       0.6400    0.1015            1
2023 01 02 29.8042 30.6859 30.2559      0.6400       0.6400    0.1048            1
2023 01 03 29.8143 30.6977 30.2678      0.6510       0.6510    0.1081            1
2023 01 04 29.7915 30.6765 30.2466      0.6290       0.6290    0.1114            1
2023 01 05 29.8237 30.7104 30.2806      0.6620       0.6620    0.1149            1
2023 01 06 29.7790 30.6673 30.2376      0.6180       0.6180    0.1185            1
2023 01 07 29.8332 30.7230 30.2935      0.6729       0.6729    0.1221            1
2023 01 08 29.7667 30.6582 30.2287      0.6071       0.6071    0.1259            1
2023 01 09 29.8427 30.7357 30.3065      0.6837       0.6837    0.1297            1
2023 01 10 29.7548 30.6493 30.2202      0.5963       0.5963    0.1336            1
2023 01 11 29.8525 30.7484 30.3196      0.6945       0.6945    0.1376            1
2023 01 12 29.7430 30.6404 30.2119      0.5855       0.5855    0.1417            1
2023 01 13 29.8621 30.7609 30.3326      0.7050       0.7050    0.1459            1
2023 01 14 29.7318 30.6320 30.2040      0.5750       0.5750    0.1502            1
2023 01 15 29.8719 30.7734 30.3457      0.7154       0.7154    0.1546            1
2023 01 16 29.7208 30.6237 30.1964      0.5646       0.5646    0.1591            1
2023 01 17 29.8816 30.7858 30.3588      0.7256       0.7256    0.1636            1
2023 01 18 29.7103 30.6157 30.1891      0.5544       0.5544    0.1683            1
2023 01 19 29.8912 30.7979 30.3717      0.7355       0.7355    0.1731            1
2023 01 20 29.7002 30.6081 30.1823      0.5445       0.5445    0.1780            1
2023 01 21 29.9009 30.8099 30.3846      0.7452       0.7452    0.1830            1
2023 01 22 29.6905 30.6007 30.1759      0.5348       0.5348    0.1881            1
2023 01 23 29.9104 30.8217 30.3974      0.7546       0.7546    0.1933            1
2023 01 24 29.6813 30.5937 30.1699      0.5254       0.5254    0.1986            1
2023 01 25 29.9198 30.8332 30.4100      0.7637       0.7637    0.2041            1
2023 01 26 29.6727 30.5871 30.1644      0.5163       0.5163    0.2096            1
2023 01 27 29.9291 30.8445 30.4224      0.7725       0.7725    0.2152            1
2023 01 28 29.6645 30.5808 30.1593      0.5075       0.5075    0.2210            1
2023 01 29 29.9383 30.8555 30.4346      0.7809       0.7809    0.2268            1
2023 01 30 29.6569 30.5750 30.1548      0.4991       0.4991    0.2328            1
2023 01 31 29.9473 30.8662 30.4466      0.7890       0.7890    0.2389            1
2023 02 01 29.6498 30.5695 30.1507      0.4910       0.4910    0.2451            1
2023 02 02 29.9561 30.8766 30.4584      0.7967       0.7967    0.2514            1
2023 02 03 29.6433 30.5645 30.1471      0.4833       0.4833    0.2578            1
2023 02 04 29.9646 30.8865 30.4698      0.8039       0.8039    0.2644            1
2023 02 05 29.6375 30.5601 30.1441      0.4761       0.4761    0.2710            1
2023 02 06 29.9728 30.8960 30.4809      0.8107       0.8107    0.2778            1
2023 02 07 29.6322 30.5560 30.1417      0.4693       0.4693    0.2847            1
2023 02 08 29.9809 30.9052 30.4918      0.8171       0.8171    0.2917            1
2023 02 09 29.6276 30.5525 30.1398      0.4629       0.4629    0.2988            1
2023 02 10 29.9888 30.9141 30.5023      0.8231       0.8231    0.3060            1
2023 02 11 29.6236 30.5493 30.1384      0.4569       0.4569    0.3134            1
2023 02 12 29.9962 30.9224 30.5124      0.8285       0.8285    0.3209            1
2023 02 13 29.6203 30.5468 30.1377      0.4515       0.4515    0.3285            1
2023 02 14 30.0035 30.9304 30.5222      0.8336       0.8336    0.3362            1
2023 02 15 29.6175 30.5446 30.1375      0.4464       0.4464    0.3440            1
2023 02 16 30.0104 30.9378 30.5316      0.8381       0.8381    0.3519            1
2023 02 17 29.6155 30.5431 30.1379      0.4419       0.4419    0.3599            1
2023 02 18 30.0170 30.9448 30.5406      0.8421       0.8421    0.3681            1
2023 02 19 29.6142 30.5421 30.1389      0.4379       0.4379    0.3764            1
2023 02 20 30.0234 30.9514 30.5492      0.8457       0.8457    0.3848            1
2023 02 21 29.6134 30.5415 30.1404      0.4343       0.4343    0.3933            1
2023 02 22 30.0294 30.9575 30.5574      0.8488       0.8488    0.4019            1
2023 02 23 29.6133 30.5414 30.1424      0.4312       0.4312    0.4106            1
2023 02 24 30.0351 30.9631 30.5652      0.8514       0.8514    0.4195            1
2023 02 25 29.6139 30.5418 30.1451      0.4286       0.4286    0.4284            1
2023 02 26 30.0403 30.9681 30.5725      0.8534       0.8534    0.4375            1
2023 02 27 29.6152 30.5428 30.1484      0.4266       0.4266    0.4466            1
2023 02 28 30.0455 30.9729 30.5795      0.8551       0.8551    0.4559            1
2023 03 01 29.6170 30.5442 30.1520      0.4249       0.4249    0.4653            1
2023 03 02 30.0501 30.9770 30.5860      0.8562       0.8562    0.4748            1
2023 03 03 29.6196 30.5461 30.1563      0.4238       0.4238    0.4844            1
2023 03 04 30.0544 30.9806 30.5920      0.8568       0.8568    0.4940            1
2023 03 05 29.6228 30.5486 30.1612      0.4232       0.4232    0.5038            1
2023 03 06 30.0585 30.9839 30.5977      0.8570       0.8570    0.5137            1
2023 03 07 29.6265 30.5514 30.1665      0.4230       0.4230    0.5237            1
2023 03 08 30.0622 30.9866 30.6029      0.8567       0.8567    0.5338            1
2023 03 09 29.6309 30.5547 30.1723      0.4233       0.4233    0.5439            1
2023 03 10 30.0657 30.9889 30.6078      0.8560       0.8560    0.5542            1
2023 03 11 29.6358 30.5584 30.1785      0.4240       0.4240    0.5645            1
2023 03 12 30.0688 30.9908 30.6122      0.8549       0.8549    0.5749            1
2023 03 13 29.6412 30.5625 30.1852      0.4251       0.4251    0.5854            1
2023 03 14 30.0717 30.9922 30.6162      0.8533       0.8533    0.5960            1
2023 03 15 29.6473 30.5671 30.1924      0.4267       0.4267    0.6067            1
2023 03 16 30.0742 30.9932 30.6198      0.8513       0.8513    0.6174            1
2023 03 17 29.6539 30.5721 30.2000      0.4287       0.4287    0.6282            1
2023 03 18 30.0764 30.9938 30.6230      0.8489       0.8489    0.6391            1
2023 03 19 29.6610 30.5774 30.2080      0.4311       0.4311    0.6501            1
2023 03 20 30.0785 30.9940 30.6259      0.8462       0.8462    0.6611            1
2023 03 21 29.6685 30.5830 30.2163      0.4338       0.4338    0.6721            1
2023 03 22 30.0802 30.9938 30.6284      0.8431       0.8431    0.6833            1
2023 03 23 29.6765 30.5890 30.2250      0.4369       0.4369    0.6945            1
2023 03 24 30.0817 30.9931 30.6304      0.8396       0.8396    0.7057            1
2023 03 25 29.6850 30.5953 30.2340      0.4404       0.4404    0.7170            1
2023 03 26 30.0831 30.9922 30.6323      0.8359       0.8359    0.7283            1
2023 03 27 29.6938 30.6018 30.2432      0.4441       0.4441    0.7396            1
2023 03 28 30.0841 30.9909 30.6337      0.8318       0.8318    0.7510            1
2023 03 29 29.7031 30.6087 30.2528      0.4482       0.4482    0.7625            1
2023 03 30 30.0850 30.9893 30.6349      0.8275       0.8275    0.7739            1
2023 03 31 29.7127 30.6157 30.2626      0.4525       0.4525    0.7854            1
2023 04 01 30.0858 30.9875 30.6358      0.8230       0.8230    0.7969            1
2023 04 02 29.7225 30.6228 30.2725      0.4570       0.4570    0.8084            1
2023 04 03 30.0864 30.9853 30.6364      0.8182       0.8182    0.8200            1
2023 04 04 29.7327 30.6302 30.2826      0.4618       0.4618    0.8315            1
2023 04 05 30.0868 30.9829 30.6367      0.8132       0.8132    0.8431            1
2023 04 06 29.7432 30.6378 30.2929      0.4668       0.4668    0.8546            1
2023 04 07 30.0871 30.9802 30.6368      0.8080       0.8080    0.8662            1
2023 04 08 29.7539 30.6455 30.3034      0.4720       0.4720    0.8777            1
2023 04 09 30.0873 30.9774 30.6367      0.8027       0.8027    0.8892            1
2023 04 10 29.7647 30.6532 30.3138      0.4773       0.4773    0.9007            1
2023 04 11 30.0874 30.9743 30.6363      0.7972       0.7972    0.9122            1
2023 04 12 29.7758 30.6611 30.3244      0.4828       0.4828    0.9237            1
2023 04 13 30.0874 30.9710 30.6357      0.7916       0.7916    0.9351            1
2023 04 14 29.7871 30.6690 30.3350      0.4884       0.4884    0.9465            1
2023 04 15 30.0874 30.9676 30.6350      0.7859       0.7859    0.9578            1
2023 04 16 29.7984 30.6769 30.3456      0.4941       0.4941    0.9691            1
2023 04 17 30.0874 30.9641 30.6342      0.7802       0.7802    0.9804            1
2023 04 18 29.8098 30.6847 30.3562      0.4998       0.4998    0.9916            1
2023 04 19 30.0873 30.9604 30.6331      0.7744       0.7744    1.0027            2
2023 04 20 29.8213 30.6926 30.3667      0.5056       0.5056    1.0138            2
2023 04 21 30.0872 30.9566 30.6320      0.7686       0.7686    1.0248            2
2023 04 22 29.8328 30.7004 30.3771      0.5114       0.5114    1.0357            2
2023 04 23 30.0871 30.9528 30.6307      0.7628       0.7628    1.0465            2
2023 04 24 29.8443 30.7081 30.3874      0.5172       0.5172    1.0573            2
2023 04 25 30.0870 30.9488 30.6294      0.7570       0.7570    1.0680            2
2023 04 26 29.8558 30.7158 30.3976      0.5230       0.5230    1.0785            2
2023 04 27 30.0868 30.9448 30.6279      0.7512       0.7512    1.0890            2
2023 04 28 29.8673 30.7233 30.4076      0.5288       0.5288    1.0994            2
2023 04 29 30.0868 30.9408 30.6264      0.7455       0.7455    1.1096            2
2023 04 30 29.8786 30.7307 30.4174      0.5345       0.5345    1.1198            2
2023 05 01 30.0869 30.9369 30.6249      0.7399       0.7399    1.1298            2
2023 05 02 29.8899 30.7378 30.4270      0.5401       0.5401    1.1397            2
2023 05 03 30.0869 30.9328 30.6232      0.7343       0.7343    1.1495            2
2023 05 04 29.9011 30.7449 30.4365      0.5457       0.5457    1.1591            2
2023 05 05 30.0871 30.9288 30.6216      0.7289       0.7289    1.1686            2
2023 05 06 29.9120 30.7517 30.4456      0.5511       0.5511    1.1780            2
2023 05 07 30.0873 30.9249 30.6199      0.7236       0.7236    1.1872            2
2023 05 08 29.9228 30.7583 30.4545      0.5564       0.5564    1.1962            2
2023 05 09 30.0876 30.9209 30.6182      0.7184       0.7184    1.2051            2
2023 05 10 29.9335 30.7647 30.4631      0.5616       0.5616    1.2139            2
2023 05 11 30.0880 30.9171 30.6166      0.7134       0.7134    1.2224            2
2023 05 12 29.9439 30.7708 30.4714      0.5666       0.5666    1.2308            2
2023 05 13 30.0885 30.9132 30.6149      0.7085       0.7085    1.2391            2
2023 05 14 29.9541 30.7767 30.4794      0.5715       0.5715    1.2471            2
2023 05 15 30.0891 30.9095 30.6132      0.7038       0.7038    1.2550            2
2023 05 16 29.9641 30.7823 30.4870      0.5762       0.5762    1.2627            2
2023 05 17 30.0897 30.9058 30.6115      0.6992       0.6992    1.2702            2
2023 05 18 29.9739 30.7877 30.4944      0.5808       0.5808    1.2774            2
2023 05 19 30.0904 30.9021 30.6098      0.6948       0.6948    1.2845            2
2023 05 20 29.9834 30.7928 30.5014      0.5852       0.5852    1.2914            2
2023 05 21 30.0914 30.8987 30.6082      0.6907       0.6907    1.2981            2
2023 05 22 29.9925 30.7976 30.5080      0.5893       0.5893    1.3046            2
2023 05 23 30.0923 30.8952 30.6065      0.6867       0.6867    1.3108            2
2023 05 24 30.0014 30.8021 30.5143      0.5933       0.5933    1.3169            2
2023 05 25 30.0933 30.8918 30.6048      0.6828       0.6828    1.3227            2
2023 05 26 30.0101 30.8063 30.5202      0.5972       0.5972    1.3283            2
2023 05 27 30.0944 30.8885 30.6032      0.6792       0.6792    1.3337            2
2023 05 28 30.0184 30.8102 30.5258      0.6008       0.6008    1.3388            2
2023 05 29 30.0957 30.8853 30.6016      0.6758       0.6758    1.3437            2
2023 05 30 30.0264 30.8138 30.5309      0.6042       0.6042    1.3484            2
2023 05 31 30.0970 30.8823 30.6001      0.6726       0.6726    1.3528            2
2023 06 01 30.0340 30.8171 30.5356      0.6074       0.6074    1.3570            2
2023 06 02 30.0983 30.8792 30.5984      0.6695       0.6695    1.3610            2
2023 06 03 30.0415 30.8202 30.5401      0.6105       0.6105    1.3647            2
2023 06 04 30.0997 30.8762 30.5968      0.6666       0.6666    1.3681            2
2023 06 05 30.0486 30.8230 30.5442      0.6134       0.6134    1.3713            2
2023 06 06 30.1011 30.8734 30.5952      0.6639       0.6639    1.3743            2
2023 06 07 30.0553 30.8254 30.5478      0.6161       0.6161    1.3770            2
2023 06 08 30.1026 30.8706 30.5936      0.6614       0.6614    1.3795            2
2023 06 09 30.0618 30.8276 30.5511      0.6186       0.6186    1.3817            2
2023 06 10 30.1041 30.8678 30.5919      0.6590       0.6590    1.3836            2
2023 06 11 30.0680 30.8296 30.5541      0.6210       0.6210    1.3853            2
2023 06 12 30.1056 30.8651 30.5902      0.6568       0.6568    1.3867            2
2023 06 13 30.0738 30.8312 30.5567      0.6232       0.6232    1.3879            2
2023 06 14 30.1071 30.8624 30.5884      0.6547       0.6547    1.3888            2
2023 06 15 30.0794 30.8327 30.5591      0.6253       0.6253    1.3895            2
2023 06 16 30.1086 30.8598 30.5866      0.6528       0.6528    1.3899            2
2023 06 17 30.0846 30.8338 30.5610      0.6272       0.6272    1.3900            2
2023 06 18 30.1100 30.8572 30.5847      0.6510       0.6510    1.3899            2
2023 06 19 30.0896 30.8348 30.5626      0.6290       0.6290    1.3895            2
2023 06 20 30.1113 30.8545 30.5827      0.6492       0.6492    1.3888            2
2023 06 21 30.0944 30.8356 30.5641      0.6308       0.6308    1.3879            2
2023 06 22 30.1126 30.8519 30.5806      0.6476       0.6476    1.3867            2
2023 06 23 30.0988 30.8362 30.5651      0.6324       0.6324    1.3853            2
2023 06 24 30.1139 30.8493 30.5785      0.6461       0.6461    1.3836            2
2023 06 25 30.1030 30.8365 30.5659      0.6339       0.6339    1.3817            2
2023 06 26 30.1150 30.8466 30.5761      0.6446       0.6446    1.3795            2
2023 06 27 30.1070 30.8368 30.5664      0.6354       0.6354    1.3770            2
2023 06 28 30.1158 30.8438 30.5736      0.6431       0.6431    1.3743            2
2023 06 29 30.1108 30.8369 30.5668      0.6369       0.6369    1.3713            2
2023 06 30 30.1167 30.8410 30.5710      0.6417       0.6417    1.3681            2
2023 07 01 30.1143 30.8369 30.5669      0.6383       0.6383    1.3647            2
2023 07 02 30.1173 30.8382 30.5682      0.6403       0.6403    1.3610            2
2023 07 03 30.1177 30.8368 30.5668      0.6397       0.6397    1.3570            2
2023 07 04 30.1179 30.8353 30.5653      0.6390       0.6390    1.3528            2
2023 07 05 30.1207 30.8365 30.5664      0.6410       0.6410    1.3484            2
2023 07 06 30.1181 30.8322 30.5621      0.6376       0.6376    1.3437            2
2023 07 07 30.1237 30.8362 30.5659      0.6424       0.6424    1.3388            2
2023 07 08 30.1182 30.8291 30.5587      0.6362       0.6362    1.3337            2
2023 07 09 30.1265 30.8358 30.5653      0.6438       0.6438    1.3283            2
2023 07 10 30.1180 30.8258 30.5551      0.6347       0.6347    1.3227            2
2023 07 11 30.1292 30.8354 30.5646      0.6453       0.6453    1.3169            2
2023 07 12 30.1176 30.8224 30.5513      0.6332       0.6332    1.3108            2
2023 07 13 30.1317 30.8350 30.5637      0.6468       0.6468    1.3046            2
2023 07 14 30.1169 30.8188 30.5472      0.6316       0.6316    1.2981            2
2023 07 15 30.1341 30.8345 30.5627      0.6484       0.6484    1.2914            2
2023 07 16 30.1159 30.8150 30.5429      0.6299       0.6299    1.2845            2
2023 07 17 30.1364 30.8341 30.5617      0.6501       0.6501    1.2774            2
2023 07 18 30.1146 30.8111 30.5382      0.6281       0.6281    1.2702            2
2023 07 19 30.1386 30.8338 30.5606      0.6519       0.6519    1.2627            2
2023 07 20 30.1131 30.8070 30.5334      0.6263       0.6263    1.2550            2
2023 07 21 30.1406 30.8333 30.5593      0.6537       0.6537    1.2471            2
2023 07 22 30.1111 30.8027 30.5282      0.6242       0.6242    1.2391            2
2023 07 23 30.1427 30.8331 30.5582      0.6558       0.6558    1.2308            2
2023 07 24 30.1090 30.7982 30.5228      0.6221       0.6221    1.2224            2
2023 07 25 30.1446 30.8328 30.5569      0.6579       0.6579    1.2139            2
2023 07 26 30.1064 30.7935 30.5170      0.6198       0.6198    1.2051            2
2023 07 27 30.1466 30.8326 30.5556      0.6602       0.6602    1.1962            2
2023 07 28 30.1035 30.7886 30.5110      0.6174       0.6174    1.1872            2
2023 07 29 30.1484 30.8325 30.5543      0.6626       0.6626    1.1780            2
2023 07 30 30.1001 30.7834 30.5046      0.6147       0.6147    1.1686            2
2023 07 31 30.1503 30.8327 30.5532      0.6653       0.6653    1.1591            2
2023 08 01 30.0966 30.7781 30.4980      0.6120       0.6120    1.1495            2
2023 08 02 30.1521 30.8327 30.5520      0.6680       0.6680    1.1397            2
2023 08 03 30.0925 30.7724 30.4909      0.6090       0.6090    1.1298            2
2023 08 04 30.1539 30.8331 30.5509      0.6710       0.6710    1.1198            2
2023 08 05 30.0881 30.7665 30.4836      0.6058       0.6058    1.1096            2
2023 08 06 30.1558 30.8335 30.5498      0.6742       0.6742    1.0994            2
2023 08 07 30.0834 30.7605 30.4760      0.6025       0.6025    1.0890            2
2023 08 08 30.1576 30.8341 30.5488      0.6775       0.6775    1.0785            2
2023 08 09 30.0782 30.7542 30.4681      0.5990       0.5990    1.0680            2
2023 08 10 30.1593 30.8348 30.5478      0.6810       0.6810    1.0573            2
2023 08 11 30.0727 30.7476 30.4598      0.5953       0.5953    1.0465            2
2023 08 12 30.1611 30.8356 30.5469      0.6847       0.6847    1.0357            2
2023 08 13 30.0668 30.7409 30.4513      0.5914       0.5914    1.0248            2
2023 08 14 30.1630 30.8366 30.5461      0.6886       0.6886    1.0138            2
2023 08 15 30.0605 30.7339 30.4425      0.5873       0.5873    1.0027            2
2023 08 16 30.1648 30.8378 30.5455      0.6927       0.6927    0.9916            1
2023 08 17 30.0539 30.7266 30.4333      0.5830       0.5830    0.9804            1
2023 08 18 30.1666 30.8392 30.5449      0.6970       0.6970    0.9691            1
2023 08 19 30.0468 30.7192 30.4239      0.5785       0.5785    0.9578            1
2023 08 20 30.1685 30.8407 30.5444      0.7015       0.7015    0.9465            1
2023 08 21 30.0395 30.7116 30.4143      0.5739       0.5739    0.9351            1
2023 08 22 30.1703 30.8423 30.5439      0.7061       0.7061    0.9237            1
2023 08 23 30.0318 30.7038 30.4044      0.5691       0.5691    0.9122            1
2023 08 24 30.1721 30.8441 30.5436      0.7109       0.7109    0.9007            1
2023 08 25 30.0238 30.6958 30.3942      0.5641       0.5641    0.8892            1
2023 08 26 30.1740 30.8461 30.5434      0.7159       0.7159    0.8777            1
2023 08 27 30.0155 30.6876 30.3838      0.5590       0.5590    0.8662            1
2023 08 28 30.1758 30.8481 30.5432      0.7210       0.7210    0.8546            1
2023 08 29 30.0069 30.6794 30.3733      0.5538       0.5538    0.8431            1
2023 08 30 30.1776 30.8503 30.5430      0.7262       0.7262    0.8315            1
2023 08 31 29.9980 30.6710 30.3625      0.5484       0.5484    0.8200            1
2023 09 01 30.1794 30.8526 30.5430      0.7316       0.7316    0.8084            1
2023 09 02 29.9888 30.6624 30.3516      0.5429       0.5429    0.7969            1
2023 09 03 30.1811 30.8551 30.5431      0.7371       0.7371    0.7854            1
2023 09 04 29.9794 30.6538 30.3406      0.5373       0.5373    0.7739            1
2023 09 05 30.1828 30.8577 30.5432      0.7427       0.7427    0.7625            1
2023 09 06 29.9697 30.6450 30.3294      0.5316       0.5316    0.7510            1
2023 09 07 30.1845 30.8603 30.5434      0.7484       0.7484    0.7396            1
2023 09 08 29.9599 30.6363 30.3181      0.5259       0.5259    0.7283            1
2023 09 09 30.1860 30.8630 30.5435      0.7541       0.7541    0.7170            1
2023 09 10 29.9498 30.6275 30.3068      0.5201       0.5201    0.7057            1
2023 09 11 30.1875 30.8658 30.5438      0.7599       0.7599    0.6945            1
2023 09 12 29.9397 30.6187 30.2954      0.5143       0.5143    0.6833            1
2023 09 13 30.1888 30.8686 30.5440      0.7657       0.7657    0.6721            1
2023 09 14 29.9294 30.6099 30.2840      0.5085       0.5085    0.6611            1
2023 09 15 30.1901 30.8714 30.5442      0.7715       0.7715    0.6501            1
2023 09 16 29.9189 30.6012 30.2726      0.5027       0.5027    0.6391            1
2023 09 17 30.1912 30.8743 30.5444      0.7773       0.7773    0.6282            1
2023 09 18 29.9084 30.5924 30.2612      0.4969       0.4969    0.6174            1
2023 09 19 30.1922 30.8772 30.5446      0.7831       0.7831    0.6067            1
2023 09 20 29.8979 30.5839 30.2499      0.4912       0.4912    0.5960            1
2023 09 21 30.1930 30.8800 30.5447      0.7888       0.7888    0.5854            1
2023 09 22 29.8874 30.5754 30.2388      0.4856       0.4856    0.5749            1
2023 09 23 30.1936 30.8828 30.5448      0.7944       0.7944    0.5645            1
2023 09 24 29.8768 30.5671 30.2277      0.4801       0.4801    0.5542            1
2023 09 25 30.1941 30.8855 30.5447      0.7999       0.7999    0.5439            1
2023 09 26 29.8662 30.5588 30.2167      0.4746       0.4746    0.5338            1
2023 09 27 30.1944 30.8882 30.5447      0.8054       0.8054    0.5237            1
2023 09 28 29.8558 30.5508 30.2060      0.4694       0.4694    0.5137            1
2023 09 29 30.1944 30.8907 30.5445      0.8106       0.8106    0.5038            1
2023 09 30 29.8454 30.5430 30.1955      0.4643       0.4643    0.4940            1
2023 10 01 30.1941 30.8931 30.5442      0.8157       0.8157    0.4844            1
2023 10 02 29.8352 30.5355 30.1852      0.4594       0.4594    0.4748            1
2023 10 03 30.1937 30.8954 30.5437      0.8206       0.8206    0.4653            1
2023 10 04 29.8250 30.5282 30.1751      0.4547       0.4547    0.4559            1
2023 10 05 30.1929 30.8975 30.5431      0.8253       0.8253    0.4466            1
2023 10 06 29.8152 30.5213 30.1654      0.4503       0.4503    0.4375            1
2023 10 07 30.1918 30.8994 30.5422      0.8297       0.8297    0.4284            1
2023 10 08 29.8054 30.5146 30.1560      0.4461       0.4461    0.4195            1
2023 10 09 30.1905 30.9012 30.5412      0.8339       0.8339    0.4106            1
2023 10 10 29.7960 30.5083 30.1470      0.4422       0.4422    0.4019            1
2023 10 11 30.1888 30.9027 30.5400      0.8378       0.8378    0.3933            1
2023 10 12 29.7868 30.5024 30.1383      0.4386       0.4386    0.3848            1
2023 10 13 30.1867 30.9040 30.5386      0.8414       0.8414    0.3764            1
2023 10 14 29.7778 30.4968 30.1300      0.4353       0.4353    0.3681            1
2023 10 15 30.1844 30.9051 30.5370      0.8447       0.8447    0.3599            1
2023 10 16 29.7693 30.4917 30.1222      0.4324       0.4324    0.3519            1
2023 10 17 30.1816 30.9058 30.5350      0.8476       0.8476    0.3440            1
2023 10 18 29.7610 30.4869 30.1149      0.4298       0.4298    0.3362            1
2023 10 19 30.1785 30.9063 30.5329      0.8502       0.8502    0.3285            1
2023 10 20 29.7532 30.4828 30.1081      0.4277       0.4277    0.3209            1
2023 10 21 30.1749 30.9064 30.5304      0.8523       0.8523    0.3134            1
2023 10 22 29.7457 30.4790 30.1017      0.4259       0.4259    0.3060            1
2023 10 23 30.1710 30.9063 30.5276      0.8541       0.8541    0.2988            1
2023 10 24 29.7386 30.4757 30.0958      0.4245       0.4245    0.2917            1
2023 10 25 30.1667 30.9058 30.5246      0.8555       0.8555    0.2847            1
2023 10 26 29.7320 30.4730 30.0906      0.4236       0.4236    0.2778            1
2023 10 27 30.1619 30.9049 30.5212      0.8564       0.8564    0.2710            1
2023 10 28 29.7258 30.4708 30.0858      0.4231       0.4231    0.2644            1
2023 10 29 30.1568 30.9037 30.5176      0.8569       0.8569    0.2578            1
2023 10 30 29.7200 30.4690 30.0816      0.4230       0.4230    0.2514            1
2023 10 31 30.1512 30.9022 30.5136      0.8570       0.8570    0.2451            1
2023 11 01 29.7148 30.4679 30.0781      0.4234       0.4234    0.2389            1
2023 11 02 30.1452 30.9003 30.5093      0.8566       0.8566    0.2328            1
2023 11 03 29.7101 30.4673 30.0752      0.4243       0.4243    0.2268            1
2023 11 04 30.1388 30.8980 30.5047      0.8557       0.8557    0.2210            1
2023 11 05 29.7060 30.4673 30.0729      0.4257       0.4257    0.2152            1
2023 11 06 30.1318 30.8953 30.4997      0.8543       0.8543    0.2096            1
2023 11 07 29.7023 30.4679 30.0711      0.4275       0.4275    0.2041            1
2023 11 08 30.1246 30.8923 30.4944      0.8525       0.8525    0.1986            1
2023 11 09 29.6992 30.4691 30.0701      0.4299       0.4299    0.1933            1
2023 11 10 30.1167 30.8887 30.4887      0.8501       0.8501    0.1881            1
2023 11 11 29.6967 30.4708 30.0697      0.4327       0.4327    0.1830            1
2023 11 12 30.1086 30.8849 30.4828      0.8473       0.8473    0.1780            1
2023 11 13 29.6946 30.4731 30.0699      0.4360       0.4360    0.1731            1
2023 11 14 30.1000 30.8807 30.4765      0.8440       0.8440    0.1683            1
2023 11 15 29.6932 30.4761 30.0708      0.4398       0.4398    0.1636            1
2023 11 16 30.0910 30.8760 30.4698      0.8402       0.8402    0.1591            1
2023 11 17 29.6923 30.4796 30.0724      0.4441       0.4441    0.1546            1
2023 11 18 30.0816 30.8710 30.4629      0.8359       0.8359    0.1502            1
2023 11 19 29.6921 30.4837 30.0746      0.4489       0.4489    0.1459            1
2023 11 20 30.0718 30.8656 30.4556      0.8311       0.8311    0.1417            1
2023 11 21 29.6923 30.4883 30.0774      0.4541       0.4541    0.1376            1
2023 11 22 30.0616 30.8599 30.4481      0.8259       0.8259    0.1336            1
2023 11 23 29.6931 30.4935 30.0809      0.4598       0.4598    0.1297            1
2023 11 24 30.0511 30.8537 30.4403      0.8202       0.8202    0.1259            1
2023 11 25 29.6945 30.4994 30.0851      0.4660       0.4660    0.1221            1
2023 11 26 30.0402 30.8472 30.4321      0.8140       0.8140    0.1185            1
2023 11 27 29.6965 30.5057 30.0898      0.4726       0.4726    0.1149            1
2023 11 28 30.0290 30.8404 30.4237      0.8074       0.8074    0.1114            1
2023 11 29 29.6990 30.5126 30.0952      0.4797       0.4797    0.1081            1
2023 11 30 30.0174 30.8332 30.4150      0.8003       0.8003    0.1048            1
2023 12 01 29.7020 30.5200 30.1011      0.4871       0.4871    0.1015            1
2023 12 02 30.0056 30.8258 30.4062      0.7929       0.7929    0.0984            1
2023 12 03 29.7056 30.5279 30.1077      0.4950       0.4950    0.0953            1
2023 12 04 29.9935 30.8180 30.3971      0.7850       0.7850    0.0923            1
2023 12 05 29.7096 30.5363 30.1148      0.5032       0.5032    0.0894            1
2023 12 06 29.9812 30.8100 30.3879      0.7768       0.7768    0.0866            1
2023 12 07 29.7142 30.5451 30.1224      0.5118       0.5118    0.0838            1
2023 12 08 29.9686 30.8017 30.3784      0.7682       0.7682    0.0812            1
2023 12 09 29.7193 30.5545 30.1307      0.5208       0.5208    0.0785            1
2023 12 10 29.9558 30.7931 30.3688      0.7592       0.7592    0.0760            1
2023 12 11 29.7247 30.5642 30.1393      0.5300       0.5300    0.0735            1
2023 12 12 29.9429 30.7844 30.3591      0.7500       0.7500    0.0711            1
2023 12 13 29.7307 30.5743 30.1486      0.5396       0.5396    0.0688            1
2023 12 14 29.9298 30.7755 30.3493      0.7404       0.7404    0.0665            1
2023 12 15 29.7371 30.5848 30.1582      0.5494       0.5494    0.0643            1
2023 12 16 29.9166 30.7664 30.3394      0.7306       0.7306    0.0621            1
2023 12 17 29.7439 30.5957 30.1683      0.5595       0.5595    0.0600            1
2023 12 18 29.9033 30.7571 30.3294      0.7205       0.7205    0.0580            1
2023 12 19 29.7510 30.6069 30.1789      0.5698       0.5698    0.0560            1
2023 12 20 29.8899 30.7477 30.3194      0.7102       0.7102    0.0541            1
2023 12 21 29.7585 30.6182 30.1897      0.5802       0.5802    0.0523            1
2023 12 22 29.8767 30.7384 30.3095      0.6998       0.6998    0.0504            1
2023 12 23 29.7664 30.6300 30.2010      0.5909       0.5909    0.0487            1
2023 12 24 29.8633 30.7288 30.2995      0.6891       0.6891    0.0470            1
2023 12 25 29.7746 30.6420 30.2126      0.6017       0.6017    0.0453            1
2023 12 26 29.8499 30.7192 30.2896      0.6783       0.6783    0.0437            1
2023 12 27 29.7829 30.6540 30.2243      0.6125       0.6125    0.0422            1
2023 12 28 29.8368 30.7097 30.2799      0.6675       0.6675    0.0407            1
2023 12 29 29.7917 30.6664 30.2365      0.6235       0.6235    0.0392            1
2023 12 30 29.8236 30.7001 30.2702      0.6565       0.6565    0.0378            1
2023 12 31 29.8061 30.6844 30.2544      0.6400       0.6400    0.0364            1
2024 01 01 29.8953 30.7753 30.3453      0.7300       0.7300    0.1253            1
2024 01 02 29.8944 30.7761 30.3461      0.7300       0.7300    0.1293            1
2024 01 03 29.9045 30.7879 30.3579      0.7410       0.7410    0.1334            1
2024 01 04 29.8817 30.7667 30.3368      0.7190       0.7190    0.1376            1
2024 01 05 29.9138 30.8005 30.3707      0.7519       0.7519    0.1419            1
2024 01 06 29.8693 30.7575 30.3278      0.7081       0.7081    0.1463            1
2024 01 07 29.9233 30.8131 30.3836      0.7628       0.7628    0.1509            1
2024 01 08 29.8571 30.7485 30.3190      0.6972       0.6972    0.1555            1
2024 01 09 29.9329 30.8258 30.3966      0.7736       0.7736    0.1603            1
2024 01 10 29.8451 30.7396 30.3105      0.6864       0.6864    0.1651            1
2024 01 11 29.9425 30.8385 30.4096      0.7843       0.7843    0.1701            1
2024 01 12 29.8335 30.7309 30.3023      0.6757       0.6757    0.1752            1
2024 01 13 29.9523 30.8511 30.4228      0.7949       0.7949    0.1804            1
2024 01 14 29.8222 30.7223 30.2943      0.6651       0.6651    0.1858            1
2024 01 15 29.9620 30.8635 30.4358      0.8052       0.8052    0.1912            1
2024 01 16 29.8113 30.7141 30.2868      0.6548       0.6548    0.1968            1
2024 01 17 29.9717 30.8758 30.4488      0.8154       0.8154    0.2025            1
2024 01 18 29.8008 30.7062 30.2795      0.6446       0.6446    0.2084            1
2024 01 19 29.9814 30.8880 30.4618      0.8253       0.8253    0.2144            1
2024 01 20 29.7907 30.6985 30.2728      0.6347       0.6347    0.2205            1
2024 01 21 29.9910 30.9000 30.4747      0.8350       0.8350    0.2267            1
2024 01 22 29.7811 30.6912 30.2663      0.6250       0.6250    0.2330            1
2024 01 23 30.0005 30.9118 30.4874      0.8444       0.8444    0.2395            1
2024 01 24 29.7719 30.6842 30.2604      0.6156       0.6156    0.2462            1
2024 01 25 30.0100 30.9233 30.5000      0.8535       0.8535    0.2529            1
2024 01 26 29.7632 30.6776 30.2548      0.6065       0.6065    0.2598            1
2024 01 27 30.0192 30.9345 30.5124      0.8622       0.8622    0.2669            1
2024 01 28 29.7551 30.6714 30.2498      0.5978       0.5978    0.2741            1
2024 01 29 30.0283 30.9455 30.5246      0.8706       0.8706    0.2814            1
2024 01 30 29.7475 30.6656 30.2453      0.5894       0.5894    0.2889            1
2024 01 31 30.0373 30.9562 30.5366      0.8787       0.8787    0.2965            1
2024 02 01 29.7405 30.6601 30.2412      0.5813       0.5813    0.3042            1
2024 02 02 30.0460 30.9665 30.5482      0.8863       0.8863    0.3121            1
2024 02 03 29.7341 30.6552 30.2377      0.5737       0.5737    0.3201            1
2024 02 04 30.0546 30.9765 30.5597      0.8936       0.8936    0.3283            1
2024 02 05 29.7281 30.6507 30.2347      0.5664       0.5664    0.3366            1
2024 02 06 30.0629 30.9861 30.5709      0.9004       0.9004    0.3451            1
2024 02 07 29.7229 30.6467 30.2323      0.5596       0.5596    0.3537            1
2024 02 08 30.0710 30.9953 30.5817      0.9068       0.9068    0.3625            1
2024 02 09 29.7183 30.6431 30.2303      0.5532       0.5532    0.3714            1
2024 02 10 30.0788 31.0041 30.5922      0.9128       0.9128    0.3805            1
2024 02 11 29.7142 30.6399 30.2289      0.5472       0.5472    0.3897            1
2024 02 12 30.0863 31.0124 30.6023      0.9182       0.9182    0.3991            1
2024 02 13 29.7110 30.6374 30.2283      0.5418       0.5418    0.4086            1
2024 02 14 30.0936 31.0204 30.6121      0.9233       0.9233    0.4182            1
2024 02 15 29.7082 30.6353 30.2280      0.5367       0.5367    0.4280            1
2024 02 16 30.1005 31.0278 30.6215      0.9278       0.9278    0.4380            1
2024 02 17 29.7062 30.6337 30.2284      0.5322       0.5322    0.4481            1
2024 02 18 30.1072 31.0349 30.6305      0.9319       0.9319    0.4584            1
2024 02 19 29.7047 30.6326 30.2293      0.5281       0.5281    0.4687            1
2024 02 20 30.1135 31.0415 30.6392      0.9355       0.9355    0.4793            1
2024 02 21 29.7039 30.6320 30.2307      0.5245       0.5245    0.4900            1
2024 02 22 30.1195 31.0476 30.6474      0.9386       0.9386    0.5008            1
2024 02 23 29.7038 30.6319 30.2328      0.5214       0.5214    0.5118            1
2024 02 24 30.1252 31.0532 30.6552      0.9412       0.9412    0.5229            1
2024 02 25 29.7044 30.6323 30.2354      0.5188       0.5188    0.5341            1
2024 02 26 30.1305 31.0583 30.6625      0.9433       0.9433    0.5455            1
2024 02 27 29.7056 30.6332 30.2386      0.5167       0.5167    0.5571            1
2024 02 28 30.1355 31.0630 30.6694      0.9449       0.9449    0.5687            1
2024 02 29 29.7075 30.6347 30.2423      0.5151       0.5151    0.5806            1
2024 03 01 30.1403 31.0672 30.6760      0.9461       0.9461    0.5925            1
2024 03 02 29.7099 30.6365 30.2465      0.5139       0.5139    0.6046            1
2024 03 03 30.1447 31.0709 30.6821      0.9468       0.9468    0.6168            1
2024 03 04 29.7130 30.6389 30.2513      0.5132       0.5132    0.6291            1
2024 03 05 30.1487 31.0742 30.6878      0.9470       0.9470    0.6416            1
2024 03 06 29.7167 30.6417 30.2565      0.5130       0.5130    0.6541            1
2024 03 07 30.1525 31.0770 30.6931      0.9468       0.9468    0.6669            1
2024 03 08 29.7210 30.6449 30.2623      0.5132       0.5132    0.6797            1
2024 03 09 30.1559 31.0793 30.6979      0.9461       0.9461    0.6926            1
2024 03 10 29.7259 30.6486 30.2685      0.5139       0.5139    0.7057            1
2024 03 11 30.1591 31.0812 30.7024      0.9450       0.9450    0.7188            1
2024 03 12 29.7313 30.6527 30.2752      0.5150       0.5150    0.7321            1
2024 03 13 30.1620 31.0827 30.7064      0.9435       0.9435    0.7455            1
2024 03 14 29.7372 30.6572 30.2822      0.5165       0.5165    0.7590            1
2024 03 15 30.1645 31.0837 30.7100      0.9415       0.9415    0.7725            1
2024 03 16 29.7438 30.6622 30.2898      0.5185       0.5185    0.7862            1
2024 03 17 30.1668 31.0843 30.7133      0.9392       0.9392    0.8000            1
2024 03 18 29.7508 30.6674 30.2977      0.5208       0.5208    0.8138            1
2024 03 19 30.1688 31.0845 30.7162      0.9365       0.9365    0.8278            1
2024 03 20 29.7582 30.6730 30.3059      0.5235       0.5235    0.8418            1
2024 03 21 30.1706 31.0843 30.7186      0.9334       0.9334    0.8559            1
2024 03 22 29.7662 30.6790 30.3146      0.5266       0.5266    0.8701            1
2024 03 23 30.1721 31.0838 30.7208      0.9300       0.9300    0.8843            1
2024 03 24 29.7746 30.6852 30.3235      0.5300       0.5300    0.8986            1
2024 03 25 30.1734 31.0829 30.7226      0.9263       0.9263    0.9130            1
2024 03 26 29.7834 30.6917 30.3328      0.5337       0.5337    0.9274            1
2024 03 27 30.1745 31.0816 30.7241      0.9223       0.9223    0.9419            1
2024 03 28 29.7925 30.6984 30.3422      0.5377       0.5377    0.9564            1
2024 03 29 30.1755 31.0802 30.7254      0.9181       0.9181    0.9709            1
2024 03 30 29.8020 30.7053 30.3519      0.5419       0.5419    0.9855            1
2024 03 31 30.1762 31.0782 30.7262      0.9135       0.9135    1.0001            2
2024 04 01 29.8119 30.7126 30.3619      0.5465       0.5465    1.0148            2
2024 04 02 30.1769 31.0762 30.7269      0.9088       0.9088    1.0295            2
2024 04 03 29.8220 30.7199 30.3719      0.5512       0.5512    1.0442            2
2024 04 04 30.1773 31.0737 30.7272      0.9038       0.9038    1.0589            2
2024 04 05 29.8324 30.7274 30.3822      0.5562       0.5562    1.0736            2
2024 04 06 30.1776 31.0711 30.7273      0.8987       0.8987    1.0883            2
2024 04 07 29.8430 30.7350 30.3925      0.5613       0.5613    1.1030            2
2024 04 08 30.1778 31.0683 30.7272      0.8934       0.8934    1.1177            2
2024 04 09 29.8538 30.7427 30.4030      0.5666       0.5666    1.1323            2
2024 04 10 30.1779 31.0652 30.7268      0.8879       0.8879    1.1470            2
2024 04 11 29.8649 30.7506 30.4135      0.5721       0.5721    1.1616            2
2024 04 12 30.1780 31.0620 30.7264      0.8824       0.8824    1.1762            2
2024 04 13 29.8760 30.7583 30.4240      0.5776       0.5776    1.1907            2
2024 04 14 30.1779 31.0586 30.7256      0.8767       0.8767    1.2052            2
2024 04 15 29.8873 30.7663 30.4346      0.5833       0.5833    1.2197            2
2024 04 16 30.1778 31.0550 30.7248      0.8710       0.8710    1.2341            2
2024 04 17 29.8987 30.7741 30.4451      0.5890       0.5890    1.2484            2
2024 04 18 30.1778 31.0515 30.7238      0.8653       0.8653    1.2626            2
2024 04 19 29.9100 30.7819 30.4556      0.5947       0.5947    1.2768            2
2024 04 20 30.1777 31.0477 30.7227      0.8595       0.8595    1.2909            2
2024 04 21 29.9215 30.7897 30.4660      0.6005       0.6005    1.3049            2
2024 04 22 30.1775 31.0438 30.7214      0.8537       0.8537    1.3188            2
2024 04 23 29.9330 30.7974 30.4762      0.6063       0.6063    1.3326            2
2024 04 24 30.1774 31.0399 30.7200      0.8479       0.8479    1.3463            2
2024 04 25 29.9444 30.8050 30.4864      0.6121       0.6121    1.3599            2
2024 04 26 30.1773 31.0359 30.7186      0.8421       0.8421    1.3734            2
2024 04 27 29.9559 30.8126 30.4965      0.6179       0.6179    1.3867            2
2024 04 28 30.1772 31.0319 30.7171      0.8364       0.8364    1.3999            2
2024 04 29 29.9672 30.8199 30.5063      0.6236       0.6236    1.4130            2
2024 04 30 30.1772 31.0279 30.7155      0.8308       0.8308    1.4259            2
2024 05 01 29.9784 30.8271 30.5159      0.6292       0.6292    1.4387            2
2024 05 02 30.1773 31.0239 30.7139      0.8253       0.8253    1.4513            2
2024 05 03 29.9895 30.8341 30.5253      0.6347       0.6347    1.4637            2
2024 05 04 30.1774 31.0199 30.7122      0.8198       0.8198    1.4760            2
2024 05 05 30.0006 30.8410 30.5345      0.6402       0.6402    1.4881            2
2024 05 06 30.1776 31.0159 30.7106      0.8145       0.8145    1.5000            2
2024 05 07 30.0114 30.8476 30.5433      0.6455       0.6455    1.5117            2
2024 05 08 30.1779 31.0120 30.7089      0.8093       0.8093    1.5233            2
2024 05 09 30.0220 30.8540 30.5520      0.6507       0.6507    1.5346            2
2024 05 10 30.1783 31.0081 30.7072      0.8043       0.8043    1.5457            2
2024 05 11 30.0324 30.8601 30.5602      0.6557       0.6557    1.5566            2
2024 05 12 30.1787 31.0043 30.7055      0.7994       0.7994    1.5673            2
2024 05 13 30.0426 30.8660 30.5683      0.6606       0.6606    1.5778            2
2024 05 14 30.1792 31.0004 30.7038      0.7946       0.7946    1.5881            2
2024 05 15 30.0526 30.8717 30.5760      0.6654       0.6654    1.5981            2
2024 05 16 30.1798 30.9967 30.7020      0.7900       0.7900    1.6079            2
2024 05 17 30.0624 30.8771 30.5834      0.6700       0.6700    1.6174            2
2024 05 18 30.1806 30.9931 30.7004      0.7857       0.7857    1.6267            2
2024 05 19 30.0718 30.8821 30.5903      0.6743       0.6743    1.6357            2
2024 05 20 30.1814 30.9895 30.6987      0.7814       0.7814    1.6445            2
2024 05 21 30.0811 30.8870 30.5971      0.6786       0.6786    1.6530            2
2024 05 22 30.1823 30.9860 30.6970      0.7774       0.7774    1.6612            2
2024 05 23 30.0900 30.8915 30.6034      0.6826       0.6826    1.6692            2
2024 05 24 30.1834 30.9827 30.6954      0.7736       0.7736    1.6769            2
2024 05 25 30.0986 30.8957 30.6093      0.6864       0.6864    1.6843            2
2024 05 26 30.1844 30.9793 30.6937      0.7699       0.7699    1.6914            2
2024 05 27 30.1069 30.8997 30.6149      0.6901       0.6901    1.6983            2
2024 05 28 30.1856 30.9762 30.6922      0.7665       0.7665    1.7048            2
2024 05 29 30.1149 30.9033 30.6200      0.6935       0.6935    1.7111            2
2024 05 30 30.1869 30.9730 30.6905      0.7632       0.7632    1.7170            2
2024 05 31 30.1227 30.9067 30.6249      0.6968       0.6968    1.7226            2
2024 06 01 30.1881 30.9700 30.6889      0.7601       0.7601    1.7280            2
2024 06 02 30.1301 30.9097 30.6294      0.6999       0.6999    1.7330            2
2024 06 03 30.1895 30.9670 30.6873      0.7572       0.7572    1.7377            2
2024 06 04 30.1372 30.9125 30.6334      0.7028       0.7028    1.7422            2
2024 06 05 30.1910 30.9641 30.6857      0.7545       0.7545    1.7462            2
2024 06 06 30.1440 30.9150 30.6371      0.7055       0.7055    1.7500            2
2024 06 07 30.1924 30.9612 30.6840      0.7519       0.7519    1.7535            2
2024 06 08 30.1505 30.9172 30.6406      0.7081       0.7081    1.7566            2
2024 06 09 30.1938 30.9584 30.6823      0.7495       0.7495    1.7594            2
2024 06 10 30.1567 30.9192 30.6436      0.7105       0.7105    1.7619            2
2024 06 11 30.1953 30.9558 30.6806      0.7473       0.7473    1.7640            2
2024 06 12 30.1625 30.9209 30.6462      0.7127       0.7127    1.7659            2
2024 06 13 30.1968 30.9531 30.6789      0.7452       0.7452    1.7673            2
2024 06 14 30.1681 30.9223 30.6485      0.7148       0.7148    1.7685            2
2024 06 15 30.1982 30.9504 30.6770      0.7432       0.7432    1.7693            2
2024 06 16 30.1735 30.9236 30.6506      0.7168       0.7168    1.7698            2
2024 06 17 30.1997 30.9478 30.6751      0.7414       0.7414    1.7700            2
2024 06 18 30.1784 30.9245 30.6523      0.7186       0.7186    1.7698            2
2024 06 19 30.2010 30.9451 30.6731      0.7396       0.7396    1.7693            2
2024 06 20 30.1833 30.9254 30.6537      0.7204       0.7204    1.7685            2
2024 06 21 30.2023 30.9425 30.6711      0.7380       0.7380    1.7673            2
2024 06 22 30.1877 30.9260 30.6548      0.7220       0.7220    1.7659            2
2024 06 23 30.2035 30.9398 30.6689      0.7364       0.7364    1.7640            2
2024 06 24 30.1920 30.9264 30.6557      0.7236       0.7236    1.7619            2
2024 06 25 30.2046 30.9371 30.6665      0.7349       0.7349    1.7594            2
2024 06 26 30.1960 30.9267 30.6563      0.7251       0.7251    1.7566            2
2024 06 27 30.2056 30.9344 30.6641      0.7335       0.7335    1.7535            2
2024 06 28 30.1997 30.9268 30.6566      0.7265       0.7265    1.7500            2
2024 06 29 30.2064 30.9317 30.6616      0.7321       0.7321    1.7462            2
2024 06 30 30.2033 30.9267 30.6567      0.7279       0.7279    1.7422            2
2024 07 01 30.2071 30.9288 30.6588      0.7307       0.7307    1.7377            2
2024 07 02 30.2066 30.9266 30.6566      0.7293       0.7293    1.7330            2
2024 07 03 30.2075 30.9258 30.6558      0.7293       0.7293    1.7280            2
2024 07 04 30.2098 30.9264 30.6564      0.7307       0.7307    1.7226            2
2024 07 05 30.2078 30.9228 30.6527      0.7279       0.7279    1.7170            2
2024 07 06 30.2128 30.9261 30.6559      0.7321       0.7321    1.7111            2
2024 07 07 30.2079 30.9197 30.6494      0.7265       0.7265    1.7048            2
2024 07 08 30.2156 30.9258 30.6553      0.7335       0.7335    1.6983            2
2024 07 09 30.2078 30.9164 30.6459      0.7251       0.7251    1.6914            2
2024 07 10 30.2182 30.9253 30.6545      0.7349       0.7349    1.6843            2
2024 07 11 30.2075 30.9130 30.6421      0.7236       0.7236    1.6769            2
2024 07 12 30.2208 30.9248 30.6537      0.7364       0.7364    1.6692            2
2024 07 13 30.2068 30.9094 30.6380      0.7220       0.7220    1.6612            2
2024 07 14 30.2232 30.9244 30.6527      0.7380       0.7380    1.6530            2
2024 07 15 30.2059 30.9058 30.6338      0.7204       0.7204    1.6445            2
2024 07 16 30.2254 30.9239 30.6516      0.7396       0.7396    1.6357            2
2024 07 17 30.2047 30.9019 30.6292      0.7186       0.7186    1.6267            2
2024 07 18 30.2277 30.9236 30.6506      0.7414       0.7414    1.6174            2
2024 07 19 30.2032 30.8978 30.6245      0.7168       0.7168    1.6079            2
2024 07 20 30.2297 30.9231 30.6493      0.7432       0.7432    1.5981            2
2024 07 21 30.2014 30.8936 30.6193      0.7148       0.7148    1.5881            2
2024 07 22 30.2318 30.9228 30.6481      0.7452       0.7452    1.5778            2
2024 07 23 30.1992 30.8891 30.6140      0.7127       0.7127    1.5673            2
2024 07 24 30.2338 30.9225 30.6469      0.7473       0.7473    1.5566            2
2024 07 25 30.1968 30.8845 30.6083      0.7105       0.7105    1.5457            2
2024 07 26 30.2356 30.9223 30.6456      0.7495       0.7495    1.5346            2
2024 07 27 30.1940 30.8796 30.6024      0.7081       0.7081    1.5233            2
2024 07 28 30.2375 30.9222 30.6443      0.7519       0.7519    1.5117            2
2024 07 29 30.1908 30.8745 30.5961      0.7055       0.7055    1.5000            2
2024 07 30 30.2394 30.9222 30.6431      0.7545       0.7545    1.4881            2
2024 07 31 30.1873 30.8692 30.5895      0.7028       0.7028    1.4760            2
2024 08 01 30.2412 30.9223 30.6419      0.7572       0.7572    1.4637            2
2024 08 02 30.1833 30.8637 30.5826      0.6999       0.6999    1.4513            2
2024 08 03 30.2430 30.9225 30.6408      0.7601       0.7601    1.4387            2
2024 08 04 30.1790 30.8579 30.5754      0.6968       0.6968    1.4259            2
2024 08 05 30.2448 30.9229 30.6397      0.7632       0.7632    1.4130            2
2024 08 06 30.1744 30.8518 30.5678      0.6935       0.6935    1.3999            2
2024 08 07 30.2466 30.9234 30.6386      0.7665       0.7665    1.3867            2
2024 08 08 30.1694 30.8456 30.5600      0.6901       0.6901    1.3734            2
2024 08 09 30.2483 30.9240 30.6376      0.7699       0.7699    1.3599            2
2024 08 10 30.1639 30.8391 30.5519      0.6864       0.6864    1.3463            2
2024 08 11 30.2502 30.9249 30.6368      0.7736       0.7736    1.3326            2
2024 08 12 30.1582 30.8325 30.5435      0.6826       0.6826    1.3188            2
2024 08 13 30.2519 30.9258 30.6359      0.7774       0.7774    1.3049            2
2024 08 14 30.1520 30.8256 30.5347      0.6786       0.6786    1.2909            2
2024 08 15 30.2537 30.9269 30.6352      0.7814       0.7814    1.2768            2
2024 08 16 30.1454 30.8183 30.5256      0.6743       0.6743    1.2626            2
2024 08 17 30.2556 30.9283 30.6346      0.7857       0.7857    1.2484            2
2024 08 18 30.1386 30.8111 30.5164      0.6700       0.6700    1.2341            2
2024 08 19 30.2573 30.9296 30.6340      0.7900       0.7900    1.2197            2
2024 08 20 30.1314 30.8035 30.5068      0.6654       0.6654    1.2052            2
2024 08 21 30.2592 30.9312 30.6335      0.7946       0.7946    1.1907            2
2024 08 22 30.1238 30.7957 30.4970      0.6606       0.6606    1.1762            2
2024 08 23 30.2611 30.9330 30.6332      0.7994       0.7994    1.1616            2
2024 08 24 30.1159 30.7878 30.4869      0.6557       0.6557    1.1470            2
2024 08 25 30.2629 30.9349 30.6329      0.8043       0.8043    1.1323            2
2024 08 26 30.1077 30.7798 30.4767      0.6507       0.6507    1.1177            2
2024 08 27 30.2647 30.9369 30.6327      0.8093       0.8093    1.1030            2
2024 08 28 30.0992 30.7716 30.4662      0.6455       0.6455    1.0883            2
2024 08 29 30.2665 30.9390 30.6326      0.8145       0.8145    1.0736            2
2024 08 30 30.0904 30.7632 30.4556      0.6402       0.6402    1.0589            2
2024 08 31 30.2682 30.9413 30.6325      0.8198       0.8198    1.0442            2
2024 09 01 30.0813 30.7547 30.4447      0.6347       0.6347    1.0295            2
2024 09 02 30.2700 30.9438 30.6326      0.8253       0.8253    1.0148            2
2024 09 03 30.0720 30.7461 30.4337      0.6292       0.6292    1.0001            2
2024 09 04 30.2717 30.9462 30.6326      0.8308       0.8308    0.9855            1
2024 09 05 30.0625 30.7375 30.4227      0.6236       0.6236    0.9709            1
2024 09 06 30.2733 30.9488 30.6327      0.8364       0.8364    0.9564            1
2024 09 07 30.0527 30.7288 30.4114      0.6179       0.6179    0.9419            1
2024 09 08 30.2749 30.9515 30.6329      0.8421       0.8421    0.9274            1
2024 09 09 30.0427 30.7200 30.4001      0.6121       0.6121    0.9130            1
2024 09 10 30.2764 30.9543 30.6331      0.8479       0.8479    0.8986            1
2024 09 11 30.0326 30.7112 30.3887      0.6063       0.6063    0.8843            1
2024 09 12 30.2778 30.9571 30.6334      0.8537       0.8537    0.8701            1
2024 09 13 30.0224 30.7024 30.3774      0.6005       0.6005    0.8559            1
2024 09 14 30.2791 30.9599 30.6336      0.8595       0.8595    0.8418            1
2024 09 15 30.0120 30.6936 30.3660      0.5947       0.5947    0.8278            1
2024 09 16 30.2803 30.9628 30.6338      0.8653       0.8653    0.8138            1
2024 09 17 30.0016 30.6850 30.3547      0.5890       0.5890    0.8000            1
2024 09 18 30.2813 30.9656 30.6339      0.8710       0.8710    0.7862            1
2024 09 19 29.9912 30.6764 30.3435      0.5833       0.5833    0.7725            1
2024 09 20 30.2821 30.9684 30.6341      0.8767       0.8767    0.7590            1
2024 09 21 29.9806 30.6678 30.3322      0.5776       0.5776    0.7455            1
2024 09 22 30.2829 30.9712 30.6342      0.8824       0.8824    0.7321            1
2024 09 23 29.9701 30.6595 30.3212      0.5721       0.5721    0.7188            1
2024 09 24 30.2834 30.9739 30.6342      0.8879       0.8879    0.7057            1
2024 09 25 29.9595 30.6512 30.3101      0.5666       0.5666    0.6926            1
2024 09 26 30.2838 30.9767 30.6342      0.8934       0.8934    0.6797            1
2024 09 27 29.9491 30.6432 30.2994      0.5613       0.5613    0.6669            1
2024 09 28 30.2839 30.9792 30.6340      0.8987       0.8987    0.6541            1
2024 09 29 29.9387 30.6354 30.2888      0.5562       0.5562    0.6416            1
2024 09 30 30.2837 30.9817 30.6337      0.9038       0.9038    0.6291            1
2024 10 01 29.9284 30.6277 30.2784      0.5512       0.5512    0.6168            1
2024 10 02 30.2833 30.9840 30.6333      0.9088       0.9088    0.6046            1
2024 10 03 29.9183 30.6204 30.2684      0.5465       0.5465    0.5925            1
2024 10 04 30.2826 30.9862 30.6327      0.9135       0.9135    0.5806            1
2024 10 05 29.9083 30.6133 30.2585      0.5419       0.5419    0.5687            1
2024 10 06 30.2818 30.9883 30.6321      0.9181       0.9181    0.5571            1
2024 10 07 29.8986 30.6066 30.2491      0.5377       0.5377    0.5455            1
2024 10 08 30.2805 30.9900 30.6311      0.9223       0.9223    0.5341            1
2024 10 09 29.8891 30.6002 30.2399      0.5337       0.5337    0.5229            1
2024 10 10 30.2789 30.9916 30.6300      0.9263       0.9263    0.5118            1
2024 10 11 29.8798 30.5941 30.2312      0.5300       0.5300    0.5008            1
2024 10 12 30.2770 30.9930 30.6286      0.9300       0.9300    0.4900            1
2024 10 13 29.8708 30.5885 30.2228      0.5266       0.5266    0.4793            1
2024 10 14 30.2748 30.9941 30.6271      0.9334       0.9334    0.4687            1
2024 10 15 29.8621 30.5831 30.2148      0.5235       0.5235    0.4584            1
2024 10 16 30.2723 30.9951 30.6253      0.9365       0.9365    0.4481            1
2024 10 17 29.8537 30.5783 30.2073      0.5208       0.5208    0.4380            1
2024 10 18 30.2693 30.9956 30.6233      0.9392       0.9392    0.4280            1
2024 10 19 29.8458 30.5739 30.2002      0.5185       0.5185    0.4182            1
2024 10 20 30.2659 30.9959 30.6209      0.9415       0.9415    0.4086            1
2024 10 21 29.8381 30.5699 30.1936      0.5165       0.5165    0.3991            1
2024 10 22 30.2623 30.9960 30.6184      0.9435       0.9435    0.3897            1
2024 10 23 29.8309 30.5665 30.1877      0.5150       0.5150    0.3805            1
2024 10 24 30.2581 30.9956 30.6155      0.9450       0.9450    0.3714            1
2024 10 25 29.8242 30.5636 30.1822      0.5139       0.5139    0.3625            1
2024 10 26 30.2535 30.9949 30.6122      0.9461       0.9461    0.3537            1
2024 10 27 29.8178 30.5611 30.1772      0.5132       0.5132    0.3451            1
2024 10 28 30.2486 30.9939 30.6087      0.9468       0.9468    0.3366            1
2024 10 29 29.8120 30.5593 30.1729      0.5130       0.5130    0.3283            1
2024 10 30 30.2432 30.9925 30.6049      0.9470       0.9470    0.3201            1
2024 10 31 29.8066 30.5579 30.1691      0.5132       0.5132    0.3121            1
2024 11 01 30.2374 30.9908 30.6008      0.9468       0.9468    0.3042            1
2024 11 02 29.8017 30.5571 30.1659      0.5139       0.5139    0.2965            1
2024 11 03 30.2311 30.9886 30.5963      0.9461       0.9461    0.2889            1
2024 11 04 29.7973 30.5569 30.1634      0.5151       0.5151    0.2814            1
2024 11 05 30.2244 30.9861 30.5914      0.9449       0.9449    0.2741            1
2024 11 06 29.7934 30.5572 30.1615      0.5167       0.5167    0.2669            1
2024 11 07 30.2173 30.9832 30.5863      0.9433       0.9433    0.2598            1
2024 11 08 29.7901 30.5581 30.1601      0.5188       0.5188    0.2529            1
2024 11 09 30.2098 30.9800 30.5809      0.9412       0.9412    0.2462            1
2024 11 10 29.7873 30.5596 30.1595      0.5214       0.5214    0.2395            1
2024 11 11 30.2019 30.9763 30.5751      0.9386       0.9386    0.2330            1
2024 11 12 29.7851 30.5617 30.1594      0.5245       0.5245    0.2267            1
2024 11 13 30.1935 30.9723 30.5689      0.9355       0.9355    0.2205            1
2024 11 14 29.7835 30.5644 30.1601      0.5281       0.5281    0.2144            1
2024 11 15 30.1847 30.9678 30.5625      0.9319       0.9319    0.2084            1
2024 11 16 29.7824 30.5677 30.1614      0.5322       0.5322    0.2025            1
2024 11 17 30.1755 30.9630 30.5557      0.9278       0.9278    0.1968            1
2024 11 18 29.7818 30.5715 30.1633      0.5367       0.5367    0.1912            1
2024 11 19 30.1659 30.9578 30.5486      0.9233       0.9233    0.1858            1
2024 11 20 29.7819 30.5760 30.1659      0.5418       0.5418    0.1804            1
2024 11 21 30.1559 30.9522 30.5412      0.9182       0.9182    0.1752            1
2024 11 22 29.7824 30.5809 30.1690      0.5472       0.5472    0.1701            1
2024 11 23 30.1456 30.9463 30.5336      0.9128       0.9128    0.1651            1
2024 11 24 29.7836 30.5865 30.1729      0.5532       0.5532    0.1603            1
2024 11 25 30.1349 30.9400 30.5256      0.9068       0.9068    0.1555            1
2024 11 26 29.7854 30.5926 30.1774      0.5596       0.5596    0.1509            1
2024 11 27 30.1239 30.9333 30.5173      0.9004       0.9004    0.1463            1
2024 11 28 29.7876 30.5992 30.1825      0.5664       0.5664    0.1419            1
2024 11 29 30.1125 30.9264 30.5089      0.8936       0.8936    0.1376            1
2024 11 30 29.7904 30.6064 30.1882      0.5737       0.5737    0.1334            1
2024 12 01 30.1009 30.9190 30.5001      0.8863       0.8863    0.1293            1
2024 12 02 29.7937 30.6141 30.1944      0.5813       0.5813    0.1253            1
2024 12 03 30.0890 30.9115 30.4912      0.8787       0.8787    0.1214            1
2024 12 04 29.7976 30.6223 30.2014      0.5894       0.5894    0.1176            1
2024 12 05 30.0767 30.9036 30.4820      0.8706       0.8706    0.1139            1
2024 12 06 29.8019 30.6309 30.2088      0.5978       0.5978    0.1103            1
2024 12 07 30.0643 30.8955 30.4727      0.8622       0.8622    0.1068            1
2024 12 08 29.8067 30.6400 30.2166      0.6065       0.6065    0.1033            1
2024 12 09 30.0518 30.8872 30.4633      0.8535       0.8535    0.1000            1
2024 12 10 29.8120 30.6495 30.2251      0.6156       0.6156    0.0968            1
2024 12 11 30.0390 30.8785 30.4537      0.8444       0.8444    0.0936            1
2024 12 12 29.8178 30.6594 30.2341      0.6250       0.6250    0.0906            1
2024 12 13 30.0260 30.8697 30.4439      0.8350       0.8350    0.0876            1
2024 12 14 29.8240 30.6698 30.2436      0.6347       0.6347    0.0847            1
2024 12 15 30.0129 30.8607 30.4341      0.8253       0.8253    0.0819            1
2024 12 16 29.8305 30.6804 30.2534      0.6446       0.6446    0.0791            1
2024 12 17 29.9997 30.8516 30.4243      0.8154       0.8154    0.0764            1
2024 12 18 29.8376 30.6915 30.2637      0.6548       0.6548    0.0739            1
2024 12 19 29.9864 30.8423 30.4143      0.8052       0.8052    0.0713            1
2024 12 20 29.8448 30.7027 30.2744      0.6651       0.6651    0.0689            1
2024 12 21 29.9732 30.8330 30.4044      0.7949       0.7949    0.0665            1
2024 12 22 29.8526 30.7143 30.2855      0.6757       0.6757    0.0642            1
2024 12 23 29.9598 30.8235 30.3944      0.7843       0.7843    0.0620            1
2024 12 24 29.8606 30.7262 30.2969      0.6864       0.6864    0.0598            1
2024 12 25 29.9465 30.8140 30.3846      0.7736       0.7736    0.0577            1
2024 12 26 29.8689 30.7382 30.3086      0.6972       0.6972    0.0557            1
2024 12 27 29.9333 30.8045 30.3748      0.7628       0.7628    0.0537            1
2024 12 28 29.8775 30.7504 30.3206      0.7081       0.7081    0.0518            1
2024 12 29 29.9202 30.7949 30.3650      0.7519       0.7519    0.0499            1
2024 12 30 29.8862 30.7628 30.3328      0.7190       0.7190    0.0481            1
2024 12 31 29.9072 30.7855 30.3555      0.7410       0.7410    0.0464            1
2025 01 01 29.8551 30.7351 30.3051      0.6900       0.6900    0.0993            1
2025 01 02 29.8542 30.7359 30.3059      0.6900       0.6900    0.1025            1
2025 01 03 29.8643 30.7477 30.3178      0.7010       0.7010    0.1057            1
2025 01 04 29.8415 30.7265 30.2966      0.6790       0.6790    0.1090            1
2025 01 05 29.8737 30.7604 30.3306      0.7120       0.7120    0.1124            1
2025 01 06 29.8290 30.7173 30.2876      0.6680       0.6680    0.1159            1
2025 01 07 29.8832 30.7730 30.3435      0.7229       0.7229    0.1195            1
2025 01 08 29.8167 30.7082 30.2787      0.6571       0.6571    0.1231            1
2025 01 09 29.8927 30.7857 30.3565      0.7337       0.7337    0.1269            1
2025 01 10 29.8048 30.6993 30.2702      0.6463       0.6463    0.1307            1
2025 01 11 29.9025 30.7984 30.3696      0.7445       0.7445    0.1346            1
2025 01 12 29.7930 30.6904 30.2619      0.6355       0.6355    0.1386            1
2025 01 13 29.9121 30.8109 30.3826      0.7550       0.7550    0.1427            1
2025 01 14 29.7818 30.6820 30.2540      0.6250       0.6250    0.1469            1
2025 01 15 29.9219 30.8234 30.3957      0.7654       0.7654    0.1512            1
2025 01 16 29.7708 30.6737 30.2464      0.6146       0.6146    0.1556            1
2025 01 17 29.9316 30.8358 30.4088      0.7756       0.7756    0.1601            1
2025 01 18 29.7603 30.6657 30.2391      0.6044       0.6044    0.1647            1
2025 01 19 29.9412 30.8479 30.4217      0.7855       0.7855    0.1694            1
2025 01 20 29.7502 30.6581 30.2323      0.5945       0.5945    0.1742            1
2025 01 21 29.9509 30.8599 30.4346      0.7952       0.7952    0.1791            1
2025 01 22 29.7405 30.6507 30.2259      0.5848       0.5848    0.1841            1
2025 01 23 29.9604 30.8717 30.4474      0.8046       0.8046    0.1892            1
2025 01 24 29.7313 30.6437 30.2199      0.5754       0.5754    0.1943            1
2025 01 25 29.9698 30.8832 30.4600      0.8137       0.8137    0.1997            1
2025 01 26 29.7227 30.6371 30.2144      0.5663       0.5663    0.2051            1
2025 01 27 29.9791 30.8945 30.4724      0.8225       0.8225    0.2106            1
2025 01 28 29.7145 30.6308 30.2093      0.5575       0.5575    0.2162            1
2025 01 29 29.9883 30.9055 30.4846      0.8309       0.8309    0.2219            1
2025 01 30 29.7069 30.6250 30.2048      0.5491       0.5491    0.2278            1
2025 01 31 29.9973 30.9162 30.4966      0.8390       0.8390    0.2337            1
2025 02 01 29.6998 30.6195 30.2007      0.5410       0.5410    0.2398            1
2025 02 02 30.0061 30.9266 30.5084      0.8467       0.8467    0.2460            1
2025 02 03 29.6933 30.6145 30.1971      0.5333       0.5333    0.2523            1
2025 02 04 30.0146 30.9365 30.5198      0.8539       0.8539    0.2587            1
2025 02 05 29.6875 30.6101 30.1941      0.5261       0.5261    0.2652            1
2025 02 06 30.0228 30.9460 30.5309      0.8607       0.8607    0.2718            1
2025 02 07 29.6822 30.6060 30.1917      0.5193       0.5193    0.2785            1
2025 02 08 30.0309 30.9552 30.5418      0.8671       0.8671    0.2854            1
2025 02 09 29.6776 30.6025 30.1898      0.5129       0.5129    0.2924            1
2025 02 10 30.0388 30.9641 30.5523      0.8731       0.8731    0.2994            1
2025 02 11 29.6736 30.5993 30.1884      0.5069       0.5069    0.3066            1
2025 02 12 30.0462 30.9724 30.5624      0.8785       0.8785    0.3139            1
2025 02 13 29.6703 30.5968 30.1877      0.5015       0.5015    0.3214            1
2025 02 14 30.0535 30.9804 30.5722      0.8836       0.8836    0.3289            1
2025 02 15 29.6675 30.5946 30.1875      0.4964       0.4964    0.3365            1
2025 02 16 30.0604 30.9878 30.5816      0.8881       0.8881    0.3443            1
2025 02 17 29.6655 30.5931 30.1879      0.4919       0.4919    0.3522            1
2025 02 18 30.0670 30.9948 30.5906      0.8921       0.8921    0.3602            1
2025 02 19 29.6642 30.5921 30.1889      0.4879       0.4879    0.3683            1
2025 02 20 30.0734 31.0014 30.5992      0.8957       0.8957    0.3765            1
2025 02 21 29.6634 30.5915 30.1904      0.4843       0.4843    0.3848            1
2025 02 22 30.0794 31.0075 30.6074      0.8988       0.8988    0.3932            1
2025 02 23 29.6633 30.5914 30.1924      0.4812       0.4812    0.4018            1
2025 02 24 30.0851 31.0131 30.6152      0.9014       0.9014    0.4104            1
2025 02 25 29.6639 30.5918 30.1951      0.4786       0.4786    0.4192            1
2025 02 26 30.0903 31.0181 30.6225      0.9034       0.9034    0.4280            1
2025 02 27 29.6652 30.5928 30.1984      0.4766       0.4766    0.4370            1
2025 02 28 30.0955 31.0229 30.6295      0.9051       0.9051    0.4461            1
2025 03 01 29.6670 30.5942 30.2020      0.4749       0.4749    0.4553            1
2025 03 02 30.1001 31.0270 30.6360      0.9062       0.9062    0.4645            1
2025 03 03 29.6696 30.5961 30.2063      0.4738       0.4738    0.4739            1
2025 03 04 30.1044 31.0306 30.6420      0.9068       0.9068    0.4834            1
2025 03 05 29.6728 30.5986 30.2112      0.4732       0.4732    0.4930            1
2025 03 06 30.1085 31.0339 30.6477      0.9070       0.9070    0.5026            1
2025 03 07 29.6765 30.6014 30.2165      0.4730       0.4730    0.5124            1
2025 03 08 30.1122 31.0366 30.6529      0.9067       0.9067    0.5222            1
2025 03 09 29.6809 30.6047 30.2223      0.4733       0.4733    0.5322            1
2025 03 10 30.1157 31.0389 30.6578      0.9060       0.9060    0.5422            1
2025 03 11 29.6858 30.6084 30.2285      0.4740       0.4740    0.5523            1
2025 03 12 30.1188 31.0408 30.6622      0.9049       0.9049    0.5625            1
2025 03 13 29.6912 30.6125 30.2352      0.4751       0.4751    0.5728            1
2025 03 14 30.1217 31.0422 30.6662      0.9033       0.9033    0.5832            1
2025 03 15 29.6973 30.6171 30.2424      0.4767       0.4767    0.5936            1
2025 03 16 30.1242 31.0432 30.6698      0.9013       0.9013    0.6041            1
2025 03 17 29.7039 30.6221 30.2500      0.4787       0.4787    0.6147            1
2025 03 18 30.1264 31.0438 30.6730      0.8989       0.8989    0.6253            1
2025 03 19 29.7110 30.6274 30.2580      0.4811       0.4811    0.6360            1
2025 03 20 30.1285 31.0440 30.6759      0.8962       0.8962    0.6468            1
2025 03 21 29.7185 30.6330 30.2663      0.4838       0.4838    0.6576            1
2025 03 22 30.1302 31.0438 30.6784      0.8931       0.8931    0.6685            1
2025 03 23 29.7265 30.6390 30.2750      0.4869       0.4869    0.6795            1
2025 03 24 30.1317 31.0431 30.6804      0.8896       0.8896    0.6905            1
2025 03 25 29.7350 30.6453 30.2840      0.4904       0.4904    0.7015            1
2025 03 26 30.1331 31.0422 30.6823      0.8859       0.8859    0.7126            1
2025 03 27 29.7438 30.6518 30.2932      0.4941       0.4941    0.7237            1
2025 03 28 30.1341 31.0409 30.6837      0.8818       0.8818    0.7348            1
2025 03 29 29.7531 30.6587 30.3028      0.4982       0.4982    0.7460            1
2025 03 30 30.1350 31.0393 30.6849      0.8775       0.8775    0.7572            1
2025 03 31 29.7627 30.6657 30.3126      0.5025       0.5025    0.7685            1
2025 04 01 30.1358 31.0375 30.6858      0.8730       0.8730    0.7797            1
2025 04 02 29.7725 30.6728 30.3225      0.5070       0.5070    0.7910            1
2025 04 03 30.1364 31.0353 30.6864      0.8682       0.8682    0.8023            1
2025 04 04 29.7827 30.6802 30.3326      0.5118       0.5118    0.8136            1
2025 04 05 30.1368 31.0329 30.6867      0.8632       0.8632    0.8249            1
2025 04 06 29.7932 30.6878 30.3429      0.5168       0.5168    0.8362            1
2025 04 07 30.1371 31.0302 30.6868      0.8580       0.8580    0.8475            1
2025 04 08 29.8039 30.6955 30.3534      0.5220       0.5220    0.8588            1
2025 04 09 30.1373 31.0274 30.6867      0.8527       0.8527    0.8700            1
2025 04 10 29.8147 30.7032 30.3638      0.5273       0.5273    0.8813            1
2025 04 11 30.1374 31.0243 30.6863      0.8472       0.8472    0.8925            1
2025 04 12 29.8258 30.7111 30.3744      0.5328       0.5328    0.9037            1
2025 04 13 30.1374 31.0210 30.6857      0.8416       0.8416    0.9149            1
2025 04 14 29.8371 30.7190 30.3850      0.5384       0.5384    0.9260            1
2025 04 15 30.1374 31.0176 30.6850      0.8359       0.8359    0.9372            1
2025 04 16 29.8484 30.7269 30.3956      0.5441       0.5441    0.9482            1
2025 04 17 30.1374 31.0141 30.6842      0.8302       0.8302    0.9592            1
2025 04 18 29.8598 30.7347 30.4062      0.5498       0.5498    0.9702            1
2025 04 19 30.1373 31.0104 30.6831      0.8244       0.8244    0.9811            1
2025 04 20 29.8713 30.7426 30.4167      0.5556       0.5556    0.9919            1
2025 04 21 30.1372 31.0066 30.6820      0.8186       0.8186    1.0026            2
2025 04 22 29.8828 30.7504 30.4271      0.5614       0.5614    1.0133            2
2025 04 23 30.1371 31.0028 30.6807      0.8128       0.8128    1.0239            2
2025 04 24 29.8943 30.7581 30.4374      0.5672       0.5672    1.0345            2
2025 04 25 30.1370 30.9988 30.6794      0.8070       0.8070    1.0449            2
2025 04 26 29.9058 30.7658 30.4476      0.5730       0.5730    1.0553            2
2025 04 27 30.1368 30.9948 30.6779      0.8012       0.8012    1.0655            2
2025 04 28 29.9173 30.7733 30.4576      0.5788       0.5788    1.0756            2
2025 04 29 30.1368 30.9908 30.6764      0.7955       0.7955    1.0857            2
2025 04 30 29.9286 30.7807 30.4674      0.5845       0.5845    1.0956            2
2025 05 01 30.1369 30.9869 30.6749      0.7899       0.7899    1.1054            2
2025 05 02 29.9399 30.7878 30.4770      0.5901       0.5901    1.1151            2
2025 05 03 30.1369 30.9828 30.6732      0.7843       0.7843    1.1247            2
2025 05 04 29.9511 30.7949 30.4865      0.5957       0.5957    1.1341            2
2025 05 05 30.1371 30.9788 30.6716      0.7789       0.7789    1.1434            2
2025 05 06 29.9620 30.8017 30.4956      0.6011       0.6011    1.1525            2
2025 05 07 30.1373 30.9749 30.6699      0.7736       0.7736    1.1616            2
2025 05 08 29.9728 30.8083 30.5045      0.6064       0.6064    1.1704            2
2025 05 09 30.1376 30.9709 30.6682      0.7684       0.7684    1.1791            2
2025 05 10 29.9835 30.8147 30.5131      0.6116       0.6116    1.1877            2
2025 05 11 30.1380 30.9671 30.6666      0.7634       0.7634    1.1961            2
2025 05 12 29.9939 30.8208 30.5214      0.6166       0.6166    1.2043            2
2025 05 13 30.1385 30.9632 30.6649      0.7585       0.7585    1.2123            2
2025 05 14 30.0041 30.8267 30.5294      0.6215       0.6215    1.2202            2
2025 05 15 30.1391 30.9595 30.6632      0.7538       0.7538    1.2279            2
2025 05 16 30.0141 30.8323 30.5370      0.6262       0.6262    1.2354            2
2025 05 17 30.1397 30.9558 30.6615      0.7492       0.7492    1.2427            2
2025 05 18 30.0239 30.8377 30.5444      0.6308       0.6308    1.2499            2
2025 05 19 30.1404 30.9521 30.6598      0.7448       0.7448    1.2568            2
2025 05 20 30.0334 30.8428 30.5514      0.6352       0.6352    1.2635            2
2025 05 21 30.1414 30.9487 30.6582      0.7407       0.7407    1.2701            2
2025 05 22 30.0425 30.8476 30.5580      0.6393       0.6393    1.2764            2
2025 05 23 30.1423 30.9452 30.6565      0.7367       0.7367    1.2825            2
2025 05 24 30.0514 30.8521 30.5643      0.6433       0.6433    1.2885            2
2025 05 25 30.1433 30.9418 30.6548      0.7328       0.7328    1.2941            2
2025 05 26 30.0601 30.8563 30.5702      0.6472       0.6472    1.2996            2
2025 05 27 30.1444 30.9385 30.6532      0.7292       0.7292    1.3049            2
2025 05 28 30.0684 30.8602 30.5758      0.6508       0.6508    1.3099            2
2025 05 29 30.1457 30.9353 30.6516      0.7258       0.7258    1.3147            2
2025 05 30 30.0764 30.8638 30.5809      0.6542       0.6542    1.3193            2
2025 05 31 30.1470 30.9323 30.6501      0.7226       0.7226    1.3236            2
2025 06 01 30.0840 30.8671 30.5856      0.6574       0.6574    1.3277            2
2025 06 02 30.1483 30.9292 30.6484      0.7195       0.7195    1.3316            2
2025 06 03 30.0915 30.8702 30.5901      0.6605       0.6605    1.3352            2
2025 06 04 30.1497 30.9262 30.6468      0.7166       0.7166    1.3386            2
2025 06 05 30.0986 30.8730 30.5942      0.6634       0.6634    1.3417            2
2025 06 06 30.1511 30.9234 30.6452      0.7139       0.7139    1.3446            2
2025 06 07 30.1053 30.8754 30.5978      0.6661       0.6661    1.3473            2
2025 06 08 30.1526 30.9206 30.6436      0.7114       0.7114    1.3497            2
2025 06 09 30.1118 30.8776 30.6011      0.6686       0.6686    1.3519            2
2025 06 10 30.1541 30.9178 30.6419      0.7090       0.7090    1.3538            2
2025 06 11 30.1180 30.8796 30.6041      0.6710       0.6710    1.3554            2
2025 06 12 30.1556 30.9151 30.6402      0.7068       0.7068    1.3568            2
2025 06 13 30.1238 30.8812 30.6067      0.6732       0.6732    1.3580            2
2025 06 14 30.1571 30.9124 30.6384      0.7047       0.7047    1.3589            2
2025 06 15 30.1294 30.8827 30.6091      0.6753       0.6753    1.3595            2
2025 06 16 30.1586 30.9098 30.6366      0.7028       0.7028    1.3599            2
2025 06 17 30.1346 30.8838 30.6110      0.6772       0.6772    1.3600            2
2025 06 18 30.1600 30.9072 30.6347      0.7010       0.7010    1.3599            2
2025 06 19 30.1396 30.8848 30.6126      0.6790       0.6790    1.3595            2
2025 06 20 30.1613 30.9045 30.6327      0.6992       0.6992    1.3589            2
2025 06 21 30.1444 30.8856 30.6141      0.6808       0.6808    1.3580            2
2025 06 22 30.1626 30.9019 30.6306      0.6976       0.6976    1.3568            2
2025 06 23 30.1488 30.8862 30.6151      0.6824       0.6824    1.3554            2
2025 06 24 30.1639 30.8993 30.6285      0.6961       0.6961    1.3538            2
2025 06 25 30.1530 30.8865 30.6159      0.6839       0.6839    1.3519            2
2025 06 26 30.1650 30.8966 30.6261      0.6946       0.6946    1.3497            2
2025 06 27 30.1570 30.8868 30.6164      0.6854       0.6854    1.3473            2
2025 06 28 30.1658 30.8938 30.6236      0.6931       0.6931    1.3446            2
2025 06 29 30.1608 30.8869 30.6168      0.6869       0.6869    1.3417            2
2025 06 30 30.1667 30.8910 30.6210      0.6917       0.6917    1.3386            2
2025 07 01 30.1643 30.8869 30.6169      0.6883       0.6883    1.3352            2
2025 07 02 30.1673 30.8882 30.6182      0.6903       0.6903    1.3316            2
2025 07 03 30.1677 30.8868 30.6168      0.6897       0.6897    1.3277            2
2025 07 04 30.1679 30.8853 30.6153      0.6890       0.6890    1.3236            2
2025 07 05 30.1707 30.8865 30.6164      0.6910       0.6910    1.3193            2
2025 07 06 30.1681 30.8822 30.6121      0.6876       0.6876    1.3147            2
2025 07 07 30.1737 30.8862 30.6159      0.6924       0.6924    1.3099            2
2025 07 08 30.1682 30.8791 30.6087      0.6862       0.6862    1.3049            2
2025 07 09 30.1765 30.8858 30.6153      0.6938       0.6938    1.2996            2
2025 07 10 30.1680 30.8758 30.6051      0.6847       0.6847    1.2941            2
2025 07 11 30.1792 30.8854 30.6146      0.6953       0.6953    1.2885            2
2025 07 12 30.1676 30.8724 30.6013      0.6832       0.6832    1.2825            2
2025 07 13 30.1817 30.8850 30.6137      0.6968       0.6968    1.2764            2
2025 07 14 30.1669 30.8688 30.5972      0.6816       0.6816    1.2701            2
2025 07 15 30.1841 30.8845 30.6127      0.6984       0.6984    1.2635            2
2025 07 16 30.1659 30.8650 30.5929      0.6799       0.6799    1.2568            2
2025 07 17 30.1864 30.8841 30.6117      0.7001       0.7001    1.2499            2
2025 07 18 30.1646 30.8611 30.5882      0.6781       0.6781    1.2427            2
2025 07 19 30.1886 30.8838 30.6106      0.7019       0.7019    1.2354            2
2025 07 20 30.1631 30.8570 30.5834      0.6763       0.6763    1.2279            2
2025 07 21 30.1906 30.8833 30.6093      0.7037       0.7037    1.2202            2
2025 07 22 30.1611 30.8527 30.5782      0.6742       0.6742    1.2123            2
2025 07 23 30.1927 30.8831 30.6082      0.7058       0.7058    1.2043            2
2025 07 24 30.1590 30.8482 30.5728      0.6721       0.6721    1.1961            2
2025 07 25 30.1946 30.8828 30.6069      0.7079       0.7079    1.1877            2
2025 07 26 30.1564 30.8435 30.5670      0.6698       0.6698    1.1791            2
2025 07 27 30.1966 30.8826 30.6056      0.7102       0.7102    1.1704            2
2025 07 28 30.1535 30.8386 30.5610      0.6674       0.6674    1.1616            2
2025 07 29 30.1984 30.8825 30.6043      0.7126       0.7126    1.1525            2
2025 07 30 30.1501 30.8334 30.5546      0.6647       0.6647    1.1434            2
2025 07 31 30.2003 30.8827 30.6032      0.7153       0.7153    1.1341            2
2025 08 01 30.1466 30.8281 30.5480      0.6620       0.6620    1.1247            2
2025 08 02 30.2021 30.8827 30.6020      0.7180       0.7180    1.1151            2
2025 08 03 30.1425 30.8224 30.5409      0.6590       0.6590    1.1054            2
2025 08 04 30.2039 30.8831 30.6009      0.7210       0.7210    1.0956            2
2025 08 05 30.1381 30.8165 30.5336      0.6558       0.6558    1.0857            2
2025 08 06 30.2058 30.8835 30.5998      0.7242       0.7242    1.0756            2
2025 08 07 30.1334 30.8105 30.5260      0.6525       0.6525    1.0655            2
2025 08 08 30.2076 30.8841 30.5988      0.7275       0.7275    1.0553            2
2025 08 09 30.1282 30.8042 30.5181      0.6490       0.6490    1.0449            2
2025 08 10 30.2093 30.8848 30.5978      0.7310       0.7310    1.0345            2
2025 08 11 30.1227 30.7976 30.5098      0.6453       0.6453    1.0239            2
2025 08 12 30.2111 30.8856 30.5969      0.7347       0.7347    1.0133            2
2025 08 13 30.1168 30.7909 30.5013      0.6414       0.6414    1.0026            2
2025 08 14 30.2130 30.8866 30.5961      0.7386       0.7386    0.9919            1
2025 08 15 30.1105 30.7839 30.4925      0.6373       0.6373    0.9811            1
2025 08 16 30.2148 30.8878 30.5955      0.7427       0.7427    0.9702            1
2025 08 17 30.1039 30.7766 30.4833      0.6330       0.6330    0.9592            1
2025 08 18 30.2166 30.8892 30.5949      0.7470       0.7470    0.9482            1
2025 08 19 30.0968 30.7692 30.4739      0.6285       0.6285    0.9372            1
2025 08 20 30.2185 30.8907 30.5944      0.7515       0.7515    0.9260            1
2025 08 21 30.0895 30.7616 30.4643      0.6239       0.6239    0.9149            1
2025 08 22 30.2203 30.8923 30.5939      0.7561       0.7561    0.9037            1
2025 08 23 30.0818 30.7538 30.4544      0.6191       0.6191    0.8925            1
2025 08 24 30.2221 30.8941 30.5936      0.7609       0.7609    0.8813            1
2025 08 25 30.0738 30.7458 30.4442      0.6141       0.6141    0.8700            1
2025 08 26 30.2240 30.8961 30.5934      0.7659       0.7659    0.8588            1
2025 08 27 30.0655 30.7376 30.4338      0.6090       0.6090    0.8475            1
2025 08 28 30.2258 30.8981 30.5932      0.7710       0.7710    0.8362            1
2025 08 29 30.0569 30.7294 30.4233      0.6038       0.6038    0.8249            1
2025 08 30 30.2276 30.9003 30.5930      0.7762       0.7762    0.8136            1
2025 08 31 30.0480 30.7210 30.4125      0.5984       0.5984    0.8023            1
2025 09 01 30.2294 30.9026 30.5930      0.7816       0.7816    0.7910            1
2025 09 02 30.0388 30.7124 30.4016      0.5929       0.5929    0.7797            1
2025 09 03 30.2311 30.9051 30.5931      0.7871       0.7871    0.7685            1
2025 09 04 30.0294 30.7038 30.3906      0.5873       0.5873    0.7572            1
2025 09 05 30.2328 30.9077 30.5932      0.7927       0.7927    0.7460            1
2025 09 06 30.0197 30.6950 30.3794      0.5816       0.5816    0.7348            1
2025 09 07 30.2345 30.9103 30.5934      0.7984       0.7984    0.7237            1
2025 09 08 30.0099 30.6863 30.3681      0.5759       0.5759    0.7126            1
2025 09 09 30.2360 30.9130 30.5935      0.8041       0.8041    0.7015            1
2025 09 10 29.9998 30.6775 30.3568      0.5701       0.5701    0.6905            1
2025 09 11 30.2375 30.9158 30.5938      0.8099       0.8099    0.6795            1
2025 09 12 29.9897 30.6687 30.3454      0.5643       0.5643    0.6685            1
2025 09 13 30.2388 30.9186 30.5940      0.8157       0.8157    0.6576            1
2025 09 14 29.9794 30.6599 30.3340      0.5585       0.5585    0.6468            1
2025 09 15 30.2401 30.9214 30.5942      0.8215       0.8215    0.6360            1
2025 09 16 29.9689 30.6512 30.3226      0.5527       0.5527    0.6253            1
2025 09 17 30.2412 30.9243 30.5944      0.8273       0.8273    0.6147            1
2025 09 18 29.9584 30.6424 30.3112      0.5469       0.5469    0.6041            1
2025 09 19 30.2422 30.9272 30.5946      0.8331       0.8331    0.5936            1
2025 09 20 29.9479 30.6339 30.2999      0.5412       0.5412    0.5832            1
2025 09 21 30.2430 30.9300 30.5947      0.8388       0.8388    0.5728            1
2025 09 22 29.9374 30.6254 30.2888      0.5356       0.5356    0.5625            1
2025 09 23 30.2436 30.9328 30.5948      0.8444       0.8444    0.5523            1
2025 09 24 29.9268 30.6171 30.2777      0.5301       0.5301    0.5422            1
2025 09 25 30.2441 30.9355 30.5947      0.8499       0.8499    0.5322            1
2025 09 26 29.9162 30.6088 30.2667      0.5246       0.5246    0.5222            1
2025 09 27 30.2444 30.9382 30.5947      0.8554       0.8554    0.5124            1
2025 09 28 29.9058 30.6008 30.2560      0.5194       0.5194    0.5026            1
2025 09 29 30.2444 30.9407 30.5945      0.8606       0.8606    0.4930            1
2025 09 30 29.8954 30.5930 30.2455      0.5143       0.5143    0.4834            1
2025 10 01 30.2441 30.9431 30.5942      0.8657       0.8657    0.4739            1
2025 10 02 29.8852 30.5855 30.2352      0.5094       0.5094    0.4645            1
2025 10 03 30.2437 30.9454 30.5937      0.8706       0.8706    0.4553            1
2025 10 04 29.8750 30.5782 30.2251      0.5047       0.5047    0.4461            1
2025 10 05 30.2429 30.9475 30.5931      0.8753       0.8753    0.4370            1
2025 10 06 29.8652 30.5713 30.2154      0.5003       0.5003    0.4280            1
2025 10 07 30.2418 30.9494 30.5922      0.8797       0.8797    0.4192            1
2025 10 08 29.8554 30.5646 30.2060      0.4961       0.4961    0.4104            1
2025 10 09 30.2405 30.9512 30.5912      0.8839       0.8839    0.4018            1
2025 10 10 29.8460 30.5583 30.1970      0.4922       0.4922    0.3932            1
2025 10 11 30.2388 30.9527 30.5900      0.8878       0.8878    0.3848            1
2025 10 12 29.8368 30.5524 30.1883      0.4886       0.4886    0.3765            1
2025 10 13 30.2367 30.9540 30.5886      0.8914       0.8914    0.3683            1
2025 10 14 29.8278 30.5468 30.1800      0.4853       0.4853    0.3602            1
2025 10 15 30.2344 30.9551 30.5870      0.8947       0.8947    0.3522            1
2025 10 16 29.8193 30.5417 30.1722      0.4824       0.4824    0.3443            1
2025 10 17 30.2316 30.9558 30.5850      0.8976       0.8976    0.3365            1
2025 10 18 29.8110 30.5369 30.1649      0.4798       0.4798    0.3289            1
2025 10 19 30.2285 30.9563 30.5829      0.9002       0.9002    0.3214            1
2025 10 20 29.8032 30.5328 30.1581      0.4777       0.4777    0.3139            1
2025 10 21 30.2249 30.9564 30.5804      0.9023       0.9023    0.3066            1
2025 10 22 29.7957 30.5290 30.1517      0.4759       0.4759    0.2994            1
2025 10 23 30.2210 30.9563 30.5776      0.9041       0.9041    0.2924            1
2025 10 24 29.7886 30.5257 30.1458      0.4745       0.4745    0.2854            1
2025 10 25 30.2167 30.9558 30.5746      0.9055       0.9055    0.2785            1
2025 10 26 29.7820 30.5230 30.1406      0.4736       0.4736    0.2718            1
2025 10 27 30.2119 30.9549 30.5712      0.9064       0.9064    0.2652            1
2025 10 28 29.7758 30.5208 30.1358      0.4731       0.4731    0.2587            1
2025 10 29 30.2068 30.9537 30.5676      0.9069       0.9069    0.2523            1
2025 10 30 29.7700 30.5190 30.1316      0.4730       0.4730    0.2460            1
2025 10 31 30.2012 30.9522 30.5636      0.9070       0.9070    0.2398            1
2025 11 01 29.7648 30.5179 30.1281      0.4734       0.4734    0.2337            1
2025 11 02 30.1952 30.9503 30.5593      0.9066       0.9066    0.2278            1
2025 11 03 29.7601 30.5173 30.1252      0.4743       0.4743    0.2219            1
2025 11 04 30.1888 30.9480 30.5547      0.9057       0.9057    0.2162            1
2025 11 05 29.7560 30.5173 30.1229      0.4757       0.4757    0.2106            1
2025 11 06 30.1818 30.9453 30.5497      0.9043       0.9043    0.2051            1
2025 11 07 29.7523 30.5179 30.1211      0.4775       0.4775    0.1997            1
2025 11 08 30.1746 30.9423 30.5444      0.9025       0.9025    0.1943            1
2025 11 09 29.7492 30.5191 30.1201      0.4799       0.4799    0.1892            1
2025 11 10 30.1667 30.9387 30.5387      0.9001       0.9001    0.1841            1
2025 11 11 29.7467 30.5208 30.1197      0.4827       0.4827    0.1791            1
2025 11 12 30.1586 30.9349 30.5328      0.8973       0.8973    0.1742            1
2025 11 13 29.7446 30.5231 30.1199      0.4860       0.4860    0.1694            1
2025 11 14 30.1500 30.9307 30.5265      0.8940       0.8940    0.1647            1
2025 11 15 29.7432 30.5261 30.1208      0.4898       0.4898    0.1601            1
2025 11 16 30.1410 30.9260 30.5198      0.8902       0.8902    0.1556            1
2025 11 17 29.7423 30.5296 30.1224      0.4941       0.4941    0.1512            1
2025 11 18 30.1316 30.9210 30.5129      0.8859       0.8859    0.1469            1
2025 11 19 29.7421 30.5337 30.1246      0.4989       0.4989    0.1427            1
2025 11 20 30.1218 30.9156 30.5056      0.8811       0.8811    0.1386            1
2025 11 21 29.7423 30.5383 30.1274      0.5041       0.5041    0.1346            1
2025 11 22 30.1116 30.9099 30.4981      0.8759       0.8759    0.1307            1
2025 11 23 29.7431 30.5435 30.1309      0.5098       0.5098    0.1269            1
2025 11 24 30.1011 30.9037 30.4903      0.8702       0.8702    0.1231            1
2025 11 25 29.7445 30.5494 30.1351      0.5160       0.5160    0.1195            1
2025 11 26 30.0902 30.8972 30.4821      0.8640       0.8640    0.1159            1
2025 11 27 29.7465 30.5557 30.1398      0.5226       0.5226    0.1124            1
2025 11 28 30.0790 30.8904 30.4737      0.8574       0.8574    0.1090            1
2025 11 29 29.7490 30.5626 30.1452      0.5297       0.5297    0.1057            1
2025 11 30 30.0674 30.8832 30.4650      0.8503       0.8503    0.1025            1
2025 12 01 29.7520 30.5700 30.1511      0.5371       0.5371    0.0993            1
2025 12 02 30.0556 30.8758 30.4562      0.8429       0.8429    0.0963            1
2025 12 03 29.7556 30.5779 30.1577      0.5450       0.5450    0.0933            1
2025 12 04 30.0435 30.8680 30.4471      0.8350       0.8350    0.0903            1
2025 12 05 29.7596 30.5863 30.1648      0.5532       0.5532    0.0875            1
2025 12 06 30.0312 30.8600 30.4379      0.8268       0.8268    0.0847            1
2025 12 07 29.7642 30.5951 30.1724      0.5618       0.5618    0.0820            1
2025 12 08 30.0186 30.8517 30.4284      0.8182       0.8182    0.0794            1
2025 12 09 29.7693 30.6045 30.1807      0.5708       0.5708    0.0768            1
2025 12 10 30.0058 30.8431 30.4188      0.8092       0.8092    0.0744            1
2025 12 11 29.7747 30.6142 30.1893      0.5800       0.5800    0.0719            1
2025 12 12 29.9929 30.8344 30.4091      0.8000       0.8000    0.0696            1
2025 12 13 29.7807 30.6243 30.1986      0.5896       0.5896    0.0673            1
2025 12 14 29.9798 30.8255 30.3993      0.7904       0.7904    0.0651            1
2025 12 15 29.7871 30.6348 30.2082      0.5994       0.5994    0.0629            1
2025 12 16 29.9666 30.8164 30.3894      0.7806       0.7806    0.0608            1
2025 12 17 29.7939 30.6457 30.2183      0.6095       0.6095    0.0587            1
2025 12 18 29.9533 30.8071 30.3794      0.7705       0.7705    0.0568            1
2025 12 19 29.8010 30.6569 30.2289      0.6198       0.6198    0.0548            1
2025 12 20 29.9399 30.7977 30.3694      0.7602       0.7602    0.0529            1
2025 12 21 29.8085 30.6682 30.2397      0.6302       0.6302    0.0511            1
2025 12 22 29.9267 30.7884 30.3595      0.7498       0.7498    0.0494            1
2025 12 23 29.8164 30.6800 30.2510      0.6409       0.6409    0.0476            1
2025 12 24 29.9133 30.7788 30.3495      0.7391       0.7391    0.0460            1
2025 12 25 29.8246 30.6920 30.2626      0.6517       0.6517    0.0444            1
2025 12 26 29.8999 30.7692 30.3396      0.7283       0.7283    0.0428            1
2025 12 27 29.8329 30.7040 30.2743      0.6625       0.6625    0.0413            1
2025 12 28 29.8868 30.7597 30.3299      0.7175       0.7175    0.0398            1
2025 12 29 29.8417 30.7164 30.2865      0.6735       0.6735    0.0384            1
2025 12 30 29.8736 30.7501 30.3202      0.7065       0.7065    0.0370            1
2025 12 31 29.8561 30.7344 30.3044      0.6900       0.6900    0.0357            1
