Name:
Malacca Strait, Malaysia
 
Polygon Middle Longitude:
101.3500 
 
Polygon Middle Latitude:
3.2250  
 
Averaged Maximum Monthly Mean:
29.9181
 
Averaged Monthly Mean (Jan-Dec):
28.2756 28.4673 28.9796 29.5543 29.8269 29.9181 29.4874 29.3050 29.1954 28.9489 28.8912 28.6300
 
First Valid DHW Date:
1985 25 03
 
First Valid BAA Date:
1985 31 03
 
YYYY MM DD SST_MIN SST_MAX SST@90th_HS SSTA@90th_HS 90th_HS>0 DHW_from_90th_HS>1 BAA_7day_max
2012 01 01 30.0421 30.9221 30.4921      0.7300       0.7300    0.0524            1
2012 01 02 30.0412 30.9229 30.4929      0.7300       0.7300    0.0541            1
2012 01 03 30.0513 30.9347 30.5047      0.7410       0.7410    0.0558            1
2012 01 04 30.0285 30.9135 30.4836      0.7190       0.7190    0.0575            1
2012 01 05 30.0606 30.9473 30.5175      0.7519       0.7519    0.0593            1
2012 01 06 30.0161 30.9043 30.4746      0.7081       0.7081    0.0612            1
2012 01 07 30.0701 30.9599 30.5304      0.7628       0.7628    0.0631            1
2012 01 08 30.0039 30.8953 30.4658      0.6972       0.6972    0.0650            1
2012 01 09 30.0797 30.9726 30.5434      0.7736       0.7736    0.0670            1
2012 01 10 29.9919 30.8864 30.4573      0.6864       0.6864    0.0690            1
2012 01 11 30.0893 30.9853 30.5564      0.7843       0.7843    0.0711            1
2012 01 12 29.9803 30.8777 30.4491      0.6757       0.6757    0.0733            1
2012 01 13 30.0991 30.9979 30.5696      0.7949       0.7949    0.0754            1
2012 01 14 29.9690 30.8691 30.4411      0.6651       0.6651    0.0777            1
2012 01 15 30.1088 31.0103 30.5826      0.8052       0.8052    0.0800            1
2012 01 16 29.9581 30.8609 30.4336      0.6548       0.6548    0.0823            1
2012 01 17 30.1185 31.0226 30.5956      0.8154       0.8154    0.0847            1
2012 01 18 29.9476 30.8530 30.4263      0.6446       0.6446    0.0871            1
2012 01 19 30.1282 31.0348 30.6086      0.8253       0.8253    0.0896            1
2012 01 20 29.9375 30.8453 30.4196      0.6347       0.6347    0.0922            1
2012 01 21 30.1378 31.0468 30.6215      0.8350       0.8350    0.0948            1
2012 01 22 29.9279 30.8380 30.4131      0.6250       0.6250    0.0974            1
2012 01 23 30.1473 31.0586 30.6342      0.8444       0.8444    0.1001            1
2012 01 24 29.9187 30.8310 30.4072      0.6156       0.6156    0.1029            1
2012 01 25 30.1568 31.0701 30.6468      0.8535       0.8535    0.1057            1
2012 01 26 29.9100 30.8244 30.4016      0.6065       0.6065    0.1086            1
2012 01 27 30.1660 31.0813 30.6592      0.8622       0.8622    0.1116            1
2012 01 28 29.9019 30.8182 30.3966      0.5978       0.5978    0.1146            1
2012 01 29 30.1751 31.0923 30.6714      0.8706       0.8706    0.1176            1
2012 01 30 29.8943 30.8124 30.3921      0.5894       0.5894    0.1208            1
2012 01 31 30.1841 31.1030 30.6834      0.8787       0.8787    0.1239            1
2012 02 01 29.8873 30.8069 30.3880      0.5813       0.5813    0.1272            1
2012 02 02 30.1928 31.1133 30.6950      0.8863       0.8863    0.1305            1
2012 02 03 29.8809 30.8020 30.3845      0.5737       0.5737    0.1338            1
2012 02 04 30.2014 31.1233 30.7065      0.8936       0.8936    0.1373            1
2012 02 05 29.8749 30.7975 30.3815      0.5664       0.5664    0.1407            1
2012 02 06 30.2097 31.1329 30.7177      0.9004       0.9004    0.1443            1
2012 02 07 29.8697 30.7935 30.3791      0.5596       0.5596    0.1479            1
2012 02 08 30.2178 31.1421 30.7285      0.9068       0.9068    0.1516            1
2012 02 09 29.8651 30.7899 30.3771      0.5532       0.5532    0.1553            1
2012 02 10 30.2256 31.1509 30.7390      0.9128       0.9128    0.1591            1
2012 02 11 29.8610 30.7867 30.3757      0.5472       0.5472    0.1629            1
2012 02 12 30.2331 31.1592 30.7491      0.9182       0.9182    0.1668            1
2012 02 13 29.8578 30.7842 30.3751      0.5418       0.5418    0.1708            1
2012 02 14 30.2404 31.1672 30.7589      0.9233       0.9233    0.1749            1
2012 02 15 29.8550 30.7821 30.3748      0.5367       0.5367    0.1790            1
2012 02 16 30.2473 31.1746 30.7683      0.9278       0.9278    0.1831            1
2012 02 17 29.8530 30.7805 30.3752      0.5322       0.5322    0.1873            1
2012 02 18 30.2540 31.1817 30.7773      0.9319       0.9319    0.1916            1
2012 02 19 29.8515 30.7794 30.3761      0.5281       0.5281    0.1960            1
2012 02 20 30.2603 31.1883 30.7860      0.9355       0.9355    0.2004            1
2012 02 21 29.8507 30.7788 30.3775      0.5245       0.5245    0.2048            1
2012 02 22 30.2663 31.1944 30.7942      0.9386       0.9386    0.2094            1
2012 02 23 29.8506 30.7787 30.3796      0.5214       0.5214    0.2140            1
2012 02 24 30.2720 31.2000 30.8020      0.9412       0.9412    0.2186            1
2012 02 25 29.8512 30.7791 30.3822      0.5188       0.5188    0.2233            1
2012 02 26 30.2773 31.2051 30.8093      0.9433       0.9433    0.2281            1
2012 02 27 29.8524 30.7800 30.3854      0.5167       0.5167    0.2329            1
2012 02 28 30.2823 31.2098 30.8162      0.9449       0.9449    0.2378            1
2012 02 29 29.8543 30.7815 30.3891      0.5151       0.5151    0.2427            1
2012 03 01 30.2871 31.2140 30.8228      0.9461       0.9461    0.2477            1
2012 03 02 29.8567 30.7833 30.3933      0.5139       0.5139    0.2528            1
2012 03 03 30.2915 31.2177 30.8289      0.9468       0.9468    0.2579            1
2012 03 04 29.8598 30.7857 30.3981      0.5132       0.5132    0.2630            1
2012 03 05 30.2955 31.2210 30.8346      0.9470       0.9470    0.2682            1
2012 03 06 29.8635 30.7885 30.4033      0.5130       0.5130    0.2735            1
2012 03 07 30.2993 31.2238 30.8399      0.9468       0.9468    0.2788            1
2012 03 08 29.8678 30.7917 30.4091      0.5132       0.5132    0.2842            1
2012 03 09 30.3027 31.2261 30.8447      0.9461       0.9461    0.2896            1
2012 03 10 29.8727 30.7954 30.4153      0.5139       0.5139    0.2950            1
2012 03 11 30.3059 31.2280 30.8492      0.9450       0.9450    0.3005            1
2012 03 12 29.8781 30.7995 30.4220      0.5150       0.5150    0.3061            1
2012 03 13 30.3088 31.2295 30.8532      0.9435       0.9435    0.3117            1
2012 03 14 29.8840 30.8040 30.4290      0.5165       0.5165    0.3173            1
2012 03 15 30.3113 31.2305 30.8568      0.9415       0.9415    0.3230            1
2012 03 16 29.8906 30.8090 30.4366      0.5185       0.5185    0.3287            1
2012 03 17 30.3136 31.2311 30.8601      0.9392       0.9392    0.3345            1
2012 03 18 29.8976 30.8142 30.4445      0.5208       0.5208    0.3402            1
2012 03 19 30.3156 31.2313 30.8630      0.9365       0.9365    0.3461            1
2012 03 20 29.9050 30.8198 30.4527      0.5235       0.5235    0.3519            1
2012 03 21 30.3174 31.2311 30.8654      0.9334       0.9334    0.3578            1
2012 03 22 29.9130 30.8258 30.4614      0.5266       0.5266    0.3638            1
2012 03 23 30.3189 31.2306 30.8676      0.9300       0.9300    0.3697            1
2012 03 24 29.9214 30.8320 30.4703      0.5300       0.5300    0.3757            1
2012 03 25 30.3202 31.2297 30.8694      0.9263       0.9263    0.3817            1
2012 03 26 29.9302 30.8385 30.4796      0.5337       0.5337    0.3877            1
2012 03 27 30.3213 31.2284 30.8709      0.9223       0.9223    0.3938            1
2012 03 28 29.9393 30.8452 30.4890      0.5377       0.5377    0.3998            1
2012 03 29 30.3223 31.2270 30.8722      0.9181       0.9181    0.4059            1
2012 03 30 29.9488 30.8521 30.4987      0.5419       0.5419    0.4120            1
2012 03 31 30.3230 31.2250 30.8730      0.9135       0.9135    0.4181            1
2012 04 01 29.9587 30.8594 30.5087      0.5465       0.5465    0.4243            1
2012 04 02 30.3237 31.2230 30.8737      0.9088       0.9088    0.4304            1
2012 04 03 29.9688 30.8667 30.5187      0.5512       0.5512    0.4365            1
2012 04 04 30.3241 31.2205 30.8740      0.9038       0.9038    0.4427            1
2012 04 05 29.9792 30.8742 30.5290      0.5562       0.5562    0.4488            1
2012 04 06 30.3244 31.2179 30.8741      0.8987       0.8987    0.4550            1
2012 04 07 29.9898 30.8818 30.5393      0.5613       0.5613    0.4611            1
2012 04 08 30.3246 31.2151 30.8740      0.8934       0.8934    0.4673            1
2012 04 09 30.0006 30.8895 30.5498      0.5666       0.5666    0.4734            1
2012 04 10 30.3247 31.2120 30.8736      0.8879       0.8879    0.4795            1
2012 04 11 30.0117 30.8974 30.5603      0.5721       0.5721    0.4856            1
2012 04 12 30.3248 31.2088 30.8732      0.8824       0.8824    0.4917            1
2012 04 13 30.0228 30.9051 30.5708      0.5776       0.5776    0.4978            1
2012 04 14 30.3247 31.2054 30.8724      0.8767       0.8767    0.5039            1
2012 04 15 30.0341 30.9131 30.5814      0.5833       0.5833    0.5099            1
2012 04 16 30.3246 31.2018 30.8716      0.8710       0.8710    0.5159            1
2012 04 17 30.0455 30.9209 30.5919      0.5890       0.5890    0.5219            1
2012 04 18 30.3246 31.1983 30.8706      0.8653       0.8653    0.5279            1
2012 04 19 30.0568 30.9287 30.6024      0.5947       0.5947    0.5338            1
2012 04 20 30.3245 31.1945 30.8695      0.8595       0.8595    0.5397            1
2012 04 21 30.0683 30.9365 30.6128      0.6005       0.6005    0.5456            1
2012 04 22 30.3243 31.1906 30.8682      0.8537       0.8537    0.5514            1
2012 04 23 30.0798 30.9442 30.6230      0.6063       0.6063    0.5571            1
2012 04 24 30.3242 31.1867 30.8668      0.8479       0.8479    0.5629            1
2012 04 25 30.0912 30.9518 30.6332      0.6121       0.6121    0.5686            1
2012 04 26 30.3241 31.1827 30.8654      0.8421       0.8421    0.5742            1
2012 04 27 30.1027 30.9594 30.6433      0.6179       0.6179    0.5798            1
2012 04 28 30.3240 31.1787 30.8639      0.8364       0.8364    0.5853            1
2012 04 29 30.1140 30.9667 30.6531      0.6236       0.6236    0.5907            1
2012 04 30 30.3240 31.1747 30.8623      0.8308       0.8308    0.5961            1
2012 05 01 30.1252 30.9739 30.6627      0.6292       0.6292    0.6015            1
2012 05 02 30.3241 31.1707 30.8607      0.8253       0.8253    0.6067            1
2012 05 03 30.1363 30.9809 30.6721      0.6347       0.6347    0.6120            1
2012 05 04 30.3242 31.1667 30.8590      0.8198       0.8198    0.6171            1
2012 05 05 30.1474 30.9878 30.6813      0.6402       0.6402    0.6221            1
2012 05 06 30.3244 31.1627 30.8574      0.8145       0.8145    0.6271            1
2012 05 07 30.1582 30.9944 30.6901      0.6455       0.6455    0.6320            1
2012 05 08 30.3247 31.1588 30.8557      0.8093       0.8093    0.6368            1
2012 05 09 30.1688 31.0008 30.6988      0.6507       0.6507    0.6416            1
2012 05 10 30.3251 31.1549 30.8540      0.8043       0.8043    0.6462            1
2012 05 11 30.1792 31.0069 30.7070      0.6557       0.6557    0.6508            1
2012 05 12 30.3255 31.1511 30.8523      0.7994       0.7994    0.6553            1
2012 05 13 30.1894 31.0128 30.7151      0.6606       0.6606    0.6597            1
2012 05 14 30.3260 31.1472 30.8506      0.7946       0.7946    0.6639            1
2012 05 15 30.1994 31.0185 30.7228      0.6654       0.6654    0.6681            1
2012 05 16 30.3266 31.1435 30.8488      0.7900       0.7900    0.6722            1
2012 05 17 30.2092 31.0239 30.7302      0.6700       0.6700    0.6762            1
2012 05 18 30.3274 31.1399 30.8472      0.7857       0.7857    0.6801            1
2012 05 19 30.2186 31.0289 30.7371      0.6743       0.6743    0.6839            1
2012 05 20 30.3282 31.1363 30.8455      0.7814       0.7814    0.6875            1
2012 05 21 30.2279 31.0338 30.7439      0.6786       0.6786    0.6911            1
2012 05 22 30.3291 31.1328 30.8438      0.7774       0.7774    0.6945            1
2012 05 23 30.2368 31.0383 30.7502      0.6826       0.6826    0.6979            1
2012 05 24 30.3302 31.1295 30.8422      0.7736       0.7736    0.7011            1
2012 05 25 30.2454 31.0425 30.7561      0.6864       0.6864    0.7042            1
2012 05 26 30.3312 31.1261 30.8405      0.7699       0.7699    0.7071            1
2012 05 27 30.2537 31.0465 30.7617      0.6901       0.6901    0.7100            1
2012 05 28 30.3324 31.1230 30.8390      0.7665       0.7665    0.7127            1
2012 05 29 30.2617 31.0501 30.7668      0.6935       0.6935    0.7154            1
2012 05 30 30.3337 31.1198 30.8373      0.7632       0.7632    0.7178            1
2012 05 31 30.2695 31.0535 30.7717      0.6968       0.6968    0.7202            1
2012 06 01 30.3349 31.1168 30.8357      0.7601       0.7601    0.7224            1
2012 06 02 30.2769 31.0565 30.7762      0.6999       0.6999    0.7245            1
2012 06 03 30.3363 31.1138 30.8341      0.7572       0.7572    0.7265            1
2012 06 04 30.2840 31.0593 30.7802      0.7028       0.7028    0.7284            1
2012 06 05 30.3378 31.1109 30.8325      0.7545       0.7545    0.7301            1
2012 06 06 30.2908 31.0618 30.7839      0.7055       0.7055    0.7316            1
2012 06 07 30.3392 31.1080 30.8308      0.7519       0.7519    0.7331            1
2012 06 08 30.2973 31.0640 30.7874      0.7081       0.7081    0.7344            1
2012 06 09 30.3406 31.1052 30.8291      0.7495       0.7495    0.7356            1
2012 06 10 30.3035 31.0660 30.7904      0.7105       0.7105    0.7366            1
2012 06 11 30.3421 31.1026 30.8274      0.7473       0.7473    0.7375            1
2012 06 12 30.3093 31.0677 30.7930      0.7127       0.7127    0.7383            1
2012 06 13 30.3436 31.0999 30.8257      0.7452       0.7452    0.7389            1
2012 06 14 30.3149 31.0691 30.7953      0.7148       0.7148    0.7394            1
2012 06 15 30.3450 31.0972 30.8238      0.7432       0.7432    0.7397            1
2012 06 16 30.3203 31.0704 30.7974      0.7168       0.7168    0.7399            1
2012 06 17 30.3465 31.0946 30.8219      0.7414       0.7414    0.7400            1
2012 06 18 30.3252 31.0713 30.7991      0.7186       0.7186    0.7399            1
2012 06 19 30.3478 31.0919 30.8199      0.7396       0.7396    0.7397            1
2012 06 20 30.3301 31.0722 30.8005      0.7204       0.7204    0.7394            1
2012 06 21 30.3491 31.0893 30.8179      0.7380       0.7380    0.7389            1
2012 06 22 30.3345 31.0728 30.8016      0.7220       0.7220    0.7383            1
2012 06 23 30.3503 31.0866 30.8157      0.7364       0.7364    0.7375            1
2012 06 24 30.3388 31.0732 30.8025      0.7236       0.7236    0.7366            1
2012 06 25 30.3514 31.0839 30.8133      0.7349       0.7349    0.7356            1
2012 06 26 30.3428 31.0735 30.8031      0.7251       0.7251    0.7344            1
2012 06 27 30.3524 31.0812 30.8109      0.7335       0.7335    0.7331            1
2012 06 28 30.3465 31.0736 30.8034      0.7265       0.7265    0.7316            1
2012 06 29 30.3532 31.0785 30.8084      0.7321       0.7321    0.7301            1
2012 06 30 30.3501 31.0735 30.8035      0.7279       0.7279    0.7284            1
2012 07 01 30.3539 31.0756 30.8056      0.7307       0.7307    0.7265            1
2012 07 02 30.3534 31.0734 30.8034      0.7293       0.7293    0.7245            1
2012 07 03 30.3543 31.0726 30.8026      0.7293       0.7293    0.7224            1
2012 07 04 30.3566 31.0732 30.8032      0.7307       0.7307    0.7202            1
2012 07 05 30.3546 31.0696 30.7995      0.7279       0.7279    0.7178            1
2012 07 06 30.3596 31.0729 30.8027      0.7321       0.7321    0.7154            1
2012 07 07 30.3547 31.0665 30.7962      0.7265       0.7265    0.7127            1
2012 07 08 30.3624 31.0726 30.8021      0.7335       0.7335    0.7100            1
2012 07 09 30.3546 31.0632 30.7927      0.7251       0.7251    0.7071            1
2012 07 10 30.3650 31.0721 30.8013      0.7349       0.7349    0.7042            1
2012 07 11 30.3543 31.0598 30.7889      0.7236       0.7236    0.7011            1
2012 07 12 30.3676 31.0716 30.8005      0.7364       0.7364    0.6979            1
2012 07 13 30.3536 31.0562 30.7848      0.7220       0.7220    0.6945            1
2012 07 14 30.3700 31.0712 30.7995      0.7380       0.7380    0.6911            1
2012 07 15 30.3527 31.0526 30.7806      0.7204       0.7204    0.6875            1
2012 07 16 30.3722 31.0707 30.7984      0.7396       0.7396    0.6839            1
2012 07 17 30.3515 31.0487 30.7760      0.7186       0.7186    0.6801            1
2012 07 18 30.3745 31.0704 30.7974      0.7414       0.7414    0.6762            1
2012 07 19 30.3500 31.0446 30.7713      0.7168       0.7168    0.6722            1
2012 07 20 30.3765 31.0699 30.7961      0.7432       0.7432    0.6681            1
2012 07 21 30.3482 31.0404 30.7661      0.7148       0.7148    0.6639            1
2012 07 22 30.3786 31.0696 30.7949      0.7452       0.7452    0.6597            1
2012 07 23 30.3460 31.0359 30.7608      0.7127       0.7127    0.6553            1
2012 07 24 30.3806 31.0693 30.7937      0.7473       0.7473    0.6508            1
2012 07 25 30.3436 31.0313 30.7551      0.7105       0.7105    0.6462            1
2012 07 26 30.3824 31.0691 30.7924      0.7495       0.7495    0.6416            1
2012 07 27 30.3408 31.0264 30.7492      0.7081       0.7081    0.6368            1
2012 07 28 30.3843 31.0690 30.7911      0.7519       0.7519    0.6320            1
2012 07 29 30.3376 31.0213 30.7429      0.7055       0.7055    0.6271            1
2012 07 30 30.3862 31.0690 30.7899      0.7545       0.7545    0.6221            1
2012 07 31 30.3341 31.0160 30.7363      0.7028       0.7028    0.6171            1
2012 08 01 30.3880 31.0691 30.7887      0.7572       0.7572    0.6120            1
2012 08 02 30.3301 31.0105 30.7294      0.6999       0.6999    0.6067            1
2012 08 03 30.3898 31.0693 30.7876      0.7601       0.7601    0.6015            1
2012 08 04 30.3258 31.0047 30.7222      0.6968       0.6968    0.5961            1
2012 08 05 30.3916 31.0697 30.7865      0.7632       0.7632    0.5907            1
2012 08 06 30.3212 30.9986 30.7146      0.6935       0.6935    0.5853            1
2012 08 07 30.3934 31.0702 30.7854      0.7665       0.7665    0.5798            1
2012 08 08 30.3162 30.9924 30.7068      0.6901       0.6901    0.5742            1
2012 08 09 30.3951 31.0708 30.7844      0.7699       0.7699    0.5686            1
2012 08 10 30.3107 30.9859 30.6987      0.6864       0.6864    0.5629            1
2012 08 11 30.3970 31.0717 30.7836      0.7736       0.7736    0.5571            1
2012 08 12 30.3050 30.9793 30.6903      0.6826       0.6826    0.5514            1
2012 08 13 30.3987 31.0726 30.7827      0.7774       0.7774    0.5456            1
2012 08 14 30.2988 30.9724 30.6815      0.6786       0.6786    0.5397            1
2012 08 15 30.4005 31.0737 30.7820      0.7814       0.7814    0.5338            1
2012 08 16 30.2922 30.9651 30.6724      0.6743       0.6743    0.5279            1
2012 08 17 30.4024 31.0751 30.7814      0.7857       0.7857    0.5219            1
2012 08 18 30.2854 30.9579 30.6632      0.6700       0.6700    0.5159            1
2012 08 19 30.4041 31.0764 30.7808      0.7900       0.7900    0.5099            1
2012 08 20 30.2782 30.9503 30.6536      0.6654       0.6654    0.5039            1
2012 08 21 30.4060 31.0780 30.7803      0.7946       0.7946    0.4978            1
2012 08 22 30.2706 30.9425 30.6438      0.6606       0.6606    0.4917            1
2012 08 23 30.4079 31.0798 30.7800      0.7994       0.7994    0.4856            1
2012 08 24 30.2627 30.9346 30.6337      0.6557       0.6557    0.4795            1
2012 08 25 30.4097 31.0817 30.7797      0.8043       0.8043    0.4734            1
2012 08 26 30.2545 30.9266 30.6235      0.6507       0.6507    0.4673            1
2012 08 27 30.4115 31.0837 30.7795      0.8093       0.8093    0.4611            1
2012 08 28 30.2460 30.9184 30.6130      0.6455       0.6455    0.4550            1
2012 08 29 30.4133 31.0858 30.7794      0.8145       0.8145    0.4488            1
2012 08 30 30.2372 30.9100 30.6024      0.6402       0.6402    0.4427            1
2012 08 31 30.4150 31.0881 30.7793      0.8198       0.8198    0.4365            1
2012 09 01 30.2281 30.9015 30.5915      0.6347       0.6347    0.4304            1
2012 09 02 30.4168 31.0906 30.7794      0.8253       0.8253    0.4243            1
2012 09 03 30.2188 30.8929 30.5805      0.6292       0.6292    0.4181            1
2012 09 04 30.4185 31.0930 30.7794      0.8308       0.8308    0.4120            1
2012 09 05 30.2093 30.8843 30.5695      0.6236       0.6236    0.4059            1
2012 09 06 30.4201 31.0956 30.7795      0.8364       0.8364    0.3998            1
2012 09 07 30.1995 30.8756 30.5582      0.6179       0.6179    0.3938            1
2012 09 08 30.4217 31.0983 30.7797      0.8421       0.8421    0.3877            1
2012 09 09 30.1895 30.8668 30.5469      0.6121       0.6121    0.3817            1
2012 09 10 30.4232 31.1011 30.7799      0.8479       0.8479    0.3757            1
2012 09 11 30.1794 30.8580 30.5355      0.6063       0.6063    0.3697            1
2012 09 12 30.4246 31.1039 30.7802      0.8537       0.8537    0.3638            1
2012 09 13 30.1692 30.8492 30.5242      0.6005       0.6005    0.3578            1
2012 09 14 30.4259 31.1067 30.7804      0.8595       0.8595    0.3519            1
2012 09 15 30.1588 30.8404 30.5128      0.5947       0.5947    0.3461            1
2012 09 16 30.4271 31.1096 30.7806      0.8653       0.8653    0.3402            1
2012 09 17 30.1484 30.8318 30.5015      0.5890       0.5890    0.3345            1
2012 09 18 30.4281 31.1124 30.7807      0.8710       0.8710    0.3287            1
2012 09 19 30.1380 30.8232 30.4903      0.5833       0.5833    0.3230            1
2012 09 20 30.4289 31.1152 30.7809      0.8767       0.8767    0.3173            1
2012 09 21 30.1274 30.8146 30.4790      0.5776       0.5776    0.3117            1
2012 09 22 30.4297 31.1180 30.7810      0.8824       0.8824    0.3061            1
2012 09 23 30.1169 30.8063 30.4680      0.5721       0.5721    0.3005            1
2012 09 24 30.4302 31.1207 30.7810      0.8879       0.8879    0.2950            1
2012 09 25 30.1063 30.7980 30.4569      0.5666       0.5666    0.2896            1
2012 09 26 30.4306 31.1235 30.7810      0.8934       0.8934    0.2842            1
2012 09 27 30.0959 30.7900 30.4462      0.5613       0.5613    0.2788            1
2012 09 28 30.4307 31.1260 30.7808      0.8987       0.8987    0.2735            1
2012 09 29 30.0855 30.7822 30.4356      0.5562       0.5562    0.2682            1
2012 09 30 30.4305 31.1285 30.7805      0.9038       0.9038    0.2630            1
2012 10 01 30.0752 30.7745 30.4252      0.5512       0.5512    0.2579            1
2012 10 02 30.4301 31.1308 30.7801      0.9088       0.9088    0.2528            1
2012 10 03 30.0651 30.7672 30.4152      0.5465       0.5465    0.2477            1
2012 10 04 30.4294 31.1330 30.7795      0.9135       0.9135    0.2427            1
2012 10 05 30.0551 30.7601 30.4053      0.5419       0.5419    0.2378            1
2012 10 06 30.4286 31.1351 30.7789      0.9181       0.9181    0.2329            1
2012 10 07 30.0454 30.7534 30.3959      0.5377       0.5377    0.2281            1
2012 10 08 30.4273 31.1368 30.7779      0.9223       0.9223    0.2233            1
2012 10 09 30.0359 30.7470 30.3867      0.5337       0.5337    0.2186            1
2012 10 10 30.4257 31.1384 30.7768      0.9263       0.9263    0.2140            1
2012 10 11 30.0266 30.7409 30.3780      0.5300       0.5300    0.2094            1
2012 10 12 30.4238 31.1398 30.7754      0.9300       0.9300    0.2048            1
2012 10 13 30.0176 30.7353 30.3696      0.5266       0.5266    0.2004            1
2012 10 14 30.4216 31.1409 30.7739      0.9334       0.9334    0.1960            1
2012 10 15 30.0089 30.7299 30.3616      0.5235       0.5235    0.1916            1
2012 10 16 30.4191 31.1419 30.7721      0.9365       0.9365    0.1873            1
2012 10 17 30.0005 30.7251 30.3541      0.5208       0.5208    0.1831            1
2012 10 18 30.4161 31.1424 30.7701      0.9392       0.9392    0.1790            1
2012 10 19 29.9926 30.7207 30.3470      0.5185       0.5185    0.1749            1
2012 10 20 30.4127 31.1427 30.7677      0.9415       0.9415    0.1708            1
2012 10 21 29.9849 30.7167 30.3404      0.5165       0.5165    0.1668            1
2012 10 22 30.4091 31.1428 30.7652      0.9435       0.9435    0.1629            1
2012 10 23 29.9777 30.7133 30.3345      0.5150       0.5150    0.1591            1
2012 10 24 30.4049 31.1424 30.7623      0.9450       0.9450    0.1553            1
2012 10 25 29.9710 30.7104 30.3290      0.5139       0.5139    0.1516            1
2012 10 26 30.4003 31.1417 30.7590      0.9461       0.9461    0.1479            1
2012 10 27 29.9646 30.7079 30.3240      0.5132       0.5132    0.1443            1
2012 10 28 30.3954 31.1407 30.7555      0.9468       0.9468    0.1407            1
2012 10 29 29.9588 30.7061 30.3197      0.5130       0.5130    0.1373            1
2012 10 30 30.3900 31.1393 30.7517      0.9470       0.9470    0.1338            1
2012 10 31 29.9534 30.7047 30.3159      0.5132       0.5132    0.1305            1
2012 11 01 30.3842 31.1376 30.7476      0.9468       0.9468    0.1272            1
2012 11 02 29.9485 30.7039 30.3127      0.5139       0.5139    0.1239            1
2012 11 03 30.3779 31.1354 30.7431      0.9461       0.9461    0.1208            1
2012 11 04 29.9441 30.7037 30.3102      0.5151       0.5151    0.1176            1
2012 11 05 30.3712 31.1329 30.7382      0.9449       0.9449    0.1146            1
2012 11 06 29.9402 30.7040 30.3083      0.5167       0.5167    0.1116            1
2012 11 07 30.3641 31.1300 30.7331      0.9433       0.9433    0.1086            1
2012 11 08 29.9369 30.7049 30.3069      0.5188       0.5188    0.1057            1
2012 11 09 30.3566 31.1268 30.7277      0.9412       0.9412    0.1029            1
2012 11 10 29.9341 30.7064 30.3063      0.5214       0.5214    0.1001            1
2012 11 11 30.3487 31.1231 30.7219      0.9386       0.9386    0.0974            1
2012 11 12 29.9319 30.7085 30.3062      0.5245       0.5245    0.0948            1
2012 11 13 30.3403 31.1191 30.7157      0.9355       0.9355    0.0922            1
2012 11 14 29.9303 30.7112 30.3069      0.5281       0.5281    0.0896            1
2012 11 15 30.3315 31.1146 30.7093      0.9319       0.9319    0.0871            1
2012 11 16 29.9292 30.7145 30.3082      0.5322       0.5322    0.0847            1
2012 11 17 30.3223 31.1098 30.7025      0.9278       0.9278    0.0823            1
2012 11 18 29.9286 30.7183 30.3101      0.5367       0.5367    0.0800            1
2012 11 19 30.3127 31.1046 30.6954      0.9233       0.9233    0.0777            1
2012 11 20 29.9287 30.7228 30.3127      0.5418       0.5418    0.0754            1
2012 11 21 30.3027 31.0990 30.6880      0.9182       0.9182    0.0733            1
2012 11 22 29.9292 30.7277 30.3158      0.5472       0.5472    0.0711            1
2012 11 23 30.2924 31.0931 30.6804      0.9128       0.9128    0.0690            1
2012 11 24 29.9304 30.7333 30.3197      0.5532       0.5532    0.0670            1
2012 11 25 30.2817 31.0868 30.6724      0.9068       0.9068    0.0650            1
2012 11 26 29.9322 30.7394 30.3242      0.5596       0.5596    0.0631            1
2012 11 27 30.2707 31.0801 30.6641      0.9004       0.9004    0.0612            1
2012 11 28 29.9344 30.7460 30.3293      0.5664       0.5664    0.0593            1
2012 11 29 30.2593 31.0732 30.6557      0.8936       0.8936    0.0575            1
2012 11 30 29.9372 30.7532 30.3350      0.5737       0.5737    0.0558            1
2012 12 01 30.2477 31.0658 30.6469      0.8863       0.8863    0.0541            1
2012 12 02 29.9405 30.7609 30.3412      0.5813       0.5813    0.0524            1
2012 12 03 30.2358 31.0583 30.6380      0.8787       0.8787    0.0507            1
2012 12 04 29.9444 30.7691 30.3482      0.5894       0.5894    0.0492            1
2012 12 05 30.2235 31.0504 30.6288      0.8706       0.8706    0.0476            1
2012 12 06 29.9487 30.7777 30.3556      0.5978       0.5978    0.0461            1
2012 12 07 30.2111 31.0423 30.6195      0.8622       0.8622    0.0446            1
2012 12 08 29.9535 30.7868 30.3634      0.6065       0.6065    0.0432            1
2012 12 09 30.1986 31.0340 30.6101      0.8535       0.8535    0.0418            1
2012 12 10 29.9588 30.7963 30.3719      0.6156       0.6156    0.0405            1
2012 12 11 30.1858 31.0253 30.6005      0.8444       0.8444    0.0391            1
2012 12 12 29.9646 30.8062 30.3809      0.6250       0.6250    0.0379            1
2012 12 13 30.1728 31.0165 30.5907      0.8350       0.8350    0.0366            1
2012 12 14 29.9708 30.8166 30.3904      0.6347       0.6347    0.0354            1
2012 12 15 30.1597 31.0075 30.5809      0.8253       0.8253    0.0342            1
2012 12 16 29.9773 30.8272 30.4002      0.6446       0.6446    0.0331            1
2012 12 17 30.1465 30.9984 30.5711      0.8154       0.8154    0.0320            1
2012 12 18 29.9844 30.8383 30.4105      0.6548       0.6548    0.0309            1
2012 12 19 30.1332 30.9891 30.5611      0.8052       0.8052    0.0000            1
2012 12 20 29.9916 30.8495 30.4212      0.6651       0.6651    0.0000            1
2012 12 21 30.1200 30.9798 30.5512      0.7949       0.7949    0.0000            1
2012 12 22 29.9994 30.8611 30.4323      0.6757       0.6757    0.0000            1
2012 12 23 30.1066 30.9703 30.5412      0.7843       0.7843    0.0000            1
2012 12 24 30.0074 30.8730 30.4437      0.6864       0.6864    0.0000            1
2012 12 25 30.0933 30.9608 30.5314      0.7736       0.7736    0.0000            1
2012 12 26 30.0157 30.8850 30.4554      0.6972       0.6972    0.0000            1
2012 12 27 30.0801 30.9513 30.5216      0.7628       0.7628    0.0000            1
2012 12 28 30.0243 30.8972 30.4674      0.7081       0.7081    0.0000            1
2012 12 29 30.0670 30.9417 30.5118      0.7519       0.7519    0.0000            1
2012 12 30 30.0330 30.9096 30.4796      0.7190       0.7190    0.0000            1
2012 12 31 30.0540 30.9323 30.5023      0.7410       0.7410    0.0000            1
2013 01 01 30.1519 31.0319 30.6019      0.8400       0.8400    0.1351            1
2013 01 02 30.1510 31.0327 30.6027      0.8400       0.8400    0.1394            1
2013 01 03 30.1611 31.0445 30.6146      0.8510       0.8510    0.1438            1
2013 01 04 30.1383 31.0233 30.5934      0.8290       0.8290    0.1483            1
2013 01 05 30.1705 31.0572 30.6274      0.8620       0.8620    0.1529            1
2013 01 06 30.1258 31.0141 30.5844      0.8180       0.8180    0.1577            1
2013 01 07 30.1800 31.0698 30.6403      0.8729       0.8729    0.1625            1
2013 01 08 30.1135 31.0050 30.5755      0.8071       0.8071    0.1675            1
2013 01 09 30.1895 31.0825 30.6533      0.8837       0.8837    0.1726            1
2013 01 10 30.1016 30.9961 30.5670      0.7963       0.7963    0.1778            1
2013 01 11 30.1993 31.0952 30.6664      0.8945       0.8945    0.1831            1
2013 01 12 30.0898 30.9872 30.5587      0.7855       0.7855    0.1886            1
2013 01 13 30.2089 31.1077 30.6794      0.9050       0.9050    0.1942            1
2013 01 14 30.0786 30.9788 30.5508      0.7750       0.7750    0.1999            1
2013 01 15 30.2187 31.1202 30.6925      0.9154       0.9154    0.2057            1
2013 01 16 30.0676 30.9705 30.5432      0.7646       0.7646    0.2117            1
2013 01 17 30.2284 31.1326 30.7056      0.9256       0.9256    0.2178            1
2013 01 18 30.0571 30.9625 30.5359      0.7544       0.7544    0.2240            1
2013 01 19 30.2380 31.1447 30.7185      0.9355       0.9355    0.2304            1
2013 01 20 30.0470 30.9549 30.5291      0.7445       0.7445    0.2369            1
2013 01 21 30.2477 31.1567 30.7314      0.9452       0.9452    0.2436            1
2013 01 22 30.0373 30.9475 30.5227      0.7348       0.7348    0.2504            1
2013 01 23 30.2572 31.1685 30.7442      0.9546       0.9546    0.2573            1
2013 01 24 30.0281 30.9405 30.5167      0.7254       0.7254    0.2644            1
2013 01 25 30.2666 31.1800 30.7568      0.9637       0.9637    0.2716            1
2013 01 26 30.0195 30.9339 30.5112      0.7163       0.7163    0.2789            1
2013 01 27 30.2759 31.1913 30.7692      0.9725       0.9725    0.2865            1
2013 01 28 30.0113 30.9276 30.5061      0.7075       0.7075    0.2941            1
2013 01 29 30.2851 31.2023 30.7814      0.9809       0.9809    0.3019            1
2013 01 30 30.0037 30.9218 30.5016      0.6991       0.6991    0.3099            1
2013 01 31 30.2941 31.2130 30.7934      0.9890       0.9890    0.3180            1
2013 02 01 29.9966 30.9163 30.4975      0.6910       0.6910    0.3262            1
2013 02 02 30.3029 31.2234 30.8052      0.9967       0.9967    0.3346            1
2013 02 03 29.9901 30.9113 30.4939      0.6833       0.6833    0.3432            1
2013 02 04 30.3114 31.2333 30.8166      1.0039       1.0039    0.3519            1
2013 02 05 29.9843 30.9069 30.4909      0.6761       0.6761    0.3607            1
2013 02 06 30.3196 31.2428 30.8277      1.0107       1.0107    0.3697            1
2013 02 07 29.9790 30.9028 30.4885      0.6693       0.6693    0.3789            1
2013 02 08 30.3277 31.2520 30.8386      1.0171       1.0171    0.3882            1
2013 02 09 29.9744 30.8993 30.4866      0.6629       0.6629    0.3977            1
2013 02 10 30.3356 31.2609 30.8491      1.0231       1.0231    0.4073            1
2013 02 11 29.9704 30.8961 30.4852      0.6569       0.6569    0.4171            1
2013 02 12 30.3430 31.2692 30.8592      1.0285       1.0285    0.4271            1
2013 02 13 29.9671 30.8936 30.4845      0.6515       0.6515    0.4371            1
2013 02 14 30.3503 31.2772 30.8690      1.0336       1.0336    0.4474            1
2013 02 15 29.9643 30.8914 30.4843      0.6464       0.6464    0.4578            1
2013 02 16 30.3572 31.2846 30.8784      1.0381       1.0381    0.4684            1
2013 02 17 29.9623 30.8899 30.4847      0.6419       0.6419    0.4791            1
2013 02 18 30.3638 31.2916 30.8874      1.0421       1.0421    0.4899            1
2013 02 19 29.9610 30.8889 30.4857      0.6379       0.6379    0.5009            1
2013 02 20 30.3702 31.2982 30.8960      1.0457       1.0457    0.5121            1
2013 02 21 29.9602 30.8883 30.4872      0.6343       0.6343    0.5234            1
2013 02 22 30.3762 31.3043 30.9042      1.0488       1.0488    0.5349            1
2013 02 23 29.9601 30.8882 30.4892      0.6312       0.6312    0.5465            1
2013 02 24 30.3819 31.3099 30.9120      1.0514       1.0514    0.5583            1
2013 02 25 29.9607 30.8886 30.4919      0.6286       0.6286    0.5702            1
2013 02 26 30.3871 31.3149 30.9193      1.0534       1.0534    0.5823            1
2013 02 27 29.9620 30.8896 30.4952      0.6266       0.6266    0.5945            1
2013 02 28 30.3923 31.3197 30.9263      1.0551       1.0551    0.6068            1
2013 03 01 29.9638 30.8910 30.4988      0.6249       0.6249    0.6193            1
2013 03 02 30.3969 31.3238 30.9328      1.0562       1.0562    0.6319            1
2013 03 03 29.9664 30.8929 30.5031      0.6238       0.6238    0.6447            1
2013 03 04 30.4012 31.3274 30.9388      1.0568       1.0568    0.6575            1
2013 03 05 29.9696 30.8954 30.5080      0.6232       0.6232    0.6706            1
2013 03 06 30.4053 31.3307 30.9445      1.0570       1.0570    0.6837            1
2013 03 07 29.9733 30.8982 30.5133      0.6230       0.6230    0.6970            1
2013 03 08 30.4090 31.3334 30.9497      1.0567       1.0567    0.7104            1
2013 03 09 29.9777 30.9015 30.5191      0.6233       0.6233    0.7239            1
2013 03 10 30.4125 31.3357 30.9546      1.0560       1.0560    0.7376            1
2013 03 11 29.9826 30.9052 30.5253      0.6240       0.6240    0.7513            1
2013 03 12 30.4156 31.3376 30.9590      1.0549       1.0549    0.7652            1
2013 03 13 29.9880 30.9093 30.5320      0.6251       0.6251    0.7792            1
2013 03 14 30.4185 31.3390 30.9630      1.0533       1.0533    0.7933            1
2013 03 15 29.9941 30.9139 30.5392      0.6267       0.6267    0.8075            1
2013 03 16 30.4210 31.3400 30.9666      1.0513       1.0513    0.8218            1
2013 03 17 30.0007 30.9189 30.5468      0.6287       0.6287    0.8361            1
2013 03 18 30.4232 31.3406 30.9698      1.0489       1.0489    0.8506            1
2013 03 19 30.0078 30.9242 30.5548      0.6311       0.6311    0.8652            1
2013 03 20 30.4253 31.3408 30.9727      1.0462       1.0462    0.8798            1
2013 03 21 30.0153 30.9298 30.5631      0.6338       0.6338    0.8946            1
2013 03 22 30.4270 31.3406 30.9752      1.0431       1.0431    0.9094            1
2013 03 23 30.0233 30.9358 30.5718      0.6369       0.6369    0.9243            1
2013 03 24 30.4285 31.3399 30.9772      1.0396       1.0396    0.9392            1
2013 03 25 30.0318 30.9421 30.5808      0.6404       0.6404    0.9542            1
2013 03 26 30.4299 31.3390 30.9791      1.0359       1.0359    0.9693            1
2013 03 27 30.0406 30.9486 30.5900      0.6441       0.6441    0.9844            1
2013 03 28 30.4309 31.3377 30.9805      1.0318       1.0318    0.9996            1
2013 03 29 30.0499 30.9555 30.5996      0.6482       0.6482    1.0148            2
2013 03 30 30.4318 31.3361 30.9817      1.0275       1.0275    1.0301            2
2013 03 31 30.0595 30.9625 30.6094      0.6525       0.6525    1.0453            2
2013 04 01 30.4326 31.3343 30.9826      1.0230       1.0230    1.0607            2
2013 04 02 30.0693 30.9696 30.6193      0.6570       0.6570    1.0760            2
2013 04 03 30.4332 31.3321 30.9832      1.0182       1.0182    1.0913            2
2013 04 04 30.0795 30.9770 30.6294      0.6618       0.6618    1.1067            2
2013 04 05 30.4336 31.3297 30.9835      1.0132       1.0132    1.1221            2
2013 04 06 30.0900 30.9846 30.6397      0.6668       0.6668    1.1375            2
2013 04 07 30.4339 31.3270 30.9836      1.0080       1.0080    1.1528            2
2013 04 08 30.1007 30.9923 30.6502      0.6720       0.6720    1.1682            2
2013 04 09 30.4341 31.3242 30.9835      1.0027       1.0027    1.1835            2
2013 04 10 30.1115 31.0000 30.6606      0.6773       0.6773    1.1988            2
2013 04 11 30.4342 31.3211 30.9831      0.9972       0.9972    1.2141            2
2013 04 12 30.1226 31.0079 30.6712      0.6828       0.6828    1.2293            2
2013 04 13 30.4342 31.3178 30.9825      0.9916       0.9916    1.2445            2
2013 04 14 30.1339 31.0158 30.6818      0.6884       0.6884    1.2597            2
2013 04 15 30.4342 31.3144 30.9818      0.9859       0.9859    1.2748            2
2013 04 16 30.1452 31.0237 30.6924      0.6941       0.6941    1.2898            2
2013 04 17 30.4342 31.3109 30.9810      0.9802       0.9802    1.3048            2
2013 04 18 30.1566 31.0315 30.7030      0.6998       0.6998    1.3197            2
2013 04 19 30.4341 31.3072 30.9799      0.9744       0.9744    1.3345            2
2013 04 20 30.1681 31.0394 30.7135      0.7056       0.7056    1.3493            2
2013 04 21 30.4340 31.3034 30.9788      0.9686       0.9686    1.3639            2
2013 04 22 30.1796 31.0472 30.7239      0.7114       0.7114    1.3784            2
2013 04 23 30.4339 31.2996 30.9775      0.9628       0.9628    1.3929            2
2013 04 24 30.1911 31.0549 30.7342      0.7172       0.7172    1.4072            2
2013 04 25 30.4338 31.2956 30.9762      0.9570       0.9570    1.4214            2
2013 04 26 30.2026 31.0626 30.7444      0.7230       0.7230    1.4355            2
2013 04 27 30.4336 31.2916 30.9747      0.9512       0.9512    1.4494            2
2013 04 28 30.2141 31.0701 30.7544      0.7288       0.7288    1.4632            2
2013 04 29 30.4336 31.2876 30.9732      0.9455       0.9455    1.4768            2
2013 04 30 30.2254 31.0775 30.7642      0.7345       0.7345    1.4903            2
2013 05 01 30.4337 31.2837 30.9717      0.9399       0.9399    1.5037            2
2013 05 02 30.2367 31.0846 30.7738      0.7401       0.7401    1.5169            2
2013 05 03 30.4337 31.2796 30.9700      0.9343       0.9343    1.5299            2
2013 05 04 30.2479 31.0917 30.7833      0.7457       0.7457    1.5427            2
2013 05 05 30.4339 31.2756 30.9684      0.9289       0.9289    1.5554            2
2013 05 06 30.2588 31.0985 30.7924      0.7511       0.7511    1.5678            2
2013 05 07 30.4341 31.2717 30.9667      0.9236       0.9236    1.5801            2
2013 05 08 30.2696 31.1051 30.8013      0.7564       0.7564    1.5921            2
2013 05 09 30.4344 31.2677 30.9650      0.9184       0.9184    1.6040            2
2013 05 10 30.2803 31.1115 30.8099      0.7616       0.7616    1.6156            2
2013 05 11 30.4348 31.2639 30.9634      0.9134       0.9134    1.6270            2
2013 05 12 30.2907 31.1176 30.8182      0.7666       0.7666    1.6382            2
2013 05 13 30.4353 31.2600 30.9617      0.9085       0.9085    1.6491            2
2013 05 14 30.3009 31.1235 30.8262      0.7715       0.7715    1.6598            2
2013 05 15 30.4359 31.2563 30.9600      0.9038       0.9038    1.6703            2
2013 05 16 30.3109 31.1291 30.8338      0.7762       0.7762    1.6805            2
2013 05 17 30.4365 31.2526 30.9583      0.8992       0.8992    1.6905            2
2013 05 18 30.3207 31.1345 30.8412      0.7808       0.7808    1.7002            2
2013 05 19 30.4372 31.2489 30.9566      0.8948       0.8948    1.7096            2
2013 05 20 30.3302 31.1396 30.8482      0.7852       0.7852    1.7188            2
2013 05 21 30.4382 31.2455 30.9550      0.8907       0.8907    1.7277            2
2013 05 22 30.3393 31.1444 30.8548      0.7893       0.7893    1.7363            2
2013 05 23 30.4391 31.2420 30.9533      0.8867       0.8867    1.7446            2
2013 05 24 30.3482 31.1489 30.8611      0.7933       0.7933    1.7527            2
2013 05 25 30.4401 31.2386 30.9516      0.8828       0.8828    1.7604            2
2013 05 26 30.3569 31.1531 30.8670      0.7972       0.7972    1.7679            2
2013 05 27 30.4412 31.2353 30.9500      0.8792       0.8792    1.7750            2
2013 05 28 30.3652 31.1570 30.8726      0.8008       0.8008    1.7819            2
2013 05 29 30.4425 31.2321 30.9484      0.8758       0.8758    1.7884            2
2013 05 30 30.3732 31.1606 30.8777      0.8042       0.8042    1.7946            2
2013 05 31 30.4438 31.2291 30.9469      0.8726       0.8726    1.8005            2
2013 06 01 30.3808 31.1639 30.8824      0.8074       0.8074    1.8061            2
2013 06 02 30.4451 31.2260 30.9452      0.8695       0.8695    1.8114            2
2013 06 03 30.3883 31.1670 30.8869      0.8105       0.8105    1.8163            2
2013 06 04 30.4465 31.2230 30.9436      0.8666       0.8666    1.8209            2
2013 06 05 30.3954 31.1698 30.8910      0.8134       0.8134    1.8252            2
2013 06 06 30.4479 31.2202 30.9420      0.8639       0.8639    1.8291            2
2013 06 07 30.4021 31.1722 30.8946      0.8161       0.8161    1.8327            2
2013 06 08 30.4494 31.2174 30.9404      0.8614       0.8614    1.8360            2
2013 06 09 30.4086 31.1744 30.8979      0.8186       0.8186    1.8389            2
2013 06 10 30.4509 31.2146 30.9387      0.8590       0.8590    1.8415            2
2013 06 11 30.4148 31.1764 30.9009      0.8210       0.8210    1.8438            2
2013 06 12 30.4524 31.2119 30.9370      0.8568       0.8568    1.8457            2
2013 06 13 30.4206 31.1780 30.9035      0.8232       0.8232    1.8472            2
2013 06 14 30.4539 31.2092 30.9352      0.8547       0.8547    1.8484            2
2013 06 15 30.4262 31.1795 30.9059      0.8253       0.8253    1.8493            2
2013 06 16 30.4554 31.2066 30.9334      0.8528       0.8528    1.8498            2
2013 06 17 30.4314 31.1806 30.9078      0.8272       0.8272    1.8500            2
2013 06 18 30.4568 31.2040 30.9315      0.8510       0.8510    1.8498            2
2013 06 19 30.4364 31.1816 30.9094      0.8290       0.8290    1.8493            2
2013 06 20 30.4581 31.2013 30.9295      0.8492       0.8492    1.8484            2
2013 06 21 30.4412 31.1824 30.9109      0.8308       0.8308    1.8472            2
2013 06 22 30.4594 31.1987 30.9274      0.8476       0.8476    1.8457            2
2013 06 23 30.4456 31.1830 30.9119      0.8324       0.8324    1.8438            2
2013 06 24 30.4607 31.1961 30.9253      0.8461       0.8461    1.8415            2
2013 06 25 30.4498 31.1833 30.9127      0.8339       0.8339    1.8389            2
2013 06 26 30.4618 31.1934 30.9229      0.8446       0.8446    1.8360            2
2013 06 27 30.4538 31.1836 30.9132      0.8354       0.8354    1.8327            2
2013 06 28 30.4626 31.1906 30.9204      0.8431       0.8431    1.8291            2
2013 06 29 30.4576 31.1837 30.9136      0.8369       0.8369    1.8252            2
2013 06 30 30.4635 31.1878 30.9178      0.8417       0.8417    1.8209            2
2013 07 01 30.4611 31.1837 30.9137      0.8383       0.8383    1.8163            2
2013 07 02 30.4641 31.1850 30.9150      0.8403       0.8403    1.8114            2
2013 07 03 30.4645 31.1836 30.9136      0.8397       0.8397    1.8061            2
2013 07 04 30.4647 31.1821 30.9121      0.8390       0.8390    1.8005            2
2013 07 05 30.4675 31.1833 30.9132      0.8410       0.8410    1.7946            2
2013 07 06 30.4649 31.1790 30.9089      0.8376       0.8376    1.7884            2
2013 07 07 30.4705 31.1830 30.9127      0.8424       0.8424    1.7819            2
2013 07 08 30.4650 31.1759 30.9055      0.8362       0.8362    1.7750            2
2013 07 09 30.4733 31.1826 30.9121      0.8438       0.8438    1.7679            2
2013 07 10 30.4648 31.1726 30.9019      0.8347       0.8347    1.7604            2
2013 07 11 30.4760 31.1822 30.9114      0.8453       0.8453    1.7527            2
2013 07 12 30.4644 31.1692 30.8981      0.8332       0.8332    1.7446            2
2013 07 13 30.4785 31.1818 30.9105      0.8468       0.8468    1.7363            2
2013 07 14 30.4637 31.1656 30.8940      0.8316       0.8316    1.7277            2
2013 07 15 30.4809 31.1813 30.9095      0.8484       0.8484    1.7188            2
2013 07 16 30.4627 31.1618 30.8897      0.8299       0.8299    1.7096            2
2013 07 17 30.4832 31.1809 30.9085      0.8501       0.8501    1.7002            2
2013 07 18 30.4614 31.1579 30.8850      0.8281       0.8281    1.6905            2
2013 07 19 30.4854 31.1806 30.9074      0.8519       0.8519    1.6805            2
2013 07 20 30.4599 31.1538 30.8802      0.8263       0.8263    1.6703            2
2013 07 21 30.4874 31.1801 30.9061      0.8537       0.8537    1.6598            2
2013 07 22 30.4579 31.1495 30.8750      0.8242       0.8242    1.6491            2
2013 07 23 30.4895 31.1799 30.9050      0.8558       0.8558    1.6382            2
2013 07 24 30.4558 31.1450 30.8696      0.8221       0.8221    1.6270            2
2013 07 25 30.4914 31.1796 30.9037      0.8579       0.8579    1.6156            2
2013 07 26 30.4532 31.1403 30.8638      0.8198       0.8198    1.6040            2
2013 07 27 30.4934 31.1794 30.9024      0.8602       0.8602    1.5921            2
2013 07 28 30.4503 31.1354 30.8578      0.8174       0.8174    1.5801            2
2013 07 29 30.4952 31.1793 30.9011      0.8626       0.8626    1.5678            2
2013 07 30 30.4469 31.1302 30.8514      0.8147       0.8147    1.5554            2
2013 07 31 30.4971 31.1795 30.9000      0.8653       0.8653    1.5427            2
2013 08 01 30.4434 31.1249 30.8448      0.8120       0.8120    1.5299            2
2013 08 02 30.4989 31.1795 30.8988      0.8680       0.8680    1.5169            2
2013 08 03 30.4393 31.1192 30.8377      0.8090       0.8090    1.5037            2
2013 08 04 30.5007 31.1799 30.8977      0.8710       0.8710    1.4903            2
2013 08 05 30.4349 31.1133 30.8304      0.8058       0.8058    1.4768            2
2013 08 06 30.5026 31.1803 30.8966      0.8742       0.8742    1.4632            2
2013 08 07 30.4302 31.1073 30.8228      0.8025       0.8025    1.4494            2
2013 08 08 30.5044 31.1809 30.8956      0.8775       0.8775    1.4355            2
2013 08 09 30.4250 31.1010 30.8149      0.7990       0.7990    1.4214            2
2013 08 10 30.5061 31.1816 30.8946      0.8810       0.8810    1.4072            2
2013 08 11 30.4195 31.0944 30.8066      0.7953       0.7953    1.3929            2
2013 08 12 30.5079 31.1824 30.8937      0.8847       0.8847    1.3784            2
2013 08 13 30.4136 31.0877 30.7981      0.7914       0.7914    1.3639            2
2013 08 14 30.5098 31.1834 30.8929      0.8886       0.8886    1.3493            2
2013 08 15 30.4073 31.0807 30.7893      0.7873       0.7873    1.3345            2
2013 08 16 30.5116 31.1846 30.8923      0.8927       0.8927    1.3197            2
2013 08 17 30.4007 31.0734 30.7801      0.7830       0.7830    1.3048            2
2013 08 18 30.5134 31.1860 30.8917      0.8970       0.8970    1.2898            2
2013 08 19 30.3936 31.0660 30.7707      0.7785       0.7785    1.2748            2
2013 08 20 30.5153 31.1875 30.8912      0.9015       0.9015    1.2597            2
2013 08 21 30.3863 31.0584 30.7611      0.7739       0.7739    1.2445            2
2013 08 22 30.5171 31.1891 30.8907      0.9061       0.9061    1.2293            2
2013 08 23 30.3786 31.0506 30.7512      0.7691       0.7691    1.2141            2
2013 08 24 30.5189 31.1909 30.8904      0.9109       0.9109    1.1988            2
2013 08 25 30.3706 31.0426 30.7410      0.7641       0.7641    1.1835            2
2013 08 26 30.5208 31.1929 30.8902      0.9159       0.9159    1.1682            2
2013 08 27 30.3623 31.0344 30.7306      0.7590       0.7590    1.1528            2
2013 08 28 30.5226 31.1949 30.8900      0.9210       0.9210    1.1375            2
2013 08 29 30.3537 31.0262 30.7201      0.7538       0.7538    1.1221            2
2013 08 30 30.5244 31.1971 30.8898      0.9262       0.9262    1.1067            2
2013 08 31 30.3448 31.0178 30.7093      0.7484       0.7484    1.0913            2
2013 09 01 30.5262 31.1994 30.8898      0.9316       0.9316    1.0760            2
2013 09 02 30.3356 31.0092 30.6984      0.7429       0.7429    1.0607            2
2013 09 03 30.5279 31.2019 30.8899      0.9371       0.9371    1.0453            2
2013 09 04 30.3262 31.0006 30.6874      0.7373       0.7373    1.0301            2
2013 09 05 30.5296 31.2045 30.8900      0.9427       0.9427    1.0148            2
2013 09 06 30.3165 30.9918 30.6762      0.7316       0.7316    0.9996            1
2013 09 07 30.5313 31.2071 30.8902      0.9484       0.9484    0.9844            1
2013 09 08 30.3067 30.9831 30.6649      0.7259       0.7259    0.9693            1
2013 09 09 30.5328 31.2098 30.8903      0.9541       0.9541    0.9542            1
2013 09 10 30.2966 30.9743 30.6536      0.7201       0.7201    0.9392            1
2013 09 11 30.5343 31.2126 30.8906      0.9599       0.9599    0.9243            1
2013 09 12 30.2865 30.9655 30.6422      0.7143       0.7143    0.9094            1
2013 09 13 30.5356 31.2154 30.8908      0.9657       0.9657    0.8946            1
2013 09 14 30.2762 30.9567 30.6308      0.7085       0.7085    0.8798            1
2013 09 15 30.5369 31.2182 30.8910      0.9715       0.9715    0.8652            1
2013 09 16 30.2657 30.9480 30.6194      0.7027       0.7027    0.8506            1
2013 09 17 30.5380 31.2211 30.8912      0.9773       0.9773    0.8361            1
2013 09 18 30.2552 30.9392 30.6080      0.6969       0.6969    0.8218            1
2013 09 19 30.5390 31.2240 30.8914      0.9831       0.9831    0.8075            1
2013 09 20 30.2447 30.9307 30.5967      0.6912       0.6912    0.7933            1
2013 09 21 30.5398 31.2268 30.8915      0.9888       0.9888    0.7792            1
2013 09 22 30.2342 30.9222 30.5856      0.6856       0.6856    0.7652            1
2013 09 23 30.5404 31.2296 30.8916      0.9944       0.9944    0.7513            1
2013 09 24 30.2236 30.9139 30.5745      0.6801       0.6801    0.7376            1
2013 09 25 30.5409 31.2323 30.8915      0.9999       0.9999    0.7239            1
2013 09 26 30.2130 30.9056 30.5635      0.6746       0.6746    0.7104            1
2013 09 27 30.5412 31.2350 30.8915      1.0054       1.0054    0.6970            1
2013 09 28 30.2026 30.8976 30.5528      0.6694       0.6694    0.6837            1
2013 09 29 30.5412 31.2375 30.8913      1.0106       1.0106    0.6706            1
2013 09 30 30.1922 30.8898 30.5423      0.6643       0.6643    0.6575            1
2013 10 01 30.5409 31.2399 30.8910      1.0157       1.0157    0.6447            1
2013 10 02 30.1820 30.8823 30.5320      0.6594       0.6594    0.6319            1
2013 10 03 30.5405 31.2422 30.8905      1.0206       1.0206    0.6193            1
2013 10 04 30.1718 30.8750 30.5219      0.6547       0.6547    0.6068            1
2013 10 05 30.5397 31.2443 30.8899      1.0253       1.0253    0.5945            1
2013 10 06 30.1620 30.8681 30.5122      0.6503       0.6503    0.5823            1
2013 10 07 30.5386 31.2462 30.8890      1.0297       1.0297    0.5702            1
2013 10 08 30.1522 30.8614 30.5028      0.6461       0.6461    0.5583            1
2013 10 09 30.5373 31.2480 30.8880      1.0339       1.0339    0.5465            1
2013 10 10 30.1428 30.8551 30.4938      0.6422       0.6422    0.5349            1
2013 10 11 30.5356 31.2495 30.8868      1.0378       1.0378    0.5234            1
2013 10 12 30.1336 30.8492 30.4851      0.6386       0.6386    0.5121            1
2013 10 13 30.5335 31.2508 30.8854      1.0414       1.0414    0.5009            1
2013 10 14 30.1246 30.8436 30.4768      0.6353       0.6353    0.4899            1
2013 10 15 30.5312 31.2519 30.8838      1.0447       1.0447    0.4791            1
2013 10 16 30.1161 30.8385 30.4690      0.6324       0.6324    0.4684            1
2013 10 17 30.5284 31.2526 30.8818      1.0476       1.0476    0.4578            1
2013 10 18 30.1078 30.8337 30.4617      0.6298       0.6298    0.4474            1
2013 10 19 30.5253 31.2531 30.8797      1.0502       1.0502    0.4371            1
2013 10 20 30.1000 30.8296 30.4549      0.6277       0.6277    0.4271            1
2013 10 21 30.5217 31.2532 30.8772      1.0523       1.0523    0.4171            1
2013 10 22 30.0925 30.8258 30.4485      0.6259       0.6259    0.4073            1
2013 10 23 30.5178 31.2531 30.8744      1.0541       1.0541    0.3977            1
2013 10 24 30.0854 30.8225 30.4426      0.6245       0.6245    0.3882            1
2013 10 25 30.5135 31.2526 30.8714      1.0555       1.0555    0.3789            1
2013 10 26 30.0788 30.8198 30.4374      0.6236       0.6236    0.3697            1
2013 10 27 30.5087 31.2517 30.8680      1.0564       1.0564    0.3607            1
2013 10 28 30.0726 30.8176 30.4326      0.6231       0.6231    0.3519            1
2013 10 29 30.5036 31.2505 30.8644      1.0569       1.0569    0.3432            1
2013 10 30 30.0668 30.8158 30.4284      0.6230       0.6230    0.3346            1
2013 10 31 30.4980 31.2490 30.8604      1.0570       1.0570    0.3262            1
2013 11 01 30.0616 30.8147 30.4249      0.6234       0.6234    0.3180            1
2013 11 02 30.4920 31.2471 30.8561      1.0566       1.0566    0.3099            1
2013 11 03 30.0569 30.8141 30.4220      0.6243       0.6243    0.3019            1
2013 11 04 30.4856 31.2448 30.8515      1.0557       1.0557    0.2941            1
2013 11 05 30.0528 30.8141 30.4197      0.6257       0.6257    0.2865            1
2013 11 06 30.4786 31.2421 30.8465      1.0543       1.0543    0.2789            1
2013 11 07 30.0491 30.8147 30.4179      0.6275       0.6275    0.2716            1
2013 11 08 30.4714 31.2391 30.8412      1.0525       1.0525    0.2644            1
2013 11 09 30.0460 30.8159 30.4169      0.6299       0.6299    0.2573            1
2013 11 10 30.4635 31.2355 30.8355      1.0501       1.0501    0.2504            1
2013 11 11 30.0435 30.8176 30.4165      0.6327       0.6327    0.2436            1
2013 11 12 30.4554 31.2317 30.8296      1.0473       1.0473    0.2369            1
2013 11 13 30.0414 30.8199 30.4167      0.6360       0.6360    0.2304            1
2013 11 14 30.4468 31.2275 30.8233      1.0440       1.0440    0.2240            1
2013 11 15 30.0400 30.8229 30.4176      0.6398       0.6398    0.2178            1
2013 11 16 30.4378 31.2228 30.8166      1.0402       1.0402    0.2117            1
2013 11 17 30.0391 30.8264 30.4192      0.6441       0.6441    0.2057            1
2013 11 18 30.4284 31.2178 30.8097      1.0359       1.0359    0.1999            1
2013 11 19 30.0389 30.8305 30.4214      0.6489       0.6489    0.1942            1
2013 11 20 30.4186 31.2124 30.8024      1.0311       1.0311    0.1886            1
2013 11 21 30.0391 30.8351 30.4242      0.6541       0.6541    0.1831            1
2013 11 22 30.4084 31.2067 30.7949      1.0259       1.0259    0.1778            1
2013 11 23 30.0399 30.8403 30.4277      0.6598       0.6598    0.1726            1
2013 11 24 30.3979 31.2005 30.7871      1.0202       1.0202    0.1675            1
2013 11 25 30.0413 30.8462 30.4319      0.6660       0.6660    0.1625            1
2013 11 26 30.3870 31.1940 30.7789      1.0140       1.0140    0.1577            1
2013 11 27 30.0433 30.8525 30.4366      0.6726       0.6726    0.1529            1
2013 11 28 30.3758 31.1872 30.7705      1.0074       1.0074    0.1483            1
2013 11 29 30.0458 30.8594 30.4420      0.6797       0.6797    0.1438            1
2013 11 30 30.3642 31.1800 30.7618      1.0003       1.0003    0.1394            1
2013 12 01 30.0488 30.8668 30.4479      0.6871       0.6871    0.1351            1
2013 12 02 30.3524 31.1726 30.7530      0.9929       0.9929    0.1309            1
2013 12 03 30.0524 30.8747 30.4545      0.6950       0.6950    0.1269            1
2013 12 04 30.3403 31.1648 30.7439      0.9850       0.9850    0.1229            1
2013 12 05 30.0564 30.8831 30.4616      0.7032       0.7032    0.1190            1
2013 12 06 30.3280 31.1568 30.7347      0.9768       0.9768    0.1153            1
2013 12 07 30.0610 30.8919 30.4692      0.7118       0.7118    0.1116            1
2013 12 08 30.3154 31.1485 30.7252      0.9682       0.9682    0.1080            1
2013 12 09 30.0661 30.9013 30.4775      0.7208       0.7208    0.1045            1
2013 12 10 30.3026 31.1399 30.7156      0.9592       0.9592    0.1011            1
2013 12 11 30.0715 30.9110 30.4861      0.7300       0.7300    0.0979            1
2013 12 12 30.2897 31.1312 30.7059      0.9500       0.9500    0.0946            1
2013 12 13 30.0775 30.9211 30.4954      0.7396       0.7396    0.0915            1
2013 12 14 30.2766 31.1223 30.6961      0.9404       0.9404    0.0885            1
2013 12 15 30.0839 30.9316 30.5050      0.7494       0.7494    0.0855            1
2013 12 16 30.2634 31.1132 30.6862      0.9306       0.9306    0.0827            1
2013 12 17 30.0907 30.9425 30.5151      0.7595       0.7595    0.0799            1
2013 12 18 30.2501 31.1039 30.6762      0.9205       0.9205    0.0772            1
2013 12 19 30.0978 30.9537 30.5257      0.7698       0.7698    0.0746            1
2013 12 20 30.2367 31.0945 30.6662      0.9102       0.9102    0.0720            1
2013 12 21 30.1053 30.9650 30.5365      0.7802       0.7802    0.0695            1
2013 12 22 30.2235 31.0852 30.6563      0.8998       0.8998    0.0671            1
2013 12 23 30.1132 30.9768 30.5478      0.7909       0.7909    0.0648            1
2013 12 24 30.2101 31.0756 30.6463      0.8891       0.8891    0.0625            1
2013 12 25 30.1214 30.9888 30.5594      0.8017       0.8017    0.0603            1
2013 12 26 30.1967 31.0660 30.6364      0.8783       0.8783    0.0582            1
2013 12 27 30.1297 31.0008 30.5711      0.8125       0.8125    0.0561            1
2013 12 28 30.1836 31.0565 30.6267      0.8675       0.8675    0.0541            1
2013 12 29 30.1385 31.0132 30.5833      0.8235       0.8235    0.0522            1
2013 12 30 30.1704 31.0469 30.6170      0.8565       0.8565    0.0503            1
2013 12 31 30.1529 31.0312 30.6012      0.8400       0.8400    0.0485            1
2014 01 01 30.1319 31.0119 30.5819      0.8200       0.8200    0.1118            1
2014 01 02 30.1310 31.0127 30.5827      0.8200       0.8200    0.1153            1
2014 01 03 30.1411 31.0245 30.5946      0.8310       0.8310    0.1189            1
2014 01 04 30.1183 31.0033 30.5734      0.8090       0.8090    0.1227            1
2014 01 05 30.1505 31.0372 30.6074      0.8420       0.8420    0.1265            1
2014 01 06 30.1058 30.9941 30.5644      0.7980       0.7980    0.1304            1
2014 01 07 30.1600 31.0498 30.6203      0.8529       0.8529    0.1344            1
2014 01 08 30.0935 30.9850 30.5555      0.7871       0.7871    0.1385            1
2014 01 09 30.1695 31.0625 30.6333      0.8637       0.8637    0.1427            1
2014 01 10 30.0816 30.9761 30.5470      0.7763       0.7763    0.1470            1
2014 01 11 30.1793 31.0752 30.6464      0.8745       0.8745    0.1515            1
2014 01 12 30.0698 30.9672 30.5387      0.7655       0.7655    0.1560            1
2014 01 13 30.1889 31.0877 30.6594      0.8850       0.8850    0.1606            1
2014 01 14 30.0586 30.9588 30.5308      0.7550       0.7550    0.1653            1
2014 01 15 30.1987 31.1002 30.6725      0.8954       0.8954    0.1701            1
2014 01 16 30.0476 30.9505 30.5232      0.7446       0.7446    0.1751            1
2014 01 17 30.2084 31.1126 30.6856      0.9056       0.9056    0.1801            1
2014 01 18 30.0371 30.9425 30.5159      0.7344       0.7344    0.1853            1
2014 01 19 30.2180 31.1247 30.6985      0.9155       0.9155    0.1906            1
2014 01 20 30.0270 30.9349 30.5091      0.7245       0.7245    0.1959            1
2014 01 21 30.2277 31.1367 30.7114      0.9252       0.9252    0.2014            1
2014 01 22 30.0173 30.9275 30.5027      0.7148       0.7148    0.2071            1
2014 01 23 30.2372 31.1485 30.7242      0.9346       0.9346    0.2128            1
2014 01 24 30.0081 30.9205 30.4967      0.7054       0.7054    0.2186            1
2014 01 25 30.2466 31.1600 30.7368      0.9437       0.9437    0.2246            1
2014 01 26 29.9995 30.9139 30.4912      0.6963       0.6963    0.2307            1
2014 01 27 30.2559 31.1713 30.7492      0.9525       0.9525    0.2369            1
2014 01 28 29.9913 30.9076 30.4861      0.6875       0.6875    0.2432            1
2014 01 29 30.2651 31.1823 30.7614      0.9609       0.9609    0.2497            1
2014 01 30 29.9837 30.9018 30.4816      0.6791       0.6791    0.2563            1
2014 01 31 30.2741 31.1930 30.7734      0.9690       0.9690    0.2630            1
2014 02 01 29.9766 30.8963 30.4775      0.6710       0.6710    0.2698            1
2014 02 02 30.2829 31.2034 30.7852      0.9767       0.9767    0.2767            1
2014 02 03 29.9701 30.8913 30.4739      0.6633       0.6633    0.2838            1
2014 02 04 30.2914 31.2133 30.7966      0.9839       0.9839    0.2910            1
2014 02 05 29.9643 30.8869 30.4709      0.6561       0.6561    0.2983            1
2014 02 06 30.2996 31.2228 30.8077      0.9907       0.9907    0.3058            1
2014 02 07 29.9590 30.8828 30.4685      0.6493       0.6493    0.3134            1
2014 02 08 30.3077 31.2320 30.8186      0.9971       0.9971    0.3211            1
2014 02 09 29.9544 30.8793 30.4666      0.6429       0.6429    0.3289            1
2014 02 10 30.3156 31.2409 30.8291      1.0031       1.0031    0.3369            1
2014 02 11 29.9504 30.8761 30.4652      0.6369       0.6369    0.3450            1
2014 02 12 30.3230 31.2492 30.8392      1.0085       1.0085    0.3532            1
2014 02 13 29.9471 30.8736 30.4645      0.6315       0.6315    0.3615            1
2014 02 14 30.3303 31.2572 30.8490      1.0136       1.0136    0.3700            1
2014 02 15 29.9443 30.8714 30.4643      0.6264       0.6264    0.3786            1
2014 02 16 30.3372 31.2646 30.8584      1.0181       1.0181    0.3873            1
2014 02 17 29.9423 30.8699 30.4647      0.6219       0.6219    0.3962            1
2014 02 18 30.3438 31.2716 30.8674      1.0221       1.0221    0.4052            1
2014 02 19 29.9410 30.8689 30.4657      0.6179       0.6179    0.4143            1
2014 02 20 30.3502 31.2782 30.8760      1.0257       1.0257    0.4235            1
2014 02 21 29.9402 30.8683 30.4672      0.6143       0.6143    0.4329            1
2014 02 22 30.3562 31.2843 30.8842      1.0288       1.0288    0.4424            1
2014 02 23 29.9401 30.8682 30.4692      0.6112       0.6112    0.4520            1
2014 02 24 30.3619 31.2899 30.8920      1.0314       1.0314    0.4617            1
2014 02 25 29.9407 30.8686 30.4719      0.6086       0.6086    0.4716            1
2014 02 26 30.3671 31.2949 30.8993      1.0334       1.0334    0.4815            1
2014 02 27 29.9420 30.8696 30.4752      0.6066       0.6066    0.4916            1
2014 02 28 30.3723 31.2997 30.9063      1.0351       1.0351    0.5018            1
2014 03 01 29.9438 30.8710 30.4788      0.6049       0.6049    0.5122            1
2014 03 02 30.3769 31.3038 30.9128      1.0362       1.0362    0.5226            1
2014 03 03 29.9464 30.8729 30.4831      0.6038       0.6038    0.5331            1
2014 03 04 30.3812 31.3074 30.9188      1.0368       1.0368    0.5438            1
2014 03 05 29.9496 30.8754 30.4880      0.6032       0.6032    0.5546            1
2014 03 06 30.3853 31.3107 30.9245      1.0370       1.0370    0.5654            1
2014 03 07 29.9533 30.8782 30.4933      0.6030       0.6030    0.5764            1
2014 03 08 30.3890 31.3134 30.9297      1.0367       1.0367    0.5875            1
2014 03 09 29.9577 30.8815 30.4991      0.6033       0.6033    0.5987            1
2014 03 10 30.3925 31.3157 30.9346      1.0360       1.0360    0.6100            1
2014 03 11 29.9626 30.8852 30.5053      0.6040       0.6040    0.6214            1
2014 03 12 30.3956 31.3176 30.9390      1.0349       1.0349    0.6328            1
2014 03 13 29.9680 30.8893 30.5120      0.6051       0.6051    0.6444            1
2014 03 14 30.3985 31.3190 30.9430      1.0333       1.0333    0.6561            1
2014 03 15 29.9741 30.8939 30.5192      0.6067       0.6067    0.6678            1
2014 03 16 30.4010 31.3200 30.9466      1.0313       1.0313    0.6796            1
2014 03 17 29.9807 30.8989 30.5268      0.6087       0.6087    0.6915            1
2014 03 18 30.4032 31.3206 30.9498      1.0289       1.0289    0.7035            1
2014 03 19 29.9878 30.9042 30.5348      0.6111       0.6111    0.7155            1
2014 03 20 30.4053 31.3208 30.9527      1.0262       1.0262    0.7277            1
2014 03 21 29.9953 30.9098 30.5431      0.6138       0.6138    0.7398            1
2014 03 22 30.4070 31.3206 30.9552      1.0231       1.0231    0.7521            1
2014 03 23 30.0033 30.9158 30.5518      0.6169       0.6169    0.7644            1
2014 03 24 30.4085 31.3199 30.9572      1.0196       1.0196    0.7768            1
2014 03 25 30.0118 30.9221 30.5608      0.6204       0.6204    0.7892            1
2014 03 26 30.4099 31.3190 30.9591      1.0159       1.0159    0.8016            1
2014 03 27 30.0206 30.9286 30.5700      0.6241       0.6241    0.8141            1
2014 03 28 30.4109 31.3177 30.9605      1.0118       1.0118    0.8267            1
2014 03 29 30.0299 30.9355 30.5796      0.6282       0.6282    0.8393            1
2014 03 30 30.4118 31.3161 30.9617      1.0075       1.0075    0.8519            1
2014 03 31 30.0395 30.9425 30.5894      0.6325       0.6325    0.8645            1
2014 04 01 30.4126 31.3143 30.9626      1.0030       1.0030    0.8772            1
2014 04 02 30.0493 30.9496 30.5993      0.6370       0.6370    0.8899            1
2014 04 03 30.4132 31.3121 30.9632      0.9982       0.9982    0.9026            1
2014 04 04 30.0595 30.9570 30.6094      0.6418       0.6418    0.9153            1
2014 04 05 30.4136 31.3097 30.9635      0.9932       0.9932    0.9280            1
2014 04 06 30.0700 30.9646 30.6197      0.6468       0.6468    0.9407            1
2014 04 07 30.4139 31.3070 30.9636      0.9880       0.9880    0.9534            1
2014 04 08 30.0807 30.9723 30.6302      0.6520       0.6520    0.9661            1
2014 04 09 30.4141 31.3042 30.9635      0.9827       0.9827    0.9788            1
2014 04 10 30.0915 30.9800 30.6406      0.6573       0.6573    0.9915            1
2014 04 11 30.4142 31.3011 30.9631      0.9772       0.9772    1.0041            2
2014 04 12 30.1026 30.9879 30.6512      0.6628       0.6628    1.0167            2
2014 04 13 30.4142 31.2978 30.9625      0.9716       0.9716    1.0293            2
2014 04 14 30.1139 30.9958 30.6618      0.6684       0.6684    1.0418            2
2014 04 15 30.4142 31.2944 30.9618      0.9659       0.9659    1.0543            2
2014 04 16 30.1252 31.0037 30.6724      0.6741       0.6741    1.0667            2
2014 04 17 30.4142 31.2909 30.9610      0.9602       0.9602    1.0791            2
2014 04 18 30.1366 31.0115 30.6830      0.6798       0.6798    1.0914            2
2014 04 19 30.4141 31.2872 30.9599      0.9544       0.9544    1.1037            2
2014 04 20 30.1481 31.0194 30.6935      0.6856       0.6856    1.1159            2
2014 04 21 30.4140 31.2834 30.9588      0.9486       0.9486    1.1280            2
2014 04 22 30.1596 31.0272 30.7039      0.6914       0.6914    1.1400            2
2014 04 23 30.4139 31.2796 30.9575      0.9428       0.9428    1.1519            2
2014 04 24 30.1711 31.0349 30.7142      0.6972       0.6972    1.1638            2
2014 04 25 30.4138 31.2756 30.9562      0.9370       0.9370    1.1755            2
2014 04 26 30.1826 31.0426 30.7244      0.7030       0.7030    1.1872            2
2014 04 27 30.4136 31.2716 30.9547      0.9312       0.9312    1.1987            2
2014 04 28 30.1941 31.0501 30.7344      0.7088       0.7088    1.2101            2
2014 04 29 30.4136 31.2676 30.9532      0.9255       0.9255    1.2214            2
2014 04 30 30.2054 31.0575 30.7442      0.7145       0.7145    1.2326            2
2014 05 01 30.4137 31.2637 30.9517      0.9199       0.9199    1.2436            2
2014 05 02 30.2167 31.0646 30.7538      0.7201       0.7201    1.2545            2
2014 05 03 30.4137 31.2596 30.9500      0.9143       0.9143    1.2652            2
2014 05 04 30.2279 31.0717 30.7633      0.7257       0.7257    1.2759            2
2014 05 05 30.4139 31.2556 30.9484      0.9089       0.9089    1.2863            2
2014 05 06 30.2388 31.0785 30.7724      0.7311       0.7311    1.2966            2
2014 05 07 30.4141 31.2517 30.9467      0.9036       0.9036    1.3068            2
2014 05 08 30.2496 31.0851 30.7813      0.7364       0.7364    1.3167            2
2014 05 09 30.4144 31.2477 30.9450      0.8984       0.8984    1.3265            2
2014 05 10 30.2603 31.0915 30.7899      0.7416       0.7416    1.3361            2
2014 05 11 30.4148 31.2439 30.9434      0.8934       0.8934    1.3456            2
2014 05 12 30.2707 31.0976 30.7982      0.7466       0.7466    1.3548            2
2014 05 13 30.4153 31.2400 30.9417      0.8885       0.8885    1.3639            2
2014 05 14 30.2809 31.1035 30.8062      0.7515       0.7515    1.3727            2
2014 05 15 30.4159 31.2363 30.9400      0.8838       0.8838    1.3814            2
2014 05 16 30.2909 31.1091 30.8138      0.7562       0.7562    1.3898            2
2014 05 17 30.4165 31.2326 30.9383      0.8792       0.8792    1.3981            2
2014 05 18 30.3007 31.1145 30.8212      0.7608       0.7608    1.4061            2
2014 05 19 30.4172 31.2289 30.9366      0.8748       0.8748    1.4139            2
2014 05 20 30.3102 31.1196 30.8282      0.7652       0.7652    1.4215            2
2014 05 21 30.4182 31.2255 30.9350      0.8707       0.8707    1.4288            2
2014 05 22 30.3193 31.1244 30.8348      0.7693       0.7693    1.4360            2
2014 05 23 30.4191 31.2220 30.9333      0.8667       0.8667    1.4429            2
2014 05 24 30.3282 31.1289 30.8411      0.7733       0.7733    1.4495            2
2014 05 25 30.4201 31.2186 30.9316      0.8628       0.8628    1.4559            2
2014 05 26 30.3369 31.1331 30.8470      0.7772       0.7772    1.4621            2
2014 05 27 30.4212 31.2153 30.9300      0.8592       0.8592    1.4680            2
2014 05 28 30.3452 31.1370 30.8526      0.7808       0.7808    1.4736            2
2014 05 29 30.4225 31.2121 30.9284      0.8558       0.8558    1.4790            2
2014 05 30 30.3532 31.1406 30.8577      0.7842       0.7842    1.4842            2
2014 05 31 30.4238 31.2091 30.9269      0.8526       0.8526    1.4891            2
2014 06 01 30.3608 31.1439 30.8624      0.7874       0.7874    1.4937            2
2014 06 02 30.4251 31.2060 30.9252      0.8495       0.8495    1.4980            2
2014 06 03 30.3683 31.1470 30.8669      0.7905       0.7905    1.5021            2
2014 06 04 30.4265 31.2030 30.9236      0.8466       0.8466    1.5059            2
2014 06 05 30.3754 31.1498 30.8710      0.7934       0.7934    1.5095            2
2014 06 06 30.4279 31.2002 30.9220      0.8439       0.8439    1.5127            2
2014 06 07 30.3821 31.1522 30.8746      0.7961       0.7961    1.5157            2
2014 06 08 30.4294 31.1974 30.9204      0.8414       0.8414    1.5184            2
2014 06 09 30.3886 31.1544 30.8779      0.7986       0.7986    1.5208            2
2014 06 10 30.4309 31.1946 30.9187      0.8390       0.8390    1.5230            2
2014 06 11 30.3948 31.1564 30.8809      0.8010       0.8010    1.5248            2
2014 06 12 30.4324 31.1919 30.9170      0.8368       0.8368    1.5264            2
2014 06 13 30.4006 31.1580 30.8835      0.8032       0.8032    1.5277            2
2014 06 14 30.4339 31.1892 30.9152      0.8347       0.8347    1.5287            2
2014 06 15 30.4062 31.1595 30.8859      0.8053       0.8053    1.5294            2
2014 06 16 30.4354 31.1866 30.9134      0.8328       0.8328    1.5299            2
2014 06 17 30.4114 31.1606 30.8878      0.8072       0.8072    1.5300            2
2014 06 18 30.4368 31.1840 30.9115      0.8310       0.8310    1.5299            2
2014 06 19 30.4164 31.1616 30.8894      0.8090       0.8090    1.5294            2
2014 06 20 30.4381 31.1813 30.9095      0.8292       0.8292    1.5287            2
2014 06 21 30.4212 31.1624 30.8909      0.8108       0.8108    1.5277            2
2014 06 22 30.4394 31.1787 30.9074      0.8276       0.8276    1.5264            2
2014 06 23 30.4256 31.1630 30.8919      0.8124       0.8124    1.5248            2
2014 06 24 30.4407 31.1761 30.9053      0.8261       0.8261    1.5230            2
2014 06 25 30.4298 31.1633 30.8927      0.8139       0.8139    1.5208            2
2014 06 26 30.4418 31.1734 30.9029      0.8246       0.8246    1.5184            2
2014 06 27 30.4338 31.1636 30.8932      0.8154       0.8154    1.5157            2
2014 06 28 30.4426 31.1706 30.9004      0.8231       0.8231    1.5127            2
2014 06 29 30.4376 31.1637 30.8936      0.8169       0.8169    1.5095            2
2014 06 30 30.4435 31.1678 30.8978      0.8217       0.8217    1.5059            2
2014 07 01 30.4411 31.1637 30.8937      0.8183       0.8183    1.5021            2
2014 07 02 30.4441 31.1650 30.8950      0.8203       0.8203    1.4980            2
2014 07 03 30.4445 31.1636 30.8936      0.8197       0.8197    1.4937            2
2014 07 04 30.4447 31.1621 30.8921      0.8190       0.8190    1.4891            2
2014 07 05 30.4475 31.1633 30.8932      0.8210       0.8210    1.4842            2
2014 07 06 30.4449 31.1590 30.8889      0.8176       0.8176    1.4790            2
2014 07 07 30.4505 31.1630 30.8927      0.8224       0.8224    1.4736            2
2014 07 08 30.4450 31.1559 30.8855      0.8162       0.8162    1.4680            2
2014 07 09 30.4533 31.1626 30.8921      0.8238       0.8238    1.4621            2
2014 07 10 30.4448 31.1526 30.8819      0.8147       0.8147    1.4559            2
2014 07 11 30.4560 31.1622 30.8914      0.8253       0.8253    1.4495            2
2014 07 12 30.4444 31.1492 30.8781      0.8132       0.8132    1.4429            2
2014 07 13 30.4585 31.1618 30.8905      0.8268       0.8268    1.4360            2
2014 07 14 30.4437 31.1456 30.8740      0.8116       0.8116    1.4288            2
2014 07 15 30.4609 31.1613 30.8895      0.8284       0.8284    1.4215            2
2014 07 16 30.4427 31.1418 30.8697      0.8099       0.8099    1.4139            2
2014 07 17 30.4632 31.1609 30.8885      0.8301       0.8301    1.4061            2
2014 07 18 30.4414 31.1379 30.8650      0.8081       0.8081    1.3981            2
2014 07 19 30.4654 31.1606 30.8874      0.8319       0.8319    1.3898            2
2014 07 20 30.4399 31.1338 30.8602      0.8063       0.8063    1.3814            2
2014 07 21 30.4674 31.1601 30.8861      0.8337       0.8337    1.3727            2
2014 07 22 30.4379 31.1295 30.8550      0.8042       0.8042    1.3639            2
2014 07 23 30.4695 31.1599 30.8850      0.8358       0.8358    1.3548            2
2014 07 24 30.4358 31.1250 30.8496      0.8021       0.8021    1.3456            2
2014 07 25 30.4714 31.1596 30.8837      0.8379       0.8379    1.3361            2
2014 07 26 30.4332 31.1203 30.8438      0.7998       0.7998    1.3265            2
2014 07 27 30.4734 31.1594 30.8824      0.8402       0.8402    1.3167            2
2014 07 28 30.4303 31.1154 30.8378      0.7974       0.7974    1.3068            2
2014 07 29 30.4752 31.1593 30.8811      0.8426       0.8426    1.2966            2
2014 07 30 30.4269 31.1102 30.8314      0.7947       0.7947    1.2863            2
2014 07 31 30.4771 31.1595 30.8800      0.8453       0.8453    1.2759            2
2014 08 01 30.4234 31.1049 30.8248      0.7920       0.7920    1.2652            2
2014 08 02 30.4789 31.1595 30.8788      0.8480       0.8480    1.2545            2
2014 08 03 30.4193 31.0992 30.8177      0.7890       0.7890    1.2436            2
2014 08 04 30.4807 31.1599 30.8777      0.8510       0.8510    1.2326            2
2014 08 05 30.4149 31.0933 30.8104      0.7858       0.7858    1.2214            2
2014 08 06 30.4826 31.1603 30.8766      0.8542       0.8542    1.2101            2
2014 08 07 30.4102 31.0873 30.8028      0.7825       0.7825    1.1987            2
2014 08 08 30.4844 31.1609 30.8756      0.8575       0.8575    1.1872            2
2014 08 09 30.4050 31.0810 30.7949      0.7790       0.7790    1.1755            2
2014 08 10 30.4861 31.1616 30.8746      0.8610       0.8610    1.1638            2
2014 08 11 30.3995 31.0744 30.7866      0.7753       0.7753    1.1519            2
2014 08 12 30.4879 31.1624 30.8737      0.8647       0.8647    1.1400            2
2014 08 13 30.3936 31.0677 30.7781      0.7714       0.7714    1.1280            2
2014 08 14 30.4898 31.1634 30.8729      0.8686       0.8686    1.1159            2
2014 08 15 30.3873 31.0607 30.7693      0.7673       0.7673    1.1037            2
2014 08 16 30.4916 31.1646 30.8723      0.8727       0.8727    1.0914            2
2014 08 17 30.3807 31.0534 30.7601      0.7630       0.7630    1.0791            2
2014 08 18 30.4934 31.1660 30.8717      0.8770       0.8770    1.0667            2
2014 08 19 30.3736 31.0460 30.7507      0.7585       0.7585    1.0543            2
2014 08 20 30.4953 31.1675 30.8712      0.8815       0.8815    1.0418            2
2014 08 21 30.3663 31.0384 30.7411      0.7539       0.7539    1.0293            2
2014 08 22 30.4971 31.1691 30.8707      0.8861       0.8861    1.0167            2
2014 08 23 30.3586 31.0306 30.7312      0.7491       0.7491    1.0041            2
2014 08 24 30.4989 31.1709 30.8704      0.8909       0.8909    0.9915            1
2014 08 25 30.3506 31.0226 30.7210      0.7441       0.7441    0.9788            1
2014 08 26 30.5008 31.1729 30.8702      0.8959       0.8959    0.9661            1
2014 08 27 30.3423 31.0144 30.7106      0.7390       0.7390    0.9534            1
2014 08 28 30.5026 31.1749 30.8700      0.9010       0.9010    0.9407            1
2014 08 29 30.3337 31.0062 30.7001      0.7338       0.7338    0.9280            1
2014 08 30 30.5044 31.1771 30.8698      0.9062       0.9062    0.9153            1
2014 08 31 30.3248 30.9978 30.6893      0.7284       0.7284    0.9026            1
2014 09 01 30.5062 31.1794 30.8698      0.9116       0.9116    0.8899            1
2014 09 02 30.3156 30.9892 30.6784      0.7229       0.7229    0.8772            1
2014 09 03 30.5079 31.1819 30.8699      0.9171       0.9171    0.8645            1
2014 09 04 30.3062 30.9806 30.6674      0.7173       0.7173    0.8519            1
2014 09 05 30.5096 31.1845 30.8700      0.9227       0.9227    0.8393            1
2014 09 06 30.2965 30.9718 30.6562      0.7116       0.7116    0.8267            1
2014 09 07 30.5113 31.1871 30.8702      0.9284       0.9284    0.8141            1
2014 09 08 30.2867 30.9631 30.6449      0.7059       0.7059    0.8016            1
2014 09 09 30.5128 31.1898 30.8703      0.9341       0.9341    0.7892            1
2014 09 10 30.2766 30.9543 30.6336      0.7001       0.7001    0.7768            1
2014 09 11 30.5143 31.1926 30.8706      0.9399       0.9399    0.7644            1
2014 09 12 30.2665 30.9455 30.6222      0.6943       0.6943    0.7521            1
2014 09 13 30.5156 31.1954 30.8708      0.9457       0.9457    0.7398            1
2014 09 14 30.2562 30.9367 30.6108      0.6885       0.6885    0.7277            1
2014 09 15 30.5169 31.1982 30.8710      0.9515       0.9515    0.7155            1
2014 09 16 30.2457 30.9280 30.5994      0.6827       0.6827    0.7035            1
2014 09 17 30.5180 31.2011 30.8712      0.9573       0.9573    0.6915            1
2014 09 18 30.2352 30.9192 30.5880      0.6769       0.6769    0.6796            1
2014 09 19 30.5190 31.2040 30.8714      0.9631       0.9631    0.6678            1
2014 09 20 30.2247 30.9107 30.5767      0.6712       0.6712    0.6561            1
2014 09 21 30.5198 31.2068 30.8715      0.9688       0.9688    0.6444            1
2014 09 22 30.2142 30.9022 30.5656      0.6656       0.6656    0.6328            1
2014 09 23 30.5204 31.2096 30.8716      0.9744       0.9744    0.6214            1
2014 09 24 30.2036 30.8939 30.5545      0.6601       0.6601    0.6100            1
2014 09 25 30.5209 31.2123 30.8715      0.9799       0.9799    0.5987            1
2014 09 26 30.1930 30.8856 30.5435      0.6546       0.6546    0.5875            1
2014 09 27 30.5212 31.2150 30.8715      0.9854       0.9854    0.5764            1
2014 09 28 30.1826 30.8776 30.5328      0.6494       0.6494    0.5654            1
2014 09 29 30.5212 31.2175 30.8713      0.9906       0.9906    0.5546            1
2014 09 30 30.1722 30.8698 30.5223      0.6443       0.6443    0.5438            1
2014 10 01 30.5209 31.2199 30.8710      0.9957       0.9957    0.5331            1
2014 10 02 30.1620 30.8623 30.5120      0.6394       0.6394    0.5226            1
2014 10 03 30.5205 31.2222 30.8705      1.0006       1.0006    0.5122            1
2014 10 04 30.1518 30.8550 30.5019      0.6347       0.6347    0.5018            1
2014 10 05 30.5197 31.2243 30.8699      1.0053       1.0053    0.4916            1
2014 10 06 30.1420 30.8481 30.4922      0.6303       0.6303    0.4815            1
2014 10 07 30.5186 31.2262 30.8690      1.0097       1.0097    0.4716            1
2014 10 08 30.1322 30.8414 30.4828      0.6261       0.6261    0.4617            1
2014 10 09 30.5173 31.2280 30.8680      1.0139       1.0139    0.4520            1
2014 10 10 30.1228 30.8351 30.4738      0.6222       0.6222    0.4424            1
2014 10 11 30.5156 31.2295 30.8668      1.0178       1.0178    0.4329            1
2014 10 12 30.1136 30.8292 30.4651      0.6186       0.6186    0.4235            1
2014 10 13 30.5135 31.2308 30.8654      1.0214       1.0214    0.4143            1
2014 10 14 30.1046 30.8236 30.4568      0.6153       0.6153    0.4052            1
2014 10 15 30.5112 31.2319 30.8638      1.0247       1.0247    0.3962            1
2014 10 16 30.0961 30.8185 30.4490      0.6124       0.6124    0.3873            1
2014 10 17 30.5084 31.2326 30.8618      1.0276       1.0276    0.3786            1
2014 10 18 30.0878 30.8137 30.4417      0.6098       0.6098    0.3700            1
2014 10 19 30.5053 31.2331 30.8597      1.0302       1.0302    0.3615            1
2014 10 20 30.0800 30.8096 30.4349      0.6077       0.6077    0.3532            1
2014 10 21 30.5017 31.2332 30.8572      1.0323       1.0323    0.3450            1
2014 10 22 30.0725 30.8058 30.4285      0.6059       0.6059    0.3369            1
2014 10 23 30.4978 31.2331 30.8544      1.0341       1.0341    0.3289            1
2014 10 24 30.0654 30.8025 30.4226      0.6045       0.6045    0.3211            1
2014 10 25 30.4935 31.2326 30.8514      1.0355       1.0355    0.3134            1
2014 10 26 30.0588 30.7998 30.4174      0.6036       0.6036    0.3058            1
2014 10 27 30.4887 31.2317 30.8480      1.0364       1.0364    0.2983            1
2014 10 28 30.0526 30.7976 30.4126      0.6031       0.6031    0.2910            1
2014 10 29 30.4836 31.2305 30.8444      1.0369       1.0369    0.2838            1
2014 10 30 30.0468 30.7958 30.4084      0.6030       0.6030    0.2767            1
2014 10 31 30.4780 31.2290 30.8404      1.0370       1.0370    0.2698            1
2014 11 01 30.0416 30.7947 30.4049      0.6034       0.6034    0.2630            1
2014 11 02 30.4720 31.2271 30.8361      1.0366       1.0366    0.2563            1
2014 11 03 30.0369 30.7941 30.4020      0.6043       0.6043    0.2497            1
2014 11 04 30.4656 31.2248 30.8315      1.0357       1.0357    0.2432            1
2014 11 05 30.0328 30.7941 30.3997      0.6057       0.6057    0.2369            1
2014 11 06 30.4586 31.2221 30.8265      1.0343       1.0343    0.2307            1
2014 11 07 30.0291 30.7947 30.3979      0.6075       0.6075    0.2246            1
2014 11 08 30.4514 31.2191 30.8212      1.0325       1.0325    0.2186            1
2014 11 09 30.0260 30.7959 30.3969      0.6099       0.6099    0.2128            1
2014 11 10 30.4435 31.2155 30.8155      1.0301       1.0301    0.2071            1
2014 11 11 30.0235 30.7976 30.3965      0.6127       0.6127    0.2014            1
2014 11 12 30.4354 31.2117 30.8096      1.0273       1.0273    0.1959            1
2014 11 13 30.0214 30.7999 30.3967      0.6160       0.6160    0.1906            1
2014 11 14 30.4268 31.2075 30.8033      1.0240       1.0240    0.1853            1
2014 11 15 30.0200 30.8029 30.3976      0.6198       0.6198    0.1801            1
2014 11 16 30.4178 31.2028 30.7966      1.0202       1.0202    0.1751            1
2014 11 17 30.0191 30.8064 30.3992      0.6241       0.6241    0.1701            1
2014 11 18 30.4084 31.1978 30.7897      1.0159       1.0159    0.1653            1
2014 11 19 30.0189 30.8105 30.4014      0.6289       0.6289    0.1606            1
2014 11 20 30.3986 31.1924 30.7824      1.0111       1.0111    0.1560            1
2014 11 21 30.0191 30.8151 30.4042      0.6341       0.6341    0.1515            1
2014 11 22 30.3884 31.1867 30.7749      1.0059       1.0059    0.1470            1
2014 11 23 30.0199 30.8203 30.4077      0.6398       0.6398    0.1427            1
2014 11 24 30.3779 31.1805 30.7671      1.0002       1.0002    0.1385            1
2014 11 25 30.0213 30.8262 30.4119      0.6460       0.6460    0.1344            1
2014 11 26 30.3670 31.1740 30.7589      0.9940       0.9940    0.1304            1
2014 11 27 30.0233 30.8325 30.4166      0.6526       0.6526    0.1265            1
2014 11 28 30.3558 31.1672 30.7505      0.9874       0.9874    0.1227            1
2014 11 29 30.0258 30.8394 30.4220      0.6597       0.6597    0.1189            1
2014 11 30 30.3442 31.1600 30.7418      0.9803       0.9803    0.1153            1
2014 12 01 30.0288 30.8468 30.4279      0.6671       0.6671    0.1118            1
2014 12 02 30.3324 31.1526 30.7330      0.9729       0.9729    0.1083            1
2014 12 03 30.0324 30.8547 30.4345      0.6750       0.6750    0.1049            1
2014 12 04 30.3203 31.1448 30.7239      0.9650       0.9650    0.1016            1
2014 12 05 30.0364 30.8631 30.4416      0.6832       0.6832    0.0984            1
2014 12 06 30.3080 31.1368 30.7147      0.9568       0.9568    0.0953            1
2014 12 07 30.0410 30.8719 30.4492      0.6918       0.6918    0.0923            1
2014 12 08 30.2954 31.1285 30.7052      0.9482       0.9482    0.0893            1
2014 12 09 30.0461 30.8813 30.4575      0.7008       0.7008    0.0865            1
2014 12 10 30.2826 31.1199 30.6956      0.9392       0.9392    0.0837            1
2014 12 11 30.0515 30.8910 30.4661      0.7100       0.7100    0.0809            1
2014 12 12 30.2697 31.1112 30.6859      0.9300       0.9300    0.0783            1
2014 12 13 30.0575 30.9011 30.4754      0.7196       0.7196    0.0757            1
2014 12 14 30.2566 31.1023 30.6761      0.9204       0.9204    0.0732            1
2014 12 15 30.0639 30.9116 30.4850      0.7294       0.7294    0.0708            1
2014 12 16 30.2434 31.0932 30.6662      0.9106       0.9106    0.0684            1
2014 12 17 30.0707 30.9225 30.4951      0.7395       0.7395    0.0661            1
2014 12 18 30.2301 31.0839 30.6562      0.9005       0.9005    0.0638            1
2014 12 19 30.0778 30.9337 30.5057      0.7498       0.7498    0.0617            1
2014 12 20 30.2167 31.0745 30.6462      0.8902       0.8902    0.0596            1
2014 12 21 30.0853 30.9450 30.5165      0.7602       0.7602    0.0575            1
2014 12 22 30.2035 31.0652 30.6363      0.8798       0.8798    0.0555            1
2014 12 23 30.0932 30.9568 30.5278      0.7709       0.7709    0.0536            1
2014 12 24 30.1901 31.0556 30.6263      0.8691       0.8691    0.0517            1
2014 12 25 30.1014 30.9688 30.5394      0.7817       0.7817    0.0499            1
2014 12 26 30.1767 31.0460 30.6164      0.8583       0.8583    0.0481            1
2014 12 27 30.1097 30.9808 30.5511      0.7925       0.7925    0.0464            1
2014 12 28 30.1636 31.0365 30.6067      0.8475       0.8475    0.0448            1
2014 12 29 30.1185 30.9932 30.5633      0.8035       0.8035    0.0432            1
2014 12 30 30.1504 31.0269 30.5970      0.8365       0.8365    0.0416            1
2014 12 31 30.1329 31.0112 30.5812      0.8200       0.8200    0.0401            1
2015 01 01 30.1519 31.0319 30.6019      0.8400       0.8400    0.1417            1
2015 01 02 30.1510 31.0327 30.6027      0.8400       0.8400    0.1462            1
2015 01 03 30.1611 31.0445 30.6146      0.8510       0.8510    0.1508            1
2015 01 04 30.1383 31.0233 30.5934      0.8290       0.8290    0.1555            1
2015 01 05 30.1705 31.0572 30.6274      0.8620       0.8620    0.1604            1
2015 01 06 30.1258 31.0141 30.5844      0.8180       0.8180    0.1654            1
2015 01 07 30.1800 31.0698 30.6403      0.8729       0.8729    0.1704            1
2015 01 08 30.1135 31.0050 30.5755      0.8071       0.8071    0.1756            1
2015 01 09 30.1895 31.0825 30.6533      0.8837       0.8837    0.1810            1
2015 01 10 30.1016 30.9961 30.5670      0.7963       0.7963    0.1865            1
2015 01 11 30.1993 31.0952 30.6664      0.8945       0.8945    0.1920            1
2015 01 12 30.0898 30.9872 30.5587      0.7855       0.7855    0.1978            1
2015 01 13 30.2089 31.1077 30.6794      0.9050       0.9050    0.2036            1
2015 01 14 30.0786 30.9788 30.5508      0.7750       0.7750    0.2096            1
2015 01 15 30.2187 31.1202 30.6925      0.9154       0.9154    0.2157            1
2015 01 16 30.0676 30.9705 30.5432      0.7646       0.7646    0.2220            1
2015 01 17 30.2284 31.1326 30.7056      0.9256       0.9256    0.2284            1
2015 01 18 30.0571 30.9625 30.5359      0.7544       0.7544    0.2349            1
2015 01 19 30.2380 31.1447 30.7185      0.9355       0.9355    0.2416            1
2015 01 20 30.0470 30.9549 30.5291      0.7445       0.7445    0.2485            1
2015 01 21 30.2477 31.1567 30.7314      0.9452       0.9452    0.2554            1
2015 01 22 30.0373 30.9475 30.5227      0.7348       0.7348    0.2626            1
2015 01 23 30.2572 31.1685 30.7442      0.9546       0.9546    0.2698            1
2015 01 24 30.0281 30.9405 30.5167      0.7254       0.7254    0.2772            1
2015 01 25 30.2666 31.1800 30.7568      0.9637       0.9637    0.2848            1
2015 01 26 30.0195 30.9339 30.5112      0.7163       0.7163    0.2925            1
2015 01 27 30.2759 31.1913 30.7692      0.9725       0.9725    0.3004            1
2015 01 28 30.0113 30.9276 30.5061      0.7075       0.7075    0.3084            1
2015 01 29 30.2851 31.2023 30.7814      0.9809       0.9809    0.3166            1
2015 01 30 30.0037 30.9218 30.5016      0.6991       0.6991    0.3249            1
2015 01 31 30.2941 31.2130 30.7934      0.9890       0.9890    0.3334            1
2015 02 01 29.9966 30.9163 30.4975      0.6910       0.6910    0.3421            1
2015 02 02 30.3029 31.2234 30.8052      0.9967       0.9967    0.3509            1
2015 02 03 29.9901 30.9113 30.4939      0.6833       0.6833    0.3599            1
2015 02 04 30.3114 31.2333 30.8166      1.0039       1.0039    0.3690            1
2015 02 05 29.9843 30.9069 30.4909      0.6761       0.6761    0.3783            1
2015 02 06 30.3196 31.2428 30.8277      1.0107       1.0107    0.3877            1
2015 02 07 29.9790 30.9028 30.4885      0.6693       0.6693    0.3973            1
2015 02 08 30.3277 31.2520 30.8386      1.0171       1.0171    0.4071            1
2015 02 09 29.9744 30.8993 30.4866      0.6629       0.6629    0.4170            1
2015 02 10 30.3356 31.2609 30.8491      1.0231       1.0231    0.4271            1
2015 02 11 29.9704 30.8961 30.4852      0.6569       0.6569    0.4374            1
2015 02 12 30.3430 31.2692 30.8592      1.0285       1.0285    0.4478            1
2015 02 13 29.9671 30.8936 30.4845      0.6515       0.6515    0.4584            1
2015 02 14 30.3503 31.2772 30.8690      1.0336       1.0336    0.4692            1
2015 02 15 29.9643 30.8914 30.4843      0.6464       0.6464    0.4801            1
2015 02 16 30.3572 31.2846 30.8784      1.0381       1.0381    0.4911            1
2015 02 17 29.9623 30.8899 30.4847      0.6419       0.6419    0.5024            1
2015 02 18 30.3638 31.2916 30.8874      1.0421       1.0421    0.5138            1
2015 02 19 29.9610 30.8889 30.4857      0.6379       0.6379    0.5253            1
2015 02 20 30.3702 31.2982 30.8960      1.0457       1.0457    0.5370            1
2015 02 21 29.9602 30.8883 30.4872      0.6343       0.6343    0.5489            1
2015 02 22 30.3762 31.3043 30.9042      1.0488       1.0488    0.5609            1
2015 02 23 29.9601 30.8882 30.4892      0.6312       0.6312    0.5731            1
2015 02 24 30.3819 31.3099 30.9120      1.0514       1.0514    0.5854            1
2015 02 25 29.9607 30.8886 30.4919      0.6286       0.6286    0.5979            1
2015 02 26 30.3871 31.3149 30.9193      1.0534       1.0534    0.6106            1
2015 02 27 29.9620 30.8896 30.4952      0.6266       0.6266    0.6234            1
2015 02 28 30.3923 31.3197 30.9263      1.0551       1.0551    0.6363            1
2015 03 01 29.9638 30.8910 30.4988      0.6249       0.6249    0.6494            1
2015 03 02 30.3969 31.3238 30.9328      1.0562       1.0562    0.6626            1
2015 03 03 29.9664 30.8929 30.5031      0.6238       0.6238    0.6760            1
2015 03 04 30.4012 31.3274 30.9388      1.0568       1.0568    0.6895            1
2015 03 05 29.9696 30.8954 30.5080      0.6232       0.6232    0.7032            1
2015 03 06 30.4053 31.3307 30.9445      1.0570       1.0570    0.7170            1
2015 03 07 29.9733 30.8982 30.5133      0.6230       0.6230    0.7309            1
2015 03 08 30.4090 31.3334 30.9497      1.0567       1.0567    0.7450            1
2015 03 09 29.9777 30.9015 30.5191      0.6233       0.6233    0.7591            1
2015 03 10 30.4125 31.3357 30.9546      1.0560       1.0560    0.7734            1
2015 03 11 29.9826 30.9052 30.5253      0.6240       0.6240    0.7879            1
2015 03 12 30.4156 31.3376 30.9590      1.0549       1.0549    0.8024            1
2015 03 13 29.9880 30.9093 30.5320      0.6251       0.6251    0.8171            1
2015 03 14 30.4185 31.3390 30.9630      1.0533       1.0533    0.8319            1
2015 03 15 29.9941 30.9139 30.5392      0.6267       0.6267    0.8467            1
2015 03 16 30.4210 31.3400 30.9666      1.0513       1.0513    0.8617            1
2015 03 17 30.0007 30.9189 30.5468      0.6287       0.6287    0.8768            1
2015 03 18 30.4232 31.3406 30.9698      1.0489       1.0489    0.8920            1
2015 03 19 30.0078 30.9242 30.5548      0.6311       0.6311    0.9073            1
2015 03 20 30.4253 31.3408 30.9727      1.0462       1.0462    0.9226            1
2015 03 21 30.0153 30.9298 30.5631      0.6338       0.6338    0.9381            1
2015 03 22 30.4270 31.3406 30.9752      1.0431       1.0431    0.9536            1
2015 03 23 30.0233 30.9358 30.5718      0.6369       0.6369    0.9692            1
2015 03 24 30.4285 31.3399 30.9772      1.0396       1.0396    0.9849            1
2015 03 25 30.0318 30.9421 30.5808      0.6404       0.6404    1.0007            2
2015 03 26 30.4299 31.3390 30.9791      1.0359       1.0359    1.0165            2
2015 03 27 30.0406 30.9486 30.5900      0.6441       0.6441    1.0323            2
2015 03 28 30.4309 31.3377 30.9805      1.0318       1.0318    1.0482            2
2015 03 29 30.0499 30.9555 30.5996      0.6482       0.6482    1.0642            2
2015 03 30 30.4318 31.3361 30.9817      1.0275       1.0275    1.0802            2
2015 03 31 30.0595 30.9625 30.6094      0.6525       0.6525    1.0962            2
2015 04 01 30.4326 31.3343 30.9826      1.0230       1.0230    1.1123            2
2015 04 02 30.0693 30.9696 30.6193      0.6570       0.6570    1.1283            2
2015 04 03 30.4332 31.3321 30.9832      1.0182       1.0182    1.1444            2
2015 04 04 30.0795 30.9770 30.6294      0.6618       0.6618    1.1606            2
2015 04 05 30.4336 31.3297 30.9835      1.0132       1.0132    1.1767            2
2015 04 06 30.0900 30.9846 30.6397      0.6668       0.6668    1.1928            2
2015 04 07 30.4339 31.3270 30.9836      1.0080       1.0080    1.2089            2
2015 04 08 30.1007 30.9923 30.6502      0.6720       0.6720    1.2250            2
2015 04 09 30.4341 31.3242 30.9835      1.0027       1.0027    1.2411            2
2015 04 10 30.1115 31.0000 30.6606      0.6773       0.6773    1.2571            2
2015 04 11 30.4342 31.3211 30.9831      0.9972       0.9972    1.2732            2
2015 04 12 30.1226 31.0079 30.6712      0.6828       0.6828    1.2891            2
2015 04 13 30.4342 31.3178 30.9825      0.9916       0.9916    1.3051            2
2015 04 14 30.1339 31.0158 30.6818      0.6884       0.6884    1.3210            2
2015 04 15 30.4342 31.3144 30.9818      0.9859       0.9859    1.3368            2
2015 04 16 30.1452 31.0237 30.6924      0.6941       0.6941    1.3526            2
2015 04 17 30.4342 31.3109 30.9810      0.9802       0.9802    1.3683            2
2015 04 18 30.1566 31.0315 30.7030      0.6998       0.6998    1.3839            2
2015 04 19 30.4341 31.3072 30.9799      0.9744       0.9744    1.3994            2
2015 04 20 30.1681 31.0394 30.7135      0.7056       0.7056    1.4149            2
2015 04 21 30.4340 31.3034 30.9788      0.9686       0.9686    1.4302            2
2015 04 22 30.1796 31.0472 30.7239      0.7114       0.7114    1.4455            2
2015 04 23 30.4339 31.2996 30.9775      0.9628       0.9628    1.4606            2
2015 04 24 30.1911 31.0549 30.7342      0.7172       0.7172    1.4756            2
2015 04 25 30.4338 31.2956 30.9762      0.9570       0.9570    1.4905            2
2015 04 26 30.2026 31.0626 30.7444      0.7230       0.7230    1.5053            2
2015 04 27 30.4336 31.2916 30.9747      0.9512       0.9512    1.5199            2
2015 04 28 30.2141 31.0701 30.7544      0.7288       0.7288    1.5344            2
2015 04 29 30.4336 31.2876 30.9732      0.9455       0.9455    1.5487            2
2015 04 30 30.2254 31.0775 30.7642      0.7345       0.7345    1.5629            2
2015 05 01 30.4337 31.2837 30.9717      0.9399       0.9399    1.5768            2
2015 05 02 30.2367 31.0846 30.7738      0.7401       0.7401    1.5907            2
2015 05 03 30.4337 31.2796 30.9700      0.9343       0.9343    1.6043            2
2015 05 04 30.2479 31.0917 30.7833      0.7457       0.7457    1.6178            2
2015 05 05 30.4339 31.2756 30.9684      0.9289       0.9289    1.6310            2
2015 05 06 30.2588 31.0985 30.7924      0.7511       0.7511    1.6441            2
2015 05 07 30.4341 31.2717 30.9667      0.9236       0.9236    1.6569            2
2015 05 08 30.2696 31.1051 30.8013      0.7564       0.7564    1.6696            2
2015 05 09 30.4344 31.2677 30.9650      0.9184       0.9184    1.6820            2
2015 05 10 30.2803 31.1115 30.8099      0.7616       0.7616    1.6942            2
2015 05 11 30.4348 31.2639 30.9634      0.9134       0.9134    1.7062            2
2015 05 12 30.2907 31.1176 30.8182      0.7666       0.7666    1.7179            2
2015 05 13 30.4353 31.2600 30.9617      0.9085       0.9085    1.7294            2
2015 05 14 30.3009 31.1235 30.8262      0.7715       0.7715    1.7406            2
2015 05 15 30.4359 31.2563 30.9600      0.9038       0.9038    1.7516            2
2015 05 16 30.3109 31.1291 30.8338      0.7762       0.7762    1.7623            2
2015 05 17 30.4365 31.2526 30.9583      0.8992       0.8992    1.7727            2
2015 05 18 30.3207 31.1345 30.8412      0.7808       0.7808    1.7829            2
2015 05 19 30.4372 31.2489 30.9566      0.8948       0.8948    1.7928            2
2015 05 20 30.3302 31.1396 30.8482      0.7852       0.7852    1.8024            2
2015 05 21 30.4382 31.2455 30.9550      0.8907       0.8907    1.8117            2
2015 05 22 30.3393 31.1444 30.8548      0.7893       0.7893    1.8208            2
2015 05 23 30.4391 31.2420 30.9533      0.8867       0.8867    1.8295            2
2015 05 24 30.3482 31.1489 30.8611      0.7933       0.7933    1.8379            2
2015 05 25 30.4401 31.2386 30.9516      0.8828       0.8828    1.8461            2
2015 05 26 30.3569 31.1531 30.8670      0.7972       0.7972    1.8539            2
2015 05 27 30.4412 31.2353 30.9500      0.8792       0.8792    1.8614            2
2015 05 28 30.3652 31.1570 30.8726      0.8008       0.8008    1.8685            2
2015 05 29 30.4425 31.2321 30.9484      0.8758       0.8758    1.8754            2
2015 05 30 30.3732 31.1606 30.8777      0.8042       0.8042    1.8819            2
2015 05 31 30.4438 31.2291 30.9469      0.8726       0.8726    1.8881            2
2015 06 01 30.3808 31.1639 30.8824      0.8074       0.8074    1.8940            2
2015 06 02 30.4451 31.2260 30.9452      0.8695       0.8695    1.8995            2
2015 06 03 30.3883 31.1670 30.8869      0.8105       0.8105    1.9046            2
2015 06 04 30.4465 31.2230 30.9436      0.8666       0.8666    1.9095            2
2015 06 05 30.3954 31.1698 30.8910      0.8134       0.8134    1.9140            2
2015 06 06 30.4479 31.2202 30.9420      0.8639       0.8639    1.9181            2
2015 06 07 30.4021 31.1722 30.8946      0.8161       0.8161    1.9219            2
2015 06 08 30.4494 31.2174 30.9404      0.8614       0.8614    1.9253            2
2015 06 09 30.4086 31.1744 30.8979      0.8186       0.8186    1.9284            2
2015 06 10 30.4509 31.2146 30.9387      0.8590       0.8590    1.9311            2
2015 06 11 30.4148 31.1764 30.9009      0.8210       0.8210    1.9335            2
2015 06 12 30.4524 31.2119 30.9370      0.8568       0.8568    1.9355            2
2015 06 13 30.4206 31.1780 30.9035      0.8232       0.8232    1.9371            2
2015 06 14 30.4539 31.2092 30.9352      0.8547       0.8547    1.9384            2
2015 06 15 30.4262 31.1795 30.9059      0.8253       0.8253    1.9393            2
2015 06 16 30.4554 31.2066 30.9334      0.8528       0.8528    1.9398            2
2015 06 17 30.4314 31.1806 30.9078      0.8272       0.8272    1.9400            2
2015 06 18 30.4568 31.2040 30.9315      0.8510       0.8510    1.9398            2
2015 06 19 30.4364 31.1816 30.9094      0.8290       0.8290    1.9393            2
2015 06 20 30.4581 31.2013 30.9295      0.8492       0.8492    1.9384            2
2015 06 21 30.4412 31.1824 30.9109      0.8308       0.8308    1.9371            2
2015 06 22 30.4594 31.1987 30.9274      0.8476       0.8476    1.9355            2
2015 06 23 30.4456 31.1830 30.9119      0.8324       0.8324    1.9335            2
2015 06 24 30.4607 31.1961 30.9253      0.8461       0.8461    1.9311            2
2015 06 25 30.4498 31.1833 30.9127      0.8339       0.8339    1.9284            2
2015 06 26 30.4618 31.1934 30.9229      0.8446       0.8446    1.9253            2
2015 06 27 30.4538 31.1836 30.9132      0.8354       0.8354    1.9219            2
2015 06 28 30.4626 31.1906 30.9204      0.8431       0.8431    1.9181            2
2015 06 29 30.4576 31.1837 30.9136      0.8369       0.8369    1.9140            2
2015 06 30 30.4635 31.1878 30.9178      0.8417       0.8417    1.9095            2
2015 07 01 30.4611 31.1837 30.9137      0.8383       0.8383    1.9046            2
2015 07 02 30.4641 31.1850 30.9150      0.8403       0.8403    1.8995            2
2015 07 03 30.4645 31.1836 30.9136      0.8397       0.8397    1.8940            2
2015 07 04 30.4647 31.1821 30.9121      0.8390       0.8390    1.8881            2
2015 07 05 30.4675 31.1833 30.9132      0.8410       0.8410    1.8819            2
2015 07 06 30.4649 31.1790 30.9089      0.8376       0.8376    1.8754            2
2015 07 07 30.4705 31.1830 30.9127      0.8424       0.8424    1.8685            2
2015 07 08 30.4650 31.1759 30.9055      0.8362       0.8362    1.8614            2
2015 07 09 30.4733 31.1826 30.9121      0.8438       0.8438    1.8539            2
2015 07 10 30.4648 31.1726 30.9019      0.8347       0.8347    1.8461            2
2015 07 11 30.4760 31.1822 30.9114      0.8453       0.8453    1.8379            2
2015 07 12 30.4644 31.1692 30.8981      0.8332       0.8332    1.8295            2
2015 07 13 30.4785 31.1818 30.9105      0.8468       0.8468    1.8208            2
2015 07 14 30.4637 31.1656 30.8940      0.8316       0.8316    1.8117            2
2015 07 15 30.4809 31.1813 30.9095      0.8484       0.8484    1.8024            2
2015 07 16 30.4627 31.1618 30.8897      0.8299       0.8299    1.7928            2
2015 07 17 30.4832 31.1809 30.9085      0.8501       0.8501    1.7829            2
2015 07 18 30.4614 31.1579 30.8850      0.8281       0.8281    1.7727            2
2015 07 19 30.4854 31.1806 30.9074      0.8519       0.8519    1.7623            2
2015 07 20 30.4599 31.1538 30.8802      0.8263       0.8263    1.7516            2
2015 07 21 30.4874 31.1801 30.9061      0.8537       0.8537    1.7406            2
2015 07 22 30.4579 31.1495 30.8750      0.8242       0.8242    1.7294            2
2015 07 23 30.4895 31.1799 30.9050      0.8558       0.8558    1.7179            2
2015 07 24 30.4558 31.1450 30.8696      0.8221       0.8221    1.7062            2
2015 07 25 30.4914 31.1796 30.9037      0.8579       0.8579    1.6942            2
2015 07 26 30.4532 31.1403 30.8638      0.8198       0.8198    1.6820            2
2015 07 27 30.4934 31.1794 30.9024      0.8602       0.8602    1.6696            2
2015 07 28 30.4503 31.1354 30.8578      0.8174       0.8174    1.6569            2
2015 07 29 30.4952 31.1793 30.9011      0.8626       0.8626    1.6441            2
2015 07 30 30.4469 31.1302 30.8514      0.8147       0.8147    1.6310            2
2015 07 31 30.4971 31.1795 30.9000      0.8653       0.8653    1.6178            2
2015 08 01 30.4434 31.1249 30.8448      0.8120       0.8120    1.6043            2
2015 08 02 30.4989 31.1795 30.8988      0.8680       0.8680    1.5907            2
2015 08 03 30.4393 31.1192 30.8377      0.8090       0.8090    1.5768            2
2015 08 04 30.5007 31.1799 30.8977      0.8710       0.8710    1.5629            2
2015 08 05 30.4349 31.1133 30.8304      0.8058       0.8058    1.5487            2
2015 08 06 30.5026 31.1803 30.8966      0.8742       0.8742    1.5344            2
2015 08 07 30.4302 31.1073 30.8228      0.8025       0.8025    1.5199            2
2015 08 08 30.5044 31.1809 30.8956      0.8775       0.8775    1.5053            2
2015 08 09 30.4250 31.1010 30.8149      0.7990       0.7990    1.4905            2
2015 08 10 30.5061 31.1816 30.8946      0.8810       0.8810    1.4756            2
2015 08 11 30.4195 31.0944 30.8066      0.7953       0.7953    1.4606            2
2015 08 12 30.5079 31.1824 30.8937      0.8847       0.8847    1.4455            2
2015 08 13 30.4136 31.0877 30.7981      0.7914       0.7914    1.4302            2
2015 08 14 30.5098 31.1834 30.8929      0.8886       0.8886    1.4149            2
2015 08 15 30.4073 31.0807 30.7893      0.7873       0.7873    1.3994            2
2015 08 16 30.5116 31.1846 30.8923      0.8927       0.8927    1.3839            2
2015 08 17 30.4007 31.0734 30.7801      0.7830       0.7830    1.3683            2
2015 08 18 30.5134 31.1860 30.8917      0.8970       0.8970    1.3526            2
2015 08 19 30.3936 31.0660 30.7707      0.7785       0.7785    1.3368            2
2015 08 20 30.5153 31.1875 30.8912      0.9015       0.9015    1.3210            2
2015 08 21 30.3863 31.0584 30.7611      0.7739       0.7739    1.3051            2
2015 08 22 30.5171 31.1891 30.8907      0.9061       0.9061    1.2891            2
2015 08 23 30.3786 31.0506 30.7512      0.7691       0.7691    1.2732            2
2015 08 24 30.5189 31.1909 30.8904      0.9109       0.9109    1.2571            2
2015 08 25 30.3706 31.0426 30.7410      0.7641       0.7641    1.2411            2
2015 08 26 30.5208 31.1929 30.8902      0.9159       0.9159    1.2250            2
2015 08 27 30.3623 31.0344 30.7306      0.7590       0.7590    1.2089            2
2015 08 28 30.5226 31.1949 30.8900      0.9210       0.9210    1.1928            2
2015 08 29 30.3537 31.0262 30.7201      0.7538       0.7538    1.1767            2
2015 08 30 30.5244 31.1971 30.8898      0.9262       0.9262    1.1606            2
2015 08 31 30.3448 31.0178 30.7093      0.7484       0.7484    1.1444            2
2015 09 01 30.5262 31.1994 30.8898      0.9316       0.9316    1.1283            2
2015 09 02 30.3356 31.0092 30.6984      0.7429       0.7429    1.1123            2
2015 09 03 30.5279 31.2019 30.8899      0.9371       0.9371    1.0962            2
2015 09 04 30.3262 31.0006 30.6874      0.7373       0.7373    1.0802            2
2015 09 05 30.5296 31.2045 30.8900      0.9427       0.9427    1.0642            2
2015 09 06 30.3165 30.9918 30.6762      0.7316       0.7316    1.0482            2
2015 09 07 30.5313 31.2071 30.8902      0.9484       0.9484    1.0323            2
2015 09 08 30.3067 30.9831 30.6649      0.7259       0.7259    1.0165            2
2015 09 09 30.5328 31.2098 30.8903      0.9541       0.9541    1.0007            2
2015 09 10 30.2966 30.9743 30.6536      0.7201       0.7201    0.9849            1
2015 09 11 30.5343 31.2126 30.8906      0.9599       0.9599    0.9692            1
2015 09 12 30.2865 30.9655 30.6422      0.7143       0.7143    0.9536            1
2015 09 13 30.5356 31.2154 30.8908      0.9657       0.9657    0.9381            1
2015 09 14 30.2762 30.9567 30.6308      0.7085       0.7085    0.9226            1
2015 09 15 30.5369 31.2182 30.8910      0.9715       0.9715    0.9073            1
2015 09 16 30.2657 30.9480 30.6194      0.7027       0.7027    0.8920            1
2015 09 17 30.5380 31.2211 30.8912      0.9773       0.9773    0.8768            1
2015 09 18 30.2552 30.9392 30.6080      0.6969       0.6969    0.8617            1
2015 09 19 30.5390 31.2240 30.8914      0.9831       0.9831    0.8467            1
2015 09 20 30.2447 30.9307 30.5967      0.6912       0.6912    0.8319            1
2015 09 21 30.5398 31.2268 30.8915      0.9888       0.9888    0.8171            1
2015 09 22 30.2342 30.9222 30.5856      0.6856       0.6856    0.8024            1
2015 09 23 30.5404 31.2296 30.8916      0.9944       0.9944    0.7879            1
2015 09 24 30.2236 30.9139 30.5745      0.6801       0.6801    0.7734            1
2015 09 25 30.5409 31.2323 30.8915      0.9999       0.9999    0.7591            1
2015 09 26 30.2130 30.9056 30.5635      0.6746       0.6746    0.7450            1
2015 09 27 30.5412 31.2350 30.8915      1.0054       1.0054    0.7309            1
2015 09 28 30.2026 30.8976 30.5528      0.6694       0.6694    0.7170            1
2015 09 29 30.5412 31.2375 30.8913      1.0106       1.0106    0.7032            1
2015 09 30 30.1922 30.8898 30.5423      0.6643       0.6643    0.6895            1
2015 10 01 30.5409 31.2399 30.8910      1.0157       1.0157    0.6760            1
2015 10 02 30.1820 30.8823 30.5320      0.6594       0.6594    0.6626            1
2015 10 03 30.5405 31.2422 30.8905      1.0206       1.0206    0.6494            1
2015 10 04 30.1718 30.8750 30.5219      0.6547       0.6547    0.6363            1
2015 10 05 30.5397 31.2443 30.8899      1.0253       1.0253    0.6234            1
2015 10 06 30.1620 30.8681 30.5122      0.6503       0.6503    0.6106            1
2015 10 07 30.5386 31.2462 30.8890      1.0297       1.0297    0.5979            1
2015 10 08 30.1522 30.8614 30.5028      0.6461       0.6461    0.5854            1
2015 10 09 30.5373 31.2480 30.8880      1.0339       1.0339    0.5731            1
2015 10 10 30.1428 30.8551 30.4938      0.6422       0.6422    0.5609            1
2015 10 11 30.5356 31.2495 30.8868      1.0378       1.0378    0.5489            1
2015 10 12 30.1336 30.8492 30.4851      0.6386       0.6386    0.5370            1
2015 10 13 30.5335 31.2508 30.8854      1.0414       1.0414    0.5253            1
2015 10 14 30.1246 30.8436 30.4768      0.6353       0.6353    0.5138            1
2015 10 15 30.5312 31.2519 30.8838      1.0447       1.0447    0.5024            1
2015 10 16 30.1161 30.8385 30.4690      0.6324       0.6324    0.4911            1
2015 10 17 30.5284 31.2526 30.8818      1.0476       1.0476    0.4801            1
2015 10 18 30.1078 30.8337 30.4617      0.6298       0.6298    0.4692            1
2015 10 19 30.5253 31.2531 30.8797      1.0502       1.0502    0.4584            1
2015 10 20 30.1000 30.8296 30.4549      0.6277       0.6277    0.4478            1
2015 10 21 30.5217 31.2532 30.8772      1.0523       1.0523    0.4374            1
2015 10 22 30.0925 30.8258 30.4485      0.6259       0.6259    0.4271            1
2015 10 23 30.5178 31.2531 30.8744      1.0541       1.0541    0.4170            1
2015 10 24 30.0854 30.8225 30.4426      0.6245       0.6245    0.4071            1
2015 10 25 30.5135 31.2526 30.8714      1.0555       1.0555    0.3973            1
2015 10 26 30.0788 30.8198 30.4374      0.6236       0.6236    0.3877            1
2015 10 27 30.5087 31.2517 30.8680      1.0564       1.0564    0.3783            1
2015 10 28 30.0726 30.8176 30.4326      0.6231       0.6231    0.3690            1
2015 10 29 30.5036 31.2505 30.8644      1.0569       1.0569    0.3599            1
2015 10 30 30.0668 30.8158 30.4284      0.6230       0.6230    0.3509            1
2015 10 31 30.4980 31.2490 30.8604      1.0570       1.0570    0.3421            1
2015 11 01 30.0616 30.8147 30.4249      0.6234       0.6234    0.3334            1
2015 11 02 30.4920 31.2471 30.8561      1.0566       1.0566    0.3249            1
2015 11 03 30.0569 30.8141 30.4220      0.6243       0.6243    0.3166            1
2015 11 04 30.4856 31.2448 30.8515      1.0557       1.0557    0.3084            1
2015 11 05 30.0528 30.8141 30.4197      0.6257       0.6257    0.3004            1
2015 11 06 30.4786 31.2421 30.8465      1.0543       1.0543    0.2925            1
2015 11 07 30.0491 30.8147 30.4179      0.6275       0.6275    0.2848            1
2015 11 08 30.4714 31.2391 30.8412      1.0525       1.0525    0.2772            1
2015 11 09 30.0460 30.8159 30.4169      0.6299       0.6299    0.2698            1
2015 11 10 30.4635 31.2355 30.8355      1.0501       1.0501    0.2626            1
2015 11 11 30.0435 30.8176 30.4165      0.6327       0.6327    0.2554            1
2015 11 12 30.4554 31.2317 30.8296      1.0473       1.0473    0.2485            1
2015 11 13 30.0414 30.8199 30.4167      0.6360       0.6360    0.2416            1
2015 11 14 30.4468 31.2275 30.8233      1.0440       1.0440    0.2349            1
2015 11 15 30.0400 30.8229 30.4176      0.6398       0.6398    0.2284            1
2015 11 16 30.4378 31.2228 30.8166      1.0402       1.0402    0.2220            1
2015 11 17 30.0391 30.8264 30.4192      0.6441       0.6441    0.2157            1
2015 11 18 30.4284 31.2178 30.8097      1.0359       1.0359    0.2096            1
2015 11 19 30.0389 30.8305 30.4214      0.6489       0.6489    0.2036            1
2015 11 20 30.4186 31.2124 30.8024      1.0311       1.0311    0.1978            1
2015 11 21 30.0391 30.8351 30.4242      0.6541       0.6541    0.1920            1
2015 11 22 30.4084 31.2067 30.7949      1.0259       1.0259    0.1865            1
2015 11 23 30.0399 30.8403 30.4277      0.6598       0.6598    0.1810            1
2015 11 24 30.3979 31.2005 30.7871      1.0202       1.0202    0.1756            1
2015 11 25 30.0413 30.8462 30.4319      0.6660       0.6660    0.1704            1
2015 11 26 30.3870 31.1940 30.7789      1.0140       1.0140    0.1654            1
2015 11 27 30.0433 30.8525 30.4366      0.6726       0.6726    0.1604            1
2015 11 28 30.3758 31.1872 30.7705      1.0074       1.0074    0.1555            1
2015 11 29 30.0458 30.8594 30.4420      0.6797       0.6797    0.1508            1
2015 11 30 30.3642 31.1800 30.7618      1.0003       1.0003    0.1462            1
2015 12 01 30.0488 30.8668 30.4479      0.6871       0.6871    0.1417            1
2015 12 02 30.3524 31.1726 30.7530      0.9929       0.9929    0.1373            1
2015 12 03 30.0524 30.8747 30.4545      0.6950       0.6950    0.1330            1
2015 12 04 30.3403 31.1648 30.7439      0.9850       0.9850    0.1289            1
2015 12 05 30.0564 30.8831 30.4616      0.7032       0.7032    0.1248            1
2015 12 06 30.3280 31.1568 30.7347      0.9768       0.9768    0.1209            1
2015 12 07 30.0610 30.8919 30.4692      0.7118       0.7118    0.1170            1
2015 12 08 30.3154 31.1485 30.7252      0.9682       0.9682    0.1133            1
2015 12 09 30.0661 30.9013 30.4775      0.7208       0.7208    0.1096            1
2015 12 10 30.3026 31.1399 30.7156      0.9592       0.9592    0.1061            1
2015 12 11 30.0715 30.9110 30.4861      0.7300       0.7300    0.1026            1
2015 12 12 30.2897 31.1312 30.7059      0.9500       0.9500    0.0993            1
2015 12 13 30.0775 30.9211 30.4954      0.7396       0.7396    0.0960            1
2015 12 14 30.2766 31.1223 30.6961      0.9404       0.9404    0.0928            1
2015 12 15 30.0839 30.9316 30.5050      0.7494       0.7494    0.0897            1
2015 12 16 30.2634 31.1132 30.6862      0.9306       0.9306    0.0867            1
2015 12 17 30.0907 30.9425 30.5151      0.7595       0.7595    0.0838            1
2015 12 18 30.2501 31.1039 30.6762      0.9205       0.9205    0.0810            1
2015 12 19 30.0978 30.9537 30.5257      0.7698       0.7698    0.0782            1
2015 12 20 30.2367 31.0945 30.6662      0.9102       0.9102    0.0755            1
2015 12 21 30.1053 30.9650 30.5365      0.7802       0.7802    0.0729            1
2015 12 22 30.2235 31.0852 30.6563      0.8998       0.8998    0.0704            1
2015 12 23 30.1132 30.9768 30.5478      0.7909       0.7909    0.0680            1
2015 12 24 30.2101 31.0756 30.6463      0.8891       0.8891    0.0656            1
2015 12 25 30.1214 30.9888 30.5594      0.8017       0.8017    0.0633            1
2015 12 26 30.1967 31.0660 30.6364      0.8783       0.8783    0.0610            1
2015 12 27 30.1297 31.0008 30.5711      0.8125       0.8125    0.0589            1
2015 12 28 30.1836 31.0565 30.6267      0.8675       0.8675    0.0568            1
2015 12 29 30.1385 31.0132 30.5833      0.8235       0.8235    0.0547            1
2015 12 30 30.1704 31.0469 30.6170      0.8565       0.8565    0.0528            1
2015 12 31 30.1529 31.0312 30.6012      0.8400       0.8400    0.0509            1
2016 01 01 30.1421 31.0221 30.5921      0.8300       0.8300    0.1649            1
2016 01 02 30.1412 31.0229 30.5929      0.8300       0.8300    0.1702            1
2016 01 03 30.1513 31.0347 30.6047      0.8410       0.8410    0.1756            1
2016 01 04 30.1285 31.0135 30.5836      0.8190       0.8190    0.1811            1
2016 01 05 30.1606 31.0473 30.6175      0.8519       0.8519    0.1868            1
2016 01 06 30.1161 31.0043 30.5746      0.8081       0.8081    0.1926            1
2016 01 07 30.1701 31.0599 30.6304      0.8628       0.8628    0.1986            1
2016 01 08 30.1039 30.9953 30.5658      0.7972       0.7972    0.2047            1
2016 01 09 30.1797 31.0726 30.6434      0.8736       0.8736    0.2110            1
2016 01 10 30.0919 30.9864 30.5573      0.7864       0.7864    0.2174            1
2016 01 11 30.1893 31.0853 30.6564      0.8843       0.8843    0.2239            1
2016 01 12 30.0803 30.9777 30.5491      0.7757       0.7757    0.2306            1
2016 01 13 30.1991 31.0979 30.6696      0.8949       0.8949    0.2375            1
2016 01 14 30.0690 30.9691 30.5411      0.7651       0.7651    0.2446            1
2016 01 15 30.2088 31.1103 30.6826      0.9052       0.9052    0.2518            1
2016 01 16 30.0581 30.9609 30.5336      0.7548       0.7548    0.2591            1
2016 01 17 30.2185 31.1226 30.6956      0.9154       0.9154    0.2666            1
2016 01 18 30.0476 30.9530 30.5263      0.7446       0.7446    0.2743            1
2016 01 19 30.2282 31.1348 30.7086      0.9253       0.9253    0.2822            1
2016 01 20 30.0375 30.9453 30.5196      0.7347       0.7347    0.2902            1
2016 01 21 30.2378 31.1468 30.7215      0.9350       0.9350    0.2984            1
2016 01 22 30.0279 30.9380 30.5131      0.7250       0.7250    0.3068            1
2016 01 23 30.2473 31.1586 30.7342      0.9444       0.9444    0.3153            1
2016 01 24 30.0187 30.9310 30.5072      0.7156       0.7156    0.3241            1
2016 01 25 30.2568 31.1701 30.7468      0.9535       0.9535    0.3330            1
2016 01 26 30.0100 30.9244 30.5016      0.7065       0.7065    0.3421            1
2016 01 27 30.2660 31.1813 30.7592      0.9622       0.9622    0.3513            1
2016 01 28 30.0019 30.9182 30.4966      0.6978       0.6978    0.3608            1
2016 01 29 30.2751 31.1923 30.7714      0.9706       0.9706    0.3704            1
2016 01 30 29.9943 30.9124 30.4921      0.6894       0.6894    0.3802            1
2016 01 31 30.2841 31.2030 30.7834      0.9787       0.9787    0.3903            1
2016 02 01 29.9873 30.9069 30.4880      0.6813       0.6813    0.4005            1
2016 02 02 30.2928 31.2133 30.7950      0.9863       0.9863    0.4108            1
2016 02 03 29.9809 30.9020 30.4845      0.6737       0.6737    0.4214            1
2016 02 04 30.3014 31.2233 30.8065      0.9936       0.9936    0.4322            1
2016 02 05 29.9749 30.8975 30.4815      0.6664       0.6664    0.4432            1
2016 02 06 30.3097 31.2329 30.8177      1.0004       1.0004    0.4543            1
2016 02 07 29.9697 30.8935 30.4791      0.6596       0.6596    0.4657            1
2016 02 08 30.3178 31.2421 30.8285      1.0068       1.0068    0.4772            1
2016 02 09 29.9651 30.8899 30.4771      0.6532       0.6532    0.4890            1
2016 02 10 30.3256 31.2509 30.8390      1.0128       1.0128    0.5009            1
2016 02 11 29.9610 30.8867 30.4757      0.6472       0.6472    0.5130            1
2016 02 12 30.3331 31.2592 30.8491      1.0182       1.0182    0.5253            1
2016 02 13 29.9578 30.8842 30.4751      0.6418       0.6418    0.5379            1
2016 02 14 30.3404 31.2672 30.8589      1.0233       1.0233    0.5506            1
2016 02 15 29.9550 30.8821 30.4748      0.6367       0.6367    0.5635            1
2016 02 16 30.3473 31.2746 30.8683      1.0278       1.0278    0.5766            1
2016 02 17 29.9530 30.8805 30.4752      0.6322       0.6322    0.5899            1
2016 02 18 30.3540 31.2817 30.8773      1.0319       1.0319    0.6034            1
2016 02 19 29.9515 30.8794 30.4761      0.6281       0.6281    0.6171            1
2016 02 20 30.3603 31.2883 30.8860      1.0355       1.0355    0.6309            1
2016 02 21 29.9507 30.8788 30.4775      0.6245       0.6245    0.6450            1
2016 02 22 30.3663 31.2944 30.8942      1.0386       1.0386    0.6592            1
2016 02 23 29.9506 30.8787 30.4796      0.6214       0.6214    0.6737            1
2016 02 24 30.3720 31.3000 30.9020      1.0412       1.0412    0.6883            1
2016 02 25 29.9512 30.8791 30.4822      0.6188       0.6188    0.7031            1
2016 02 26 30.3773 31.3051 30.9093      1.0433       1.0433    0.7181            1
2016 02 27 29.9524 30.8800 30.4854      0.6167       0.6167    0.7333            1
2016 02 28 30.3823 31.3098 30.9162      1.0449       1.0449    0.7487            1
2016 02 29 29.9543 30.8815 30.4891      0.6151       0.6151    0.7642            1
2016 03 01 30.3871 31.3140 30.9228      1.0461       1.0461    0.7800            1
2016 03 02 29.9567 30.8833 30.4933      0.6139       0.6139    0.7958            1
2016 03 03 30.3915 31.3177 30.9289      1.0468       1.0468    0.8119            1
2016 03 04 29.9598 30.8857 30.4981      0.6132       0.6132    0.8281            1
2016 03 05 30.3955 31.3210 30.9346      1.0470       1.0470    0.8445            1
2016 03 06 29.9635 30.8885 30.5033      0.6130       0.6130    0.8611            1
2016 03 07 30.3993 31.3238 30.9399      1.0468       1.0468    0.8778            1
2016 03 08 29.9678 30.8917 30.5091      0.6132       0.6132    0.8947            1
2016 03 09 30.4027 31.3261 30.9447      1.0461       1.0461    0.9117            1
2016 03 10 29.9727 30.8954 30.5153      0.6139       0.6139    0.9289            1
2016 03 11 30.4059 31.3280 30.9492      1.0450       1.0450    0.9463            1
2016 03 12 29.9781 30.8995 30.5220      0.6150       0.6150    0.9637            1
2016 03 13 30.4088 31.3295 30.9532      1.0435       1.0435    0.9813            1
2016 03 14 29.9840 30.9040 30.5290      0.6165       0.6165    0.9991            1
2016 03 15 30.4113 31.3305 30.9568      1.0415       1.0415    1.0170            2
2016 03 16 29.9906 30.9090 30.5366      0.6185       0.6185    1.0350            2
2016 03 17 30.4136 31.3311 30.9601      1.0392       1.0392    1.0531            2
2016 03 18 29.9976 30.9142 30.5445      0.6208       0.6208    1.0713            2
2016 03 19 30.4156 31.3313 30.9630      1.0365       1.0365    1.0897            2
2016 03 20 30.0050 30.9198 30.5527      0.6235       0.6235    1.1081            2
2016 03 21 30.4174 31.3311 30.9654      1.0334       1.0334    1.1267            2
2016 03 22 30.0130 30.9258 30.5614      0.6266       0.6266    1.1453            2
2016 03 23 30.4189 31.3306 30.9676      1.0300       1.0300    1.1641            2
2016 03 24 30.0214 30.9320 30.5703      0.6300       0.6300    1.1829            2
2016 03 25 30.4202 31.3297 30.9694      1.0263       1.0263    1.2018            2
2016 03 26 30.0302 30.9385 30.5796      0.6337       0.6337    1.2208            2
2016 03 27 30.4213 31.3284 30.9709      1.0223       1.0223    1.2398            2
2016 03 28 30.0393 30.9452 30.5890      0.6377       0.6377    1.2589            2
2016 03 29 30.4223 31.3270 30.9722      1.0181       1.0181    1.2781            2
2016 03 30 30.0488 30.9521 30.5987      0.6419       0.6419    1.2973            2
2016 03 31 30.4230 31.3250 30.9730      1.0135       1.0135    1.3166            2
2016 04 01 30.0587 30.9594 30.6087      0.6465       0.6465    1.3359            2
2016 04 02 30.4237 31.3230 30.9737      1.0088       1.0088    1.3552            2
2016 04 03 30.0688 30.9667 30.6187      0.6512       0.6512    1.3745            2
2016 04 04 30.4241 31.3205 30.9740      1.0038       1.0038    1.3939            2
2016 04 05 30.0792 30.9742 30.6290      0.6562       0.6562    1.4132            2
2016 04 06 30.4244 31.3179 30.9741      0.9987       0.9987    1.4326            2
2016 04 07 30.0898 30.9818 30.6393      0.6613       0.6613    1.4519            2
2016 04 08 30.4246 31.3151 30.9740      0.9934       0.9934    1.4713            2
2016 04 09 30.1006 30.9895 30.6498      0.6666       0.6666    1.4906            2
2016 04 10 30.4247 31.3120 30.9736      0.9879       0.9879    1.5099            2
2016 04 11 30.1117 30.9974 30.6603      0.6721       0.6721    1.5291            2
2016 04 12 30.4248 31.3088 30.9732      0.9824       0.9824    1.5483            2
2016 04 13 30.1228 31.0051 30.6708      0.6776       0.6776    1.5675            2
2016 04 14 30.4247 31.3054 30.9724      0.9767       0.9767    1.5865            2
2016 04 15 30.1341 31.0131 30.6814      0.6833       0.6833    1.6056            2
2016 04 16 30.4246 31.3018 30.9716      0.9710       0.9710    1.6245            2
2016 04 17 30.1455 31.0209 30.6919      0.6890       0.6890    1.6434            2
2016 04 18 30.4246 31.2983 30.9706      0.9653       0.9653    1.6621            2
2016 04 19 30.1568 31.0287 30.7024      0.6947       0.6947    1.6808            2
2016 04 20 30.4245 31.2945 30.9695      0.9595       0.9595    1.6993            2
2016 04 21 30.1683 31.0365 30.7128      0.7005       0.7005    1.7178            2
2016 04 22 30.4243 31.2906 30.9682      0.9537       0.9537    1.7361            2
2016 04 23 30.1798 31.0442 30.7230      0.7063       0.7063    1.7543            2
2016 04 24 30.4242 31.2867 30.9668      0.9479       0.9479    1.7723            2
2016 04 25 30.1912 31.0518 30.7332      0.7121       0.7121    1.7902            2
2016 04 26 30.4241 31.2827 30.9654      0.9421       0.9421    1.8079            2
2016 04 27 30.2027 31.0594 30.7433      0.7179       0.7179    1.8254            2
2016 04 28 30.4240 31.2787 30.9639      0.9364       0.9364    1.8428            2
2016 04 29 30.2140 31.0667 30.7531      0.7236       0.7236    1.8600            2
2016 04 30 30.4240 31.2747 30.9623      0.9308       0.9308    1.8770            2
2016 05 01 30.2252 31.0739 30.7627      0.7292       0.7292    1.8938            2
2016 05 02 30.4241 31.2707 30.9607      0.9253       0.9253    1.9104            2
2016 05 03 30.2363 31.0809 30.7721      0.7347       0.7347    1.9268            2
2016 05 04 30.4242 31.2667 30.9590      0.9198       0.9198    1.9430            2
2016 05 05 30.2474 31.0878 30.7813      0.7402       0.7402    1.9589            2
2016 05 06 30.4244 31.2627 30.9574      0.9145       0.9145    1.9746            2
2016 05 07 30.2582 31.0944 30.7901      0.7455       0.7455    1.9900            2
2016 05 08 30.4247 31.2588 30.9557      0.9093       0.9093    2.0052            2
2016 05 09 30.2688 31.1008 30.7988      0.7507       0.7507    2.0201            2
2016 05 10 30.4251 31.2549 30.9540      0.9043       0.9043    2.0348            2
2016 05 11 30.2792 31.1069 30.8070      0.7557       0.7557    2.0491            2
2016 05 12 30.4255 31.2511 30.9523      0.8994       0.8994    2.0632            2
2016 05 13 30.2894 31.1128 30.8151      0.7606       0.7606    2.0770            2
2016 05 14 30.4260 31.2472 30.9506      0.8946       0.8946    2.0905            2
2016 05 15 30.2994 31.1185 30.8228      0.7654       0.7654    2.1037            2
2016 05 16 30.4266 31.2435 30.9488      0.8900       0.8900    2.1166            2
2016 05 17 30.3092 31.1239 30.8302      0.7700       0.7700    2.1291            2
2016 05 18 30.4274 31.2399 30.9472      0.8857       0.8857    2.1413            2
2016 05 19 30.3186 31.1289 30.8371      0.7743       0.7743    2.1532            2
2016 05 20 30.4282 31.2363 30.9455      0.8814       0.8814    2.1648            2
2016 05 21 30.3279 31.1338 30.8439      0.7786       0.7786    2.1760            2
2016 05 22 30.4291 31.2328 30.9438      0.8774       0.8774    2.1868            2
2016 05 23 30.3368 31.1383 30.8502      0.7826       0.7826    2.1973            2
2016 05 24 30.4302 31.2295 30.9422      0.8736       0.8736    2.2074            2
2016 05 25 30.3454 31.1425 30.8561      0.7864       0.7864    2.2172            2
2016 05 26 30.4312 31.2261 30.9405      0.8699       0.8699    2.2266            2
2016 05 27 30.3537 31.1465 30.8617      0.7901       0.7901    2.2356            2
2016 05 28 30.4324 31.2230 30.9390      0.8665       0.8665    2.2442            2
2016 05 29 30.3617 31.1501 30.8668      0.7935       0.7935    2.2524            2
2016 05 30 30.4337 31.2198 30.9373      0.8632       0.8632    2.2602            2
2016 05 31 30.3695 31.1535 30.8717      0.7968       0.7968    2.2677            2
2016 06 01 30.4349 31.2168 30.9357      0.8601       0.8601    2.2747            2
2016 06 02 30.3769 31.1565 30.8762      0.7999       0.7999    2.2813            2
2016 06 03 30.4363 31.2138 30.9341      0.8572       0.8572    2.2875            2
2016 06 04 30.3840 31.1593 30.8802      0.8028       0.8028    2.2933            2
2016 06 05 30.4378 31.2109 30.9325      0.8545       0.8545    2.2987            2
2016 06 06 30.3908 31.1618 30.8839      0.8055       0.8055    2.3037            2
2016 06 07 30.4392 31.2080 30.9308      0.8519       0.8519    2.3082            2
2016 06 08 30.3973 31.1640 30.8874      0.8081       0.8081    2.3124            2
2016 06 09 30.4406 31.2052 30.9291      0.8495       0.8495    2.3161            2
2016 06 10 30.4035 31.1660 30.8904      0.8105       0.8105    2.3193            2
2016 06 11 30.4421 31.2026 30.9274      0.8473       0.8473    2.3221            2
2016 06 12 30.4093 31.1677 30.8930      0.8127       0.8127    2.3245            2
2016 06 13 30.4436 31.1999 30.9257      0.8452       0.8452    2.3265            2
2016 06 14 30.4149 31.1691 30.8953      0.8148       0.8148    2.3280            2
2016 06 15 30.4450 31.1972 30.9238      0.8432       0.8432    2.3291            2
2016 06 16 30.4203 31.1704 30.8974      0.8168       0.8168    2.3298            2
2016 06 17 30.4465 31.1946 30.9219      0.8414       0.8414    2.3300            2
2016 06 18 30.4252 31.1713 30.8991      0.8186       0.8186    2.3298            2
2016 06 19 30.4478 31.1919 30.9199      0.8396       0.8396    2.3291            2
2016 06 20 30.4301 31.1722 30.9005      0.8204       0.8204    2.3280            2
2016 06 21 30.4491 31.1893 30.9179      0.8380       0.8380    2.3265            2
2016 06 22 30.4345 31.1728 30.9016      0.8220       0.8220    2.3245            2
2016 06 23 30.4503 31.1866 30.9157      0.8364       0.8364    2.3221            2
2016 06 24 30.4388 31.1732 30.9025      0.8236       0.8236    2.3193            2
2016 06 25 30.4514 31.1839 30.9133      0.8349       0.8349    2.3161            2
2016 06 26 30.4428 31.1735 30.9031      0.8251       0.8251    2.3124            2
2016 06 27 30.4524 31.1812 30.9109      0.8335       0.8335    2.3082            2
2016 06 28 30.4465 31.1736 30.9034      0.8265       0.8265    2.3037            2
2016 06 29 30.4532 31.1785 30.9084      0.8321       0.8321    2.2987            2
2016 06 30 30.4501 31.1735 30.9035      0.8279       0.8279    2.2933            2
2016 07 01 30.4539 31.1756 30.9056      0.8307       0.8307    2.2875            2
2016 07 02 30.4534 31.1734 30.9034      0.8293       0.8293    2.2813            2
2016 07 03 30.4543 31.1726 30.9026      0.8293       0.8293    2.2747            2
2016 07 04 30.4566 31.1732 30.9032      0.8307       0.8307    2.2677            2
2016 07 05 30.4546 31.1696 30.8995      0.8279       0.8279    2.2602            2
2016 07 06 30.4596 31.1729 30.9027      0.8321       0.8321    2.2524            2
2016 07 07 30.4547 31.1665 30.8962      0.8265       0.8265    2.2442            2
2016 07 08 30.4624 31.1726 30.9021      0.8335       0.8335    2.2356            2
2016 07 09 30.4546 31.1632 30.8927      0.8251       0.8251    2.2266            2
2016 07 10 30.4650 31.1721 30.9013      0.8349       0.8349    2.2172            2
2016 07 11 30.4543 31.1598 30.8889      0.8236       0.8236    2.2074            2
2016 07 12 30.4676 31.1716 30.9005      0.8364       0.8364    2.1973            2
2016 07 13 30.4536 31.1562 30.8848      0.8220       0.8220    2.1868            2
2016 07 14 30.4700 31.1712 30.8995      0.8380       0.8380    2.1760            2
2016 07 15 30.4527 31.1526 30.8806      0.8204       0.8204    2.1648            2
2016 07 16 30.4722 31.1707 30.8984      0.8396       0.8396    2.1532            2
2016 07 17 30.4515 31.1487 30.8760      0.8186       0.8186    2.1413            2
2016 07 18 30.4745 31.1704 30.8974      0.8414       0.8414    2.1291            2
2016 07 19 30.4500 31.1446 30.8713      0.8168       0.8168    2.1166            2
2016 07 20 30.4765 31.1699 30.8961      0.8432       0.8432    2.1037            2
2016 07 21 30.4482 31.1404 30.8661      0.8148       0.8148    2.0905            2
2016 07 22 30.4786 31.1696 30.8949      0.8452       0.8452    2.0770            2
2016 07 23 30.4460 31.1359 30.8608      0.8127       0.8127    2.0632            2
2016 07 24 30.4806 31.1693 30.8937      0.8473       0.8473    2.0491            2
2016 07 25 30.4436 31.1313 30.8551      0.8105       0.8105    2.0348            2
2016 07 26 30.4824 31.1691 30.8924      0.8495       0.8495    2.0201            2
2016 07 27 30.4408 31.1264 30.8492      0.8081       0.8081    2.0052            2
2016 07 28 30.4843 31.1690 30.8911      0.8519       0.8519    1.9900            2
2016 07 29 30.4376 31.1213 30.8429      0.8055       0.8055    1.9746            2
2016 07 30 30.4862 31.1690 30.8899      0.8545       0.8545    1.9589            2
2016 07 31 30.4341 31.1160 30.8363      0.8028       0.8028    1.9430            2
2016 08 01 30.4880 31.1691 30.8887      0.8572       0.8572    1.9268            2
2016 08 02 30.4301 31.1105 30.8294      0.7999       0.7999    1.9104            2
2016 08 03 30.4898 31.1693 30.8876      0.8601       0.8601    1.8938            2
2016 08 04 30.4258 31.1047 30.8222      0.7968       0.7968    1.8770            2
2016 08 05 30.4916 31.1697 30.8865      0.8632       0.8632    1.8600            2
2016 08 06 30.4212 31.0986 30.8146      0.7935       0.7935    1.8428            2
2016 08 07 30.4934 31.1702 30.8854      0.8665       0.8665    1.8254            2
2016 08 08 30.4162 31.0924 30.8068      0.7901       0.7901    1.8079            2
2016 08 09 30.4951 31.1708 30.8844      0.8699       0.8699    1.7902            2
2016 08 10 30.4107 31.0859 30.7987      0.7864       0.7864    1.7723            2
2016 08 11 30.4970 31.1717 30.8836      0.8736       0.8736    1.7543            2
2016 08 12 30.4050 31.0793 30.7903      0.7826       0.7826    1.7361            2
2016 08 13 30.4987 31.1726 30.8827      0.8774       0.8774    1.7178            2
2016 08 14 30.3988 31.0724 30.7815      0.7786       0.7786    1.6993            2
2016 08 15 30.5005 31.1737 30.8820      0.8814       0.8814    1.6808            2
2016 08 16 30.3922 31.0651 30.7724      0.7743       0.7743    1.6621            2
2016 08 17 30.5024 31.1751 30.8814      0.8857       0.8857    1.6434            2
2016 08 18 30.3854 31.0579 30.7632      0.7700       0.7700    1.6245            2
2016 08 19 30.5041 31.1764 30.8808      0.8900       0.8900    1.6056            2
2016 08 20 30.3782 31.0503 30.7536      0.7654       0.7654    1.5865            2
2016 08 21 30.5060 31.1780 30.8803      0.8946       0.8946    1.5675            2
2016 08 22 30.3706 31.0425 30.7438      0.7606       0.7606    1.5483            2
2016 08 23 30.5079 31.1798 30.8800      0.8994       0.8994    1.5291            2
2016 08 24 30.3627 31.0346 30.7337      0.7557       0.7557    1.5099            2
2016 08 25 30.5097 31.1817 30.8797      0.9043       0.9043    1.4906            2
2016 08 26 30.3545 31.0266 30.7235      0.7507       0.7507    1.4713            2
2016 08 27 30.5115 31.1837 30.8795      0.9093       0.9093    1.4519            2
2016 08 28 30.3460 31.0184 30.7130      0.7455       0.7455    1.4326            2
2016 08 29 30.5133 31.1858 30.8794      0.9145       0.9145    1.4132            2
2016 08 30 30.3372 31.0100 30.7024      0.7402       0.7402    1.3939            2
2016 08 31 30.5150 31.1881 30.8793      0.9198       0.9198    1.3745            2
2016 09 01 30.3281 31.0015 30.6915      0.7347       0.7347    1.3552            2
2016 09 02 30.5168 31.1906 30.8794      0.9253       0.9253    1.3359            2
2016 09 03 30.3188 30.9929 30.6805      0.7292       0.7292    1.3166            2
2016 09 04 30.5185 31.1930 30.8794      0.9308       0.9308    1.2973            2
2016 09 05 30.3093 30.9843 30.6695      0.7236       0.7236    1.2781            2
2016 09 06 30.5201 31.1956 30.8795      0.9364       0.9364    1.2589            2
2016 09 07 30.2995 30.9756 30.6582      0.7179       0.7179    1.2398            2
2016 09 08 30.5217 31.1983 30.8797      0.9421       0.9421    1.2208            2
2016 09 09 30.2895 30.9668 30.6469      0.7121       0.7121    1.2018            2
2016 09 10 30.5232 31.2011 30.8799      0.9479       0.9479    1.1829            2
2016 09 11 30.2794 30.9580 30.6355      0.7063       0.7063    1.1641            2
2016 09 12 30.5246 31.2039 30.8802      0.9537       0.9537    1.1453            2
2016 09 13 30.2692 30.9492 30.6242      0.7005       0.7005    1.1267            2
2016 09 14 30.5259 31.2067 30.8804      0.9595       0.9595    1.1081            2
2016 09 15 30.2588 30.9404 30.6128      0.6947       0.6947    1.0897            2
2016 09 16 30.5271 31.2096 30.8806      0.9653       0.9653    1.0713            2
2016 09 17 30.2484 30.9318 30.6015      0.6890       0.6890    1.0531            2
2016 09 18 30.5281 31.2124 30.8807      0.9710       0.9710    1.0350            2
2016 09 19 30.2380 30.9232 30.5903      0.6833       0.6833    1.0170            2
2016 09 20 30.5289 31.2152 30.8809      0.9767       0.9767    0.9991            1
2016 09 21 30.2274 30.9146 30.5790      0.6776       0.6776    0.9813            1
2016 09 22 30.5297 31.2180 30.8810      0.9824       0.9824    0.9637            1
2016 09 23 30.2169 30.9063 30.5680      0.6721       0.6721    0.9463            1
2016 09 24 30.5302 31.2207 30.8810      0.9879       0.9879    0.9289            1
2016 09 25 30.2063 30.8980 30.5569      0.6666       0.6666    0.9117            1
2016 09 26 30.5306 31.2235 30.8810      0.9934       0.9934    0.8947            1
2016 09 27 30.1959 30.8900 30.5462      0.6613       0.6613    0.8778            1
2016 09 28 30.5307 31.2260 30.8808      0.9987       0.9987    0.8611            1
2016 09 29 30.1855 30.8822 30.5356      0.6562       0.6562    0.8445            1
2016 09 30 30.5305 31.2285 30.8805      1.0038       1.0038    0.8281            1
2016 10 01 30.1752 30.8745 30.5252      0.6512       0.6512    0.8119            1
2016 10 02 30.5301 31.2308 30.8801      1.0088       1.0088    0.7958            1
2016 10 03 30.1651 30.8672 30.5152      0.6465       0.6465    0.7800            1
2016 10 04 30.5294 31.2330 30.8795      1.0135       1.0135    0.7642            1
2016 10 05 30.1551 30.8601 30.5053      0.6419       0.6419    0.7487            1
2016 10 06 30.5286 31.2351 30.8789      1.0181       1.0181    0.7333            1
2016 10 07 30.1454 30.8534 30.4959      0.6377       0.6377    0.7181            1
2016 10 08 30.5273 31.2368 30.8779      1.0223       1.0223    0.7031            1
2016 10 09 30.1359 30.8470 30.4867      0.6337       0.6337    0.6883            1
2016 10 10 30.5257 31.2384 30.8768      1.0263       1.0263    0.6737            1
2016 10 11 30.1266 30.8409 30.4780      0.6300       0.6300    0.6592            1
2016 10 12 30.5238 31.2398 30.8754      1.0300       1.0300    0.6450            1
2016 10 13 30.1176 30.8353 30.4696      0.6266       0.6266    0.6309            1
2016 10 14 30.5216 31.2409 30.8739      1.0334       1.0334    0.6171            1
2016 10 15 30.1089 30.8299 30.4616      0.6235       0.6235    0.6034            1
2016 10 16 30.5191 31.2419 30.8721      1.0365       1.0365    0.5899            1
2016 10 17 30.1005 30.8251 30.4541      0.6208       0.6208    0.5766            1
2016 10 18 30.5161 31.2424 30.8701      1.0392       1.0392    0.5635            1
2016 10 19 30.0926 30.8207 30.4470      0.6185       0.6185    0.5506            1
2016 10 20 30.5127 31.2427 30.8677      1.0415       1.0415    0.5379            1
2016 10 21 30.0849 30.8167 30.4404      0.6165       0.6165    0.5253            1
2016 10 22 30.5091 31.2428 30.8652      1.0435       1.0435    0.5130            1
2016 10 23 30.0777 30.8133 30.4345      0.6150       0.6150    0.5009            1
2016 10 24 30.5049 31.2424 30.8623      1.0450       1.0450    0.4890            1
2016 10 25 30.0710 30.8104 30.4290      0.6139       0.6139    0.4772            1
2016 10 26 30.5003 31.2417 30.8590      1.0461       1.0461    0.4657            1
2016 10 27 30.0646 30.8079 30.4240      0.6132       0.6132    0.4543            1
2016 10 28 30.4954 31.2407 30.8555      1.0468       1.0468    0.4432            1
2016 10 29 30.0588 30.8061 30.4197      0.6130       0.6130    0.4322            1
2016 10 30 30.4900 31.2393 30.8517      1.0470       1.0470    0.4214            1
2016 10 31 30.0534 30.8047 30.4159      0.6132       0.6132    0.4108            1
2016 11 01 30.4842 31.2376 30.8476      1.0468       1.0468    0.4005            1
2016 11 02 30.0485 30.8039 30.4127      0.6139       0.6139    0.3903            1
2016 11 03 30.4779 31.2354 30.8431      1.0461       1.0461    0.3802            1
2016 11 04 30.0441 30.8037 30.4102      0.6151       0.6151    0.3704            1
2016 11 05 30.4712 31.2329 30.8382      1.0449       1.0449    0.3608            1
2016 11 06 30.0402 30.8040 30.4083      0.6167       0.6167    0.3513            1
2016 11 07 30.4641 31.2300 30.8331      1.0433       1.0433    0.3421            1
2016 11 08 30.0369 30.8049 30.4069      0.6188       0.6188    0.3330            1
2016 11 09 30.4566 31.2268 30.8277      1.0412       1.0412    0.3241            1
2016 11 10 30.0341 30.8064 30.4063      0.6214       0.6214    0.3153            1
2016 11 11 30.4487 31.2231 30.8219      1.0386       1.0386    0.3068            1
2016 11 12 30.0319 30.8085 30.4062      0.6245       0.6245    0.2984            1
2016 11 13 30.4403 31.2191 30.8157      1.0355       1.0355    0.2902            1
2016 11 14 30.0303 30.8112 30.4069      0.6281       0.6281    0.2822            1
2016 11 15 30.4315 31.2146 30.8093      1.0319       1.0319    0.2743            1
2016 11 16 30.0292 30.8145 30.4082      0.6322       0.6322    0.2666            1
2016 11 17 30.4223 31.2098 30.8025      1.0278       1.0278    0.2591            1
2016 11 18 30.0286 30.8183 30.4101      0.6367       0.6367    0.2518            1
2016 11 19 30.4127 31.2046 30.7954      1.0233       1.0233    0.2446            1
2016 11 20 30.0287 30.8228 30.4127      0.6418       0.6418    0.2375            1
2016 11 21 30.4027 31.1990 30.7880      1.0182       1.0182    0.2306            1
2016 11 22 30.0292 30.8277 30.4158      0.6472       0.6472    0.2239            1
2016 11 23 30.3924 31.1931 30.7804      1.0128       1.0128    0.2174            1
2016 11 24 30.0304 30.8333 30.4197      0.6532       0.6532    0.2110            1
2016 11 25 30.3817 31.1868 30.7724      1.0068       1.0068    0.2047            1
2016 11 26 30.0322 30.8394 30.4242      0.6596       0.6596    0.1986            1
2016 11 27 30.3707 31.1801 30.7641      1.0004       1.0004    0.1926            1
2016 11 28 30.0344 30.8460 30.4293      0.6664       0.6664    0.1868            1
2016 11 29 30.3593 31.1732 30.7557      0.9936       0.9936    0.1811            1
2016 11 30 30.0372 30.8532 30.4350      0.6737       0.6737    0.1756            1
2016 12 01 30.3477 31.1658 30.7469      0.9863       0.9863    0.1702            1
2016 12 02 30.0405 30.8609 30.4412      0.6813       0.6813    0.1649            1
2016 12 03 30.3358 31.1583 30.7380      0.9787       0.9787    0.1598            1
2016 12 04 30.0444 30.8691 30.4482      0.6894       0.6894    0.1548            1
2016 12 05 30.3235 31.1504 30.7288      0.9706       0.9706    0.1499            1
2016 12 06 30.0487 30.8777 30.4556      0.6978       0.6978    0.1452            1
2016 12 07 30.3111 31.1423 30.7195      0.9622       0.9622    0.1405            1
2016 12 08 30.0535 30.8868 30.4634      0.7065       0.7065    0.1360            1
2016 12 09 30.2986 31.1340 30.7101      0.9535       0.9535    0.1317            1
2016 12 10 30.0588 30.8963 30.4719      0.7156       0.7156    0.1274            1
2016 12 11 30.2858 31.1253 30.7005      0.9444       0.9444    0.1232            1
2016 12 12 30.0646 30.9062 30.4809      0.7250       0.7250    0.1192            1
2016 12 13 30.2728 31.1165 30.6907      0.9350       0.9350    0.1153            1
2016 12 14 30.0708 30.9166 30.4904      0.7347       0.7347    0.1115            1
2016 12 15 30.2597 31.1075 30.6809      0.9253       0.9253    0.1077            1
2016 12 16 30.0773 30.9272 30.5002      0.7446       0.7446    0.1041            1
2016 12 17 30.2465 31.0984 30.6711      0.9154       0.9154    0.1006            1
2016 12 18 30.0844 30.9383 30.5105      0.7548       0.7548    0.0972            1
2016 12 19 30.2332 31.0891 30.6611      0.9052       0.9052    0.0939            1
2016 12 20 30.0916 30.9495 30.5212      0.7651       0.7651    0.0907            1
2016 12 21 30.2200 31.0798 30.6512      0.8949       0.8949    0.0876            1
2016 12 22 30.0994 30.9611 30.5323      0.7757       0.7757    0.0846            1
2016 12 23 30.2066 31.0703 30.6412      0.8843       0.8843    0.0816            1
2016 12 24 30.1074 30.9730 30.5437      0.7864       0.7864    0.0788            1
2016 12 25 30.1933 31.0608 30.6314      0.8736       0.8736    0.0760            1
2016 12 26 30.1157 30.9850 30.5554      0.7972       0.7972    0.0733            1
2016 12 27 30.1801 31.0513 30.6216      0.8628       0.8628    0.0707            1
2016 12 28 30.1243 30.9972 30.5674      0.8081       0.8081    0.0682            1
2016 12 29 30.1670 31.0417 30.6118      0.8519       0.8519    0.0658            1
2016 12 30 30.1330 31.0096 30.5796      0.8190       0.8190    0.0634            1
2016 12 31 30.1540 31.0323 30.6023      0.8410       0.8410    0.0611            1
2017 01 01 30.1719 31.0519 30.6219      0.8600       0.8600    0.1826            1
2017 01 02 30.1710 31.0527 30.6227      0.8600       0.8600    0.1884            1
2017 01 03 30.1811 31.0645 30.6346      0.8710       0.8710    0.1943            1
2017 01 04 30.1583 31.0433 30.6134      0.8490       0.8490    0.2004            1
2017 01 05 30.1905 31.0772 30.6474      0.8820       0.8820    0.2067            1
2017 01 06 30.1458 31.0341 30.6044      0.8380       0.8380    0.2131            1
2017 01 07 30.2000 31.0898 30.6603      0.8929       0.8929    0.2196            1
2017 01 08 30.1335 31.0250 30.5955      0.8271       0.8271    0.2264            1
2017 01 09 30.2095 31.1025 30.6733      0.9037       0.9037    0.2332            1
2017 01 10 30.1216 31.0161 30.5870      0.8163       0.8163    0.2403            1
2017 01 11 30.2193 31.1152 30.6864      0.9145       0.9145    0.2475            1
2017 01 12 30.1098 31.0072 30.5787      0.8055       0.8055    0.2549            1
2017 01 13 30.2289 31.1277 30.6994      0.9250       0.9250    0.2624            1
2017 01 14 30.0986 30.9988 30.5708      0.7950       0.7950    0.2701            1
2017 01 15 30.2387 31.1402 30.7125      0.9354       0.9354    0.2780            1
2017 01 16 30.0876 30.9905 30.5632      0.7846       0.7846    0.2861            1
2017 01 17 30.2484 31.1526 30.7256      0.9456       0.9456    0.2943            1
2017 01 18 30.0771 30.9825 30.5559      0.7744       0.7744    0.3028            1
2017 01 19 30.2580 31.1647 30.7385      0.9555       0.9555    0.3114            1
2017 01 20 30.0670 30.9749 30.5491      0.7645       0.7645    0.3202            1
2017 01 21 30.2677 31.1767 30.7514      0.9652       0.9652    0.3292            1
2017 01 22 30.0573 30.9675 30.5427      0.7548       0.7548    0.3383            1
2017 01 23 30.2772 31.1885 30.7642      0.9746       0.9746    0.3477            1
2017 01 24 30.0481 30.9605 30.5367      0.7454       0.7454    0.3573            1
2017 01 25 30.2866 31.2000 30.7768      0.9837       0.9837    0.3670            1
2017 01 26 30.0395 30.9539 30.5312      0.7363       0.7363    0.3770            1
2017 01 27 30.2959 31.2113 30.7892      0.9925       0.9925    0.3871            1
2017 01 28 30.0313 30.9476 30.5261      0.7275       0.7275    0.3974            1
2017 01 29 30.3051 31.2223 30.8014      1.0009       1.0009    0.4080            1
2017 01 30 30.0237 30.9418 30.5216      0.7191       0.7191    0.4187            1
2017 01 31 30.3141 31.2330 30.8134      1.0090       1.0090    0.4297            1
2017 02 01 30.0166 30.9363 30.5175      0.7110       0.7110    0.4408            1
2017 02 02 30.3229 31.2434 30.8252      1.0167       1.0167    0.4522            1
2017 02 03 30.0101 30.9313 30.5139      0.7033       0.7033    0.4637            1
2017 02 04 30.3314 31.2533 30.8366      1.0239       1.0239    0.4755            1
2017 02 05 30.0043 30.9269 30.5109      0.6961       0.6961    0.4875            1
2017 02 06 30.3396 31.2628 30.8477      1.0307       1.0307    0.4996            1
2017 02 07 29.9990 30.9228 30.5085      0.6893       0.6893    0.5120            1
2017 02 08 30.3477 31.2720 30.8586      1.0371       1.0371    0.5246            1
2017 02 09 29.9944 30.9193 30.5066      0.6829       0.6829    0.5374            1
2017 02 10 30.3556 31.2809 30.8691      1.0431       1.0431    0.5504            1
2017 02 11 29.9904 30.9161 30.5052      0.6769       0.6769    0.5637            1
2017 02 12 30.3630 31.2892 30.8792      1.0485       1.0485    0.5771            1
2017 02 13 29.9871 30.9136 30.5045      0.6715       0.6715    0.5907            1
2017 02 14 30.3703 31.2972 30.8890      1.0536       1.0536    0.6046            1
2017 02 15 29.9843 30.9114 30.5043      0.6664       0.6664    0.6186            1
2017 02 16 30.3772 31.3046 30.8984      1.0581       1.0581    0.6329            1
2017 02 17 29.9823 30.9099 30.5047      0.6619       0.6619    0.6474            1
2017 02 18 30.3838 31.3116 30.9074      1.0621       1.0621    0.6621            1
2017 02 19 29.9810 30.9089 30.5057      0.6579       0.6579    0.6770            1
2017 02 20 30.3902 31.3182 30.9160      1.0657       1.0657    0.6921            1
2017 02 21 29.9802 30.9083 30.5072      0.6543       0.6543    0.7073            1
2017 02 22 30.3962 31.3243 30.9242      1.0688       1.0688    0.7228            1
2017 02 23 29.9801 30.9082 30.5092      0.6512       0.6512    0.7385            1
2017 02 24 30.4019 31.3299 30.9320      1.0714       1.0714    0.7544            1
2017 02 25 29.9807 30.9086 30.5119      0.6486       0.6486    0.7705            1
2017 02 26 30.4071 31.3349 30.9393      1.0734       1.0734    0.7868            1
2017 02 27 29.9820 30.9096 30.5152      0.6466       0.6466    0.8033            1
2017 02 28 30.4123 31.3397 30.9463      1.0751       1.0751    0.8200            1
2017 03 01 29.9838 30.9110 30.5188      0.6449       0.6449    0.8369            1
2017 03 02 30.4169 31.3438 30.9528      1.0762       1.0762    0.8539            1
2017 03 03 29.9864 30.9129 30.5231      0.6438       0.6438    0.8712            1
2017 03 04 30.4212 31.3474 30.9588      1.0768       1.0768    0.8886            1
2017 03 05 29.9896 30.9154 30.5280      0.6432       0.6432    0.9062            1
2017 03 06 30.4253 31.3507 30.9645      1.0770       1.0770    0.9239            1
2017 03 07 29.9933 30.9182 30.5333      0.6430       0.6430    0.9419            1
2017 03 08 30.4290 31.3534 30.9697      1.0767       1.0767    0.9600            1
2017 03 09 29.9977 30.9215 30.5391      0.6433       0.6433    0.9783            1
2017 03 10 30.4325 31.3557 30.9746      1.0760       1.0760    0.9967            1
2017 03 11 30.0026 30.9252 30.5453      0.6440       0.6440    1.0153            2
2017 03 12 30.4356 31.3576 30.9790      1.0749       1.0749    1.0340            2
2017 03 13 30.0080 30.9293 30.5520      0.6451       0.6451    1.0529            2
2017 03 14 30.4385 31.3590 30.9830      1.0733       1.0733    1.0720            2
2017 03 15 30.0141 30.9339 30.5592      0.6467       0.6467    1.0912            2
2017 03 16 30.4410 31.3600 30.9866      1.0713       1.0713    1.1105            2
2017 03 17 30.0207 30.9389 30.5668      0.6487       0.6487    1.1299            2
2017 03 18 30.4432 31.3606 30.9898      1.0689       1.0689    1.1495            2
2017 03 19 30.0278 30.9442 30.5748      0.6511       0.6511    1.1692            2
2017 03 20 30.4453 31.3608 30.9927      1.0662       1.0662    1.1890            2
2017 03 21 30.0353 30.9498 30.5831      0.6538       0.6538    1.2089            2
2017 03 22 30.4470 31.3606 30.9952      1.0631       1.0631    1.2289            2
2017 03 23 30.0433 30.9558 30.5918      0.6569       0.6569    1.2490            2
2017 03 24 30.4485 31.3599 30.9972      1.0596       1.0596    1.2692            2
2017 03 25 30.0518 30.9621 30.6008      0.6604       0.6604    1.2895            2
2017 03 26 30.4499 31.3590 30.9991      1.0559       1.0559    1.3099            2
2017 03 27 30.0606 30.9686 30.6100      0.6641       0.6641    1.3303            2
2017 03 28 30.4509 31.3577 31.0005      1.0518       1.0518    1.3508            2
2017 03 29 30.0699 30.9755 30.6196      0.6682       0.6682    1.3714            2
2017 03 30 30.4518 31.3561 31.0017      1.0475       1.0475    1.3920            2
2017 03 31 30.0795 30.9825 30.6294      0.6725       0.6725    1.4126            2
2017 04 01 30.4526 31.3543 31.0026      1.0430       1.0430    1.4333            2
2017 04 02 30.0893 30.9896 30.6393      0.6770       0.6770    1.4540            2
2017 04 03 30.4532 31.3521 31.0032      1.0382       1.0382    1.4748            2
2017 04 04 30.0995 30.9970 30.6494      0.6818       0.6818    1.4956            2
2017 04 05 30.4536 31.3497 31.0035      1.0332       1.0332    1.5163            2
2017 04 06 30.1100 31.0046 30.6597      0.6868       0.6868    1.5371            2
2017 04 07 30.4539 31.3470 31.0036      1.0280       1.0280    1.5579            2
2017 04 08 30.1207 31.0123 30.6702      0.6920       0.6920    1.5786            2
2017 04 09 30.4541 31.3442 31.0035      1.0227       1.0227    1.5993            2
2017 04 10 30.1315 31.0200 30.6806      0.6973       0.6973    1.6200            2
2017 04 11 30.4542 31.3411 31.0031      1.0172       1.0172    1.6407            2
2017 04 12 30.1426 31.0279 30.6912      0.7028       0.7028    1.6613            2
2017 04 13 30.4542 31.3378 31.0025      1.0116       1.0116    1.6818            2
2017 04 14 30.1539 31.0358 30.7018      0.7084       0.7084    1.7023            2
2017 04 15 30.4542 31.3344 31.0018      1.0059       1.0059    1.7227            2
2017 04 16 30.1652 31.0437 30.7124      0.7141       0.7141    1.7430            2
2017 04 17 30.4542 31.3309 31.0010      1.0002       1.0002    1.7633            2
2017 04 18 30.1766 31.0515 30.7230      0.7198       0.7198    1.7834            2
2017 04 19 30.4541 31.3272 30.9999      0.9944       0.9944    1.8034            2
2017 04 20 30.1881 31.0594 30.7335      0.7256       0.7256    1.8233            2
2017 04 21 30.4540 31.3234 30.9988      0.9886       0.9886    1.8431            2
2017 04 22 30.1996 31.0672 30.7439      0.7314       0.7314    1.8627            2
2017 04 23 30.4539 31.3196 30.9975      0.9828       0.9828    1.8822            2
2017 04 24 30.2111 31.0749 30.7542      0.7372       0.7372    1.9016            2
2017 04 25 30.4538 31.3156 30.9962      0.9770       0.9770    1.9208            2
2017 04 26 30.2226 31.0826 30.7644      0.7430       0.7430    1.9398            2
2017 04 27 30.4536 31.3116 30.9947      0.9712       0.9712    1.9586            2
2017 04 28 30.2341 31.0901 30.7744      0.7488       0.7488    1.9773            2
2017 04 29 30.4536 31.3076 30.9932      0.9655       0.9655    1.9957            2
2017 04 30 30.2454 31.0975 30.7842      0.7545       0.7545    2.0140            2
2017 05 01 30.4537 31.3037 30.9917      0.9599       0.9599    2.0320            2
2017 05 02 30.2567 31.1046 30.7938      0.7601       0.7601    2.0498            2
2017 05 03 30.4537 31.2996 30.9900      0.9543       0.9543    2.0674            2
2017 05 04 30.2679 31.1117 30.8033      0.7657       0.7657    2.0847            2
2017 05 05 30.4539 31.2956 30.9884      0.9489       0.9489    2.1018            2
2017 05 06 30.2788 31.1185 30.8124      0.7711       0.7711    2.1187            2
2017 05 07 30.4541 31.2917 30.9867      0.9436       0.9436    2.1352            2
2017 05 08 30.2896 31.1251 30.8213      0.7764       0.7764    2.1515            2
2017 05 09 30.4544 31.2877 30.9850      0.9384       0.9384    2.1675            2
2017 05 10 30.3003 31.1315 30.8299      0.7816       0.7816    2.1832            2
2017 05 11 30.4548 31.2839 30.9834      0.9334       0.9334    2.1986            2
2017 05 12 30.3107 31.1376 30.8382      0.7866       0.7866    2.2138            2
2017 05 13 30.4553 31.2800 30.9817      0.9285       0.9285    2.2286            2
2017 05 14 30.3209 31.1435 30.8462      0.7915       0.7915    2.2430            2
2017 05 15 30.4559 31.2763 30.9800      0.9238       0.9238    2.2572            2
2017 05 16 30.3309 31.1491 30.8538      0.7962       0.7962    2.2710            2
2017 05 17 30.4565 31.2726 30.9783      0.9192       0.9192    2.2844            2
2017 05 18 30.3407 31.1545 30.8612      0.8008       0.8008    2.2976            2
2017 05 19 30.4572 31.2689 30.9766      0.9148       0.9148    2.3103            2
2017 05 20 30.3502 31.1596 30.8682      0.8052       0.8052    2.3227            2
2017 05 21 30.4582 31.2655 30.9750      0.9107       0.9107    2.3347            2
2017 05 22 30.3593 31.1644 30.8748      0.8093       0.8093    2.3464            2
2017 05 23 30.4591 31.2620 30.9733      0.9067       0.9067    2.3576            2
2017 05 24 30.3682 31.1689 30.8811      0.8133       0.8133    2.3685            2
2017 05 25 30.4601 31.2586 30.9716      0.9028       0.9028    2.3789            2
2017 05 26 30.3769 31.1731 30.8870      0.8172       0.8172    2.3890            2
2017 05 27 30.4612 31.2553 30.9700      0.8992       0.8992    2.3987            2
2017 05 28 30.3852 31.1770 30.8926      0.8208       0.8208    2.4079            2
2017 05 29 30.4625 31.2521 30.9684      0.8958       0.8958    2.4167            2
2017 05 30 30.3932 31.1806 30.8977      0.8242       0.8242    2.4251            2
2017 05 31 30.4638 31.2491 30.9669      0.8926       0.8926    2.4331            2
2017 06 01 30.4008 31.1839 30.9024      0.8274       0.8274    2.4407            2
2017 06 02 30.4651 31.2460 30.9652      0.8895       0.8895    2.4478            2
2017 06 03 30.4083 31.1870 30.9069      0.8305       0.8305    2.4544            2
2017 06 04 30.4665 31.2430 30.9636      0.8866       0.8866    2.4607            2
2017 06 05 30.4154 31.1898 30.9110      0.8334       0.8334    2.4664            2
2017 06 06 30.4679 31.2402 30.9620      0.8839       0.8839    2.4718            2
2017 06 07 30.4221 31.1922 30.9146      0.8361       0.8361    2.4767            2
2017 06 08 30.4694 31.2374 30.9604      0.8814       0.8814    2.4811            2
2017 06 09 30.4286 31.1944 30.9179      0.8386       0.8386    2.4850            2
2017 06 10 30.4709 31.2346 30.9587      0.8790       0.8790    2.4885            2
2017 06 11 30.4348 31.1964 30.9209      0.8410       0.8410    2.4916            2
2017 06 12 30.4724 31.2319 30.9570      0.8768       0.8768    2.4941            2
2017 06 13 30.4406 31.1980 30.9235      0.8432       0.8432    2.4962            2
2017 06 14 30.4739 31.2292 30.9552      0.8747       0.8747    2.4979            2
2017 06 15 30.4462 31.1995 30.9259      0.8453       0.8453    2.4991            2
2017 06 16 30.4754 31.2266 30.9534      0.8728       0.8728    2.4998            2
2017 06 17 30.4514 31.2006 30.9278      0.8472       0.8472    2.5000            2
2017 06 18 30.4768 31.2240 30.9515      0.8710       0.8710    2.4998            2
2017 06 19 30.4564 31.2016 30.9294      0.8490       0.8490    2.4991            2
2017 06 20 30.4781 31.2213 30.9495      0.8692       0.8692    2.4979            2
2017 06 21 30.4612 31.2024 30.9309      0.8508       0.8508    2.4962            2
2017 06 22 30.4794 31.2187 30.9474      0.8676       0.8676    2.4941            2
2017 06 23 30.4656 31.2030 30.9319      0.8524       0.8524    2.4916            2
2017 06 24 30.4807 31.2161 30.9453      0.8661       0.8661    2.4885            2
2017 06 25 30.4698 31.2033 30.9327      0.8539       0.8539    2.4850            2
2017 06 26 30.4818 31.2134 30.9429      0.8646       0.8646    2.4811            2
2017 06 27 30.4738 31.2036 30.9332      0.8554       0.8554    2.4767            2
2017 06 28 30.4826 31.2106 30.9404      0.8631       0.8631    2.4718            2
2017 06 29 30.4776 31.2037 30.9336      0.8569       0.8569    2.4664            2
2017 06 30 30.4835 31.2078 30.9378      0.8617       0.8617    2.4607            2
2017 07 01 30.4811 31.2037 30.9337      0.8583       0.8583    2.4544            2
2017 07 02 30.4841 31.2050 30.9350      0.8603       0.8603    2.4478            2
2017 07 03 30.4845 31.2036 30.9336      0.8597       0.8597    2.4407            2
2017 07 04 30.4847 31.2021 30.9321      0.8590       0.8590    2.4331            2
2017 07 05 30.4875 31.2033 30.9332      0.8610       0.8610    2.4251            2
2017 07 06 30.4849 31.1990 30.9289      0.8576       0.8576    2.4167            2
2017 07 07 30.4905 31.2030 30.9327      0.8624       0.8624    2.4079            2
2017 07 08 30.4850 31.1959 30.9255      0.8562       0.8562    2.3987            2
2017 07 09 30.4933 31.2026 30.9321      0.8638       0.8638    2.3890            2
2017 07 10 30.4848 31.1926 30.9219      0.8547       0.8547    2.3789            2
2017 07 11 30.4960 31.2022 30.9314      0.8653       0.8653    2.3685            2
2017 07 12 30.4844 31.1892 30.9181      0.8532       0.8532    2.3576            2
2017 07 13 30.4985 31.2018 30.9305      0.8668       0.8668    2.3464            2
2017 07 14 30.4837 31.1856 30.9140      0.8516       0.8516    2.3347            2
2017 07 15 30.5009 31.2013 30.9295      0.8684       0.8684    2.3227            2
2017 07 16 30.4827 31.1818 30.9097      0.8499       0.8499    2.3103            2
2017 07 17 30.5032 31.2009 30.9285      0.8701       0.8701    2.2976            2
2017 07 18 30.4814 31.1779 30.9050      0.8481       0.8481    2.2844            2
2017 07 19 30.5054 31.2006 30.9274      0.8719       0.8719    2.2710            2
2017 07 20 30.4799 31.1738 30.9002      0.8463       0.8463    2.2572            2
2017 07 21 30.5074 31.2001 30.9261      0.8737       0.8737    2.2430            2
2017 07 22 30.4779 31.1695 30.8950      0.8442       0.8442    2.2286            2
2017 07 23 30.5095 31.1999 30.9250      0.8758       0.8758    2.2138            2
2017 07 24 30.4758 31.1650 30.8896      0.8421       0.8421    2.1986            2
2017 07 25 30.5114 31.1996 30.9237      0.8779       0.8779    2.1832            2
2017 07 26 30.4732 31.1603 30.8838      0.8398       0.8398    2.1675            2
2017 07 27 30.5134 31.1994 30.9224      0.8802       0.8802    2.1515            2
2017 07 28 30.4703 31.1554 30.8778      0.8374       0.8374    2.1352            2
2017 07 29 30.5152 31.1993 30.9211      0.8826       0.8826    2.1187            2
2017 07 30 30.4669 31.1502 30.8714      0.8347       0.8347    2.1018            2
2017 07 31 30.5171 31.1995 30.9200      0.8853       0.8853    2.0847            2
2017 08 01 30.4634 31.1449 30.8648      0.8320       0.8320    2.0674            2
2017 08 02 30.5189 31.1995 30.9188      0.8880       0.8880    2.0498            2
2017 08 03 30.4593 31.1392 30.8577      0.8290       0.8290    2.0320            2
2017 08 04 30.5207 31.1999 30.9177      0.8910       0.8910    2.0140            2
2017 08 05 30.4549 31.1333 30.8504      0.8258       0.8258    1.9957            2
2017 08 06 30.5226 31.2003 30.9166      0.8942       0.8942    1.9773            2
2017 08 07 30.4502 31.1273 30.8428      0.8225       0.8225    1.9586            2
2017 08 08 30.5244 31.2009 30.9156      0.8975       0.8975    1.9398            2
2017 08 09 30.4450 31.1210 30.8349      0.8190       0.8190    1.9208            2
2017 08 10 30.5261 31.2016 30.9146      0.9010       0.9010    1.9016            2
2017 08 11 30.4395 31.1144 30.8266      0.8153       0.8153    1.8822            2
2017 08 12 30.5279 31.2024 30.9137      0.9047       0.9047    1.8627            2
2017 08 13 30.4336 31.1077 30.8181      0.8114       0.8114    1.8431            2
2017 08 14 30.5298 31.2034 30.9129      0.9086       0.9086    1.8233            2
2017 08 15 30.4273 31.1007 30.8093      0.8073       0.8073    1.8034            2
2017 08 16 30.5316 31.2046 30.9123      0.9127       0.9127    1.7834            2
2017 08 17 30.4207 31.0934 30.8001      0.8030       0.8030    1.7633            2
2017 08 18 30.5334 31.2060 30.9117      0.9170       0.9170    1.7430            2
2017 08 19 30.4136 31.0860 30.7907      0.7985       0.7985    1.7227            2
2017 08 20 30.5353 31.2075 30.9112      0.9215       0.9215    1.7023            2
2017 08 21 30.4063 31.0784 30.7811      0.7939       0.7939    1.6818            2
2017 08 22 30.5371 31.2091 30.9107      0.9261       0.9261    1.6613            2
2017 08 23 30.3986 31.0706 30.7712      0.7891       0.7891    1.6407            2
2017 08 24 30.5389 31.2109 30.9104      0.9309       0.9309    1.6200            2
2017 08 25 30.3906 31.0626 30.7610      0.7841       0.7841    1.5993            2
2017 08 26 30.5408 31.2129 30.9102      0.9359       0.9359    1.5786            2
2017 08 27 30.3823 31.0544 30.7506      0.7790       0.7790    1.5579            2
2017 08 28 30.5426 31.2149 30.9100      0.9410       0.9410    1.5371            2
2017 08 29 30.3737 31.0462 30.7401      0.7738       0.7738    1.5163            2
2017 08 30 30.5444 31.2171 30.9098      0.9462       0.9462    1.4956            2
2017 08 31 30.3648 31.0378 30.7293      0.7684       0.7684    1.4748            2
2017 09 01 30.5462 31.2194 30.9098      0.9516       0.9516    1.4540            2
2017 09 02 30.3556 31.0292 30.7184      0.7629       0.7629    1.4333            2
2017 09 03 30.5479 31.2219 30.9099      0.9571       0.9571    1.4126            2
2017 09 04 30.3462 31.0206 30.7074      0.7573       0.7573    1.3920            2
2017 09 05 30.5496 31.2245 30.9100      0.9627       0.9627    1.3714            2
2017 09 06 30.3365 31.0118 30.6962      0.7516       0.7516    1.3508            2
2017 09 07 30.5513 31.2271 30.9102      0.9684       0.9684    1.3303            2
2017 09 08 30.3267 31.0031 30.6849      0.7459       0.7459    1.3099            2
2017 09 09 30.5528 31.2298 30.9103      0.9741       0.9741    1.2895            2
2017 09 10 30.3166 30.9943 30.6736      0.7401       0.7401    1.2692            2
2017 09 11 30.5543 31.2326 30.9106      0.9799       0.9799    1.2490            2
2017 09 12 30.3065 30.9855 30.6622      0.7343       0.7343    1.2289            2
2017 09 13 30.5556 31.2354 30.9108      0.9857       0.9857    1.2089            2
2017 09 14 30.2962 30.9767 30.6508      0.7285       0.7285    1.1890            2
2017 09 15 30.5569 31.2382 30.9110      0.9915       0.9915    1.1692            2
2017 09 16 30.2857 30.9680 30.6394      0.7227       0.7227    1.1495            2
2017 09 17 30.5580 31.2411 30.9112      0.9973       0.9973    1.1299            2
2017 09 18 30.2752 30.9592 30.6280      0.7169       0.7169    1.1105            2
2017 09 19 30.5590 31.2440 30.9114      1.0031       1.0031    1.0912            2
2017 09 20 30.2647 30.9507 30.6167      0.7112       0.7112    1.0720            2
2017 09 21 30.5598 31.2468 30.9115      1.0088       1.0088    1.0529            2
2017 09 22 30.2542 30.9422 30.6056      0.7056       0.7056    1.0340            2
2017 09 23 30.5604 31.2496 30.9116      1.0144       1.0144    1.0153            2
2017 09 24 30.2436 30.9339 30.5945      0.7001       0.7001    0.9967            1
2017 09 25 30.5609 31.2523 30.9115      1.0199       1.0199    0.9783            1
2017 09 26 30.2330 30.9256 30.5835      0.6946       0.6946    0.9600            1
2017 09 27 30.5612 31.2550 30.9115      1.0254       1.0254    0.9419            1
2017 09 28 30.2226 30.9176 30.5728      0.6894       0.6894    0.9239            1
2017 09 29 30.5612 31.2575 30.9113      1.0306       1.0306    0.9062            1
2017 09 30 30.2122 30.9098 30.5623      0.6843       0.6843    0.8886            1
2017 10 01 30.5609 31.2599 30.9110      1.0357       1.0357    0.8712            1
2017 10 02 30.2020 30.9023 30.5520      0.6794       0.6794    0.8539            1
2017 10 03 30.5605 31.2622 30.9105      1.0406       1.0406    0.8369            1
2017 10 04 30.1918 30.8950 30.5419      0.6747       0.6747    0.8200            1
2017 10 05 30.5597 31.2643 30.9099      1.0453       1.0453    0.8033            1
2017 10 06 30.1820 30.8881 30.5322      0.6703       0.6703    0.7868            1
2017 10 07 30.5586 31.2662 30.9090      1.0497       1.0497    0.7705            1
2017 10 08 30.1722 30.8814 30.5228      0.6661       0.6661    0.7544            1
2017 10 09 30.5573 31.2680 30.9080      1.0539       1.0539    0.7385            1
2017 10 10 30.1628 30.8751 30.5138      0.6622       0.6622    0.7228            1
2017 10 11 30.5556 31.2695 30.9068      1.0578       1.0578    0.7073            1
2017 10 12 30.1536 30.8692 30.5051      0.6586       0.6586    0.6921            1
2017 10 13 30.5535 31.2708 30.9054      1.0614       1.0614    0.6770            1
2017 10 14 30.1446 30.8636 30.4968      0.6553       0.6553    0.6621            1
2017 10 15 30.5512 31.2719 30.9038      1.0647       1.0647    0.6474            1
2017 10 16 30.1361 30.8585 30.4890      0.6524       0.6524    0.6329            1
2017 10 17 30.5484 31.2726 30.9018      1.0676       1.0676    0.6186            1
2017 10 18 30.1278 30.8537 30.4817      0.6498       0.6498    0.6046            1
2017 10 19 30.5453 31.2731 30.8997      1.0702       1.0702    0.5907            1
2017 10 20 30.1200 30.8496 30.4749      0.6477       0.6477    0.5771            1
2017 10 21 30.5417 31.2732 30.8972      1.0723       1.0723    0.5637            1
2017 10 22 30.1125 30.8458 30.4685      0.6459       0.6459    0.5504            1
2017 10 23 30.5378 31.2731 30.8944      1.0741       1.0741    0.5374            1
2017 10 24 30.1054 30.8425 30.4626      0.6445       0.6445    0.5246            1
2017 10 25 30.5335 31.2726 30.8914      1.0755       1.0755    0.5120            1
2017 10 26 30.0988 30.8398 30.4574      0.6436       0.6436    0.4996            1
2017 10 27 30.5287 31.2717 30.8880      1.0764       1.0764    0.4875            1
2017 10 28 30.0926 30.8376 30.4526      0.6431       0.6431    0.4755            1
2017 10 29 30.5236 31.2705 30.8844      1.0769       1.0769    0.4637            1
2017 10 30 30.0868 30.8358 30.4484      0.6430       0.6430    0.4522            1
2017 10 31 30.5180 31.2690 30.8804      1.0770       1.0770    0.4408            1
2017 11 01 30.0816 30.8347 30.4449      0.6434       0.6434    0.4297            1
2017 11 02 30.5120 31.2671 30.8761      1.0766       1.0766    0.4187            1
2017 11 03 30.0769 30.8341 30.4420      0.6443       0.6443    0.4080            1
2017 11 04 30.5056 31.2648 30.8715      1.0757       1.0757    0.3974            1
2017 11 05 30.0728 30.8341 30.4397      0.6457       0.6457    0.3871            1
2017 11 06 30.4986 31.2621 30.8665      1.0743       1.0743    0.3770            1
2017 11 07 30.0691 30.8347 30.4379      0.6475       0.6475    0.3670            1
2017 11 08 30.4914 31.2591 30.8612      1.0725       1.0725    0.3573            1
2017 11 09 30.0660 30.8359 30.4369      0.6499       0.6499    0.3477            1
2017 11 10 30.4835 31.2555 30.8555      1.0701       1.0701    0.3383            1
2017 11 11 30.0635 30.8376 30.4365      0.6527       0.6527    0.3292            1
2017 11 12 30.4754 31.2517 30.8496      1.0673       1.0673    0.3202            1
2017 11 13 30.0614 30.8399 30.4367      0.6560       0.6560    0.3114            1
2017 11 14 30.4668 31.2475 30.8433      1.0640       1.0640    0.3028            1
2017 11 15 30.0600 30.8429 30.4376      0.6598       0.6598    0.2943            1
2017 11 16 30.4578 31.2428 30.8366      1.0602       1.0602    0.2861            1
2017 11 17 30.0591 30.8464 30.4392      0.6641       0.6641    0.2780            1
2017 11 18 30.4484 31.2378 30.8297      1.0559       1.0559    0.2701            1
2017 11 19 30.0589 30.8505 30.4414      0.6689       0.6689    0.2624            1
2017 11 20 30.4386 31.2324 30.8224      1.0511       1.0511    0.2549            1
2017 11 21 30.0591 30.8551 30.4442      0.6741       0.6741    0.2475            1
2017 11 22 30.4284 31.2267 30.8149      1.0459       1.0459    0.2403            1
2017 11 23 30.0599 30.8603 30.4477      0.6798       0.6798    0.2332            1
2017 11 24 30.4179 31.2205 30.8071      1.0402       1.0402    0.2264            1
2017 11 25 30.0613 30.8662 30.4519      0.6860       0.6860    0.2196            1
2017 11 26 30.4070 31.2140 30.7989      1.0340       1.0340    0.2131            1
2017 11 27 30.0633 30.8725 30.4566      0.6926       0.6926    0.2067            1
2017 11 28 30.3958 31.2072 30.7905      1.0274       1.0274    0.2004            1
2017 11 29 30.0658 30.8794 30.4620      0.6997       0.6997    0.1943            1
2017 11 30 30.3842 31.2000 30.7818      1.0203       1.0203    0.1884            1
2017 12 01 30.0688 30.8868 30.4679      0.7071       0.7071    0.1826            1
2017 12 02 30.3724 31.1926 30.7730      1.0129       1.0129    0.1770            1
2017 12 03 30.0724 30.8947 30.4745      0.7150       0.7150    0.1714            1
2017 12 04 30.3603 31.1848 30.7639      1.0050       1.0050    0.1661            1
2017 12 05 30.0764 30.9031 30.4816      0.7232       0.7232    0.1609            1
2017 12 06 30.3480 31.1768 30.7547      0.9968       0.9968    0.1558            1
2017 12 07 30.0810 30.9119 30.4892      0.7318       0.7318    0.1508            1
2017 12 08 30.3354 31.1685 30.7452      0.9882       0.9882    0.1460            1
2017 12 09 30.0861 30.9213 30.4975      0.7408       0.7408    0.1413            1
2017 12 10 30.3226 31.1599 30.7356      0.9792       0.9792    0.1367            1
2017 12 11 30.0915 30.9310 30.5061      0.7500       0.7500    0.1322            1
2017 12 12 30.3097 31.1512 30.7259      0.9700       0.9700    0.1279            1
2017 12 13 30.0975 30.9411 30.5154      0.7596       0.7596    0.1237            1
2017 12 14 30.2966 31.1423 30.7161      0.9604       0.9604    0.1196            1
2017 12 15 30.1039 30.9516 30.5250      0.7694       0.7694    0.1156            1
2017 12 16 30.2834 31.1332 30.7062      0.9506       0.9506    0.1117            1
2017 12 17 30.1107 30.9625 30.5351      0.7795       0.7795    0.1080            1
2017 12 18 30.2701 31.1239 30.6962      0.9405       0.9405    0.1043            1
2017 12 19 30.1178 30.9737 30.5457      0.7898       0.7898    0.1008            1
2017 12 20 30.2567 31.1145 30.6862      0.9302       0.9302    0.0973            1
2017 12 21 30.1253 30.9850 30.5565      0.8002       0.8002    0.0940            1
2017 12 22 30.2435 31.1052 30.6763      0.9198       0.9198    0.0907            1
2017 12 23 30.1332 30.9968 30.5678      0.8109       0.8109    0.0876            1
2017 12 24 30.2301 31.0956 30.6663      0.9091       0.9091    0.0845            1
2017 12 25 30.1414 31.0088 30.5794      0.8217       0.8217    0.0815            1
2017 12 26 30.2167 31.0860 30.6564      0.8983       0.8983    0.0787            1
2017 12 27 30.1497 31.0208 30.5911      0.8325       0.8325    0.0759            1
2017 12 28 30.2036 31.0765 30.6467      0.8875       0.8875    0.0732            1
2017 12 29 30.1585 31.0332 30.6033      0.8435       0.8435    0.0705            1
2017 12 30 30.1904 31.0669 30.6370      0.8765       0.8765    0.0680            1
2017 12 31 30.1729 31.0512 30.6212      0.8600       0.8600    0.0655            1
2018 01 01 30.1119 30.9919 30.5619      0.8000       0.8000    0.1446            1
2018 01 02 30.1110 30.9927 30.5627      0.8000       0.8000    0.1492            1
2018 01 03 30.1211 31.0045 30.5746      0.8110       0.8110    0.1539            1
2018 01 04 30.0983 30.9833 30.5534      0.7890       0.7890    0.1587            1
2018 01 05 30.1305 31.0172 30.5874      0.8220       0.8220    0.1637            1
2018 01 06 30.0858 30.9741 30.5444      0.7780       0.7780    0.1688            1
2018 01 07 30.1400 31.0298 30.6003      0.8329       0.8329    0.1740            1
2018 01 08 30.0735 30.9650 30.5355      0.7671       0.7671    0.1793            1
2018 01 09 30.1495 31.0425 30.6133      0.8437       0.8437    0.1847            1
2018 01 10 30.0616 30.9561 30.5270      0.7563       0.7563    0.1903            1
2018 01 11 30.1593 31.0552 30.6264      0.8545       0.8545    0.1960            1
2018 01 12 30.0498 30.9472 30.5187      0.7455       0.7455    0.2018            1
2018 01 13 30.1689 31.0677 30.6394      0.8650       0.8650    0.2078            1
2018 01 14 30.0386 30.9388 30.5108      0.7350       0.7350    0.2139            1
2018 01 15 30.1787 31.0802 30.6525      0.8754       0.8754    0.2202            1
2018 01 16 30.0276 30.9305 30.5032      0.7246       0.7246    0.2266            1
2018 01 17 30.1884 31.0926 30.6656      0.8856       0.8856    0.2331            1
2018 01 18 30.0171 30.9225 30.4959      0.7144       0.7144    0.2398            1
2018 01 19 30.1980 31.1047 30.6785      0.8955       0.8955    0.2466            1
2018 01 20 30.0070 30.9149 30.4891      0.7045       0.7045    0.2536            1
2018 01 21 30.2077 31.1167 30.6914      0.9052       0.9052    0.2607            1
2018 01 22 29.9973 30.9075 30.4827      0.6948       0.6948    0.2680            1
2018 01 23 30.2172 31.1285 30.7042      0.9146       0.9146    0.2754            1
2018 01 24 29.9881 30.9005 30.4767      0.6854       0.6854    0.2830            1
2018 01 25 30.2266 31.1400 30.7168      0.9237       0.9237    0.2907            1
2018 01 26 29.9795 30.8939 30.4712      0.6763       0.6763    0.2986            1
2018 01 27 30.2359 31.1513 30.7292      0.9325       0.9325    0.3066            1
2018 01 28 29.9713 30.8876 30.4661      0.6675       0.6675    0.3148            1
2018 01 29 30.2451 31.1623 30.7414      0.9409       0.9409    0.3231            1
2018 01 30 29.9637 30.8818 30.4616      0.6591       0.6591    0.3316            1
2018 01 31 30.2541 31.1730 30.7534      0.9490       0.9490    0.3403            1
2018 02 01 29.9566 30.8763 30.4575      0.6510       0.6510    0.3491            1
2018 02 02 30.2629 31.1834 30.7652      0.9567       0.9567    0.3581            1
2018 02 03 29.9501 30.8713 30.4539      0.6433       0.6433    0.3673            1
2018 02 04 30.2714 31.1933 30.7766      0.9639       0.9639    0.3766            1
2018 02 05 29.9443 30.8669 30.4509      0.6361       0.6361    0.3861            1
2018 02 06 30.2796 31.2028 30.7877      0.9707       0.9707    0.3957            1
2018 02 07 29.9390 30.8628 30.4485      0.6293       0.6293    0.4055            1
2018 02 08 30.2877 31.2120 30.7986      0.9771       0.9771    0.4155            1
2018 02 09 29.9344 30.8593 30.4466      0.6229       0.6229    0.4256            1
2018 02 10 30.2956 31.2209 30.8091      0.9831       0.9831    0.4360            1
2018 02 11 29.9304 30.8561 30.4452      0.6169       0.6169    0.4464            1
2018 02 12 30.3030 31.2292 30.8192      0.9885       0.9885    0.4571            1
2018 02 13 29.9271 30.8536 30.4445      0.6115       0.6115    0.4679            1
2018 02 14 30.3103 31.2372 30.8290      0.9936       0.9936    0.4788            1
2018 02 15 29.9243 30.8514 30.4443      0.6064       0.6064    0.4900            1
2018 02 16 30.3172 31.2446 30.8384      0.9981       0.9981    0.5013            1
2018 02 17 29.9223 30.8499 30.4447      0.6019       0.6019    0.5127            1
2018 02 18 30.3238 31.2516 30.8474      1.0021       1.0021    0.5244            1
2018 02 19 29.9210 30.8489 30.4457      0.5979       0.5979    0.5362            1
2018 02 20 30.3302 31.2582 30.8560      1.0057       1.0057    0.5481            1
2018 02 21 29.9202 30.8483 30.4472      0.5943       0.5943    0.5602            1
2018 02 22 30.3362 31.2643 30.8642      1.0088       1.0088    0.5725            1
2018 02 23 29.9201 30.8482 30.4492      0.5912       0.5912    0.5849            1
2018 02 24 30.3419 31.2699 30.8720      1.0114       1.0114    0.5975            1
2018 02 25 29.9207 30.8486 30.4519      0.5886       0.5886    0.6103            1
2018 02 26 30.3471 31.2749 30.8793      1.0134       1.0134    0.6232            1
2018 02 27 29.9220 30.8496 30.4552      0.5866       0.5866    0.6362            1
2018 02 28 30.3523 31.2797 30.8863      1.0151       1.0151    0.6494            1
2018 03 01 29.9238 30.8510 30.4588      0.5849       0.5849    0.6628            1
2018 03 02 30.3569 31.2838 30.8928      1.0162       1.0162    0.6763            1
2018 03 03 29.9264 30.8529 30.4631      0.5838       0.5838    0.6900            1
2018 03 04 30.3612 31.2874 30.8988      1.0168       1.0168    0.7037            1
2018 03 05 29.9296 30.8554 30.4680      0.5832       0.5832    0.7177            1
2018 03 06 30.3653 31.2907 30.9045      1.0170       1.0170    0.7318            1
2018 03 07 29.9333 30.8582 30.4733      0.5830       0.5830    0.7460            1
2018 03 08 30.3690 31.2934 30.9097      1.0167       1.0167    0.7603            1
2018 03 09 29.9377 30.8615 30.4791      0.5833       0.5833    0.7748            1
2018 03 10 30.3725 31.2957 30.9146      1.0160       1.0160    0.7894            1
2018 03 11 29.9426 30.8652 30.4853      0.5840       0.5840    0.8041            1
2018 03 12 30.3756 31.2976 30.9190      1.0149       1.0149    0.8190            1
2018 03 13 29.9480 30.8693 30.4920      0.5851       0.5851    0.8339            1
2018 03 14 30.3785 31.2990 30.9230      1.0133       1.0133    0.8490            1
2018 03 15 29.9541 30.8739 30.4992      0.5867       0.5867    0.8642            1
2018 03 16 30.3810 31.3000 30.9266      1.0113       1.0113    0.8795            1
2018 03 17 29.9607 30.8789 30.5068      0.5887       0.5887    0.8949            1
2018 03 18 30.3832 31.3006 30.9298      1.0089       1.0089    0.9104            1
2018 03 19 29.9678 30.8842 30.5148      0.5911       0.5911    0.9260            1
2018 03 20 30.3853 31.3008 30.9327      1.0062       1.0062    0.9417            1
2018 03 21 29.9753 30.8898 30.5231      0.5938       0.5938    0.9574            1
2018 03 22 30.3870 31.3006 30.9352      1.0031       1.0031    0.9733            1
2018 03 23 29.9833 30.8958 30.5318      0.5969       0.5969    0.9892            1
2018 03 24 30.3885 31.2999 30.9372      0.9996       0.9996    1.0052            2
2018 03 25 29.9918 30.9021 30.5408      0.6004       0.6004    1.0213            2
2018 03 26 30.3899 31.2990 30.9391      0.9959       0.9959    1.0374            2
2018 03 27 30.0006 30.9086 30.5500      0.6041       0.6041    1.0536            2
2018 03 28 30.3909 31.2977 30.9405      0.9918       0.9918    1.0698            2
2018 03 29 30.0099 30.9155 30.5596      0.6082       0.6082    1.0861            2
2018 03 30 30.3918 31.2961 30.9417      0.9875       0.9875    1.1024            2
2018 03 31 30.0195 30.9225 30.5694      0.6125       0.6125    1.1188            2
2018 04 01 30.3926 31.2943 30.9426      0.9830       0.9830    1.1352            2
2018 04 02 30.0293 30.9296 30.5793      0.6170       0.6170    1.1516            2
2018 04 03 30.3932 31.2921 30.9432      0.9782       0.9782    1.1680            2
2018 04 04 30.0395 30.9370 30.5894      0.6218       0.6218    1.1845            2
2018 04 05 30.3936 31.2897 30.9435      0.9732       0.9732    1.2009            2
2018 04 06 30.0500 30.9446 30.5997      0.6268       0.6268    1.2174            2
2018 04 07 30.3939 31.2870 30.9436      0.9680       0.9680    1.2338            2
2018 04 08 30.0607 30.9523 30.6102      0.6320       0.6320    1.2503            2
2018 04 09 30.3941 31.2842 30.9435      0.9627       0.9627    1.2667            2
2018 04 10 30.0715 30.9600 30.6206      0.6373       0.6373    1.2831            2
2018 04 11 30.3942 31.2811 30.9431      0.9572       0.9572    1.2994            2
2018 04 12 30.0826 30.9679 30.6312      0.6428       0.6428    1.3157            2
2018 04 13 30.3942 31.2778 30.9425      0.9516       0.9516    1.3320            2
2018 04 14 30.0939 30.9758 30.6418      0.6484       0.6484    1.3482            2
2018 04 15 30.3942 31.2744 30.9418      0.9459       0.9459    1.3644            2
2018 04 16 30.1052 30.9837 30.6524      0.6541       0.6541    1.3805            2
2018 04 17 30.3942 31.2709 30.9410      0.9402       0.9402    1.3965            2
2018 04 18 30.1166 30.9915 30.6630      0.6598       0.6598    1.4124            2
2018 04 19 30.3941 31.2672 30.9399      0.9344       0.9344    1.4283            2
2018 04 20 30.1281 30.9994 30.6735      0.6656       0.6656    1.4441            2
2018 04 21 30.3940 31.2634 30.9388      0.9286       0.9286    1.4597            2
2018 04 22 30.1396 31.0072 30.6839      0.6714       0.6714    1.4753            2
2018 04 23 30.3939 31.2596 30.9375      0.9228       0.9228    1.4907            2
2018 04 24 30.1511 31.0149 30.6942      0.6772       0.6772    1.5061            2
2018 04 25 30.3938 31.2556 30.9362      0.9170       0.9170    1.5213            2
2018 04 26 30.1626 31.0226 30.7044      0.6830       0.6830    1.5363            2
2018 04 27 30.3936 31.2516 30.9347      0.9112       0.9112    1.5512            2
2018 04 28 30.1741 31.0301 30.7144      0.6888       0.6888    1.5660            2
2018 04 29 30.3936 31.2476 30.9332      0.9055       0.9055    1.5806            2
2018 04 30 30.1854 31.0375 30.7242      0.6945       0.6945    1.5951            2
2018 05 01 30.3937 31.2437 30.9317      0.8999       0.8999    1.6094            2
2018 05 02 30.1967 31.0446 30.7338      0.7001       0.7001    1.6235            2
2018 05 03 30.3937 31.2396 30.9300      0.8943       0.8943    1.6374            2
2018 05 04 30.2079 31.0517 30.7433      0.7057       0.7057    1.6511            2
2018 05 05 30.3939 31.2356 30.9284      0.8889       0.8889    1.6646            2
2018 05 06 30.2188 31.0585 30.7524      0.7111       0.7111    1.6780            2
2018 05 07 30.3941 31.2317 30.9267      0.8836       0.8836    1.6911            2
2018 05 08 30.2296 31.0651 30.7613      0.7164       0.7164    1.7040            2
2018 05 09 30.3944 31.2277 30.9250      0.8784       0.8784    1.7167            2
2018 05 10 30.2403 31.0715 30.7699      0.7216       0.7216    1.7291            2
2018 05 11 30.3948 31.2239 30.9234      0.8734       0.8734    1.7413            2
2018 05 12 30.2507 31.0776 30.7782      0.7266       0.7266    1.7533            2
2018 05 13 30.3953 31.2200 30.9217      0.8685       0.8685    1.7650            2
2018 05 14 30.2609 31.0835 30.7862      0.7315       0.7315    1.7765            2
2018 05 15 30.3959 31.2163 30.9200      0.8638       0.8638    1.7877            2
2018 05 16 30.2709 31.0891 30.7938      0.7362       0.7362    1.7986            2
2018 05 17 30.3965 31.2126 30.9183      0.8592       0.8592    1.8093            2
2018 05 18 30.2807 31.0945 30.8012      0.7408       0.7408    1.8197            2
2018 05 19 30.3972 31.2089 30.9166      0.8548       0.8548    1.8298            2
2018 05 20 30.2902 31.0996 30.8082      0.7452       0.7452    1.8396            2
2018 05 21 30.3982 31.2055 30.9150      0.8507       0.8507    1.8491            2
2018 05 22 30.2993 31.1044 30.8148      0.7493       0.7493    1.8583            2
2018 05 23 30.3991 31.2020 30.9133      0.8467       0.8467    1.8672            2
2018 05 24 30.3082 31.1089 30.8211      0.7533       0.7533    1.8758            2
2018 05 25 30.4001 31.1986 30.9116      0.8428       0.8428    1.8841            2
2018 05 26 30.3169 31.1131 30.8270      0.7572       0.7572    1.8921            2
2018 05 27 30.4012 31.1953 30.9100      0.8392       0.8392    1.8997            2
2018 05 28 30.3252 31.1170 30.8326      0.7608       0.7608    1.9071            2
2018 05 29 30.4025 31.1921 30.9084      0.8358       0.8358    1.9141            2
2018 05 30 30.3332 31.1206 30.8377      0.7642       0.7642    1.9207            2
2018 05 31 30.4038 31.1891 30.9069      0.8326       0.8326    1.9270            2
2018 06 01 30.3408 31.1239 30.8424      0.7674       0.7674    1.9330            2
2018 06 02 30.4051 31.1860 30.9052      0.8295       0.8295    1.9386            2
2018 06 03 30.3483 31.1270 30.8469      0.7705       0.7705    1.9439            2
2018 06 04 30.4065 31.1830 30.9036      0.8266       0.8266    1.9489            2
2018 06 05 30.3554 31.1298 30.8510      0.7734       0.7734    1.9534            2
2018 06 06 30.4079 31.1802 30.9020      0.8239       0.8239    1.9576            2
2018 06 07 30.3621 31.1322 30.8546      0.7761       0.7761    1.9615            2
2018 06 08 30.4094 31.1774 30.9004      0.8214       0.8214    1.9650            2
2018 06 09 30.3686 31.1344 30.8579      0.7786       0.7786    1.9681            2
2018 06 10 30.4109 31.1746 30.8987      0.8190       0.8190    1.9709            2
2018 06 11 30.3748 31.1364 30.8609      0.7810       0.7810    1.9733            2
2018 06 12 30.4124 31.1719 30.8970      0.8168       0.8168    1.9754            2
2018 06 13 30.3806 31.1380 30.8635      0.7832       0.7832    1.9770            2
2018 06 14 30.4139 31.1692 30.8952      0.8147       0.8147    1.9783            2
2018 06 15 30.3862 31.1395 30.8659      0.7853       0.7853    1.9793            2
2018 06 16 30.4154 31.1666 30.8934      0.8128       0.8128    1.9798            2
2018 06 17 30.3914 31.1406 30.8678      0.7872       0.7872    1.9800            2
2018 06 18 30.4168 31.1640 30.8915      0.8110       0.8110    1.9798            2
2018 06 19 30.3964 31.1416 30.8694      0.7890       0.7890    1.9793            2
2018 06 20 30.4181 31.1613 30.8895      0.8092       0.8092    1.9783            2
2018 06 21 30.4012 31.1424 30.8709      0.7908       0.7908    1.9770            2
2018 06 22 30.4194 31.1587 30.8874      0.8076       0.8076    1.9754            2
2018 06 23 30.4056 31.1430 30.8719      0.7924       0.7924    1.9733            2
2018 06 24 30.4207 31.1561 30.8853      0.8061       0.8061    1.9709            2
2018 06 25 30.4098 31.1433 30.8727      0.7939       0.7939    1.9681            2
2018 06 26 30.4218 31.1534 30.8829      0.8046       0.8046    1.9650            2
2018 06 27 30.4138 31.1436 30.8732      0.7954       0.7954    1.9615            2
2018 06 28 30.4226 31.1506 30.8804      0.8031       0.8031    1.9576            2
2018 06 29 30.4176 31.1437 30.8736      0.7969       0.7969    1.9534            2
2018 06 30 30.4235 31.1478 30.8778      0.8017       0.8017    1.9489            2
2018 07 01 30.4211 31.1437 30.8737      0.7983       0.7983    1.9439            2
2018 07 02 30.4241 31.1450 30.8750      0.8003       0.8003    1.9386            2
2018 07 03 30.4245 31.1436 30.8736      0.7997       0.7997    1.9330            2
2018 07 04 30.4247 31.1421 30.8721      0.7990       0.7990    1.9270            2
2018 07 05 30.4275 31.1433 30.8732      0.8010       0.8010    1.9207            2
2018 07 06 30.4249 31.1390 30.8689      0.7976       0.7976    1.9141            2
2018 07 07 30.4305 31.1430 30.8727      0.8024       0.8024    1.9071            2
2018 07 08 30.4250 31.1359 30.8655      0.7962       0.7962    1.8997            2
2018 07 09 30.4333 31.1426 30.8721      0.8038       0.8038    1.8921            2
2018 07 10 30.4248 31.1326 30.8619      0.7947       0.7947    1.8841            2
2018 07 11 30.4360 31.1422 30.8714      0.8053       0.8053    1.8758            2
2018 07 12 30.4244 31.1292 30.8581      0.7932       0.7932    1.8672            2
2018 07 13 30.4385 31.1418 30.8705      0.8068       0.8068    1.8583            2
2018 07 14 30.4237 31.1256 30.8540      0.7916       0.7916    1.8491            2
2018 07 15 30.4409 31.1413 30.8695      0.8084       0.8084    1.8396            2
2018 07 16 30.4227 31.1218 30.8497      0.7899       0.7899    1.8298            2
2018 07 17 30.4432 31.1409 30.8685      0.8101       0.8101    1.8197            2
2018 07 18 30.4214 31.1179 30.8450      0.7881       0.7881    1.8093            2
2018 07 19 30.4454 31.1406 30.8674      0.8119       0.8119    1.7986            2
2018 07 20 30.4199 31.1138 30.8402      0.7863       0.7863    1.7877            2
2018 07 21 30.4474 31.1401 30.8661      0.8137       0.8137    1.7765            2
2018 07 22 30.4179 31.1095 30.8350      0.7842       0.7842    1.7650            2
2018 07 23 30.4495 31.1399 30.8650      0.8158       0.8158    1.7533            2
2018 07 24 30.4158 31.1050 30.8296      0.7821       0.7821    1.7413            2
2018 07 25 30.4514 31.1396 30.8637      0.8179       0.8179    1.7291            2
2018 07 26 30.4132 31.1003 30.8238      0.7798       0.7798    1.7167            2
2018 07 27 30.4534 31.1394 30.8624      0.8202       0.8202    1.7040            2
2018 07 28 30.4103 31.0954 30.8178      0.7774       0.7774    1.6911            2
2018 07 29 30.4552 31.1393 30.8611      0.8226       0.8226    1.6780            2
2018 07 30 30.4069 31.0902 30.8114      0.7747       0.7747    1.6646            2
2018 07 31 30.4571 31.1395 30.8600      0.8253       0.8253    1.6511            2
2018 08 01 30.4034 31.0849 30.8048      0.7720       0.7720    1.6374            2
2018 08 02 30.4589 31.1395 30.8588      0.8280       0.8280    1.6235            2
2018 08 03 30.3993 31.0792 30.7977      0.7690       0.7690    1.6094            2
2018 08 04 30.4607 31.1399 30.8577      0.8310       0.8310    1.5951            2
2018 08 05 30.3949 31.0733 30.7904      0.7658       0.7658    1.5806            2
2018 08 06 30.4626 31.1403 30.8566      0.8342       0.8342    1.5660            2
2018 08 07 30.3902 31.0673 30.7828      0.7625       0.7625    1.5512            2
2018 08 08 30.4644 31.1409 30.8556      0.8375       0.8375    1.5363            2
2018 08 09 30.3850 31.0610 30.7749      0.7590       0.7590    1.5213            2
2018 08 10 30.4661 31.1416 30.8546      0.8410       0.8410    1.5061            2
2018 08 11 30.3795 31.0544 30.7666      0.7553       0.7553    1.4907            2
2018 08 12 30.4679 31.1424 30.8537      0.8447       0.8447    1.4753            2
2018 08 13 30.3736 31.0477 30.7581      0.7514       0.7514    1.4597            2
2018 08 14 30.4698 31.1434 30.8529      0.8486       0.8486    1.4441            2
2018 08 15 30.3673 31.0407 30.7493      0.7473       0.7473    1.4283            2
2018 08 16 30.4716 31.1446 30.8523      0.8527       0.8527    1.4124            2
2018 08 17 30.3607 31.0334 30.7401      0.7430       0.7430    1.3965            2
2018 08 18 30.4734 31.1460 30.8517      0.8570       0.8570    1.3805            2
2018 08 19 30.3536 31.0260 30.7307      0.7385       0.7385    1.3644            2
2018 08 20 30.4753 31.1475 30.8512      0.8615       0.8615    1.3482            2
2018 08 21 30.3463 31.0184 30.7211      0.7339       0.7339    1.3320            2
2018 08 22 30.4771 31.1491 30.8507      0.8661       0.8661    1.3157            2
2018 08 23 30.3386 31.0106 30.7112      0.7291       0.7291    1.2994            2
2018 08 24 30.4789 31.1509 30.8504      0.8709       0.8709    1.2831            2
2018 08 25 30.3306 31.0026 30.7010      0.7241       0.7241    1.2667            2
2018 08 26 30.4808 31.1529 30.8502      0.8759       0.8759    1.2503            2
2018 08 27 30.3223 30.9944 30.6906      0.7190       0.7190    1.2338            2
2018 08 28 30.4826 31.1549 30.8500      0.8810       0.8810    1.2174            2
2018 08 29 30.3137 30.9862 30.6801      0.7138       0.7138    1.2009            2
2018 08 30 30.4844 31.1571 30.8498      0.8862       0.8862    1.1845            2
2018 08 31 30.3048 30.9778 30.6693      0.7084       0.7084    1.1680            2
2018 09 01 30.4862 31.1594 30.8498      0.8916       0.8916    1.1516            2
2018 09 02 30.2956 30.9692 30.6584      0.7029       0.7029    1.1352            2
2018 09 03 30.4879 31.1619 30.8499      0.8971       0.8971    1.1188            2
2018 09 04 30.2862 30.9606 30.6474      0.6973       0.6973    1.1024            2
2018 09 05 30.4896 31.1645 30.8500      0.9027       0.9027    1.0861            2
2018 09 06 30.2765 30.9518 30.6362      0.6916       0.6916    1.0698            2
2018 09 07 30.4913 31.1671 30.8502      0.9084       0.9084    1.0536            2
2018 09 08 30.2667 30.9431 30.6249      0.6859       0.6859    1.0374            2
2018 09 09 30.4928 31.1698 30.8503      0.9141       0.9141    1.0213            2
2018 09 10 30.2566 30.9343 30.6136      0.6801       0.6801    1.0052            2
2018 09 11 30.4943 31.1726 30.8506      0.9199       0.9199    0.9892            1
2018 09 12 30.2465 30.9255 30.6022      0.6743       0.6743    0.9733            1
2018 09 13 30.4956 31.1754 30.8508      0.9257       0.9257    0.9574            1
2018 09 14 30.2362 30.9167 30.5908      0.6685       0.6685    0.9417            1
2018 09 15 30.4969 31.1782 30.8510      0.9315       0.9315    0.9260            1
2018 09 16 30.2257 30.9080 30.5794      0.6627       0.6627    0.9104            1
2018 09 17 30.4980 31.1811 30.8512      0.9373       0.9373    0.8949            1
2018 09 18 30.2152 30.8992 30.5680      0.6569       0.6569    0.8795            1
2018 09 19 30.4990 31.1840 30.8514      0.9431       0.9431    0.8642            1
2018 09 20 30.2047 30.8907 30.5567      0.6512       0.6512    0.8490            1
2018 09 21 30.4998 31.1868 30.8515      0.9488       0.9488    0.8339            1
2018 09 22 30.1942 30.8822 30.5456      0.6456       0.6456    0.8190            1
2018 09 23 30.5004 31.1896 30.8516      0.9544       0.9544    0.8041            1
2018 09 24 30.1836 30.8739 30.5345      0.6401       0.6401    0.7894            1
2018 09 25 30.5009 31.1923 30.8515      0.9599       0.9599    0.7748            1
2018 09 26 30.1730 30.8656 30.5235      0.6346       0.6346    0.7603            1
2018 09 27 30.5012 31.1950 30.8515      0.9654       0.9654    0.7460            1
2018 09 28 30.1626 30.8576 30.5128      0.6294       0.6294    0.7318            1
2018 09 29 30.5012 31.1975 30.8513      0.9706       0.9706    0.7177            1
2018 09 30 30.1522 30.8498 30.5023      0.6243       0.6243    0.7037            1
2018 10 01 30.5009 31.1999 30.8510      0.9757       0.9757    0.6900            1
2018 10 02 30.1420 30.8423 30.4920      0.6194       0.6194    0.6763            1
2018 10 03 30.5005 31.2022 30.8505      0.9806       0.9806    0.6628            1
2018 10 04 30.1318 30.8350 30.4819      0.6147       0.6147    0.6494            1
2018 10 05 30.4997 31.2043 30.8499      0.9853       0.9853    0.6362            1
2018 10 06 30.1220 30.8281 30.4722      0.6103       0.6103    0.6232            1
2018 10 07 30.4986 31.2062 30.8490      0.9897       0.9897    0.6103            1
2018 10 08 30.1122 30.8214 30.4628      0.6061       0.6061    0.5975            1
2018 10 09 30.4973 31.2080 30.8480      0.9939       0.9939    0.5849            1
2018 10 10 30.1028 30.8151 30.4538      0.6022       0.6022    0.5725            1
2018 10 11 30.4956 31.2095 30.8468      0.9978       0.9978    0.5602            1
2018 10 12 30.0936 30.8092 30.4451      0.5986       0.5986    0.5481            1
2018 10 13 30.4935 31.2108 30.8454      1.0014       1.0014    0.5362            1
2018 10 14 30.0846 30.8036 30.4368      0.5953       0.5953    0.5244            1
2018 10 15 30.4912 31.2119 30.8438      1.0047       1.0047    0.5127            1
2018 10 16 30.0761 30.7985 30.4290      0.5924       0.5924    0.5013            1
2018 10 17 30.4884 31.2126 30.8418      1.0076       1.0076    0.4900            1
2018 10 18 30.0678 30.7937 30.4217      0.5898       0.5898    0.4788            1
2018 10 19 30.4853 31.2131 30.8397      1.0102       1.0102    0.4679            1
2018 10 20 30.0600 30.7896 30.4149      0.5877       0.5877    0.4571            1
2018 10 21 30.4817 31.2132 30.8372      1.0123       1.0123    0.4464            1
2018 10 22 30.0525 30.7858 30.4085      0.5859       0.5859    0.4360            1
2018 10 23 30.4778 31.2131 30.8344      1.0141       1.0141    0.4256            1
2018 10 24 30.0454 30.7825 30.4026      0.5845       0.5845    0.4155            1
2018 10 25 30.4735 31.2126 30.8314      1.0155       1.0155    0.4055            1
2018 10 26 30.0388 30.7798 30.3974      0.5836       0.5836    0.3957            1
2018 10 27 30.4687 31.2117 30.8280      1.0164       1.0164    0.3861            1
2018 10 28 30.0326 30.7776 30.3926      0.5831       0.5831    0.3766            1
2018 10 29 30.4636 31.2105 30.8244      1.0169       1.0169    0.3673            1
2018 10 30 30.0268 30.7758 30.3884      0.5830       0.5830    0.3581            1
2018 10 31 30.4580 31.2090 30.8204      1.0170       1.0170    0.3491            1
2018 11 01 30.0216 30.7747 30.3849      0.5834       0.5834    0.3403            1
2018 11 02 30.4520 31.2071 30.8161      1.0166       1.0166    0.3316            1
2018 11 03 30.0169 30.7741 30.3820      0.5843       0.5843    0.3231            1
2018 11 04 30.4456 31.2048 30.8115      1.0157       1.0157    0.3148            1
2018 11 05 30.0128 30.7741 30.3797      0.5857       0.5857    0.3066            1
2018 11 06 30.4386 31.2021 30.8065      1.0143       1.0143    0.2986            1
2018 11 07 30.0091 30.7747 30.3779      0.5875       0.5875    0.2907            1
2018 11 08 30.4314 31.1991 30.8012      1.0125       1.0125    0.2830            1
2018 11 09 30.0060 30.7759 30.3769      0.5899       0.5899    0.2754            1
2018 11 10 30.4235 31.1955 30.7955      1.0101       1.0101    0.2680            1
2018 11 11 30.0035 30.7776 30.3765      0.5927       0.5927    0.2607            1
2018 11 12 30.4154 31.1917 30.7896      1.0073       1.0073    0.2536            1
2018 11 13 30.0014 30.7799 30.3767      0.5960       0.5960    0.2466            1
2018 11 14 30.4068 31.1875 30.7833      1.0040       1.0040    0.2398            1
2018 11 15 30.0000 30.7829 30.3776      0.5998       0.5998    0.2331            1
2018 11 16 30.3978 31.1828 30.7766      1.0002       1.0002    0.2266            1
2018 11 17 29.9991 30.7864 30.3792      0.6041       0.6041    0.2202            1
2018 11 18 30.3884 31.1778 30.7697      0.9959       0.9959    0.2139            1
2018 11 19 29.9989 30.7905 30.3814      0.6089       0.6089    0.2078            1
2018 11 20 30.3786 31.1724 30.7624      0.9911       0.9911    0.2018            1
2018 11 21 29.9991 30.7951 30.3842      0.6141       0.6141    0.1960            1
2018 11 22 30.3684 31.1667 30.7549      0.9859       0.9859    0.1903            1
2018 11 23 29.9999 30.8003 30.3877      0.6198       0.6198    0.1847            1
2018 11 24 30.3579 31.1605 30.7471      0.9802       0.9802    0.1793            1
2018 11 25 30.0013 30.8062 30.3919      0.6260       0.6260    0.1740            1
2018 11 26 30.3470 31.1540 30.7389      0.9740       0.9740    0.1688            1
2018 11 27 30.0033 30.8125 30.3966      0.6326       0.6326    0.1637            1
2018 11 28 30.3358 31.1472 30.7305      0.9674       0.9674    0.1587            1
2018 11 29 30.0058 30.8194 30.4020      0.6397       0.6397    0.1539            1
2018 11 30 30.3242 31.1400 30.7218      0.9603       0.9603    0.1492            1
2018 12 01 30.0088 30.8268 30.4079      0.6471       0.6471    0.1446            1
2018 12 02 30.3124 31.1326 30.7130      0.9529       0.9529    0.1401            1
2018 12 03 30.0124 30.8347 30.4145      0.6550       0.6550    0.1358            1
2018 12 04 30.3003 31.1248 30.7039      0.9450       0.9450    0.1315            1
2018 12 05 30.0164 30.8431 30.4216      0.6632       0.6632    0.1274            1
2018 12 06 30.2880 31.1168 30.6947      0.9368       0.9368    0.1234            1
2018 12 07 30.0210 30.8519 30.4292      0.6718       0.6718    0.1194            1
2018 12 08 30.2754 31.1085 30.6852      0.9282       0.9282    0.1156            1
2018 12 09 30.0261 30.8613 30.4375      0.6808       0.6808    0.1119            1
2018 12 10 30.2626 31.0999 30.6756      0.9192       0.9192    0.1083            1
2018 12 11 30.0315 30.8710 30.4461      0.6900       0.6900    0.1047            1
2018 12 12 30.2497 31.0912 30.6659      0.9100       0.9100    0.1013            1
2018 12 13 30.0375 30.8811 30.4554      0.6996       0.6996    0.0980            1
2018 12 14 30.2366 31.0823 30.6561      0.9004       0.9004    0.0947            1
2018 12 15 30.0439 30.8916 30.4650      0.7094       0.7094    0.0916            1
2018 12 16 30.2234 31.0732 30.6462      0.8906       0.8906    0.0885            1
2018 12 17 30.0507 30.9025 30.4751      0.7195       0.7195    0.0855            1
2018 12 18 30.2101 31.0639 30.6362      0.8805       0.8805    0.0826            1
2018 12 19 30.0578 30.9137 30.4857      0.7298       0.7298    0.0798            1
2018 12 20 30.1967 31.0545 30.6262      0.8702       0.8702    0.0771            1
2018 12 21 30.0653 30.9250 30.4965      0.7402       0.7402    0.0744            1
2018 12 22 30.1835 31.0452 30.6163      0.8598       0.8598    0.0719            1
2018 12 23 30.0732 30.9368 30.5078      0.7509       0.7509    0.0694            1
2018 12 24 30.1701 31.0356 30.6063      0.8491       0.8491    0.0669            1
2018 12 25 30.0814 30.9488 30.5194      0.7617       0.7617    0.0646            1
2018 12 26 30.1567 31.0260 30.5964      0.8383       0.8383    0.0623            1
2018 12 27 30.0897 30.9608 30.5311      0.7725       0.7725    0.0601            1
2018 12 28 30.1436 31.0165 30.5867      0.8275       0.8275    0.0580            1
2018 12 29 30.0985 30.9732 30.5433      0.7835       0.7835    0.0559            1
2018 12 30 30.1304 31.0069 30.5770      0.8165       0.8165    0.0539            1
2018 12 31 30.1129 30.9912 30.5612      0.8000       0.8000    0.0519            1
2019 01 01 30.1819 31.0619 30.6319      0.8700       0.8700    0.1293            1
2019 01 02 30.1810 31.0627 30.6327      0.8700       0.8700    0.1334            1
2019 01 03 30.1911 31.0745 30.6446      0.8810       0.8810    0.1376            1
2019 01 04 30.1683 31.0533 30.6234      0.8590       0.8590    0.1419            1
2019 01 05 30.2005 31.0872 30.6574      0.8920       0.8920    0.1463            1
2019 01 06 30.1558 31.0441 30.6144      0.8480       0.8480    0.1509            1
2019 01 07 30.2100 31.0998 30.6703      0.9029       0.9029    0.1555            1
2019 01 08 30.1435 31.0350 30.6055      0.8371       0.8371    0.1603            1
2019 01 09 30.2195 31.1125 30.6833      0.9137       0.9137    0.1651            1
2019 01 10 30.1316 31.0261 30.5970      0.8263       0.8263    0.1701            1
2019 01 11 30.2293 31.1252 30.6964      0.9245       0.9245    0.1752            1
2019 01 12 30.1198 31.0172 30.5887      0.8155       0.8155    0.1804            1
2019 01 13 30.2389 31.1377 30.7094      0.9350       0.9350    0.1858            1
2019 01 14 30.1086 31.0088 30.5808      0.8050       0.8050    0.1912            1
2019 01 15 30.2487 31.1502 30.7225      0.9454       0.9454    0.1968            1
2019 01 16 30.0976 31.0005 30.5732      0.7946       0.7946    0.2025            1
2019 01 17 30.2584 31.1626 30.7356      0.9556       0.9556    0.2084            1
2019 01 18 30.0871 30.9925 30.5659      0.7844       0.7844    0.2144            1
2019 01 19 30.2680 31.1747 30.7485      0.9655       0.9655    0.2205            1
2019 01 20 30.0770 30.9849 30.5591      0.7745       0.7745    0.2267            1
2019 01 21 30.2777 31.1867 30.7614      0.9752       0.9752    0.2330            1
2019 01 22 30.0673 30.9775 30.5527      0.7648       0.7648    0.2395            1
2019 01 23 30.2872 31.1985 30.7742      0.9846       0.9846    0.2462            1
2019 01 24 30.0581 30.9705 30.5467      0.7554       0.7554    0.2529            1
2019 01 25 30.2966 31.2100 30.7868      0.9937       0.9937    0.2598            1
2019 01 26 30.0495 30.9639 30.5412      0.7463       0.7463    0.2669            1
2019 01 27 30.3059 31.2213 30.7992      1.0025       1.0025    0.2741            1
2019 01 28 30.0413 30.9576 30.5361      0.7375       0.7375    0.2814            1
2019 01 29 30.3151 31.2323 30.8114      1.0109       1.0109    0.2889            1
2019 01 30 30.0337 30.9518 30.5316      0.7291       0.7291    0.2965            1
2019 01 31 30.3241 31.2430 30.8234      1.0190       1.0190    0.3042            1
2019 02 01 30.0266 30.9463 30.5275      0.7210       0.7210    0.3121            1
2019 02 02 30.3329 31.2534 30.8352      1.0267       1.0267    0.3201            1
2019 02 03 30.0201 30.9413 30.5239      0.7133       0.7133    0.3283            1
2019 02 04 30.3414 31.2633 30.8466      1.0339       1.0339    0.3366            1
2019 02 05 30.0143 30.9369 30.5209      0.7061       0.7061    0.3451            1
2019 02 06 30.3496 31.2728 30.8577      1.0407       1.0407    0.3537            1
2019 02 07 30.0090 30.9328 30.5185      0.6993       0.6993    0.3625            1
2019 02 08 30.3577 31.2820 30.8686      1.0471       1.0471    0.3714            1
2019 02 09 30.0044 30.9293 30.5166      0.6929       0.6929    0.3805            1
2019 02 10 30.3656 31.2909 30.8791      1.0531       1.0531    0.3897            1
2019 02 11 30.0004 30.9261 30.5152      0.6869       0.6869    0.3991            1
2019 02 12 30.3730 31.2992 30.8892      1.0585       1.0585    0.4086            1
2019 02 13 29.9971 30.9236 30.5145      0.6815       0.6815    0.4182            1
2019 02 14 30.3803 31.3072 30.8990      1.0636       1.0636    0.4280            1
2019 02 15 29.9943 30.9214 30.5143      0.6764       0.6764    0.4380            1
2019 02 16 30.3872 31.3146 30.9084      1.0681       1.0681    0.4481            1
2019 02 17 29.9923 30.9199 30.5147      0.6719       0.6719    0.4584            1
2019 02 18 30.3938 31.3216 30.9174      1.0721       1.0721    0.4687            1
2019 02 19 29.9910 30.9189 30.5157      0.6679       0.6679    0.4793            1
2019 02 20 30.4002 31.3282 30.9260      1.0757       1.0757    0.4900            1
2019 02 21 29.9902 30.9183 30.5172      0.6643       0.6643    0.5008            1
2019 02 22 30.4062 31.3343 30.9342      1.0788       1.0788    0.5118            1
2019 02 23 29.9901 30.9182 30.5192      0.6612       0.6612    0.5229            1
2019 02 24 30.4119 31.3399 30.9420      1.0814       1.0814    0.5341            1
2019 02 25 29.9907 30.9186 30.5219      0.6586       0.6586    0.5455            1
2019 02 26 30.4171 31.3449 30.9493      1.0834       1.0834    0.5571            1
2019 02 27 29.9920 30.9196 30.5252      0.6566       0.6566    0.5687            1
2019 02 28 30.4223 31.3497 30.9563      1.0851       1.0851    0.5806            1
2019 03 01 29.9938 30.9210 30.5288      0.6549       0.6549    0.5925            1
2019 03 02 30.4269 31.3538 30.9628      1.0862       1.0862    0.6046            1
2019 03 03 29.9964 30.9229 30.5331      0.6538       0.6538    0.6168            1
2019 03 04 30.4312 31.3574 30.9688      1.0868       1.0868    0.6291            1
2019 03 05 29.9996 30.9254 30.5380      0.6532       0.6532    0.6416            1
2019 03 06 30.4353 31.3607 30.9745      1.0870       1.0870    0.6541            1
2019 03 07 30.0033 30.9282 30.5433      0.6530       0.6530    0.6669            1
2019 03 08 30.4390 31.3634 30.9797      1.0867       1.0867    0.6797            1
2019 03 09 30.0077 30.9315 30.5491      0.6533       0.6533    0.6926            1
2019 03 10 30.4425 31.3657 30.9846      1.0860       1.0860    0.7057            1
2019 03 11 30.0126 30.9352 30.5553      0.6540       0.6540    0.7188            1
2019 03 12 30.4456 31.3676 30.9890      1.0849       1.0849    0.7321            1
2019 03 13 30.0180 30.9393 30.5620      0.6551       0.6551    0.7455            1
2019 03 14 30.4485 31.3690 30.9930      1.0833       1.0833    0.7590            1
2019 03 15 30.0241 30.9439 30.5692      0.6567       0.6567    0.7725            1
2019 03 16 30.4510 31.3700 30.9966      1.0813       1.0813    0.7862            1
2019 03 17 30.0307 30.9489 30.5768      0.6587       0.6587    0.8000            1
2019 03 18 30.4532 31.3706 30.9998      1.0789       1.0789    0.8138            1
2019 03 19 30.0378 30.9542 30.5848      0.6611       0.6611    0.8278            1
2019 03 20 30.4553 31.3708 31.0027      1.0762       1.0762    0.8418            1
2019 03 21 30.0453 30.9598 30.5931      0.6638       0.6638    0.8559            1
2019 03 22 30.4570 31.3706 31.0052      1.0731       1.0731    0.8701            1
2019 03 23 30.0533 30.9658 30.6018      0.6669       0.6669    0.8843            1
2019 03 24 30.4585 31.3699 31.0072      1.0696       1.0696    0.8986            1
2019 03 25 30.0618 30.9721 30.6108      0.6704       0.6704    0.9130            1
2019 03 26 30.4599 31.3690 31.0091      1.0659       1.0659    0.9274            1
2019 03 27 30.0706 30.9786 30.6200      0.6741       0.6741    0.9419            1
2019 03 28 30.4609 31.3677 31.0105      1.0618       1.0618    0.9564            1
2019 03 29 30.0799 30.9855 30.6296      0.6782       0.6782    0.9709            1
2019 03 30 30.4618 31.3661 31.0117      1.0575       1.0575    0.9855            1
2019 03 31 30.0895 30.9925 30.6394      0.6825       0.6825    1.0001            2
2019 04 01 30.4626 31.3643 31.0126      1.0530       1.0530    1.0148            2
2019 04 02 30.0993 30.9996 30.6493      0.6870       0.6870    1.0295            2
2019 04 03 30.4632 31.3621 31.0132      1.0482       1.0482    1.0442            2
2019 04 04 30.1095 31.0070 30.6594      0.6918       0.6918    1.0589            2
2019 04 05 30.4636 31.3597 31.0135      1.0432       1.0432    1.0736            2
2019 04 06 30.1200 31.0146 30.6697      0.6968       0.6968    1.0883            2
2019 04 07 30.4639 31.3570 31.0136      1.0380       1.0380    1.1030            2
2019 04 08 30.1307 31.0223 30.6802      0.7020       0.7020    1.1177            2
2019 04 09 30.4641 31.3542 31.0135      1.0327       1.0327    1.1323            2
2019 04 10 30.1415 31.0300 30.6906      0.7073       0.7073    1.1470            2
2019 04 11 30.4642 31.3511 31.0131      1.0272       1.0272    1.1616            2
2019 04 12 30.1526 31.0379 30.7012      0.7128       0.7128    1.1762            2
2019 04 13 30.4642 31.3478 31.0125      1.0216       1.0216    1.1907            2
2019 04 14 30.1639 31.0458 30.7118      0.7184       0.7184    1.2052            2
2019 04 15 30.4642 31.3444 31.0118      1.0159       1.0159    1.2197            2
2019 04 16 30.1752 31.0537 30.7224      0.7241       0.7241    1.2341            2
2019 04 17 30.4642 31.3409 31.0110      1.0102       1.0102    1.2484            2
2019 04 18 30.1866 31.0615 30.7330      0.7298       0.7298    1.2626            2
2019 04 19 30.4641 31.3372 31.0099      1.0044       1.0044    1.2768            2
2019 04 20 30.1981 31.0694 30.7435      0.7356       0.7356    1.2909            2
2019 04 21 30.4640 31.3334 31.0088      0.9986       0.9986    1.3049            2
2019 04 22 30.2096 31.0772 30.7539      0.7414       0.7414    1.3188            2
2019 04 23 30.4639 31.3296 31.0075      0.9928       0.9928    1.3326            2
2019 04 24 30.2211 31.0849 30.7642      0.7472       0.7472    1.3463            2
2019 04 25 30.4638 31.3256 31.0062      0.9870       0.9870    1.3599            2
2019 04 26 30.2326 31.0926 30.7744      0.7530       0.7530    1.3734            2
2019 04 27 30.4636 31.3216 31.0047      0.9812       0.9812    1.3867            2
2019 04 28 30.2441 31.1001 30.7844      0.7588       0.7588    1.3999            2
2019 04 29 30.4636 31.3176 31.0032      0.9755       0.9755    1.4130            2
2019 04 30 30.2554 31.1075 30.7942      0.7645       0.7645    1.4259            2
2019 05 01 30.4637 31.3137 31.0017      0.9699       0.9699    1.4387            2
2019 05 02 30.2667 31.1146 30.8038      0.7701       0.7701    1.4513            2
2019 05 03 30.4637 31.3096 31.0000      0.9643       0.9643    1.4637            2
2019 05 04 30.2779 31.1217 30.8133      0.7757       0.7757    1.4760            2
2019 05 05 30.4639 31.3056 30.9984      0.9589       0.9589    1.4881            2
2019 05 06 30.2888 31.1285 30.8224      0.7811       0.7811    1.5000            2
2019 05 07 30.4641 31.3017 30.9967      0.9536       0.9536    1.5117            2
2019 05 08 30.2996 31.1351 30.8313      0.7864       0.7864    1.5233            2
2019 05 09 30.4644 31.2977 30.9950      0.9484       0.9484    1.5346            2
2019 05 10 30.3103 31.1415 30.8399      0.7916       0.7916    1.5457            2
2019 05 11 30.4648 31.2939 30.9934      0.9434       0.9434    1.5566            2
2019 05 12 30.3207 31.1476 30.8482      0.7966       0.7966    1.5673            2
2019 05 13 30.4653 31.2900 30.9917      0.9385       0.9385    1.5778            2
2019 05 14 30.3309 31.1535 30.8562      0.8015       0.8015    1.5881            2
2019 05 15 30.4659 31.2863 30.9900      0.9338       0.9338    1.5981            2
2019 05 16 30.3409 31.1591 30.8638      0.8062       0.8062    1.6079            2
2019 05 17 30.4665 31.2826 30.9883      0.9292       0.9292    1.6174            2
2019 05 18 30.3507 31.1645 30.8712      0.8108       0.8108    1.6267            2
2019 05 19 30.4672 31.2789 30.9866      0.9248       0.9248    1.6357            2
2019 05 20 30.3602 31.1696 30.8782      0.8152       0.8152    1.6445            2
2019 05 21 30.4682 31.2755 30.9850      0.9207       0.9207    1.6530            2
2019 05 22 30.3693 31.1744 30.8848      0.8193       0.8193    1.6612            2
2019 05 23 30.4691 31.2720 30.9833      0.9167       0.9167    1.6692            2
2019 05 24 30.3782 31.1789 30.8911      0.8233       0.8233    1.6769            2
2019 05 25 30.4701 31.2686 30.9816      0.9128       0.9128    1.6843            2
2019 05 26 30.3869 31.1831 30.8970      0.8272       0.8272    1.6914            2
2019 05 27 30.4712 31.2653 30.9800      0.9092       0.9092    1.6983            2
2019 05 28 30.3952 31.1870 30.9026      0.8308       0.8308    1.7048            2
2019 05 29 30.4725 31.2621 30.9784      0.9058       0.9058    1.7111            2
2019 05 30 30.4032 31.1906 30.9077      0.8342       0.8342    1.7170            2
2019 05 31 30.4738 31.2591 30.9769      0.9026       0.9026    1.7226            2
2019 06 01 30.4108 31.1939 30.9124      0.8374       0.8374    1.7280            2
2019 06 02 30.4751 31.2560 30.9752      0.8995       0.8995    1.7330            2
2019 06 03 30.4183 31.1970 30.9169      0.8405       0.8405    1.7377            2
2019 06 04 30.4765 31.2530 30.9736      0.8966       0.8966    1.7422            2
2019 06 05 30.4254 31.1998 30.9210      0.8434       0.8434    1.7462            2
2019 06 06 30.4779 31.2502 30.9720      0.8939       0.8939    1.7500            2
2019 06 07 30.4321 31.2022 30.9246      0.8461       0.8461    1.7535            2
2019 06 08 30.4794 31.2474 30.9704      0.8914       0.8914    1.7566            2
2019 06 09 30.4386 31.2044 30.9279      0.8486       0.8486    1.7594            2
2019 06 10 30.4809 31.2446 30.9687      0.8890       0.8890    1.7619            2
2019 06 11 30.4448 31.2064 30.9309      0.8510       0.8510    1.7640            2
2019 06 12 30.4824 31.2419 30.9670      0.8868       0.8868    1.7659            2
2019 06 13 30.4506 31.2080 30.9335      0.8532       0.8532    1.7673            2
2019 06 14 30.4839 31.2392 30.9652      0.8847       0.8847    1.7685            2
2019 06 15 30.4562 31.2095 30.9359      0.8553       0.8553    1.7693            2
2019 06 16 30.4854 31.2366 30.9634      0.8828       0.8828    1.7698            2
2019 06 17 30.4614 31.2106 30.9378      0.8572       0.8572    1.7700            2
2019 06 18 30.4868 31.2340 30.9615      0.8810       0.8810    1.7698            2
2019 06 19 30.4664 31.2116 30.9394      0.8590       0.8590    1.7693            2
2019 06 20 30.4881 31.2313 30.9595      0.8792       0.8792    1.7685            2
2019 06 21 30.4712 31.2124 30.9409      0.8608       0.8608    1.7673            2
2019 06 22 30.4894 31.2287 30.9574      0.8776       0.8776    1.7659            2
2019 06 23 30.4756 31.2130 30.9419      0.8624       0.8624    1.7640            2
2019 06 24 30.4907 31.2261 30.9553      0.8761       0.8761    1.7619            2
2019 06 25 30.4798 31.2133 30.9427      0.8639       0.8639    1.7594            2
2019 06 26 30.4918 31.2234 30.9529      0.8746       0.8746    1.7566            2
2019 06 27 30.4838 31.2136 30.9432      0.8654       0.8654    1.7535            2
2019 06 28 30.4926 31.2206 30.9504      0.8731       0.8731    1.7500            2
2019 06 29 30.4876 31.2137 30.9436      0.8669       0.8669    1.7462            2
2019 06 30 30.4935 31.2178 30.9478      0.8717       0.8717    1.7422            2
2019 07 01 30.4911 31.2137 30.9437      0.8683       0.8683    1.7377            2
2019 07 02 30.4941 31.2150 30.9450      0.8703       0.8703    1.7330            2
2019 07 03 30.4945 31.2136 30.9436      0.8697       0.8697    1.7280            2
2019 07 04 30.4947 31.2121 30.9421      0.8690       0.8690    1.7226            2
2019 07 05 30.4975 31.2133 30.9432      0.8710       0.8710    1.7170            2
2019 07 06 30.4949 31.2090 30.9389      0.8676       0.8676    1.7111            2
2019 07 07 30.5005 31.2130 30.9427      0.8724       0.8724    1.7048            2
2019 07 08 30.4950 31.2059 30.9355      0.8662       0.8662    1.6983            2
2019 07 09 30.5033 31.2126 30.9421      0.8738       0.8738    1.6914            2
2019 07 10 30.4948 31.2026 30.9319      0.8647       0.8647    1.6843            2
2019 07 11 30.5060 31.2122 30.9414      0.8753       0.8753    1.6769            2
2019 07 12 30.4944 31.1992 30.9281      0.8632       0.8632    1.6692            2
2019 07 13 30.5085 31.2118 30.9405      0.8768       0.8768    1.6612            2
2019 07 14 30.4937 31.1956 30.9240      0.8616       0.8616    1.6530            2
2019 07 15 30.5109 31.2113 30.9395      0.8784       0.8784    1.6445            2
2019 07 16 30.4927 31.1918 30.9197      0.8599       0.8599    1.6357            2
2019 07 17 30.5132 31.2109 30.9385      0.8801       0.8801    1.6267            2
2019 07 18 30.4914 31.1879 30.9150      0.8581       0.8581    1.6174            2
2019 07 19 30.5154 31.2106 30.9374      0.8819       0.8819    1.6079            2
2019 07 20 30.4899 31.1838 30.9102      0.8563       0.8563    1.5981            2
2019 07 21 30.5174 31.2101 30.9361      0.8837       0.8837    1.5881            2
2019 07 22 30.4879 31.1795 30.9050      0.8542       0.8542    1.5778            2
2019 07 23 30.5195 31.2099 30.9350      0.8858       0.8858    1.5673            2
2019 07 24 30.4858 31.1750 30.8996      0.8521       0.8521    1.5566            2
2019 07 25 30.5214 31.2096 30.9337      0.8879       0.8879    1.5457            2
2019 07 26 30.4832 31.1703 30.8938      0.8498       0.8498    1.5346            2
2019 07 27 30.5234 31.2094 30.9324      0.8902       0.8902    1.5233            2
2019 07 28 30.4803 31.1654 30.8878      0.8474       0.8474    1.5117            2
2019 07 29 30.5252 31.2093 30.9311      0.8926       0.8926    1.5000            2
2019 07 30 30.4769 31.1602 30.8814      0.8447       0.8447    1.4881            2
2019 07 31 30.5271 31.2095 30.9300      0.8953       0.8953    1.4760            2
2019 08 01 30.4734 31.1549 30.8748      0.8420       0.8420    1.4637            2
2019 08 02 30.5289 31.2095 30.9288      0.8980       0.8980    1.4513            2
2019 08 03 30.4693 31.1492 30.8677      0.8390       0.8390    1.4387            2
2019 08 04 30.5307 31.2099 30.9277      0.9010       0.9010    1.4259            2
2019 08 05 30.4649 31.1433 30.8604      0.8358       0.8358    1.4130            2
2019 08 06 30.5326 31.2103 30.9266      0.9042       0.9042    1.3999            2
2019 08 07 30.4602 31.1373 30.8528      0.8325       0.8325    1.3867            2
2019 08 08 30.5344 31.2109 30.9256      0.9075       0.9075    1.3734            2
2019 08 09 30.4550 31.1310 30.8449      0.8290       0.8290    1.3599            2
2019 08 10 30.5361 31.2116 30.9246      0.9110       0.9110    1.3463            2
2019 08 11 30.4495 31.1244 30.8366      0.8253       0.8253    1.3326            2
2019 08 12 30.5379 31.2124 30.9237      0.9147       0.9147    1.3188            2
2019 08 13 30.4436 31.1177 30.8281      0.8214       0.8214    1.3049            2
2019 08 14 30.5398 31.2134 30.9229      0.9186       0.9186    1.2909            2
2019 08 15 30.4373 31.1107 30.8193      0.8173       0.8173    1.2768            2
2019 08 16 30.5416 31.2146 30.9223      0.9227       0.9227    1.2626            2
2019 08 17 30.4307 31.1034 30.8101      0.8130       0.8130    1.2484            2
2019 08 18 30.5434 31.2160 30.9217      0.9270       0.9270    1.2341            2
2019 08 19 30.4236 31.0960 30.8007      0.8085       0.8085    1.2197            2
2019 08 20 30.5453 31.2175 30.9212      0.9315       0.9315    1.2052            2
2019 08 21 30.4163 31.0884 30.7911      0.8039       0.8039    1.1907            2
2019 08 22 30.5471 31.2191 30.9207      0.9361       0.9361    1.1762            2
2019 08 23 30.4086 31.0806 30.7812      0.7991       0.7991    1.1616            2
2019 08 24 30.5489 31.2209 30.9204      0.9409       0.9409    1.1470            2
2019 08 25 30.4006 31.0726 30.7710      0.7941       0.7941    1.1323            2
2019 08 26 30.5508 31.2229 30.9202      0.9459       0.9459    1.1177            2
2019 08 27 30.3923 31.0644 30.7606      0.7890       0.7890    1.1030            2
2019 08 28 30.5526 31.2249 30.9200      0.9510       0.9510    1.0883            2
2019 08 29 30.3837 31.0562 30.7501      0.7838       0.7838    1.0736            2
2019 08 30 30.5544 31.2271 30.9198      0.9562       0.9562    1.0589            2
2019 08 31 30.3748 31.0478 30.7393      0.7784       0.7784    1.0442            2
2019 09 01 30.5562 31.2294 30.9198      0.9616       0.9616    1.0295            2
2019 09 02 30.3656 31.0392 30.7284      0.7729       0.7729    1.0148            2
2019 09 03 30.5579 31.2319 30.9199      0.9671       0.9671    1.0001            2
2019 09 04 30.3562 31.0306 30.7174      0.7673       0.7673    0.9855            1
2019 09 05 30.5596 31.2345 30.9200      0.9727       0.9727    0.9709            1
2019 09 06 30.3465 31.0218 30.7062      0.7616       0.7616    0.9564            1
2019 09 07 30.5613 31.2371 30.9202      0.9784       0.9784    0.9419            1
2019 09 08 30.3367 31.0131 30.6949      0.7559       0.7559    0.9274            1
2019 09 09 30.5628 31.2398 30.9203      0.9841       0.9841    0.9130            1
2019 09 10 30.3266 31.0043 30.6836      0.7501       0.7501    0.8986            1
2019 09 11 30.5643 31.2426 30.9206      0.9899       0.9899    0.8843            1
2019 09 12 30.3165 30.9955 30.6722      0.7443       0.7443    0.8701            1
2019 09 13 30.5656 31.2454 30.9208      0.9957       0.9957    0.8559            1
2019 09 14 30.3062 30.9867 30.6608      0.7385       0.7385    0.8418            1
2019 09 15 30.5669 31.2482 30.9210      1.0015       1.0015    0.8278            1
2019 09 16 30.2957 30.9780 30.6494      0.7327       0.7327    0.8138            1
2019 09 17 30.5680 31.2511 30.9212      1.0073       1.0073    0.8000            1
2019 09 18 30.2852 30.9692 30.6380      0.7269       0.7269    0.7862            1
2019 09 19 30.5690 31.2540 30.9214      1.0131       1.0131    0.7725            1
2019 09 20 30.2747 30.9607 30.6267      0.7212       0.7212    0.7590            1
2019 09 21 30.5698 31.2568 30.9215      1.0188       1.0188    0.7455            1
2019 09 22 30.2642 30.9522 30.6156      0.7156       0.7156    0.7321            1
2019 09 23 30.5704 31.2596 30.9216      1.0244       1.0244    0.7188            1
2019 09 24 30.2536 30.9439 30.6045      0.7101       0.7101    0.7057            1
2019 09 25 30.5709 31.2623 30.9215      1.0299       1.0299    0.6926            1
2019 09 26 30.2430 30.9356 30.5935      0.7046       0.7046    0.6797            1
2019 09 27 30.5712 31.2650 30.9215      1.0354       1.0354    0.6669            1
2019 09 28 30.2326 30.9276 30.5828      0.6994       0.6994    0.6541            1
2019 09 29 30.5712 31.2675 30.9213      1.0406       1.0406    0.6416            1
2019 09 30 30.2222 30.9198 30.5723      0.6943       0.6943    0.6291            1
2019 10 01 30.5709 31.2699 30.9210      1.0457       1.0457    0.6168            1
2019 10 02 30.2120 30.9123 30.5620      0.6894       0.6894    0.6046            1
2019 10 03 30.5705 31.2722 30.9205      1.0506       1.0506    0.5925            1
2019 10 04 30.2018 30.9050 30.5519      0.6847       0.6847    0.5806            1
2019 10 05 30.5697 31.2743 30.9199      1.0553       1.0553    0.5687            1
2019 10 06 30.1920 30.8981 30.5422      0.6803       0.6803    0.5571            1
2019 10 07 30.5686 31.2762 30.9190      1.0597       1.0597    0.5455            1
2019 10 08 30.1822 30.8914 30.5328      0.6761       0.6761    0.5341            1
2019 10 09 30.5673 31.2780 30.9180      1.0639       1.0639    0.5229            1
2019 10 10 30.1728 30.8851 30.5238      0.6722       0.6722    0.5118            1
2019 10 11 30.5656 31.2795 30.9168      1.0678       1.0678    0.5008            1
2019 10 12 30.1636 30.8792 30.5151      0.6686       0.6686    0.4900            1
2019 10 13 30.5635 31.2808 30.9154      1.0714       1.0714    0.4793            1
2019 10 14 30.1546 30.8736 30.5068      0.6653       0.6653    0.4687            1
2019 10 15 30.5612 31.2819 30.9138      1.0747       1.0747    0.4584            1
2019 10 16 30.1461 30.8685 30.4990      0.6624       0.6624    0.4481            1
2019 10 17 30.5584 31.2826 30.9118      1.0776       1.0776    0.4380            1
2019 10 18 30.1378 30.8637 30.4917      0.6598       0.6598    0.4280            1
2019 10 19 30.5553 31.2831 30.9097      1.0802       1.0802    0.4182            1
2019 10 20 30.1300 30.8596 30.4849      0.6577       0.6577    0.4086            1
2019 10 21 30.5517 31.2832 30.9072      1.0823       1.0823    0.3991            1
2019 10 22 30.1225 30.8558 30.4785      0.6559       0.6559    0.3897            1
2019 10 23 30.5478 31.2831 30.9044      1.0841       1.0841    0.3805            1
2019 10 24 30.1154 30.8525 30.4726      0.6545       0.6545    0.3714            1
2019 10 25 30.5435 31.2826 30.9014      1.0855       1.0855    0.3625            1
2019 10 26 30.1088 30.8498 30.4674      0.6536       0.6536    0.3537            1
2019 10 27 30.5387 31.2817 30.8980      1.0864       1.0864    0.3451            1
2019 10 28 30.1026 30.8476 30.4626      0.6531       0.6531    0.3366            1
2019 10 29 30.5336 31.2805 30.8944      1.0869       1.0869    0.3283            1
2019 10 30 30.0968 30.8458 30.4584      0.6530       0.6530    0.3201            1
2019 10 31 30.5280 31.2790 30.8904      1.0870       1.0870    0.3121            1
2019 11 01 30.0916 30.8447 30.4549      0.6534       0.6534    0.3042            1
2019 11 02 30.5220 31.2771 30.8861      1.0866       1.0866    0.2965            1
2019 11 03 30.0869 30.8441 30.4520      0.6543       0.6543    0.2889            1
2019 11 04 30.5156 31.2748 30.8815      1.0857       1.0857    0.2814            1
2019 11 05 30.0828 30.8441 30.4497      0.6557       0.6557    0.2741            1
2019 11 06 30.5086 31.2721 30.8765      1.0843       1.0843    0.2669            1
2019 11 07 30.0791 30.8447 30.4479      0.6575       0.6575    0.2598            1
2019 11 08 30.5014 31.2691 30.8712      1.0825       1.0825    0.2529            1
2019 11 09 30.0760 30.8459 30.4469      0.6599       0.6599    0.2462            1
2019 11 10 30.4935 31.2655 30.8655      1.0801       1.0801    0.2395            1
2019 11 11 30.0735 30.8476 30.4465      0.6627       0.6627    0.2330            1
2019 11 12 30.4854 31.2617 30.8596      1.0773       1.0773    0.2267            1
2019 11 13 30.0714 30.8499 30.4467      0.6660       0.6660    0.2205            1
2019 11 14 30.4768 31.2575 30.8533      1.0740       1.0740    0.2144            1
2019 11 15 30.0700 30.8529 30.4476      0.6698       0.6698    0.2084            1
2019 11 16 30.4678 31.2528 30.8466      1.0702       1.0702    0.2025            1
2019 11 17 30.0691 30.8564 30.4492      0.6741       0.6741    0.1968            1
2019 11 18 30.4584 31.2478 30.8397      1.0659       1.0659    0.1912            1
2019 11 19 30.0689 30.8605 30.4514      0.6789       0.6789    0.1858            1
2019 11 20 30.4486 31.2424 30.8324      1.0611       1.0611    0.1804            1
2019 11 21 30.0691 30.8651 30.4542      0.6841       0.6841    0.1752            1
2019 11 22 30.4384 31.2367 30.8249      1.0559       1.0559    0.1701            1
2019 11 23 30.0699 30.8703 30.4577      0.6898       0.6898    0.1651            1
2019 11 24 30.4279 31.2305 30.8171      1.0502       1.0502    0.1603            1
2019 11 25 30.0713 30.8762 30.4619      0.6960       0.6960    0.1555            1
2019 11 26 30.4170 31.2240 30.8089      1.0440       1.0440    0.1509            1
2019 11 27 30.0733 30.8825 30.4666      0.7026       0.7026    0.1463            1
2019 11 28 30.4058 31.2172 30.8005      1.0374       1.0374    0.1419            1
2019 11 29 30.0758 30.8894 30.4720      0.7097       0.7097    0.1376            1
2019 11 30 30.3942 31.2100 30.7918      1.0303       1.0303    0.1334            1
2019 12 01 30.0788 30.8968 30.4779      0.7171       0.7171    0.1293            1
2019 12 02 30.3824 31.2026 30.7830      1.0229       1.0229    0.1253            1
2019 12 03 30.0824 30.9047 30.4845      0.7250       0.7250    0.1214            1
2019 12 04 30.3703 31.1948 30.7739      1.0150       1.0150    0.1176            1
2019 12 05 30.0864 30.9131 30.4916      0.7332       0.7332    0.1139            1
2019 12 06 30.3580 31.1868 30.7647      1.0068       1.0068    0.1103            1
2019 12 07 30.0910 30.9219 30.4992      0.7418       0.7418    0.1068            1
2019 12 08 30.3454 31.1785 30.7552      0.9982       0.9982    0.1033            1
2019 12 09 30.0961 30.9313 30.5075      0.7508       0.7508    0.1000            1
2019 12 10 30.3326 31.1699 30.7456      0.9892       0.9892    0.0968            1
2019 12 11 30.1015 30.9410 30.5161      0.7600       0.7600    0.0936            1
2019 12 12 30.3197 31.1612 30.7359      0.9800       0.9800    0.0906            1
2019 12 13 30.1075 30.9511 30.5254      0.7696       0.7696    0.0876            1
2019 12 14 30.3066 31.1523 30.7261      0.9704       0.9704    0.0847            1
2019 12 15 30.1139 30.9616 30.5350      0.7794       0.7794    0.0819            1
2019 12 16 30.2934 31.1432 30.7162      0.9606       0.9606    0.0791            1
2019 12 17 30.1207 30.9725 30.5451      0.7895       0.7895    0.0764            1
2019 12 18 30.2801 31.1339 30.7062      0.9505       0.9505    0.0739            1
2019 12 19 30.1278 30.9837 30.5557      0.7998       0.7998    0.0713            1
2019 12 20 30.2667 31.1245 30.6962      0.9402       0.9402    0.0689            1
2019 12 21 30.1353 30.9950 30.5665      0.8102       0.8102    0.0665            1
2019 12 22 30.2535 31.1152 30.6863      0.9298       0.9298    0.0642            1
2019 12 23 30.1432 31.0068 30.5778      0.8209       0.8209    0.0620            1
2019 12 24 30.2401 31.1056 30.6763      0.9191       0.9191    0.0598            1
2019 12 25 30.1514 31.0188 30.5894      0.8317       0.8317    0.0577            1
2019 12 26 30.2267 31.0960 30.6664      0.9083       0.9083    0.0557            1
2019 12 27 30.1597 31.0308 30.6011      0.8425       0.8425    0.0537            1
2019 12 28 30.2136 31.0865 30.6567      0.8975       0.8975    0.0518            1
2019 12 29 30.1685 31.0432 30.6133      0.8535       0.8535    0.0499            1
2019 12 30 30.2004 31.0769 30.6470      0.8865       0.8865    0.0481            1
2019 12 31 30.1829 31.0612 30.6312      0.8700       0.8700    0.0464            1
2020 01 01 30.1921 31.0721 30.6421      0.8800       0.8800    0.1600            1
2020 01 02 30.1912 31.0729 30.6429      0.8800       0.8800    0.1651            1
2020 01 03 30.2013 31.0847 30.6547      0.8910       0.8910    0.1703            1
2020 01 04 30.1785 31.0635 30.6336      0.8690       0.8690    0.1757            1
2020 01 05 30.2106 31.0973 30.6675      0.9019       0.9019    0.1812            1
2020 01 06 30.1661 31.0543 30.6246      0.8581       0.8581    0.1868            1
2020 01 07 30.2201 31.1099 30.6804      0.9128       0.9128    0.1926            1
2020 01 08 30.1539 31.0453 30.6158      0.8472       0.8472    0.1986            1
2020 01 09 30.2297 31.1226 30.6934      0.9236       0.9236    0.2046            1
2020 01 10 30.1419 31.0364 30.6073      0.8364       0.8364    0.2108            1
2020 01 11 30.2393 31.1353 30.7064      0.9343       0.9343    0.2172            1
2020 01 12 30.1303 31.0277 30.5991      0.8257       0.8257    0.2237            1
2020 01 13 30.2491 31.1479 30.7196      0.9449       0.9449    0.2304            1
2020 01 14 30.1190 31.0191 30.5911      0.8151       0.8151    0.2372            1
2020 01 15 30.2588 31.1603 30.7326      0.9552       0.9552    0.2442            1
2020 01 16 30.1081 31.0109 30.5836      0.8048       0.8048    0.2513            1
2020 01 17 30.2685 31.1726 30.7456      0.9654       0.9654    0.2586            1
2020 01 18 30.0976 31.0030 30.5763      0.7946       0.7946    0.2661            1
2020 01 19 30.2782 31.1848 30.7586      0.9753       0.9753    0.2737            1
2020 01 20 30.0875 30.9953 30.5696      0.7847       0.7847    0.2815            1
2020 01 21 30.2878 31.1968 30.7715      0.9850       0.9850    0.2894            1
2020 01 22 30.0779 30.9880 30.5631      0.7750       0.7750    0.2976            1
2020 01 23 30.2973 31.2086 30.7842      0.9944       0.9944    0.3059            1
2020 01 24 30.0687 30.9810 30.5572      0.7656       0.7656    0.3143            1
2020 01 25 30.3068 31.2201 30.7968      1.0035       1.0035    0.3230            1
2020 01 26 30.0600 30.9744 30.5516      0.7565       0.7565    0.3318            1
2020 01 27 30.3160 31.2313 30.8092      1.0122       1.0122    0.3408            1
2020 01 28 30.0519 30.9682 30.5466      0.7478       0.7478    0.3499            1
2020 01 29 30.3251 31.2423 30.8214      1.0206       1.0206    0.3593            1
2020 01 30 30.0443 30.9624 30.5421      0.7394       0.7394    0.3688            1
2020 01 31 30.3341 31.2530 30.8334      1.0287       1.0287    0.3785            1
2020 02 01 30.0373 30.9569 30.5380      0.7313       0.7313    0.3884            1
2020 02 02 30.3428 31.2633 30.8450      1.0363       1.0363    0.3985            1
2020 02 03 30.0309 30.9520 30.5345      0.7237       0.7237    0.4088            1
2020 02 04 30.3514 31.2733 30.8565      1.0436       1.0436    0.4192            1
2020 02 05 30.0249 30.9475 30.5315      0.7164       0.7164    0.4298            1
2020 02 06 30.3597 31.2829 30.8677      1.0504       1.0504    0.4407            1
2020 02 07 30.0197 30.9435 30.5291      0.7096       0.7096    0.4517            1
2020 02 08 30.3678 31.2921 30.8785      1.0568       1.0568    0.4629            1
2020 02 09 30.0151 30.9399 30.5271      0.7032       0.7032    0.4743            1
2020 02 10 30.3756 31.3009 30.8890      1.0628       1.0628    0.4858            1
2020 02 11 30.0110 30.9367 30.5257      0.6972       0.6972    0.4976            1
2020 02 12 30.3831 31.3092 30.8991      1.0682       1.0682    0.5096            1
2020 02 13 30.0078 30.9342 30.5251      0.6918       0.6918    0.5217            1
2020 02 14 30.3904 31.3172 30.9089      1.0733       1.0733    0.5340            1
2020 02 15 30.0050 30.9321 30.5248      0.6867       0.6867    0.5465            1
2020 02 16 30.3973 31.3246 30.9183      1.0778       1.0778    0.5593            1
2020 02 17 30.0030 30.9305 30.5252      0.6822       0.6822    0.5722            1
2020 02 18 30.4040 31.3317 30.9273      1.0819       1.0819    0.5852            1
2020 02 19 30.0015 30.9294 30.5261      0.6781       0.6781    0.5985            1
2020 02 20 30.4103 31.3383 30.9360      1.0855       1.0855    0.6120            1
2020 02 21 30.0007 30.9288 30.5275      0.6745       0.6745    0.6256            1
2020 02 22 30.4163 31.3444 30.9442      1.0886       1.0886    0.6394            1
2020 02 23 30.0006 30.9287 30.5296      0.6714       0.6714    0.6535            1
2020 02 24 30.4220 31.3500 30.9520      1.0912       1.0912    0.6676            1
2020 02 25 30.0012 30.9291 30.5322      0.6688       0.6688    0.6820            1
2020 02 26 30.4273 31.3551 30.9593      1.0933       1.0933    0.6966            1
2020 02 27 30.0024 30.9300 30.5354      0.6667       0.6667    0.7113            1
2020 02 28 30.4323 31.3598 30.9662      1.0949       1.0949    0.7262            1
2020 02 29 30.0043 30.9315 30.5391      0.6651       0.6651    0.7413            1
2020 03 01 30.4371 31.3640 30.9728      1.0961       1.0961    0.7565            1
2020 03 02 30.0067 30.9333 30.5433      0.6639       0.6639    0.7719            1
2020 03 03 30.4415 31.3677 30.9789      1.0968       1.0968    0.7875            1
2020 03 04 30.0098 30.9357 30.5481      0.6632       0.6632    0.8033            1
2020 03 05 30.4455 31.3710 30.9846      1.0970       1.0970    0.8192            1
2020 03 06 30.0135 30.9385 30.5533      0.6630       0.6630    0.8352            1
2020 03 07 30.4493 31.3738 30.9899      1.0968       1.0968    0.8515            1
2020 03 08 30.0178 30.9417 30.5591      0.6632       0.6632    0.8678            1
2020 03 09 30.4527 31.3761 30.9947      1.0961       1.0961    0.8844            1
2020 03 10 30.0227 30.9454 30.5653      0.6639       0.6639    0.9010            1
2020 03 11 30.4559 31.3780 30.9992      1.0950       1.0950    0.9178            1
2020 03 12 30.0281 30.9495 30.5720      0.6650       0.6650    0.9348            1
2020 03 13 30.4588 31.3795 31.0032      1.0935       1.0935    0.9519            1
2020 03 14 30.0340 30.9540 30.5790      0.6665       0.6665    0.9691            1
2020 03 15 30.4613 31.3805 31.0068      1.0915       1.0915    0.9864            1
2020 03 16 30.0406 30.9590 30.5866      0.6685       0.6685    1.0039            2
2020 03 17 30.4636 31.3811 31.0101      1.0892       1.0892    1.0214            2
2020 03 18 30.0476 30.9642 30.5945      0.6708       0.6708    1.0391            2
2020 03 19 30.4656 31.3813 31.0130      1.0865       1.0865    1.0569            2
2020 03 20 30.0550 30.9698 30.6027      0.6735       0.6735    1.0748            2
2020 03 21 30.4674 31.3811 31.0154      1.0834       1.0834    1.0928            2
2020 03 22 30.0630 30.9758 30.6114      0.6766       0.6766    1.1109            2
2020 03 23 30.4689 31.3806 31.0176      1.0800       1.0800    1.1291            2
2020 03 24 30.0714 30.9820 30.6203      0.6800       0.6800    1.1474            2
2020 03 25 30.4702 31.3797 31.0194      1.0763       1.0763    1.1657            2
2020 03 26 30.0802 30.9885 30.6296      0.6837       0.6837    1.1841            2
2020 03 27 30.4713 31.3784 31.0209      1.0723       1.0723    1.2026            2
2020 03 28 30.0893 30.9952 30.6390      0.6877       0.6877    1.2211            2
2020 03 29 30.4723 31.3770 31.0222      1.0681       1.0681    1.2397            2
2020 03 30 30.0988 31.0021 30.6487      0.6919       0.6919    1.2583            2
2020 03 31 30.4730 31.3750 31.0230      1.0635       1.0635    1.2770            2
2020 04 01 30.1087 31.0094 30.6587      0.6965       0.6965    1.2957            2
2020 04 02 30.4737 31.3730 31.0237      1.0588       1.0588    1.3145            2
2020 04 03 30.1188 31.0167 30.6687      0.7012       0.7012    1.3332            2
2020 04 04 30.4741 31.3705 31.0240      1.0538       1.0538    1.3520            2
2020 04 05 30.1292 31.0242 30.6790      0.7062       0.7062    1.3708            2
2020 04 06 30.4744 31.3679 31.0241      1.0487       1.0487    1.3895            2
2020 04 07 30.1398 31.0318 30.6893      0.7113       0.7113    1.4083            2
2020 04 08 30.4746 31.3651 31.0240      1.0434       1.0434    1.4271            2
2020 04 09 30.1506 31.0395 30.6998      0.7166       0.7166    1.4458            2
2020 04 10 30.4747 31.3620 31.0236      1.0379       1.0379    1.4645            2
2020 04 11 30.1617 31.0474 30.7103      0.7221       0.7221    1.4832            2
2020 04 12 30.4748 31.3588 31.0232      1.0324       1.0324    1.5018            2
2020 04 13 30.1728 31.0551 30.7208      0.7276       0.7276    1.5204            2
2020 04 14 30.4747 31.3554 31.0224      1.0267       1.0267    1.5389            2
2020 04 15 30.1841 31.0631 30.7314      0.7333       0.7333    1.5573            2
2020 04 16 30.4746 31.3518 31.0216      1.0210       1.0210    1.5757            2
2020 04 17 30.1955 31.0709 30.7419      0.7390       0.7390    1.5940            2
2020 04 18 30.4746 31.3483 31.0206      1.0153       1.0153    1.6122            2
2020 04 19 30.2068 31.0787 30.7524      0.7447       0.7447    1.6303            2
2020 04 20 30.4745 31.3445 31.0195      1.0095       1.0095    1.6483            2
2020 04 21 30.2183 31.0865 30.7628      0.7505       0.7505    1.6662            2
2020 04 22 30.4743 31.3406 31.0182      1.0037       1.0037    1.6839            2
2020 04 23 30.2298 31.0942 30.7730      0.7563       0.7563    1.7016            2
2020 04 24 30.4742 31.3367 31.0168      0.9979       0.9979    1.7190            2
2020 04 25 30.2412 31.1018 30.7832      0.7621       0.7621    1.7364            2
2020 04 26 30.4741 31.3327 31.0154      0.9921       0.9921    1.7536            2
2020 04 27 30.2527 31.1094 30.7933      0.7679       0.7679    1.7706            2
2020 04 28 30.4740 31.3287 31.0139      0.9864       0.9864    1.7875            2
2020 04 29 30.2640 31.1167 30.8031      0.7736       0.7736    1.8041            2
2020 04 30 30.4740 31.3247 31.0123      0.9808       0.9808    1.8206            2
2020 05 01 30.2752 31.1239 30.8127      0.7792       0.7792    1.8369            2
2020 05 02 30.4741 31.3207 31.0107      0.9753       0.9753    1.8530            2
2020 05 03 30.2863 31.1309 30.8221      0.7847       0.7847    1.8689            2
2020 05 04 30.4742 31.3167 31.0090      0.9698       0.9698    1.8846            2
2020 05 05 30.2974 31.1378 30.8313      0.7902       0.7902    1.9000            2
2020 05 06 30.4744 31.3127 31.0074      0.9645       0.9645    1.9153            2
2020 05 07 30.3082 31.1444 30.8401      0.7955       0.7955    1.9302            2
2020 05 08 30.4747 31.3088 31.0057      0.9593       0.9593    1.9450            2
2020 05 09 30.3188 31.1508 30.8488      0.8007       0.8007    1.9594            2
2020 05 10 30.4751 31.3049 31.0040      0.9543       0.9543    1.9736            2
2020 05 11 30.3292 31.1569 30.8570      0.8057       0.8057    1.9876            2
2020 05 12 30.4755 31.3011 31.0023      0.9494       0.9494    2.0012            2
2020 05 13 30.3394 31.1628 30.8651      0.8106       0.8106    2.0146            2
2020 05 14 30.4760 31.2972 31.0006      0.9446       0.9446    2.0277            2
2020 05 15 30.3494 31.1685 30.8728      0.8154       0.8154    2.0405            2
2020 05 16 30.4766 31.2935 30.9988      0.9400       0.9400    2.0530            2
2020 05 17 30.3592 31.1739 30.8802      0.8200       0.8200    2.0651            2
2020 05 18 30.4774 31.2899 30.9972      0.9357       0.9357    2.0770            2
2020 05 19 30.3686 31.1789 30.8871      0.8243       0.8243    2.0885            2
2020 05 20 30.4782 31.2863 30.9955      0.9314       0.9314    2.0997            2
2020 05 21 30.3779 31.1838 30.8939      0.8286       0.8286    2.1106            2
2020 05 22 30.4791 31.2828 30.9938      0.9274       0.9274    2.1211            2
2020 05 23 30.3868 31.1883 30.9002      0.8326       0.8326    2.1313            2
2020 05 24 30.4802 31.2795 30.9922      0.9236       0.9236    2.1411            2
2020 05 25 30.3954 31.1925 30.9061      0.8364       0.8364    2.1506            2
2020 05 26 30.4812 31.2761 30.9905      0.9199       0.9199    2.1597            2
2020 05 27 30.4037 31.1965 30.9117      0.8401       0.8401    2.1684            2
2020 05 28 30.4824 31.2730 30.9890      0.9165       0.9165    2.1768            2
2020 05 29 30.4117 31.2001 30.9168      0.8435       0.8435    2.1847            2
2020 05 30 30.4837 31.2698 30.9873      0.9132       0.9132    2.1923            2
2020 05 31 30.4195 31.2035 30.9217      0.8468       0.8468    2.1995            2
2020 06 01 30.4849 31.2668 30.9857      0.9101       0.9101    2.2064            2
2020 06 02 30.4269 31.2065 30.9262      0.8499       0.8499    2.2128            2
2020 06 03 30.4863 31.2638 30.9841      0.9072       0.9072    2.2188            2
2020 06 04 30.4340 31.2093 30.9302      0.8528       0.8528    2.2244            2
2020 06 05 30.4878 31.2609 30.9825      0.9045       0.9045    2.2297            2
2020 06 06 30.4408 31.2118 30.9339      0.8555       0.8555    2.2345            2
2020 06 07 30.4892 31.2580 30.9808      0.9019       0.9019    2.2389            2
2020 06 08 30.4473 31.2140 30.9374      0.8581       0.8581    2.2429            2
2020 06 09 30.4906 31.2552 30.9791      0.8995       0.8995    2.2465            2
2020 06 10 30.4535 31.2160 30.9404      0.8605       0.8605    2.2496            2
2020 06 11 30.4921 31.2526 30.9774      0.8973       0.8973    2.2524            2
2020 06 12 30.4593 31.2177 30.9430      0.8627       0.8627    2.2547            2
2020 06 13 30.4936 31.2499 30.9757      0.8952       0.8952    2.2566            2
2020 06 14 30.4649 31.2191 30.9453      0.8648       0.8648    2.2581            2
2020 06 15 30.4950 31.2472 30.9738      0.8932       0.8932    2.2592            2
2020 06 16 30.4703 31.2204 30.9474      0.8668       0.8668    2.2598            2
2020 06 17 30.4965 31.2446 30.9719      0.8914       0.8914    2.2600            2
2020 06 18 30.4752 31.2213 30.9491      0.8686       0.8686    2.2598            2
2020 06 19 30.4978 31.2419 30.9699      0.8896       0.8896    2.2592            2
2020 06 20 30.4801 31.2222 30.9505      0.8704       0.8704    2.2581            2
2020 06 21 30.4991 31.2393 30.9679      0.8880       0.8880    2.2566            2
2020 06 22 30.4845 31.2228 30.9516      0.8720       0.8720    2.2547            2
2020 06 23 30.5003 31.2366 30.9657      0.8864       0.8864    2.2524            2
2020 06 24 30.4888 31.2232 30.9525      0.8736       0.8736    2.2496            2
2020 06 25 30.5014 31.2339 30.9633      0.8849       0.8849    2.2465            2
2020 06 26 30.4928 31.2235 30.9531      0.8751       0.8751    2.2429            2
2020 06 27 30.5024 31.2312 30.9609      0.8835       0.8835    2.2389            2
2020 06 28 30.4965 31.2236 30.9534      0.8765       0.8765    2.2345            2
2020 06 29 30.5032 31.2285 30.9584      0.8821       0.8821    2.2297            2
2020 06 30 30.5001 31.2235 30.9535      0.8779       0.8779    2.2244            2
2020 07 01 30.5039 31.2256 30.9556      0.8807       0.8807    2.2188            2
2020 07 02 30.5034 31.2234 30.9534      0.8793       0.8793    2.2128            2
2020 07 03 30.5043 31.2226 30.9526      0.8793       0.8793    2.2064            2
2020 07 04 30.5066 31.2232 30.9532      0.8807       0.8807    2.1995            2
2020 07 05 30.5046 31.2196 30.9495      0.8779       0.8779    2.1923            2
2020 07 06 30.5096 31.2229 30.9527      0.8821       0.8821    2.1847            2
2020 07 07 30.5047 31.2165 30.9462      0.8765       0.8765    2.1768            2
2020 07 08 30.5124 31.2226 30.9521      0.8835       0.8835    2.1684            2
2020 07 09 30.5046 31.2132 30.9427      0.8751       0.8751    2.1597            2
2020 07 10 30.5150 31.2221 30.9513      0.8849       0.8849    2.1506            2
2020 07 11 30.5043 31.2098 30.9389      0.8736       0.8736    2.1411            2
2020 07 12 30.5176 31.2216 30.9505      0.8864       0.8864    2.1313            2
2020 07 13 30.5036 31.2062 30.9348      0.8720       0.8720    2.1211            2
2020 07 14 30.5200 31.2212 30.9495      0.8880       0.8880    2.1106            2
2020 07 15 30.5027 31.2026 30.9306      0.8704       0.8704    2.0997            2
2020 07 16 30.5222 31.2207 30.9484      0.8896       0.8896    2.0885            2
2020 07 17 30.5015 31.1987 30.9260      0.8686       0.8686    2.0770            2
2020 07 18 30.5245 31.2204 30.9474      0.8914       0.8914    2.0651            2
2020 07 19 30.5000 31.1946 30.9213      0.8668       0.8668    2.0530            2
2020 07 20 30.5265 31.2199 30.9461      0.8932       0.8932    2.0405            2
2020 07 21 30.4982 31.1904 30.9161      0.8648       0.8648    2.0277            2
2020 07 22 30.5286 31.2196 30.9449      0.8952       0.8952    2.0146            2
2020 07 23 30.4960 31.1859 30.9108      0.8627       0.8627    2.0012            2
2020 07 24 30.5306 31.2193 30.9437      0.8973       0.8973    1.9876            2
2020 07 25 30.4936 31.1813 30.9051      0.8605       0.8605    1.9736            2
2020 07 26 30.5324 31.2191 30.9424      0.8995       0.8995    1.9594            2
2020 07 27 30.4908 31.1764 30.8992      0.8581       0.8581    1.9450            2
2020 07 28 30.5343 31.2190 30.9411      0.9019       0.9019    1.9302            2
2020 07 29 30.4876 31.1713 30.8929      0.8555       0.8555    1.9153            2
2020 07 30 30.5362 31.2190 30.9399      0.9045       0.9045    1.9000            2
2020 07 31 30.4841 31.1660 30.8863      0.8528       0.8528    1.8846            2
2020 08 01 30.5380 31.2191 30.9387      0.9072       0.9072    1.8689            2
2020 08 02 30.4801 31.1605 30.8794      0.8499       0.8499    1.8530            2
2020 08 03 30.5398 31.2193 30.9376      0.9101       0.9101    1.8369            2
2020 08 04 30.4758 31.1547 30.8722      0.8468       0.8468    1.8206            2
2020 08 05 30.5416 31.2197 30.9365      0.9132       0.9132    1.8041            2
2020 08 06 30.4712 31.1486 30.8646      0.8435       0.8435    1.7875            2
2020 08 07 30.5434 31.2202 30.9354      0.9165       0.9165    1.7706            2
2020 08 08 30.4662 31.1424 30.8568      0.8401       0.8401    1.7536            2
2020 08 09 30.5451 31.2208 30.9344      0.9199       0.9199    1.7364            2
2020 08 10 30.4607 31.1359 30.8487      0.8364       0.8364    1.7190            2
2020 08 11 30.5470 31.2217 30.9336      0.9236       0.9236    1.7016            2
2020 08 12 30.4550 31.1293 30.8403      0.8326       0.8326    1.6839            2
2020 08 13 30.5487 31.2226 30.9327      0.9274       0.9274    1.6662            2
2020 08 14 30.4488 31.1224 30.8315      0.8286       0.8286    1.6483            2
2020 08 15 30.5505 31.2237 30.9320      0.9314       0.9314    1.6303            2
2020 08 16 30.4422 31.1151 30.8224      0.8243       0.8243    1.6122            2
2020 08 17 30.5524 31.2251 30.9314      0.9357       0.9357    1.5940            2
2020 08 18 30.4354 31.1079 30.8132      0.8200       0.8200    1.5757            2
2020 08 19 30.5541 31.2264 30.9308      0.9400       0.9400    1.5573            2
2020 08 20 30.4282 31.1003 30.8036      0.8154       0.8154    1.5389            2
2020 08 21 30.5560 31.2280 30.9303      0.9446       0.9446    1.5204            2
2020 08 22 30.4206 31.0925 30.7938      0.8106       0.8106    1.5018            2
2020 08 23 30.5579 31.2298 30.9300      0.9494       0.9494    1.4832            2
2020 08 24 30.4127 31.0846 30.7837      0.8057       0.8057    1.4645            2
2020 08 25 30.5597 31.2317 30.9297      0.9543       0.9543    1.4458            2
2020 08 26 30.4045 31.0766 30.7735      0.8007       0.8007    1.4271            2
2020 08 27 30.5615 31.2337 30.9295      0.9593       0.9593    1.4083            2
2020 08 28 30.3960 31.0684 30.7630      0.7955       0.7955    1.3895            2
2020 08 29 30.5633 31.2358 30.9294      0.9645       0.9645    1.3708            2
2020 08 30 30.3872 31.0600 30.7524      0.7902       0.7902    1.3520            2
2020 08 31 30.5650 31.2381 30.9293      0.9698       0.9698    1.3332            2
2020 09 01 30.3781 31.0515 30.7415      0.7847       0.7847    1.3145            2
2020 09 02 30.5668 31.2406 30.9294      0.9753       0.9753    1.2957            2
2020 09 03 30.3688 31.0429 30.7305      0.7792       0.7792    1.2770            2
2020 09 04 30.5685 31.2430 30.9294      0.9808       0.9808    1.2583            2
2020 09 05 30.3593 31.0343 30.7195      0.7736       0.7736    1.2397            2
2020 09 06 30.5701 31.2456 30.9295      0.9864       0.9864    1.2211            2
2020 09 07 30.3495 31.0256 30.7082      0.7679       0.7679    1.2026            2
2020 09 08 30.5717 31.2483 30.9297      0.9921       0.9921    1.1841            2
2020 09 09 30.3395 31.0168 30.6969      0.7621       0.7621    1.1657            2
2020 09 10 30.5732 31.2511 30.9299      0.9979       0.9979    1.1474            2
2020 09 11 30.3294 31.0080 30.6855      0.7563       0.7563    1.1291            2
2020 09 12 30.5746 31.2539 30.9302      1.0037       1.0037    1.1109            2
2020 09 13 30.3192 30.9992 30.6742      0.7505       0.7505    1.0928            2
2020 09 14 30.5759 31.2567 30.9304      1.0095       1.0095    1.0748            2
2020 09 15 30.3088 30.9904 30.6628      0.7447       0.7447    1.0569            2
2020 09 16 30.5771 31.2596 30.9306      1.0153       1.0153    1.0391            2
2020 09 17 30.2984 30.9818 30.6515      0.7390       0.7390    1.0214            2
2020 09 18 30.5781 31.2624 30.9307      1.0210       1.0210    1.0039            2
2020 09 19 30.2880 30.9732 30.6403      0.7333       0.7333    0.9864            1
2020 09 20 30.5789 31.2652 30.9309      1.0267       1.0267    0.9691            1
2020 09 21 30.2774 30.9646 30.6290      0.7276       0.7276    0.9519            1
2020 09 22 30.5797 31.2680 30.9310      1.0324       1.0324    0.9348            1
2020 09 23 30.2669 30.9563 30.6180      0.7221       0.7221    0.9178            1
2020 09 24 30.5802 31.2707 30.9310      1.0379       1.0379    0.9010            1
2020 09 25 30.2563 30.9480 30.6069      0.7166       0.7166    0.8844            1
2020 09 26 30.5806 31.2735 30.9310      1.0434       1.0434    0.8678            1
2020 09 27 30.2459 30.9400 30.5962      0.7113       0.7113    0.8515            1
2020 09 28 30.5807 31.2760 30.9308      1.0487       1.0487    0.8352            1
2020 09 29 30.2355 30.9322 30.5856      0.7062       0.7062    0.8192            1
2020 09 30 30.5805 31.2785 30.9305      1.0538       1.0538    0.8033            1
2020 10 01 30.2252 30.9245 30.5752      0.7012       0.7012    0.7875            1
2020 10 02 30.5801 31.2808 30.9301      1.0588       1.0588    0.7719            1
2020 10 03 30.2151 30.9172 30.5652      0.6965       0.6965    0.7565            1
2020 10 04 30.5794 31.2830 30.9295      1.0635       1.0635    0.7413            1
2020 10 05 30.2051 30.9101 30.5553      0.6919       0.6919    0.7262            1
2020 10 06 30.5786 31.2851 30.9289      1.0681       1.0681    0.7113            1
2020 10 07 30.1954 30.9034 30.5459      0.6877       0.6877    0.6966            1
2020 10 08 30.5773 31.2868 30.9279      1.0723       1.0723    0.6820            1
2020 10 09 30.1859 30.8970 30.5367      0.6837       0.6837    0.6676            1
2020 10 10 30.5757 31.2884 30.9268      1.0763       1.0763    0.6535            1
2020 10 11 30.1766 30.8909 30.5280      0.6800       0.6800    0.6394            1
2020 10 12 30.5738 31.2898 30.9254      1.0800       1.0800    0.6256            1
2020 10 13 30.1676 30.8853 30.5196      0.6766       0.6766    0.6120            1
2020 10 14 30.5716 31.2909 30.9239      1.0834       1.0834    0.5985            1
2020 10 15 30.1589 30.8799 30.5116      0.6735       0.6735    0.5852            1
2020 10 16 30.5691 31.2919 30.9221      1.0865       1.0865    0.5722            1
2020 10 17 30.1505 30.8751 30.5041      0.6708       0.6708    0.5593            1
2020 10 18 30.5661 31.2924 30.9201      1.0892       1.0892    0.5465            1
2020 10 19 30.1426 30.8707 30.4970      0.6685       0.6685    0.5340            1
2020 10 20 30.5627 31.2927 30.9177      1.0915       1.0915    0.5217            1
2020 10 21 30.1349 30.8667 30.4904      0.6665       0.6665    0.5096            1
2020 10 22 30.5591 31.2928 30.9152      1.0935       1.0935    0.4976            1
2020 10 23 30.1277 30.8633 30.4845      0.6650       0.6650    0.4858            1
2020 10 24 30.5549 31.2924 30.9123      1.0950       1.0950    0.4743            1
2020 10 25 30.1210 30.8604 30.4790      0.6639       0.6639    0.4629            1
2020 10 26 30.5503 31.2917 30.9090      1.0961       1.0961    0.4517            1
2020 10 27 30.1146 30.8579 30.4740      0.6632       0.6632    0.4407            1
2020 10 28 30.5454 31.2907 30.9055      1.0968       1.0968    0.4298            1
2020 10 29 30.1088 30.8561 30.4697      0.6630       0.6630    0.4192            1
2020 10 30 30.5400 31.2893 30.9017      1.0970       1.0970    0.4088            1
2020 10 31 30.1034 30.8547 30.4659      0.6632       0.6632    0.3985            1
2020 11 01 30.5342 31.2876 30.8976      1.0968       1.0968    0.3884            1
2020 11 02 30.0985 30.8539 30.4627      0.6639       0.6639    0.3785            1
2020 11 03 30.5279 31.2854 30.8931      1.0961       1.0961    0.3688            1
2020 11 04 30.0941 30.8537 30.4602      0.6651       0.6651    0.3593            1
2020 11 05 30.5212 31.2829 30.8882      1.0949       1.0949    0.3499            1
2020 11 06 30.0902 30.8540 30.4583      0.6667       0.6667    0.3408            1
2020 11 07 30.5141 31.2800 30.8831      1.0933       1.0933    0.3318            1
2020 11 08 30.0869 30.8549 30.4569      0.6688       0.6688    0.3230            1
2020 11 09 30.5066 31.2768 30.8777      1.0912       1.0912    0.3143            1
2020 11 10 30.0841 30.8564 30.4563      0.6714       0.6714    0.3059            1
2020 11 11 30.4987 31.2731 30.8719      1.0886       1.0886    0.2976            1
2020 11 12 30.0819 30.8585 30.4562      0.6745       0.6745    0.2894            1
2020 11 13 30.4903 31.2691 30.8657      1.0855       1.0855    0.2815            1
2020 11 14 30.0803 30.8612 30.4569      0.6781       0.6781    0.2737            1
2020 11 15 30.4815 31.2646 30.8593      1.0819       1.0819    0.2661            1
2020 11 16 30.0792 30.8645 30.4582      0.6822       0.6822    0.2586            1
2020 11 17 30.4723 31.2598 30.8525      1.0778       1.0778    0.2513            1
2020 11 18 30.0786 30.8683 30.4601      0.6867       0.6867    0.2442            1
2020 11 19 30.4627 31.2546 30.8454      1.0733       1.0733    0.2372            1
2020 11 20 30.0787 30.8728 30.4627      0.6918       0.6918    0.2304            1
2020 11 21 30.4527 31.2490 30.8380      1.0682       1.0682    0.2237            1
2020 11 22 30.0792 30.8777 30.4658      0.6972       0.6972    0.2172            1
2020 11 23 30.4424 31.2431 30.8304      1.0628       1.0628    0.2108            1
2020 11 24 30.0804 30.8833 30.4697      0.7032       0.7032    0.2046            1
2020 11 25 30.4317 31.2368 30.8224      1.0568       1.0568    0.1986            1
2020 11 26 30.0822 30.8894 30.4742      0.7096       0.7096    0.1926            1
2020 11 27 30.4207 31.2301 30.8141      1.0504       1.0504    0.1868            1
2020 11 28 30.0844 30.8960 30.4793      0.7164       0.7164    0.1812            1
2020 11 29 30.4093 31.2232 30.8057      1.0436       1.0436    0.1757            1
2020 11 30 30.0872 30.9032 30.4850      0.7237       0.7237    0.1703            1
2020 12 01 30.3977 31.2158 30.7969      1.0363       1.0363    0.1651            1
2020 12 02 30.0905 30.9109 30.4912      0.7313       0.7313    0.1600            1
2020 12 03 30.3858 31.2083 30.7880      1.0287       1.0287    0.1550            1
2020 12 04 30.0944 30.9191 30.4982      0.7394       0.7394    0.1501            1
2020 12 05 30.3735 31.2004 30.7788      1.0206       1.0206    0.1454            1
2020 12 06 30.0987 30.9277 30.5056      0.7478       0.7478    0.1408            1
2020 12 07 30.3611 31.1923 30.7695      1.0122       1.0122    0.1363            1
2020 12 08 30.1035 30.9368 30.5134      0.7565       0.7565    0.1320            1
2020 12 09 30.3486 31.1840 30.7601      1.0035       1.0035    0.1277            1
2020 12 10 30.1088 30.9463 30.5219      0.7656       0.7656    0.1236            1
2020 12 11 30.3358 31.1753 30.7505      0.9944       0.9944    0.1195            1
2020 12 12 30.1146 30.9562 30.5309      0.7750       0.7750    0.1156            1
2020 12 13 30.3228 31.1665 30.7407      0.9850       0.9850    0.1118            1
2020 12 14 30.1208 30.9666 30.5404      0.7847       0.7847    0.1081            1
2020 12 15 30.3097 31.1575 30.7309      0.9753       0.9753    0.1045            1
2020 12 16 30.1273 30.9772 30.5502      0.7946       0.7946    0.1010            1
2020 12 17 30.2965 31.1484 30.7211      0.9654       0.9654    0.0976            1
2020 12 18 30.1344 30.9883 30.5605      0.8048       0.8048    0.0943            1
2020 12 19 30.2832 31.1391 30.7111      0.9552       0.9552    0.0911            1
2020 12 20 30.1416 30.9995 30.5712      0.8151       0.8151    0.0880            1
2020 12 21 30.2700 31.1298 30.7012      0.9449       0.9449    0.0850            1
2020 12 22 30.1494 31.0111 30.5823      0.8257       0.8257    0.0820            1
2020 12 23 30.2566 31.1203 30.6912      0.9343       0.9343    0.0792            1
2020 12 24 30.1574 31.0230 30.5937      0.8364       0.8364    0.0764            1
2020 12 25 30.2433 31.1108 30.6814      0.9236       0.9236    0.0737            1
2020 12 26 30.1657 31.0350 30.6054      0.8472       0.8472    0.0711            1
2020 12 27 30.2301 31.1013 30.6716      0.9128       0.9128    0.0686            1
2020 12 28 30.1743 31.0472 30.6174      0.8581       0.8581    0.0661            1
2020 12 29 30.2170 31.0917 30.6618      0.9019       0.9019    0.0638            1
2020 12 30 30.1830 31.0596 30.6296      0.8690       0.8690    0.0615            1
2020 12 31 30.2040 31.0823 30.6523      0.8910       0.8910    0.0593            1
2021 01 01 30.1719 31.0519 30.6219      0.8600       0.8600    0.1366            1
2021 01 02 30.1710 31.0527 30.6227      0.8600       0.8600    0.1409            1
2021 01 03 30.1811 31.0645 30.6346      0.8710       0.8710    0.1454            1
2021 01 04 30.1583 31.0433 30.6134      0.8490       0.8490    0.1499            1
2021 01 05 30.1905 31.0772 30.6474      0.8820       0.8820    0.1546            1
2021 01 06 30.1458 31.0341 30.6044      0.8380       0.8380    0.1594            1
2021 01 07 30.2000 31.0898 30.6603      0.8929       0.8929    0.1643            1
2021 01 08 30.1335 31.0250 30.5955      0.8271       0.8271    0.1693            1
2021 01 09 30.2095 31.1025 30.6733      0.9037       0.9037    0.1745            1
2021 01 10 30.1216 31.0161 30.5870      0.8163       0.8163    0.1797            1
2021 01 11 30.2193 31.1152 30.6864      0.9145       0.9145    0.1851            1
2021 01 12 30.1098 31.0072 30.5787      0.8055       0.8055    0.1906            1
2021 01 13 30.2289 31.1277 30.6994      0.9250       0.9250    0.1963            1
2021 01 14 30.0986 30.9988 30.5708      0.7950       0.7950    0.2020            1
2021 01 15 30.2387 31.1402 30.7125      0.9354       0.9354    0.2080            1
2021 01 16 30.0876 30.9905 30.5632      0.7846       0.7846    0.2140            1
2021 01 17 30.2484 31.1526 30.7256      0.9456       0.9456    0.2202            1
2021 01 18 30.0771 30.9825 30.5559      0.7744       0.7744    0.2265            1
2021 01 19 30.2580 31.1647 30.7385      0.9555       0.9555    0.2329            1
2021 01 20 30.0670 30.9749 30.5491      0.7645       0.7645    0.2395            1
2021 01 21 30.2677 31.1767 30.7514      0.9652       0.9652    0.2462            1
2021 01 22 30.0573 30.9675 30.5427      0.7548       0.7548    0.2531            1
2021 01 23 30.2772 31.1885 30.7642      0.9746       0.9746    0.2601            1
2021 01 24 30.0481 30.9605 30.5367      0.7454       0.7454    0.2672            1
2021 01 25 30.2866 31.2000 30.7768      0.9837       0.9837    0.2745            1
2021 01 26 30.0395 30.9539 30.5312      0.7363       0.7363    0.2820            1
2021 01 27 30.2959 31.2113 30.7892      0.9925       0.9925    0.2896            1
2021 01 28 30.0313 30.9476 30.5261      0.7275       0.7275    0.2973            1
2021 01 29 30.3051 31.2223 30.8014      1.0009       1.0009    0.3052            1
2021 01 30 30.0237 30.9418 30.5216      0.7191       0.7191    0.3132            1
2021 01 31 30.3141 31.2330 30.8134      1.0090       1.0090    0.3214            1
2021 02 01 30.0166 30.9363 30.5175      0.7110       0.7110    0.3297            1
2021 02 02 30.3229 31.2434 30.8252      1.0167       1.0167    0.3382            1
2021 02 03 30.0101 30.9313 30.5139      0.7033       0.7033    0.3469            1
2021 02 04 30.3314 31.2533 30.8366      1.0239       1.0239    0.3557            1
2021 02 05 30.0043 30.9269 30.5109      0.6961       0.6961    0.3646            1
2021 02 06 30.3396 31.2628 30.8477      1.0307       1.0307    0.3737            1
2021 02 07 29.9990 30.9228 30.5085      0.6893       0.6893    0.3830            1
2021 02 08 30.3477 31.2720 30.8586      1.0371       1.0371    0.3924            1
2021 02 09 29.9944 30.9193 30.5066      0.6829       0.6829    0.4020            1
2021 02 10 30.3556 31.2809 30.8691      1.0431       1.0431    0.4117            1
2021 02 11 29.9904 30.9161 30.5052      0.6769       0.6769    0.4216            1
2021 02 12 30.3630 31.2892 30.8792      1.0485       1.0485    0.4317            1
2021 02 13 29.9871 30.9136 30.5045      0.6715       0.6715    0.4419            1
2021 02 14 30.3703 31.2972 30.8890      1.0536       1.0536    0.4522            1
2021 02 15 29.9843 30.9114 30.5043      0.6664       0.6664    0.4627            1
2021 02 16 30.3772 31.3046 30.8984      1.0581       1.0581    0.4734            1
2021 02 17 29.9823 30.9099 30.5047      0.6619       0.6619    0.4842            1
2021 02 18 30.3838 31.3116 30.9074      1.0621       1.0621    0.4952            1
2021 02 19 29.9810 30.9089 30.5057      0.6579       0.6579    0.5064            1
2021 02 20 30.3902 31.3182 30.9160      1.0657       1.0657    0.5177            1
2021 02 21 29.9802 30.9083 30.5072      0.6543       0.6543    0.5291            1
2021 02 22 30.3962 31.3243 30.9242      1.0688       1.0688    0.5407            1
2021 02 23 29.9801 30.9082 30.5092      0.6512       0.6512    0.5524            1
2021 02 24 30.4019 31.3299 30.9320      1.0714       1.0714    0.5643            1
2021 02 25 29.9807 30.9086 30.5119      0.6486       0.6486    0.5764            1
2021 02 26 30.4071 31.3349 30.9393      1.0734       1.0734    0.5885            1
2021 02 27 29.9820 30.9096 30.5152      0.6466       0.6466    0.6009            1
2021 02 28 30.4123 31.3397 30.9463      1.0751       1.0751    0.6134            1
2021 03 01 29.9838 30.9110 30.5188      0.6449       0.6449    0.6260            1
2021 03 02 30.4169 31.3438 30.9528      1.0762       1.0762    0.6387            1
2021 03 03 29.9864 30.9129 30.5231      0.6438       0.6438    0.6516            1
2021 03 04 30.4212 31.3474 30.9588      1.0768       1.0768    0.6646            1
2021 03 05 29.9896 30.9154 30.5280      0.6432       0.6432    0.6778            1
2021 03 06 30.4253 31.3507 30.9645      1.0770       1.0770    0.6911            1
2021 03 07 29.9933 30.9182 30.5333      0.6430       0.6430    0.7045            1
2021 03 08 30.4290 31.3534 30.9697      1.0767       1.0767    0.7181            1
2021 03 09 29.9977 30.9215 30.5391      0.6433       0.6433    0.7317            1
2021 03 10 30.4325 31.3557 30.9746      1.0760       1.0760    0.7455            1
2021 03 11 30.0026 30.9252 30.5453      0.6440       0.6440    0.7594            1
2021 03 12 30.4356 31.3576 30.9790      1.0749       1.0749    0.7735            1
2021 03 13 30.0080 30.9293 30.5520      0.6451       0.6451    0.7876            1
2021 03 14 30.4385 31.3590 30.9830      1.0733       1.0733    0.8018            1
2021 03 15 30.0141 30.9339 30.5592      0.6467       0.6467    0.8162            1
2021 03 16 30.4410 31.3600 30.9866      1.0713       1.0713    0.8306            1
2021 03 17 30.0207 30.9389 30.5668      0.6487       0.6487    0.8452            1
2021 03 18 30.4432 31.3606 30.9898      1.0689       1.0689    0.8598            1
2021 03 19 30.0278 30.9442 30.5748      0.6511       0.6511    0.8745            1
2021 03 20 30.4453 31.3608 30.9927      1.0662       1.0662    0.8894            1
2021 03 21 30.0353 30.9498 30.5831      0.6538       0.6538    0.9042            1
2021 03 22 30.4470 31.3606 30.9952      1.0631       1.0631    0.9192            1
2021 03 23 30.0433 30.9558 30.5918      0.6569       0.6569    0.9343            1
2021 03 24 30.4485 31.3599 30.9972      1.0596       1.0596    0.9494            1
2021 03 25 30.0518 30.9621 30.6008      0.6604       0.6604    0.9645            1
2021 03 26 30.4499 31.3590 30.9991      1.0559       1.0559    0.9798            1
2021 03 27 30.0606 30.9686 30.6100      0.6641       0.6641    0.9951            1
2021 03 28 30.4509 31.3577 31.0005      1.0518       1.0518    1.0104            2
2021 03 29 30.0699 30.9755 30.6196      0.6682       0.6682    1.0258            2
2021 03 30 30.4518 31.3561 31.0017      1.0475       1.0475    1.0412            2
2021 03 31 30.0795 30.9825 30.6294      0.6725       0.6725    1.0566            2
2021 04 01 30.4526 31.3543 31.0026      1.0430       1.0430    1.0721            2
2021 04 02 30.0893 30.9896 30.6393      0.6770       0.6770    1.0876            2
2021 04 03 30.4532 31.3521 31.0032      1.0382       1.0382    1.1031            2
2021 04 04 30.0995 30.9970 30.6494      0.6818       0.6818    1.1187            2
2021 04 05 30.4536 31.3497 31.0035      1.0332       1.0332    1.1342            2
2021 04 06 30.1100 31.0046 30.6597      0.6868       0.6868    1.1497            2
2021 04 07 30.4539 31.3470 31.0036      1.0280       1.0280    1.1653            2
2021 04 08 30.1207 31.0123 30.6702      0.6920       0.6920    1.1808            2
2021 04 09 30.4541 31.3442 31.0035      1.0227       1.0227    1.1963            2
2021 04 10 30.1315 31.0200 30.6806      0.6973       0.6973    1.2118            2
2021 04 11 30.4542 31.3411 31.0031      1.0172       1.0172    1.2272            2
2021 04 12 30.1426 31.0279 30.6912      0.7028       0.7028    1.2426            2
2021 04 13 30.4542 31.3378 31.0025      1.0116       1.0116    1.2580            2
2021 04 14 30.1539 31.0358 30.7018      0.7084       0.7084    1.2733            2
2021 04 15 30.4542 31.3344 31.0018      1.0059       1.0059    1.2886            2
2021 04 16 30.1652 31.0437 30.7124      0.7141       0.7141    1.3038            2
2021 04 17 30.4542 31.3309 31.0010      1.0002       1.0002    1.3189            2
2021 04 18 30.1766 31.0515 30.7230      0.7198       0.7198    1.3340            2
2021 04 19 30.4541 31.3272 30.9999      0.9944       0.9944    1.3490            2
2021 04 20 30.1881 31.0594 30.7335      0.7256       0.7256    1.3638            2
2021 04 21 30.4540 31.3234 30.9988      0.9886       0.9886    1.3786            2
2021 04 22 30.1996 31.0672 30.7439      0.7314       0.7314    1.3933            2
2021 04 23 30.4539 31.3196 30.9975      0.9828       0.9828    1.4079            2
2021 04 24 30.2111 31.0749 30.7542      0.7372       0.7372    1.4224            2
2021 04 25 30.4538 31.3156 30.9962      0.9770       0.9770    1.4367            2
2021 04 26 30.2226 31.0826 30.7644      0.7430       0.7430    1.4510            2
2021 04 27 30.4536 31.3116 30.9947      0.9712       0.9712    1.4651            2
2021 04 28 30.2341 31.0901 30.7744      0.7488       0.7488    1.4790            2
2021 04 29 30.4536 31.3076 30.9932      0.9655       0.9655    1.4928            2
2021 04 30 30.2454 31.0975 30.7842      0.7545       0.7545    1.5065            2
2021 05 01 30.4537 31.3037 30.9917      0.9599       0.9599    1.5199            2
2021 05 02 30.2567 31.1046 30.7938      0.7601       0.7601    1.5333            2
2021 05 03 30.4537 31.2996 30.9900      0.9543       0.9543    1.5464            2
2021 05 04 30.2679 31.1117 30.8033      0.7657       0.7657    1.5594            2
2021 05 05 30.4539 31.2956 30.9884      0.9489       0.9489    1.5722            2
2021 05 06 30.2788 31.1185 30.8124      0.7711       0.7711    1.5848            2
2021 05 07 30.4541 31.2917 30.9867      0.9436       0.9436    1.5971            2
2021 05 08 30.2896 31.1251 30.8213      0.7764       0.7764    1.6093            2
2021 05 09 30.4544 31.2877 30.9850      0.9384       0.9384    1.6213            2
2021 05 10 30.3003 31.1315 30.8299      0.7816       0.7816    1.6331            2
2021 05 11 30.4548 31.2839 30.9834      0.9334       0.9334    1.6446            2
2021 05 12 30.3107 31.1376 30.8382      0.7866       0.7866    1.6559            2
2021 05 13 30.4553 31.2800 30.9817      0.9285       0.9285    1.6670            2
2021 05 14 30.3209 31.1435 30.8462      0.7915       0.7915    1.6778            2
2021 05 15 30.4559 31.2763 30.9800      0.9238       0.9238    1.6884            2
2021 05 16 30.3309 31.1491 30.8538      0.7962       0.7962    1.6987            2
2021 05 17 30.4565 31.2726 30.9783      0.9192       0.9192    1.7088            2
2021 05 18 30.3407 31.1545 30.8612      0.8008       0.8008    1.7186            2
2021 05 19 30.4572 31.2689 30.9766      0.9148       0.9148    1.7281            2
2021 05 20 30.3502 31.1596 30.8682      0.8052       0.8052    1.7374            2
2021 05 21 30.4582 31.2655 30.9750      0.9107       0.9107    1.7464            2
2021 05 22 30.3593 31.1644 30.8748      0.8093       0.8093    1.7551            2
2021 05 23 30.4591 31.2620 30.9733      0.9067       0.9067    1.7635            2
2021 05 24 30.3682 31.1689 30.8811      0.8133       0.8133    1.7716            2
2021 05 25 30.4601 31.2586 30.9716      0.9028       0.9028    1.7795            2
2021 05 26 30.3769 31.1731 30.8870      0.8172       0.8172    1.7870            2
2021 05 27 30.4612 31.2553 30.9700      0.8992       0.8992    1.7942            2
2021 05 28 30.3852 31.1770 30.8926      0.8208       0.8208    1.8011            2
2021 05 29 30.4625 31.2521 30.9684      0.8958       0.8958    1.8077            2
2021 05 30 30.3932 31.1806 30.8977      0.8242       0.8242    1.8140            2
2021 05 31 30.4638 31.2491 30.9669      0.8926       0.8926    1.8200            2
2021 06 01 30.4008 31.1839 30.9024      0.8274       0.8274    1.8256            2
2021 06 02 30.4651 31.2460 30.9652      0.8895       0.8895    1.8309            2
2021 06 03 30.4083 31.1870 30.9069      0.8305       0.8305    1.8359            2
2021 06 04 30.4665 31.2430 30.9636      0.8866       0.8866    1.8406            2
2021 06 05 30.4154 31.1898 30.9110      0.8334       0.8334    1.8449            2
2021 06 06 30.4679 31.2402 30.9620      0.8839       0.8839    1.8489            2
2021 06 07 30.4221 31.1922 30.9146      0.8361       0.8361    1.8525            2
2021 06 08 30.4694 31.2374 30.9604      0.8814       0.8814    1.8558            2
2021 06 09 30.4286 31.1944 30.9179      0.8386       0.8386    1.8588            2
2021 06 10 30.4709 31.2346 30.9587      0.8790       0.8790    1.8614            2
2021 06 11 30.4348 31.1964 30.9209      0.8410       0.8410    1.8637            2
2021 06 12 30.4724 31.2319 30.9570      0.8768       0.8768    1.8656            2
2021 06 13 30.4406 31.1980 30.9235      0.8432       0.8432    1.8672            2
2021 06 14 30.4739 31.2292 30.9552      0.8747       0.8747    1.8684            2
2021 06 15 30.4462 31.1995 30.9259      0.8453       0.8453    1.8693            2
2021 06 16 30.4754 31.2266 30.9534      0.8728       0.8728    1.8698            2
2021 06 17 30.4514 31.2006 30.9278      0.8472       0.8472    1.8700            2
2021 06 18 30.4768 31.2240 30.9515      0.8710       0.8710    1.8698            2
2021 06 19 30.4564 31.2016 30.9294      0.8490       0.8490    1.8693            2
2021 06 20 30.4781 31.2213 30.9495      0.8692       0.8692    1.8684            2
2021 06 21 30.4612 31.2024 30.9309      0.8508       0.8508    1.8672            2
2021 06 22 30.4794 31.2187 30.9474      0.8676       0.8676    1.8656            2
2021 06 23 30.4656 31.2030 30.9319      0.8524       0.8524    1.8637            2
2021 06 24 30.4807 31.2161 30.9453      0.8661       0.8661    1.8614            2
2021 06 25 30.4698 31.2033 30.9327      0.8539       0.8539    1.8588            2
2021 06 26 30.4818 31.2134 30.9429      0.8646       0.8646    1.8558            2
2021 06 27 30.4738 31.2036 30.9332      0.8554       0.8554    1.8525            2
2021 06 28 30.4826 31.2106 30.9404      0.8631       0.8631    1.8489            2
2021 06 29 30.4776 31.2037 30.9336      0.8569       0.8569    1.8449            2
2021 06 30 30.4835 31.2078 30.9378      0.8617       0.8617    1.8406            2
2021 07 01 30.4811 31.2037 30.9337      0.8583       0.8583    1.8359            2
2021 07 02 30.4841 31.2050 30.9350      0.8603       0.8603    1.8309            2
2021 07 03 30.4845 31.2036 30.9336      0.8597       0.8597    1.8256            2
2021 07 04 30.4847 31.2021 30.9321      0.8590       0.8590    1.8200            2
2021 07 05 30.4875 31.2033 30.9332      0.8610       0.8610    1.8140            2
2021 07 06 30.4849 31.1990 30.9289      0.8576       0.8576    1.8077            2
2021 07 07 30.4905 31.2030 30.9327      0.8624       0.8624    1.8011            2
2021 07 08 30.4850 31.1959 30.9255      0.8562       0.8562    1.7942            2
2021 07 09 30.4933 31.2026 30.9321      0.8638       0.8638    1.7870            2
2021 07 10 30.4848 31.1926 30.9219      0.8547       0.8547    1.7795            2
2021 07 11 30.4960 31.2022 30.9314      0.8653       0.8653    1.7716            2
2021 07 12 30.4844 31.1892 30.9181      0.8532       0.8532    1.7635            2
2021 07 13 30.4985 31.2018 30.9305      0.8668       0.8668    1.7551            2
2021 07 14 30.4837 31.1856 30.9140      0.8516       0.8516    1.7464            2
2021 07 15 30.5009 31.2013 30.9295      0.8684       0.8684    1.7374            2
2021 07 16 30.4827 31.1818 30.9097      0.8499       0.8499    1.7281            2
2021 07 17 30.5032 31.2009 30.9285      0.8701       0.8701    1.7186            2
2021 07 18 30.4814 31.1779 30.9050      0.8481       0.8481    1.7088            2
2021 07 19 30.5054 31.2006 30.9274      0.8719       0.8719    1.6987            2
2021 07 20 30.4799 31.1738 30.9002      0.8463       0.8463    1.6884            2
2021 07 21 30.5074 31.2001 30.9261      0.8737       0.8737    1.6778            2
2021 07 22 30.4779 31.1695 30.8950      0.8442       0.8442    1.6670            2
2021 07 23 30.5095 31.1999 30.9250      0.8758       0.8758    1.6559            2
2021 07 24 30.4758 31.1650 30.8896      0.8421       0.8421    1.6446            2
2021 07 25 30.5114 31.1996 30.9237      0.8779       0.8779    1.6331            2
2021 07 26 30.4732 31.1603 30.8838      0.8398       0.8398    1.6213            2
2021 07 27 30.5134 31.1994 30.9224      0.8802       0.8802    1.6093            2
2021 07 28 30.4703 31.1554 30.8778      0.8374       0.8374    1.5971            2
2021 07 29 30.5152 31.1993 30.9211      0.8826       0.8826    1.5848            2
2021 07 30 30.4669 31.1502 30.8714      0.8347       0.8347    1.5722            2
2021 07 31 30.5171 31.1995 30.9200      0.8853       0.8853    1.5594            2
2021 08 01 30.4634 31.1449 30.8648      0.8320       0.8320    1.5464            2
2021 08 02 30.5189 31.1995 30.9188      0.8880       0.8880    1.5333            2
2021 08 03 30.4593 31.1392 30.8577      0.8290       0.8290    1.5199            2
2021 08 04 30.5207 31.1999 30.9177      0.8910       0.8910    1.5065            2
2021 08 05 30.4549 31.1333 30.8504      0.8258       0.8258    1.4928            2
2021 08 06 30.5226 31.2003 30.9166      0.8942       0.8942    1.4790            2
2021 08 07 30.4502 31.1273 30.8428      0.8225       0.8225    1.4651            2
2021 08 08 30.5244 31.2009 30.9156      0.8975       0.8975    1.4510            2
2021 08 09 30.4450 31.1210 30.8349      0.8190       0.8190    1.4367            2
2021 08 10 30.5261 31.2016 30.9146      0.9010       0.9010    1.4224            2
2021 08 11 30.4395 31.1144 30.8266      0.8153       0.8153    1.4079            2
2021 08 12 30.5279 31.2024 30.9137      0.9047       0.9047    1.3933            2
2021 08 13 30.4336 31.1077 30.8181      0.8114       0.8114    1.3786            2
2021 08 14 30.5298 31.2034 30.9129      0.9086       0.9086    1.3638            2
2021 08 15 30.4273 31.1007 30.8093      0.8073       0.8073    1.3490            2
2021 08 16 30.5316 31.2046 30.9123      0.9127       0.9127    1.3340            2
2021 08 17 30.4207 31.0934 30.8001      0.8030       0.8030    1.3189            2
2021 08 18 30.5334 31.2060 30.9117      0.9170       0.9170    1.3038            2
2021 08 19 30.4136 31.0860 30.7907      0.7985       0.7985    1.2886            2
2021 08 20 30.5353 31.2075 30.9112      0.9215       0.9215    1.2733            2
2021 08 21 30.4063 31.0784 30.7811      0.7939       0.7939    1.2580            2
2021 08 22 30.5371 31.2091 30.9107      0.9261       0.9261    1.2426            2
2021 08 23 30.3986 31.0706 30.7712      0.7891       0.7891    1.2272            2
2021 08 24 30.5389 31.2109 30.9104      0.9309       0.9309    1.2118            2
2021 08 25 30.3906 31.0626 30.7610      0.7841       0.7841    1.1963            2
2021 08 26 30.5408 31.2129 30.9102      0.9359       0.9359    1.1808            2
2021 08 27 30.3823 31.0544 30.7506      0.7790       0.7790    1.1653            2
2021 08 28 30.5426 31.2149 30.9100      0.9410       0.9410    1.1497            2
2021 08 29 30.3737 31.0462 30.7401      0.7738       0.7738    1.1342            2
2021 08 30 30.5444 31.2171 30.9098      0.9462       0.9462    1.1187            2
2021 08 31 30.3648 31.0378 30.7293      0.7684       0.7684    1.1031            2
2021 09 01 30.5462 31.2194 30.9098      0.9516       0.9516    1.0876            2
2021 09 02 30.3556 31.0292 30.7184      0.7629       0.7629    1.0721            2
2021 09 03 30.5479 31.2219 30.9099      0.9571       0.9571    1.0566            2
2021 09 04 30.3462 31.0206 30.7074      0.7573       0.7573    1.0412            2
2021 09 05 30.5496 31.2245 30.9100      0.9627       0.9627    1.0258            2
2021 09 06 30.3365 31.0118 30.6962      0.7516       0.7516    1.0104            2
2021 09 07 30.5513 31.2271 30.9102      0.9684       0.9684    0.9951            1
2021 09 08 30.3267 31.0031 30.6849      0.7459       0.7459    0.9798            1
2021 09 09 30.5528 31.2298 30.9103      0.9741       0.9741    0.9645            1
2021 09 10 30.3166 30.9943 30.6736      0.7401       0.7401    0.9494            1
2021 09 11 30.5543 31.2326 30.9106      0.9799       0.9799    0.9343            1
2021 09 12 30.3065 30.9855 30.6622      0.7343       0.7343    0.9192            1
2021 09 13 30.5556 31.2354 30.9108      0.9857       0.9857    0.9042            1
2021 09 14 30.2962 30.9767 30.6508      0.7285       0.7285    0.8894            1
2021 09 15 30.5569 31.2382 30.9110      0.9915       0.9915    0.8745            1
2021 09 16 30.2857 30.9680 30.6394      0.7227       0.7227    0.8598            1
2021 09 17 30.5580 31.2411 30.9112      0.9973       0.9973    0.8452            1
2021 09 18 30.2752 30.9592 30.6280      0.7169       0.7169    0.8306            1
2021 09 19 30.5590 31.2440 30.9114      1.0031       1.0031    0.8162            1
2021 09 20 30.2647 30.9507 30.6167      0.7112       0.7112    0.8018            1
2021 09 21 30.5598 31.2468 30.9115      1.0088       1.0088    0.7876            1
2021 09 22 30.2542 30.9422 30.6056      0.7056       0.7056    0.7735            1
2021 09 23 30.5604 31.2496 30.9116      1.0144       1.0144    0.7594            1
2021 09 24 30.2436 30.9339 30.5945      0.7001       0.7001    0.7455            1
2021 09 25 30.5609 31.2523 30.9115      1.0199       1.0199    0.7317            1
2021 09 26 30.2330 30.9256 30.5835      0.6946       0.6946    0.7181            1
2021 09 27 30.5612 31.2550 30.9115      1.0254       1.0254    0.7045            1
2021 09 28 30.2226 30.9176 30.5728      0.6894       0.6894    0.6911            1
2021 09 29 30.5612 31.2575 30.9113      1.0306       1.0306    0.6778            1
2021 09 30 30.2122 30.9098 30.5623      0.6843       0.6843    0.6646            1
2021 10 01 30.5609 31.2599 30.9110      1.0357       1.0357    0.6516            1
2021 10 02 30.2020 30.9023 30.5520      0.6794       0.6794    0.6387            1
2021 10 03 30.5605 31.2622 30.9105      1.0406       1.0406    0.6260            1
2021 10 04 30.1918 30.8950 30.5419      0.6747       0.6747    0.6134            1
2021 10 05 30.5597 31.2643 30.9099      1.0453       1.0453    0.6009            1
2021 10 06 30.1820 30.8881 30.5322      0.6703       0.6703    0.5885            1
2021 10 07 30.5586 31.2662 30.9090      1.0497       1.0497    0.5764            1
2021 10 08 30.1722 30.8814 30.5228      0.6661       0.6661    0.5643            1
2021 10 09 30.5573 31.2680 30.9080      1.0539       1.0539    0.5524            1
2021 10 10 30.1628 30.8751 30.5138      0.6622       0.6622    0.5407            1
2021 10 11 30.5556 31.2695 30.9068      1.0578       1.0578    0.5291            1
2021 10 12 30.1536 30.8692 30.5051      0.6586       0.6586    0.5177            1
2021 10 13 30.5535 31.2708 30.9054      1.0614       1.0614    0.5064            1
2021 10 14 30.1446 30.8636 30.4968      0.6553       0.6553    0.4952            1
2021 10 15 30.5512 31.2719 30.9038      1.0647       1.0647    0.4842            1
2021 10 16 30.1361 30.8585 30.4890      0.6524       0.6524    0.4734            1
2021 10 17 30.5484 31.2726 30.9018      1.0676       1.0676    0.4627            1
2021 10 18 30.1278 30.8537 30.4817      0.6498       0.6498    0.4522            1
2021 10 19 30.5453 31.2731 30.8997      1.0702       1.0702    0.4419            1
2021 10 20 30.1200 30.8496 30.4749      0.6477       0.6477    0.4317            1
2021 10 21 30.5417 31.2732 30.8972      1.0723       1.0723    0.4216            1
2021 10 22 30.1125 30.8458 30.4685      0.6459       0.6459    0.4117            1
2021 10 23 30.5378 31.2731 30.8944      1.0741       1.0741    0.4020            1
2021 10 24 30.1054 30.8425 30.4626      0.6445       0.6445    0.3924            1
2021 10 25 30.5335 31.2726 30.8914      1.0755       1.0755    0.3830            1
2021 10 26 30.0988 30.8398 30.4574      0.6436       0.6436    0.3737            1
2021 10 27 30.5287 31.2717 30.8880      1.0764       1.0764    0.3646            1
2021 10 28 30.0926 30.8376 30.4526      0.6431       0.6431    0.3557            1
2021 10 29 30.5236 31.2705 30.8844      1.0769       1.0769    0.3469            1
2021 10 30 30.0868 30.8358 30.4484      0.6430       0.6430    0.3382            1
2021 10 31 30.5180 31.2690 30.8804      1.0770       1.0770    0.3297            1
2021 11 01 30.0816 30.8347 30.4449      0.6434       0.6434    0.3214            1
2021 11 02 30.5120 31.2671 30.8761      1.0766       1.0766    0.3132            1
2021 11 03 30.0769 30.8341 30.4420      0.6443       0.6443    0.3052            1
2021 11 04 30.5056 31.2648 30.8715      1.0757       1.0757    0.2973            1
2021 11 05 30.0728 30.8341 30.4397      0.6457       0.6457    0.2896            1
2021 11 06 30.4986 31.2621 30.8665      1.0743       1.0743    0.2820            1
2021 11 07 30.0691 30.8347 30.4379      0.6475       0.6475    0.2745            1
2021 11 08 30.4914 31.2591 30.8612      1.0725       1.0725    0.2672            1
2021 11 09 30.0660 30.8359 30.4369      0.6499       0.6499    0.2601            1
2021 11 10 30.4835 31.2555 30.8555      1.0701       1.0701    0.2531            1
2021 11 11 30.0635 30.8376 30.4365      0.6527       0.6527    0.2462            1
2021 11 12 30.4754 31.2517 30.8496      1.0673       1.0673    0.2395            1
2021 11 13 30.0614 30.8399 30.4367      0.6560       0.6560    0.2329            1
2021 11 14 30.4668 31.2475 30.8433      1.0640       1.0640    0.2265            1
2021 11 15 30.0600 30.8429 30.4376      0.6598       0.6598    0.2202            1
2021 11 16 30.4578 31.2428 30.8366      1.0602       1.0602    0.2140            1
2021 11 17 30.0591 30.8464 30.4392      0.6641       0.6641    0.2080            1
2021 11 18 30.4484 31.2378 30.8297      1.0559       1.0559    0.2020            1
2021 11 19 30.0589 30.8505 30.4414      0.6689       0.6689    0.1963            1
2021 11 20 30.4386 31.2324 30.8224      1.0511       1.0511    0.1906            1
2021 11 21 30.0591 30.8551 30.4442      0.6741       0.6741    0.1851            1
2021 11 22 30.4284 31.2267 30.8149      1.0459       1.0459    0.1797            1
2021 11 23 30.0599 30.8603 30.4477      0.6798       0.6798    0.1745            1
2021 11 24 30.4179 31.2205 30.8071      1.0402       1.0402    0.1693            1
2021 11 25 30.0613 30.8662 30.4519      0.6860       0.6860    0.1643            1
2021 11 26 30.4070 31.2140 30.7989      1.0340       1.0340    0.1594            1
2021 11 27 30.0633 30.8725 30.4566      0.6926       0.6926    0.1546            1
2021 11 28 30.3958 31.2072 30.7905      1.0274       1.0274    0.1499            1
2021 11 29 30.0658 30.8794 30.4620      0.6997       0.6997    0.1454            1
2021 11 30 30.3842 31.2000 30.7818      1.0203       1.0203    0.1409            1
2021 12 01 30.0688 30.8868 30.4679      0.7071       0.7071    0.1366            1
2021 12 02 30.3724 31.1926 30.7730      1.0129       1.0129    0.1324            1
2021 12 03 30.0724 30.8947 30.4745      0.7150       0.7150    0.1282            1
2021 12 04 30.3603 31.1848 30.7639      1.0050       1.0050    0.1242            1
2021 12 05 30.0764 30.9031 30.4816      0.7232       0.7232    0.1203            1
2021 12 06 30.3480 31.1768 30.7547      0.9968       0.9968    0.1165            1
2021 12 07 30.0810 30.9119 30.4892      0.7318       0.7318    0.1128            1
2021 12 08 30.3354 31.1685 30.7452      0.9882       0.9882    0.1092            1
2021 12 09 30.0861 30.9213 30.4975      0.7408       0.7408    0.1057            1
2021 12 10 30.3226 31.1599 30.7356      0.9792       0.9792    0.1022            1
2021 12 11 30.0915 30.9310 30.5061      0.7500       0.7500    0.0989            1
2021 12 12 30.3097 31.1512 30.7259      0.9700       0.9700    0.0957            1
2021 12 13 30.0975 30.9411 30.5154      0.7596       0.7596    0.0925            1
2021 12 14 30.2966 31.1423 30.7161      0.9604       0.9604    0.0895            1
2021 12 15 30.1039 30.9516 30.5250      0.7694       0.7694    0.0865            1
2021 12 16 30.2834 31.1332 30.7062      0.9506       0.9506    0.0836            1
2021 12 17 30.1107 30.9625 30.5351      0.7795       0.7795    0.0808            1
2021 12 18 30.2701 31.1239 30.6962      0.9405       0.9405    0.0780            1
2021 12 19 30.1178 30.9737 30.5457      0.7898       0.7898    0.0754            1
2021 12 20 30.2567 31.1145 30.6862      0.9302       0.9302    0.0728            1
2021 12 21 30.1253 30.9850 30.5565      0.8002       0.8002    0.0703            1
2021 12 22 30.2435 31.1052 30.6763      0.9198       0.9198    0.0679            1
2021 12 23 30.1332 30.9968 30.5678      0.8109       0.8109    0.0655            1
2021 12 24 30.2301 31.0956 30.6663      0.9091       0.9091    0.0632            1
2021 12 25 30.1414 31.0088 30.5794      0.8217       0.8217    0.0610            1
2021 12 26 30.2167 31.0860 30.6564      0.8983       0.8983    0.0588            1
2021 12 27 30.1497 31.0208 30.5911      0.8325       0.8325    0.0568            1
2021 12 28 30.2036 31.0765 30.6467      0.8875       0.8875    0.0547            1
2021 12 29 30.1585 31.0332 30.6033      0.8435       0.8435    0.0528            1
2021 12 30 30.1904 31.0669 30.6370      0.8765       0.8765    0.0509            1
2021 12 31 30.1729 31.0512 30.6212      0.8600       0.8600    0.0490            1
2022 01 01 30.1619 31.0419 30.6119      0.8500       0.8500    0.1680            1
2022 01 02 30.1610 31.0427 30.6127      0.8500       0.8500    0.1733            1
2022 01 03 30.1711 31.0545 30.6246      0.8610       0.8610    0.1788            1
2022 01 04 30.1483 31.0333 30.6034      0.8390       0.8390    0.1844            1
2022 01 05 30.1805 31.0672 30.6374      0.8720       0.8720    0.1901            1
2022 01 06 30.1358 31.0241 30.5944      0.8280       0.8280    0.1960            1
2022 01 07 30.1900 31.0798 30.6503      0.8829       0.8829    0.2021            1
2022 01 08 30.1235 31.0150 30.5855      0.8171       0.8171    0.2082            1
2022 01 09 30.1995 31.0925 30.6633      0.8937       0.8937    0.2146            1
2022 01 10 30.1116 31.0061 30.5770      0.8063       0.8063    0.2210            1
2022 01 11 30.2093 31.1052 30.6764      0.9045       0.9045    0.2277            1
2022 01 12 30.0998 30.9972 30.5687      0.7955       0.7955    0.2345            1
2022 01 13 30.2189 31.1177 30.6894      0.9150       0.9150    0.2414            1
2022 01 14 30.0886 30.9888 30.5608      0.7850       0.7850    0.2485            1
2022 01 15 30.2287 31.1302 30.7025      0.9254       0.9254    0.2558            1
2022 01 16 30.0776 30.9805 30.5532      0.7746       0.7746    0.2632            1
2022 01 17 30.2384 31.1426 30.7156      0.9356       0.9356    0.2708            1
2022 01 18 30.0671 30.9725 30.5459      0.7644       0.7644    0.2785            1
2022 01 19 30.2480 31.1547 30.7285      0.9455       0.9455    0.2865            1
2022 01 20 30.0570 30.9649 30.5391      0.7545       0.7545    0.2946            1
2022 01 21 30.2577 31.1667 30.7414      0.9552       0.9552    0.3028            1
2022 01 22 30.0473 30.9575 30.5327      0.7448       0.7448    0.3113            1
2022 01 23 30.2672 31.1785 30.7542      0.9646       0.9646    0.3199            1
2022 01 24 30.0381 30.9505 30.5267      0.7354       0.7354    0.3287            1
2022 01 25 30.2766 31.1900 30.7668      0.9737       0.9737    0.3377            1
2022 01 26 30.0295 30.9439 30.5212      0.7263       0.7263    0.3468            1
2022 01 27 30.2859 31.2013 30.7792      0.9825       0.9825    0.3561            1
2022 01 28 30.0213 30.9376 30.5161      0.7175       0.7175    0.3656            1
2022 01 29 30.2951 31.2123 30.7914      0.9909       0.9909    0.3753            1
2022 01 30 30.0137 30.9318 30.5116      0.7091       0.7091    0.3852            1
2022 01 31 30.3041 31.2230 30.8034      0.9990       0.9990    0.3953            1
2022 02 01 30.0066 30.9263 30.5075      0.7010       0.7010    0.4056            1
2022 02 02 30.3129 31.2334 30.8152      1.0067       1.0067    0.4160            1
2022 02 03 30.0001 30.9213 30.5039      0.6933       0.6933    0.4266            1
2022 02 04 30.3214 31.2433 30.8266      1.0139       1.0139    0.4375            1
2022 02 05 29.9943 30.9169 30.5009      0.6861       0.6861    0.4485            1
2022 02 06 30.3296 31.2528 30.8377      1.0207       1.0207    0.4597            1
2022 02 07 29.9890 30.9128 30.4985      0.6793       0.6793    0.4711            1
2022 02 08 30.3377 31.2620 30.8486      1.0271       1.0271    0.4827            1
2022 02 09 29.9844 30.9093 30.4966      0.6729       0.6729    0.4944            1
2022 02 10 30.3456 31.2709 30.8591      1.0331       1.0331    0.5064            1
2022 02 11 29.9804 30.9061 30.4952      0.6669       0.6669    0.5186            1
2022 02 12 30.3530 31.2792 30.8692      1.0385       1.0385    0.5309            1
2022 02 13 29.9771 30.9036 30.4945      0.6615       0.6615    0.5435            1
2022 02 14 30.3603 31.2872 30.8790      1.0436       1.0436    0.5562            1
2022 02 15 29.9743 30.9014 30.4943      0.6564       0.6564    0.5692            1
2022 02 16 30.3672 31.2946 30.8884      1.0481       1.0481    0.5823            1
2022 02 17 29.9723 30.8999 30.4947      0.6519       0.6519    0.5956            1
2022 02 18 30.3738 31.3016 30.8974      1.0521       1.0521    0.6091            1
2022 02 19 29.9710 30.8989 30.4957      0.6479       0.6479    0.6228            1
2022 02 20 30.3802 31.3082 30.9060      1.0557       1.0557    0.6367            1
2022 02 21 29.9702 30.8983 30.4972      0.6443       0.6443    0.6508            1
2022 02 22 30.3862 31.3143 30.9142      1.0588       1.0588    0.6650            1
2022 02 23 29.9701 30.8982 30.4992      0.6412       0.6412    0.6795            1
2022 02 24 30.3919 31.3199 30.9220      1.0614       1.0614    0.6941            1
2022 02 25 29.9707 30.8986 30.5019      0.6386       0.6386    0.7089            1
2022 02 26 30.3971 31.3249 30.9293      1.0634       1.0634    0.7239            1
2022 02 27 29.9720 30.8996 30.5052      0.6366       0.6366    0.7391            1
2022 02 28 30.4023 31.3297 30.9363      1.0651       1.0651    0.7544            1
2022 03 01 29.9738 30.9010 30.5088      0.6349       0.6349    0.7699            1
2022 03 02 30.4069 31.3338 30.9428      1.0662       1.0662    0.7856            1
2022 03 03 29.9764 30.9029 30.5131      0.6338       0.6338    0.8015            1
2022 03 04 30.4112 31.3374 30.9488      1.0668       1.0668    0.8175            1
2022 03 05 29.9796 30.9054 30.5180      0.6332       0.6332    0.8337            1
2022 03 06 30.4153 31.3407 30.9545      1.0670       1.0670    0.8500            1
2022 03 07 29.9833 30.9082 30.5233      0.6330       0.6330    0.8665            1
2022 03 08 30.4190 31.3434 30.9597      1.0667       1.0667    0.8832            1
2022 03 09 29.9877 30.9115 30.5291      0.6333       0.6333    0.9000            1
2022 03 10 30.4225 31.3457 30.9646      1.0660       1.0660    0.9170            1
2022 03 11 29.9926 30.9152 30.5353      0.6340       0.6340    0.9341            1
2022 03 12 30.4256 31.3476 30.9690      1.0649       1.0649    0.9513            1
2022 03 13 29.9980 30.9193 30.5420      0.6351       0.6351    0.9687            1
2022 03 14 30.4285 31.3490 30.9730      1.0633       1.0633    0.9862            1
2022 03 15 30.0041 30.9239 30.5492      0.6367       0.6367    1.0039            2
2022 03 16 30.4310 31.3500 30.9766      1.0613       1.0613    1.0216            2
2022 03 17 30.0107 30.9289 30.5568      0.6387       0.6387    1.0395            2
2022 03 18 30.4332 31.3506 30.9798      1.0589       1.0589    1.0575            2
2022 03 19 30.0178 30.9342 30.5648      0.6411       0.6411    1.0756            2
2022 03 20 30.4353 31.3508 30.9827      1.0562       1.0562    1.0939            2
2022 03 21 30.0253 30.9398 30.5731      0.6438       0.6438    1.1122            2
2022 03 22 30.4370 31.3506 30.9852      1.0531       1.0531    1.1306            2
2022 03 23 30.0333 30.9458 30.5818      0.6469       0.6469    1.1491            2
2022 03 24 30.4385 31.3499 30.9872      1.0496       1.0496    1.1677            2
2022 03 25 30.0418 30.9521 30.5908      0.6504       0.6504    1.1863            2
2022 03 26 30.4399 31.3490 30.9891      1.0459       1.0459    1.2051            2
2022 03 27 30.0506 30.9586 30.6000      0.6541       0.6541    1.2239            2
2022 03 28 30.4409 31.3477 30.9905      1.0418       1.0418    1.2427            2
2022 03 29 30.0599 30.9655 30.6096      0.6582       0.6582    1.2617            2
2022 03 30 30.4418 31.3461 30.9917      1.0375       1.0375    1.2806            2
2022 03 31 30.0695 30.9725 30.6194      0.6625       0.6625    1.2996            2
2022 04 01 30.4426 31.3443 30.9926      1.0330       1.0330    1.3187            2
2022 04 02 30.0793 30.9796 30.6293      0.6670       0.6670    1.3377            2
2022 04 03 30.4432 31.3421 30.9932      1.0282       1.0282    1.3568            2
2022 04 04 30.0895 30.9870 30.6394      0.6718       0.6718    1.3759            2
2022 04 05 30.4436 31.3397 30.9935      1.0232       1.0232    1.3950            2
2022 04 06 30.1000 30.9946 30.6497      0.6768       0.6768    1.4141            2
2022 04 07 30.4439 31.3370 30.9936      1.0180       1.0180    1.4332            2
2022 04 08 30.1107 31.0023 30.6602      0.6820       0.6820    1.4523            2
2022 04 09 30.4441 31.3342 30.9935      1.0127       1.0127    1.4714            2
2022 04 10 30.1215 31.0100 30.6706      0.6873       0.6873    1.4904            2
2022 04 11 30.4442 31.3311 30.9931      1.0072       1.0072    1.5094            2
2022 04 12 30.1326 31.0179 30.6812      0.6928       0.6928    1.5284            2
2022 04 13 30.4442 31.3278 30.9925      1.0016       1.0016    1.5473            2
2022 04 14 30.1439 31.0258 30.6918      0.6984       0.6984    1.5661            2
2022 04 15 30.4442 31.3244 30.9918      0.9959       0.9959    1.5849            2
2022 04 16 30.1552 31.0337 30.7024      0.7041       0.7041    1.6036            2
2022 04 17 30.4442 31.3209 30.9910      0.9902       0.9902    1.6222            2
2022 04 18 30.1666 31.0415 30.7130      0.7098       0.7098    1.6407            2
2022 04 19 30.4441 31.3172 30.9899      0.9844       0.9844    1.6591            2
2022 04 20 30.1781 31.0494 30.7235      0.7156       0.7156    1.6775            2
2022 04 21 30.4440 31.3134 30.9888      0.9786       0.9786    1.6957            2
2022 04 22 30.1896 31.0572 30.7339      0.7214       0.7214    1.7137            2
2022 04 23 30.4439 31.3096 30.9875      0.9728       0.9728    1.7317            2
2022 04 24 30.2011 31.0649 30.7442      0.7272       0.7272    1.7495            2
2022 04 25 30.4438 31.3056 30.9862      0.9670       0.9670    1.7671            2
2022 04 26 30.2126 31.0726 30.7544      0.7330       0.7330    1.7846            2
2022 04 27 30.4436 31.3016 30.9847      0.9612       0.9612    1.8019            2
2022 04 28 30.2241 31.0801 30.7644      0.7388       0.7388    1.8191            2
2022 04 29 30.4436 31.2976 30.9832      0.9555       0.9555    1.8361            2
2022 04 30 30.2354 31.0875 30.7742      0.7445       0.7445    1.8529            2
2022 05 01 30.4437 31.2937 30.9817      0.9499       0.9499    1.8695            2
2022 05 02 30.2467 31.0946 30.7838      0.7501       0.7501    1.8858            2
2022 05 03 30.4437 31.2896 30.9800      0.9443       0.9443    1.9020            2
2022 05 04 30.2579 31.1017 30.7933      0.7557       0.7557    1.9180            2
2022 05 05 30.4439 31.2856 30.9784      0.9389       0.9389    1.9337            2
2022 05 06 30.2688 31.1085 30.8024      0.7611       0.7611    1.9492            2
2022 05 07 30.4441 31.2817 30.9767      0.9336       0.9336    1.9644            2
2022 05 08 30.2796 31.1151 30.8113      0.7664       0.7664    1.9794            2
2022 05 09 30.4444 31.2777 30.9750      0.9284       0.9284    1.9941            2
2022 05 10 30.2903 31.1215 30.8199      0.7716       0.7716    2.0086            2
2022 05 11 30.4448 31.2739 30.9734      0.9234       0.9234    2.0228            2
2022 05 12 30.3007 31.1276 30.8282      0.7766       0.7766    2.0367            2
2022 05 13 30.4453 31.2700 30.9717      0.9185       0.9185    2.0503            2
2022 05 14 30.3109 31.1335 30.8362      0.7815       0.7815    2.0636            2
2022 05 15 30.4459 31.2663 30.9700      0.9138       0.9138    2.0766            2
2022 05 16 30.3209 31.1391 30.8438      0.7862       0.7862    2.0893            2
2022 05 17 30.4465 31.2626 30.9683      0.9092       0.9092    2.1017            2
2022 05 18 30.3307 31.1445 30.8512      0.7908       0.7908    2.1138            2
2022 05 19 30.4472 31.2589 30.9666      0.9048       0.9048    2.1255            2
2022 05 20 30.3402 31.1496 30.8582      0.7952       0.7952    2.1369            2
2022 05 21 30.4482 31.2555 30.9650      0.9007       0.9007    2.1479            2
2022 05 22 30.3493 31.1544 30.8648      0.7993       0.7993    2.1586            2
2022 05 23 30.4491 31.2520 30.9633      0.8967       0.8967    2.1690            2
2022 05 24 30.3582 31.1589 30.8711      0.8033       0.8033    2.1790            2
2022 05 25 30.4501 31.2486 30.9616      0.8928       0.8928    2.1886            2
2022 05 26 30.3669 31.1631 30.8770      0.8072       0.8072    2.1979            2
2022 05 27 30.4512 31.2453 30.9600      0.8892       0.8892    2.2068            2
2022 05 28 30.3752 31.1670 30.8826      0.8108       0.8108    2.2153            2
2022 05 29 30.4525 31.2421 30.9584      0.8858       0.8858    2.2234            2
2022 05 30 30.3832 31.1706 30.8877      0.8142       0.8142    2.2311            2
2022 05 31 30.4538 31.2391 30.9569      0.8826       0.8826    2.2385            2
2022 06 01 30.3908 31.1739 30.8924      0.8174       0.8174    2.2454            2
2022 06 02 30.4551 31.2360 30.9552      0.8795       0.8795    2.2520            2
2022 06 03 30.3983 31.1770 30.8969      0.8205       0.8205    2.2581            2
2022 06 04 30.4565 31.2330 30.9536      0.8766       0.8766    2.2638            2
2022 06 05 30.4054 31.1798 30.9010      0.8234       0.8234    2.2691            2
2022 06 06 30.4579 31.2302 30.9520      0.8739       0.8739    2.2740            2
2022 06 07 30.4121 31.1822 30.9046      0.8261       0.8261    2.2785            2
2022 06 08 30.4594 31.2274 30.9504      0.8714       0.8714    2.2826            2
2022 06 09 30.4186 31.1844 30.9079      0.8286       0.8286    2.2862            2
2022 06 10 30.4609 31.2246 30.9487      0.8690       0.8690    2.2895            2
2022 06 11 30.4248 31.1864 30.9109      0.8310       0.8310    2.2922            2
2022 06 12 30.4624 31.2219 30.9470      0.8668       0.8668    2.2946            2
2022 06 13 30.4306 31.1880 30.9135      0.8332       0.8332    2.2965            2
2022 06 14 30.4639 31.2192 30.9452      0.8647       0.8647    2.2981            2
2022 06 15 30.4362 31.1895 30.9159      0.8353       0.8353    2.2991            2
2022 06 16 30.4654 31.2166 30.9434      0.8628       0.8628    2.2998            2
2022 06 17 30.4414 31.1906 30.9178      0.8372       0.8372    2.3000            2
2022 06 18 30.4668 31.2140 30.9415      0.8610       0.8610    2.2998            2
2022 06 19 30.4464 31.1916 30.9194      0.8390       0.8390    2.2991            2
2022 06 20 30.4681 31.2113 30.9395      0.8592       0.8592    2.2981            2
2022 06 21 30.4512 31.1924 30.9209      0.8408       0.8408    2.2965            2
2022 06 22 30.4694 31.2087 30.9374      0.8576       0.8576    2.2946            2
2022 06 23 30.4556 31.1930 30.9219      0.8424       0.8424    2.2922            2
2022 06 24 30.4707 31.2061 30.9353      0.8561       0.8561    2.2895            2
2022 06 25 30.4598 31.1933 30.9227      0.8439       0.8439    2.2862            2
2022 06 26 30.4718 31.2034 30.9329      0.8546       0.8546    2.2826            2
2022 06 27 30.4638 31.1936 30.9232      0.8454       0.8454    2.2785            2
2022 06 28 30.4726 31.2006 30.9304      0.8531       0.8531    2.2740            2
2022 06 29 30.4676 31.1937 30.9236      0.8469       0.8469    2.2691            2
2022 06 30 30.4735 31.1978 30.9278      0.8517       0.8517    2.2638            2
2022 07 01 30.4711 31.1937 30.9237      0.8483       0.8483    2.2581            2
2022 07 02 30.4741 31.1950 30.9250      0.8503       0.8503    2.2520            2
2022 07 03 30.4745 31.1936 30.9236      0.8497       0.8497    2.2454            2
2022 07 04 30.4747 31.1921 30.9221      0.8490       0.8490    2.2385            2
2022 07 05 30.4775 31.1933 30.9232      0.8510       0.8510    2.2311            2
2022 07 06 30.4749 31.1890 30.9189      0.8476       0.8476    2.2234            2
2022 07 07 30.4805 31.1930 30.9227      0.8524       0.8524    2.2153            2
2022 07 08 30.4750 31.1859 30.9155      0.8462       0.8462    2.2068            2
2022 07 09 30.4833 31.1926 30.9221      0.8538       0.8538    2.1979            2
2022 07 10 30.4748 31.1826 30.9119      0.8447       0.8447    2.1886            2
2022 07 11 30.4860 31.1922 30.9214      0.8553       0.8553    2.1790            2
2022 07 12 30.4744 31.1792 30.9081      0.8432       0.8432    2.1690            2
2022 07 13 30.4885 31.1918 30.9205      0.8568       0.8568    2.1586            2
2022 07 14 30.4737 31.1756 30.9040      0.8416       0.8416    2.1479            2
2022 07 15 30.4909 31.1913 30.9195      0.8584       0.8584    2.1369            2
2022 07 16 30.4727 31.1718 30.8997      0.8399       0.8399    2.1255            2
2022 07 17 30.4932 31.1909 30.9185      0.8601       0.8601    2.1138            2
2022 07 18 30.4714 31.1679 30.8950      0.8381       0.8381    2.1017            2
2022 07 19 30.4954 31.1906 30.9174      0.8619       0.8619    2.0893            2
2022 07 20 30.4699 31.1638 30.8902      0.8363       0.8363    2.0766            2
2022 07 21 30.4974 31.1901 30.9161      0.8637       0.8637    2.0636            2
2022 07 22 30.4679 31.1595 30.8850      0.8342       0.8342    2.0503            2
2022 07 23 30.4995 31.1899 30.9150      0.8658       0.8658    2.0367            2
2022 07 24 30.4658 31.1550 30.8796      0.8321       0.8321    2.0228            2
2022 07 25 30.5014 31.1896 30.9137      0.8679       0.8679    2.0086            2
2022 07 26 30.4632 31.1503 30.8738      0.8298       0.8298    1.9941            2
2022 07 27 30.5034 31.1894 30.9124      0.8702       0.8702    1.9794            2
2022 07 28 30.4603 31.1454 30.8678      0.8274       0.8274    1.9644            2
2022 07 29 30.5052 31.1893 30.9111      0.8726       0.8726    1.9492            2
2022 07 30 30.4569 31.1402 30.8614      0.8247       0.8247    1.9337            2
2022 07 31 30.5071 31.1895 30.9100      0.8753       0.8753    1.9180            2
2022 08 01 30.4534 31.1349 30.8548      0.8220       0.8220    1.9020            2
2022 08 02 30.5089 31.1895 30.9088      0.8780       0.8780    1.8858            2
2022 08 03 30.4493 31.1292 30.8477      0.8190       0.8190    1.8695            2
2022 08 04 30.5107 31.1899 30.9077      0.8810       0.8810    1.8529            2
2022 08 05 30.4449 31.1233 30.8404      0.8158       0.8158    1.8361            2
2022 08 06 30.5126 31.1903 30.9066      0.8842       0.8842    1.8191            2
2022 08 07 30.4402 31.1173 30.8328      0.8125       0.8125    1.8019            2
2022 08 08 30.5144 31.1909 30.9056      0.8875       0.8875    1.7846            2
2022 08 09 30.4350 31.1110 30.8249      0.8090       0.8090    1.7671            2
2022 08 10 30.5161 31.1916 30.9046      0.8910       0.8910    1.7495            2
2022 08 11 30.4295 31.1044 30.8166      0.8053       0.8053    1.7317            2
2022 08 12 30.5179 31.1924 30.9037      0.8947       0.8947    1.7137            2
2022 08 13 30.4236 31.0977 30.8081      0.8014       0.8014    1.6957            2
2022 08 14 30.5198 31.1934 30.9029      0.8986       0.8986    1.6775            2
2022 08 15 30.4173 31.0907 30.7993      0.7973       0.7973    1.6591            2
2022 08 16 30.5216 31.1946 30.9023      0.9027       0.9027    1.6407            2
2022 08 17 30.4107 31.0834 30.7901      0.7930       0.7930    1.6222            2
2022 08 18 30.5234 31.1960 30.9017      0.9070       0.9070    1.6036            2
2022 08 19 30.4036 31.0760 30.7807      0.7885       0.7885    1.5849            2
2022 08 20 30.5253 31.1975 30.9012      0.9115       0.9115    1.5661            2
2022 08 21 30.3963 31.0684 30.7711      0.7839       0.7839    1.5473            2
2022 08 22 30.5271 31.1991 30.9007      0.9161       0.9161    1.5284            2
2022 08 23 30.3886 31.0606 30.7612      0.7791       0.7791    1.5094            2
2022 08 24 30.5289 31.2009 30.9004      0.9209       0.9209    1.4904            2
2022 08 25 30.3806 31.0526 30.7510      0.7741       0.7741    1.4714            2
2022 08 26 30.5308 31.2029 30.9002      0.9259       0.9259    1.4523            2
2022 08 27 30.3723 31.0444 30.7406      0.7690       0.7690    1.4332            2
2022 08 28 30.5326 31.2049 30.9000      0.9310       0.9310    1.4141            2
2022 08 29 30.3637 31.0362 30.7301      0.7638       0.7638    1.3950            2
2022 08 30 30.5344 31.2071 30.8998      0.9362       0.9362    1.3759            2
2022 08 31 30.3548 31.0278 30.7193      0.7584       0.7584    1.3568            2
2022 09 01 30.5362 31.2094 30.8998      0.9416       0.9416    1.3377            2
2022 09 02 30.3456 31.0192 30.7084      0.7529       0.7529    1.3187            2
2022 09 03 30.5379 31.2119 30.8999      0.9471       0.9471    1.2996            2
2022 09 04 30.3362 31.0106 30.6974      0.7473       0.7473    1.2806            2
2022 09 05 30.5396 31.2145 30.9000      0.9527       0.9527    1.2617            2
2022 09 06 30.3265 31.0018 30.6862      0.7416       0.7416    1.2427            2
2022 09 07 30.5413 31.2171 30.9002      0.9584       0.9584    1.2239            2
2022 09 08 30.3167 30.9931 30.6749      0.7359       0.7359    1.2051            2
2022 09 09 30.5428 31.2198 30.9003      0.9641       0.9641    1.1863            2
2022 09 10 30.3066 30.9843 30.6636      0.7301       0.7301    1.1677            2
2022 09 11 30.5443 31.2226 30.9006      0.9699       0.9699    1.1491            2
2022 09 12 30.2965 30.9755 30.6522      0.7243       0.7243    1.1306            2
2022 09 13 30.5456 31.2254 30.9008      0.9757       0.9757    1.1122            2
2022 09 14 30.2862 30.9667 30.6408      0.7185       0.7185    1.0939            2
2022 09 15 30.5469 31.2282 30.9010      0.9815       0.9815    1.0756            2
2022 09 16 30.2757 30.9580 30.6294      0.7127       0.7127    1.0575            2
2022 09 17 30.5480 31.2311 30.9012      0.9873       0.9873    1.0395            2
2022 09 18 30.2652 30.9492 30.6180      0.7069       0.7069    1.0216            2
2022 09 19 30.5490 31.2340 30.9014      0.9931       0.9931    1.0039            2
2022 09 20 30.2547 30.9407 30.6067      0.7012       0.7012    0.9862            1
2022 09 21 30.5498 31.2368 30.9015      0.9988       0.9988    0.9687            1
2022 09 22 30.2442 30.9322 30.5956      0.6956       0.6956    0.9513            1
2022 09 23 30.5504 31.2396 30.9016      1.0044       1.0044    0.9341            1
2022 09 24 30.2336 30.9239 30.5845      0.6901       0.6901    0.9170            1
2022 09 25 30.5509 31.2423 30.9015      1.0099       1.0099    0.9000            1
2022 09 26 30.2230 30.9156 30.5735      0.6846       0.6846    0.8832            1
2022 09 27 30.5512 31.2450 30.9015      1.0154       1.0154    0.8665            1
2022 09 28 30.2126 30.9076 30.5628      0.6794       0.6794    0.8500            1
2022 09 29 30.5512 31.2475 30.9013      1.0206       1.0206    0.8337            1
2022 09 30 30.2022 30.8998 30.5523      0.6743       0.6743    0.8175            1
2022 10 01 30.5509 31.2499 30.9010      1.0257       1.0257    0.8015            1
2022 10 02 30.1920 30.8923 30.5420      0.6694       0.6694    0.7856            1
2022 10 03 30.5505 31.2522 30.9005      1.0306       1.0306    0.7699            1
2022 10 04 30.1818 30.8850 30.5319      0.6647       0.6647    0.7544            1
2022 10 05 30.5497 31.2543 30.8999      1.0353       1.0353    0.7391            1
2022 10 06 30.1720 30.8781 30.5222      0.6603       0.6603    0.7239            1
2022 10 07 30.5486 31.2562 30.8990      1.0397       1.0397    0.7089            1
2022 10 08 30.1622 30.8714 30.5128      0.6561       0.6561    0.6941            1
2022 10 09 30.5473 31.2580 30.8980      1.0439       1.0439    0.6795            1
2022 10 10 30.1528 30.8651 30.5038      0.6522       0.6522    0.6650            1
2022 10 11 30.5456 31.2595 30.8968      1.0478       1.0478    0.6508            1
2022 10 12 30.1436 30.8592 30.4951      0.6486       0.6486    0.6367            1
2022 10 13 30.5435 31.2608 30.8954      1.0514       1.0514    0.6228            1
2022 10 14 30.1346 30.8536 30.4868      0.6453       0.6453    0.6091            1
2022 10 15 30.5412 31.2619 30.8938      1.0547       1.0547    0.5956            1
2022 10 16 30.1261 30.8485 30.4790      0.6424       0.6424    0.5823            1
2022 10 17 30.5384 31.2626 30.8918      1.0576       1.0576    0.5692            1
2022 10 18 30.1178 30.8437 30.4717      0.6398       0.6398    0.5562            1
2022 10 19 30.5353 31.2631 30.8897      1.0602       1.0602    0.5435            1
2022 10 20 30.1100 30.8396 30.4649      0.6377       0.6377    0.5309            1
2022 10 21 30.5317 31.2632 30.8872      1.0623       1.0623    0.5186            1
2022 10 22 30.1025 30.8358 30.4585      0.6359       0.6359    0.5064            1
2022 10 23 30.5278 31.2631 30.8844      1.0641       1.0641    0.4944            1
2022 10 24 30.0954 30.8325 30.4526      0.6345       0.6345    0.4827            1
2022 10 25 30.5235 31.2626 30.8814      1.0655       1.0655    0.4711            1
2022 10 26 30.0888 30.8298 30.4474      0.6336       0.6336    0.4597            1
2022 10 27 30.5187 31.2617 30.8780      1.0664       1.0664    0.4485            1
2022 10 28 30.0826 30.8276 30.4426      0.6331       0.6331    0.4375            1
2022 10 29 30.5136 31.2605 30.8744      1.0669       1.0669    0.4266            1
2022 10 30 30.0768 30.8258 30.4384      0.6330       0.6330    0.4160            1
2022 10 31 30.5080 31.2590 30.8704      1.0670       1.0670    0.4056            1
2022 11 01 30.0716 30.8247 30.4349      0.6334       0.6334    0.3953            1
2022 11 02 30.5020 31.2571 30.8661      1.0666       1.0666    0.3852            1
2022 11 03 30.0669 30.8241 30.4320      0.6343       0.6343    0.3753            1
2022 11 04 30.4956 31.2548 30.8615      1.0657       1.0657    0.3656            1
2022 11 05 30.0628 30.8241 30.4297      0.6357       0.6357    0.3561            1
2022 11 06 30.4886 31.2521 30.8565      1.0643       1.0643    0.3468            1
2022 11 07 30.0591 30.8247 30.4279      0.6375       0.6375    0.3377            1
2022 11 08 30.4814 31.2491 30.8512      1.0625       1.0625    0.3287            1
2022 11 09 30.0560 30.8259 30.4269      0.6399       0.6399    0.3199            1
2022 11 10 30.4735 31.2455 30.8455      1.0601       1.0601    0.3113            1
2022 11 11 30.0535 30.8276 30.4265      0.6427       0.6427    0.3028            1
2022 11 12 30.4654 31.2417 30.8396      1.0573       1.0573    0.2946            1
2022 11 13 30.0514 30.8299 30.4267      0.6460       0.6460    0.2865            1
2022 11 14 30.4568 31.2375 30.8333      1.0540       1.0540    0.2785            1
2022 11 15 30.0500 30.8329 30.4276      0.6498       0.6498    0.2708            1
2022 11 16 30.4478 31.2328 30.8266      1.0502       1.0502    0.2632            1
2022 11 17 30.0491 30.8364 30.4292      0.6541       0.6541    0.2558            1
2022 11 18 30.4384 31.2278 30.8197      1.0459       1.0459    0.2485            1
2022 11 19 30.0489 30.8405 30.4314      0.6589       0.6589    0.2414            1
2022 11 20 30.4286 31.2224 30.8124      1.0411       1.0411    0.2345            1
2022 11 21 30.0491 30.8451 30.4342      0.6641       0.6641    0.2277            1
2022 11 22 30.4184 31.2167 30.8049      1.0359       1.0359    0.2210            1
2022 11 23 30.0499 30.8503 30.4377      0.6698       0.6698    0.2146            1
2022 11 24 30.4079 31.2105 30.7971      1.0302       1.0302    0.2082            1
2022 11 25 30.0513 30.8562 30.4419      0.6760       0.6760    0.2021            1
2022 11 26 30.3970 31.2040 30.7889      1.0240       1.0240    0.1960            1
2022 11 27 30.0533 30.8625 30.4466      0.6826       0.6826    0.1901            1
2022 11 28 30.3858 31.1972 30.7805      1.0174       1.0174    0.1844            1
2022 11 29 30.0558 30.8694 30.4520      0.6897       0.6897    0.1788            1
2022 11 30 30.3742 31.1900 30.7718      1.0103       1.0103    0.1733            1
2022 12 01 30.0588 30.8768 30.4579      0.6971       0.6971    0.1680            1
2022 12 02 30.3624 31.1826 30.7630      1.0029       1.0029    0.1628            1
2022 12 03 30.0624 30.8847 30.4645      0.7050       0.7050    0.1577            1
2022 12 04 30.3503 31.1748 30.7539      0.9950       0.9950    0.1528            1
2022 12 05 30.0664 30.8931 30.4716      0.7132       0.7132    0.1480            1
2022 12 06 30.3380 31.1668 30.7447      0.9868       0.9868    0.1433            1
2022 12 07 30.0710 30.9019 30.4792      0.7218       0.7218    0.1387            1
2022 12 08 30.3254 31.1585 30.7352      0.9782       0.9782    0.1343            1
2022 12 09 30.0761 30.9113 30.4875      0.7308       0.7308    0.1300            1
2022 12 10 30.3126 31.1499 30.7256      0.9692       0.9692    0.1258            1
2022 12 11 30.0815 30.9210 30.4961      0.7400       0.7400    0.1217            1
2022 12 12 30.2997 31.1412 30.7159      0.9600       0.9600    0.1177            1
2022 12 13 30.0875 30.9311 30.5054      0.7496       0.7496    0.1138            1
2022 12 14 30.2866 31.1323 30.7061      0.9504       0.9504    0.1100            1
2022 12 15 30.0939 30.9416 30.5150      0.7594       0.7594    0.1064            1
2022 12 16 30.2734 31.1232 30.6962      0.9406       0.9406    0.1028            1
2022 12 17 30.1007 30.9525 30.5251      0.7695       0.7695    0.0993            1
2022 12 18 30.2601 31.1139 30.6862      0.9305       0.9305    0.0960            1
2022 12 19 30.1078 30.9637 30.5357      0.7798       0.7798    0.0927            1
2022 12 20 30.2467 31.1045 30.6762      0.9202       0.9202    0.0895            1
2022 12 21 30.1153 30.9750 30.5465      0.7902       0.7902    0.0865            1
2022 12 22 30.2335 31.0952 30.6663      0.9098       0.9098    0.0835            1
2022 12 23 30.1232 30.9868 30.5578      0.8009       0.8009    0.0806            1
2022 12 24 30.2201 31.0856 30.6563      0.8991       0.8991    0.0778            1
2022 12 25 30.1314 30.9988 30.5694      0.8117       0.8117    0.0750            1
2022 12 26 30.2067 31.0760 30.6464      0.8883       0.8883    0.0724            1
2022 12 27 30.1397 31.0108 30.5811      0.8225       0.8225    0.0698            1
2022 12 28 30.1936 31.0665 30.6367      0.8775       0.8775    0.0673            1
2022 12 29 30.1485 31.0232 30.5933      0.8335       0.8335    0.0649            1
2022 12 30 30.1804 31.0569 30.6270      0.8665       0.8665    0.0626            1
2022 12 31 30.1629 31.0412 30.6112      0.8500       0.8500    0.0603            1
2023 01 01 30.1619 31.0419 30.6119      0.8500       0.8500    0.1395            1
2023 01 02 30.1610 31.0427 30.6127      0.8500       0.8500    0.1439            1
2023 01 03 30.1711 31.0545 30.6246      0.8610       0.8610    0.1485            1
2023 01 04 30.1483 31.0333 30.6034      0.8390       0.8390    0.1531            1
2023 01 05 30.1805 31.0672 30.6374      0.8720       0.8720    0.1579            1
2023 01 06 30.1358 31.0241 30.5944      0.8280       0.8280    0.1628            1
2023 01 07 30.1900 31.0798 30.6503      0.8829       0.8829    0.1678            1
2023 01 08 30.1235 31.0150 30.5855      0.8171       0.8171    0.1729            1
2023 01 09 30.1995 31.0925 30.6633      0.8937       0.8937    0.1782            1
2023 01 10 30.1116 31.0061 30.5770      0.8063       0.8063    0.1836            1
2023 01 11 30.2093 31.1052 30.6764      0.9045       0.9045    0.1891            1
2023 01 12 30.0998 30.9972 30.5687      0.7955       0.7955    0.1947            1
2023 01 13 30.2189 31.1177 30.6894      0.9150       0.9150    0.2005            1
2023 01 14 30.0886 30.9888 30.5608      0.7850       0.7850    0.2064            1
2023 01 15 30.2287 31.1302 30.7025      0.9254       0.9254    0.2124            1
2023 01 16 30.0776 30.9805 30.5532      0.7746       0.7746    0.2186            1
2023 01 17 30.2384 31.1426 30.7156      0.9356       0.9356    0.2249            1
2023 01 18 30.0671 30.9725 30.5459      0.7644       0.7644    0.2313            1
2023 01 19 30.2480 31.1547 30.7285      0.9455       0.9455    0.2379            1
2023 01 20 30.0570 30.9649 30.5391      0.7545       0.7545    0.2446            1
2023 01 21 30.2577 31.1667 30.7414      0.9552       0.9552    0.2515            1
2023 01 22 30.0473 30.9575 30.5327      0.7448       0.7448    0.2585            1
2023 01 23 30.2672 31.1785 30.7542      0.9646       0.9646    0.2656            1
2023 01 24 30.0381 30.9505 30.5267      0.7354       0.7354    0.2729            1
2023 01 25 30.2766 31.1900 30.7668      0.9737       0.9737    0.2804            1
2023 01 26 30.0295 30.9439 30.5212      0.7263       0.7263    0.2880            1
2023 01 27 30.2859 31.2013 30.7792      0.9825       0.9825    0.2957            1
2023 01 28 30.0213 30.9376 30.5161      0.7175       0.7175    0.3036            1
2023 01 29 30.2951 31.2123 30.7914      0.9909       0.9909    0.3117            1
2023 01 30 30.0137 30.9318 30.5116      0.7091       0.7091    0.3199            1
2023 01 31 30.3041 31.2230 30.8034      0.9990       0.9990    0.3283            1
2023 02 01 30.0066 30.9263 30.5075      0.7010       0.7010    0.3368            1
2023 02 02 30.3129 31.2334 30.8152      1.0067       1.0067    0.3455            1
2023 02 03 30.0001 30.9213 30.5039      0.6933       0.6933    0.3543            1
2023 02 04 30.3214 31.2433 30.8266      1.0139       1.0139    0.3633            1
2023 02 05 29.9943 30.9169 30.5009      0.6861       0.6861    0.3724            1
2023 02 06 30.3296 31.2528 30.8377      1.0207       1.0207    0.3817            1
2023 02 07 29.9890 30.9128 30.4985      0.6793       0.6793    0.3912            1
2023 02 08 30.3377 31.2620 30.8486      1.0271       1.0271    0.4008            1
2023 02 09 29.9844 30.9093 30.4966      0.6729       0.6729    0.4106            1
2023 02 10 30.3456 31.2709 30.8591      1.0331       1.0331    0.4205            1
2023 02 11 29.9804 30.9061 30.4952      0.6669       0.6669    0.4306            1
2023 02 12 30.3530 31.2792 30.8692      1.0385       1.0385    0.4409            1
2023 02 13 29.9771 30.9036 30.4945      0.6615       0.6615    0.4513            1
2023 02 14 30.3603 31.2872 30.8790      1.0436       1.0436    0.4619            1
2023 02 15 29.9743 30.9014 30.4943      0.6564       0.6564    0.4726            1
2023 02 16 30.3672 31.2946 30.8884      1.0481       1.0481    0.4835            1
2023 02 17 29.9723 30.8999 30.4947      0.6519       0.6519    0.4946            1
2023 02 18 30.3738 31.3016 30.8974      1.0521       1.0521    0.5058            1
2023 02 19 29.9710 30.8989 30.4957      0.6479       0.6479    0.5172            1
2023 02 20 30.3802 31.3082 30.9060      1.0557       1.0557    0.5287            1
2023 02 21 29.9702 30.8983 30.4972      0.6443       0.6443    0.5404            1
2023 02 22 30.3862 31.3143 30.9142      1.0588       1.0588    0.5523            1
2023 02 23 29.9701 30.8982 30.4992      0.6412       0.6412    0.5642            1
2023 02 24 30.3919 31.3199 30.9220      1.0614       1.0614    0.5764            1
2023 02 25 29.9707 30.8986 30.5019      0.6386       0.6386    0.5887            1
2023 02 26 30.3971 31.3249 30.9293      1.0634       1.0634    0.6011            1
2023 02 27 29.9720 30.8996 30.5052      0.6366       0.6366    0.6137            1
2023 02 28 30.4023 31.3297 30.9363      1.0651       1.0651    0.6265            1
2023 03 01 29.9738 30.9010 30.5088      0.6349       0.6349    0.6394            1
2023 03 02 30.4069 31.3338 30.9428      1.0662       1.0662    0.6524            1
2023 03 03 29.9764 30.9029 30.5131      0.6338       0.6338    0.6656            1
2023 03 04 30.4112 31.3374 30.9488      1.0668       1.0668    0.6789            1
2023 03 05 29.9796 30.9054 30.5180      0.6332       0.6332    0.6923            1
2023 03 06 30.4153 31.3407 30.9545      1.0670       1.0670    0.7059            1
2023 03 07 29.9833 30.9082 30.5233      0.6330       0.6330    0.7196            1
2023 03 08 30.4190 31.3434 30.9597      1.0667       1.0667    0.7334            1
2023 03 09 29.9877 30.9115 30.5291      0.6333       0.6333    0.7474            1
2023 03 10 30.4225 31.3457 30.9646      1.0660       1.0660    0.7615            1
2023 03 11 29.9926 30.9152 30.5353      0.6340       0.6340    0.7757            1
2023 03 12 30.4256 31.3476 30.9690      1.0649       1.0649    0.7900            1
2023 03 13 29.9980 30.9193 30.5420      0.6351       0.6351    0.8044            1
2023 03 14 30.4285 31.3490 30.9730      1.0633       1.0633    0.8190            1
2023 03 15 30.0041 30.9239 30.5492      0.6367       0.6367    0.8336            1
2023 03 16 30.4310 31.3500 30.9766      1.0613       1.0613    0.8484            1
2023 03 17 30.0107 30.9289 30.5568      0.6387       0.6387    0.8633            1
2023 03 18 30.4332 31.3506 30.9798      1.0589       1.0589    0.8782            1
2023 03 19 30.0178 30.9342 30.5648      0.6411       0.6411    0.8932            1
2023 03 20 30.4353 31.3508 30.9827      1.0562       1.0562    0.9084            1
2023 03 21 30.0253 30.9398 30.5731      0.6438       0.6438    0.9236            1
2023 03 22 30.4370 31.3506 30.9852      1.0531       1.0531    0.9389            1
2023 03 23 30.0333 30.9458 30.5818      0.6469       0.6469    0.9542            1
2023 03 24 30.4385 31.3499 30.9872      1.0496       1.0496    0.9697            1
2023 03 25 30.0418 30.9521 30.5908      0.6504       0.6504    0.9852            1
2023 03 26 30.4399 31.3490 30.9891      1.0459       1.0459    1.0007            2
2023 03 27 30.0506 30.9586 30.6000      0.6541       0.6541    1.0163            2
2023 03 28 30.4409 31.3477 30.9905      1.0418       1.0418    1.0320            2
2023 03 29 30.0599 30.9655 30.6096      0.6582       0.6582    1.0477            2
2023 03 30 30.4418 31.3461 30.9917      1.0375       1.0375    1.0635            2
2023 03 31 30.0695 30.9725 30.6194      0.6625       0.6625    1.0792            2
2023 04 01 30.4426 31.3443 30.9926      1.0330       1.0330    1.0951            2
2023 04 02 30.0793 30.9796 30.6293      0.6670       0.6670    1.1109            2
2023 04 03 30.4432 31.3421 30.9932      1.0282       1.0282    1.1267            2
2023 04 04 30.0895 30.9870 30.6394      0.6718       0.6718    1.1426            2
2023 04 05 30.4436 31.3397 30.9935      1.0232       1.0232    1.1585            2
2023 04 06 30.1000 30.9946 30.6497      0.6768       0.6768    1.1743            2
2023 04 07 30.4439 31.3370 30.9936      1.0180       1.0180    1.1902            2
2023 04 08 30.1107 31.0023 30.6602      0.6820       0.6820    1.2061            2
2023 04 09 30.4441 31.3342 30.9935      1.0127       1.0127    1.2219            2
2023 04 10 30.1215 31.0100 30.6706      0.6873       0.6873    1.2377            2
2023 04 11 30.4442 31.3311 30.9931      1.0072       1.0072    1.2535            2
2023 04 12 30.1326 31.0179 30.6812      0.6928       0.6928    1.2692            2
2023 04 13 30.4442 31.3278 30.9925      1.0016       1.0016    1.2849            2
2023 04 14 30.1439 31.0258 30.6918      0.6984       0.6984    1.3006            2
2023 04 15 30.4442 31.3244 30.9918      0.9959       0.9959    1.3161            2
2023 04 16 30.1552 31.0337 30.7024      0.7041       0.7041    1.3317            2
2023 04 17 30.4442 31.3209 30.9910      0.9902       0.9902    1.3471            2
2023 04 18 30.1666 31.0415 30.7130      0.7098       0.7098    1.3625            2
2023 04 19 30.4441 31.3172 30.9899      0.9844       0.9844    1.3778            2
2023 04 20 30.1781 31.0494 30.7235      0.7156       0.7156    1.3930            2
2023 04 21 30.4440 31.3134 30.9888      0.9786       0.9786    1.4081            2
2023 04 22 30.1896 31.0572 30.7339      0.7214       0.7214    1.4231            2
2023 04 23 30.4439 31.3096 30.9875      0.9728       0.9728    1.4380            2
2023 04 24 30.2011 31.0649 30.7442      0.7272       0.7272    1.4528            2
2023 04 25 30.4438 31.3056 30.9862      0.9670       0.9670    1.4675            2
2023 04 26 30.2126 31.0726 30.7544      0.7330       0.7330    1.4820            2
2023 04 27 30.4436 31.3016 30.9847      0.9612       0.9612    1.4964            2
2023 04 28 30.2241 31.0801 30.7644      0.7388       0.7388    1.5106            2
2023 04 29 30.4436 31.2976 30.9832      0.9555       0.9555    1.5247            2
2023 04 30 30.2354 31.0875 30.7742      0.7445       0.7445    1.5387            2
2023 05 01 30.4437 31.2937 30.9817      0.9499       0.9499    1.5525            2
2023 05 02 30.2467 31.0946 30.7838      0.7501       0.7501    1.5661            2
2023 05 03 30.4437 31.2896 30.9800      0.9443       0.9443    1.5795            2
2023 05 04 30.2579 31.1017 30.7933      0.7557       0.7557    1.5927            2
2023 05 05 30.4439 31.2856 30.9784      0.9389       0.9389    1.6058            2
2023 05 06 30.2688 31.1085 30.8024      0.7611       0.7611    1.6187            2
2023 05 07 30.4441 31.2817 30.9767      0.9336       0.9336    1.6313            2
2023 05 08 30.2796 31.1151 30.8113      0.7664       0.7664    1.6438            2
2023 05 09 30.4444 31.2777 30.9750      0.9284       0.9284    1.6560            2
2023 05 10 30.2903 31.1215 30.8199      0.7716       0.7716    1.6680            2
2023 05 11 30.4448 31.2739 30.9734      0.9234       0.9234    1.6798            2
2023 05 12 30.3007 31.1276 30.8282      0.7766       0.7766    1.6913            2
2023 05 13 30.4453 31.2700 30.9717      0.9185       0.9185    1.7026            2
2023 05 14 30.3109 31.1335 30.8362      0.7815       0.7815    1.7137            2
2023 05 15 30.4459 31.2663 30.9700      0.9138       0.9138    1.7245            2
2023 05 16 30.3209 31.1391 30.8438      0.7862       0.7862    1.7350            2
2023 05 17 30.4465 31.2626 30.9683      0.9092       0.9092    1.7453            2
2023 05 18 30.3307 31.1445 30.8512      0.7908       0.7908    1.7553            2
2023 05 19 30.4472 31.2589 30.9666      0.9048       0.9048    1.7651            2
2023 05 20 30.3402 31.1496 30.8582      0.7952       0.7952    1.7745            2
2023 05 21 30.4482 31.2555 30.9650      0.9007       0.9007    1.7837            2
2023 05 22 30.3493 31.1544 30.8648      0.7993       0.7993    1.7926            2
2023 05 23 30.4491 31.2520 30.9633      0.8967       0.8967    1.8012            2
2023 05 24 30.3582 31.1589 30.8711      0.8033       0.8033    1.8095            2
2023 05 25 30.4501 31.2486 30.9616      0.8928       0.8928    1.8175            2
2023 05 26 30.3669 31.1631 30.8770      0.8072       0.8072    1.8252            2
2023 05 27 30.4512 31.2453 30.9600      0.8892       0.8892    1.8326            2
2023 05 28 30.3752 31.1670 30.8826      0.8108       0.8108    1.8396            2
2023 05 29 30.4525 31.2421 30.9584      0.8858       0.8858    1.8464            2
2023 05 30 30.3832 31.1706 30.8877      0.8142       0.8142    1.8528            2
2023 05 31 30.4538 31.2391 30.9569      0.8826       0.8826    1.8589            2
2023 06 01 30.3908 31.1739 30.8924      0.8174       0.8174    1.8647            2
2023 06 02 30.4551 31.2360 30.9552      0.8795       0.8795    1.8701            2
2023 06 03 30.3983 31.1770 30.8969      0.8205       0.8205    1.8752            2
2023 06 04 30.4565 31.2330 30.9536      0.8766       0.8766    1.8800            2
2023 06 05 30.4054 31.1798 30.9010      0.8234       0.8234    1.8844            2
2023 06 06 30.4579 31.2302 30.9520      0.8739       0.8739    1.8884            2
2023 06 07 30.4121 31.1822 30.9046      0.8261       0.8261    1.8922            2
2023 06 08 30.4594 31.2274 30.9504      0.8714       0.8714    1.8955            2
2023 06 09 30.4186 31.1844 30.9079      0.8286       0.8286    1.8986            2
2023 06 10 30.4609 31.2246 30.9487      0.8690       0.8690    1.9012            2
2023 06 11 30.4248 31.1864 30.9109      0.8310       0.8310    1.9036            2
2023 06 12 30.4624 31.2219 30.9470      0.8668       0.8668    1.9055            2
2023 06 13 30.4306 31.1880 30.9135      0.8332       0.8332    1.9071            2
2023 06 14 30.4639 31.2192 30.9452      0.8647       0.8647    1.9084            2
2023 06 15 30.4362 31.1895 30.9159      0.8353       0.8353    1.9093            2
2023 06 16 30.4654 31.2166 30.9434      0.8628       0.8628    1.9098            2
2023 06 17 30.4414 31.1906 30.9178      0.8372       0.8372    1.9100            2
2023 06 18 30.4668 31.2140 30.9415      0.8610       0.8610    1.9098            2
2023 06 19 30.4464 31.1916 30.9194      0.8390       0.8390    1.9093            2
2023 06 20 30.4681 31.2113 30.9395      0.8592       0.8592    1.9084            2
2023 06 21 30.4512 31.1924 30.9209      0.8408       0.8408    1.9071            2
2023 06 22 30.4694 31.2087 30.9374      0.8576       0.8576    1.9055            2
2023 06 23 30.4556 31.1930 30.9219      0.8424       0.8424    1.9036            2
2023 06 24 30.4707 31.2061 30.9353      0.8561       0.8561    1.9012            2
2023 06 25 30.4598 31.1933 30.9227      0.8439       0.8439    1.8986            2
2023 06 26 30.4718 31.2034 30.9329      0.8546       0.8546    1.8955            2
2023 06 27 30.4638 31.1936 30.9232      0.8454       0.8454    1.8922            2
2023 06 28 30.4726 31.2006 30.9304      0.8531       0.8531    1.8884            2
2023 06 29 30.4676 31.1937 30.9236      0.8469       0.8469    1.8844            2
2023 06 30 30.4735 31.1978 30.9278      0.8517       0.8517    1.8800            2
2023 07 01 30.4711 31.1937 30.9237      0.8483       0.8483    1.8752            2
2023 07 02 30.4741 31.1950 30.9250      0.8503       0.8503    1.8701            2
2023 07 03 30.4745 31.1936 30.9236      0.8497       0.8497    1.8647            2
2023 07 04 30.4747 31.1921 30.9221      0.8490       0.8490    1.8589            2
2023 07 05 30.4775 31.1933 30.9232      0.8510       0.8510    1.8528            2
2023 07 06 30.4749 31.1890 30.9189      0.8476       0.8476    1.8464            2
2023 07 07 30.4805 31.1930 30.9227      0.8524       0.8524    1.8396            2
2023 07 08 30.4750 31.1859 30.9155      0.8462       0.8462    1.8326            2
2023 07 09 30.4833 31.1926 30.9221      0.8538       0.8538    1.8252            2
2023 07 10 30.4748 31.1826 30.9119      0.8447       0.8447    1.8175            2
2023 07 11 30.4860 31.1922 30.9214      0.8553       0.8553    1.8095            2
2023 07 12 30.4744 31.1792 30.9081      0.8432       0.8432    1.8012            2
2023 07 13 30.4885 31.1918 30.9205      0.8568       0.8568    1.7926            2
2023 07 14 30.4737 31.1756 30.9040      0.8416       0.8416    1.7837            2
2023 07 15 30.4909 31.1913 30.9195      0.8584       0.8584    1.7745            2
2023 07 16 30.4727 31.1718 30.8997      0.8399       0.8399    1.7651            2
2023 07 17 30.4932 31.1909 30.9185      0.8601       0.8601    1.7553            2
2023 07 18 30.4714 31.1679 30.8950      0.8381       0.8381    1.7453            2
2023 07 19 30.4954 31.1906 30.9174      0.8619       0.8619    1.7350            2
2023 07 20 30.4699 31.1638 30.8902      0.8363       0.8363    1.7245            2
2023 07 21 30.4974 31.1901 30.9161      0.8637       0.8637    1.7137            2
2023 07 22 30.4679 31.1595 30.8850      0.8342       0.8342    1.7026            2
2023 07 23 30.4995 31.1899 30.9150      0.8658       0.8658    1.6913            2
2023 07 24 30.4658 31.1550 30.8796      0.8321       0.8321    1.6798            2
2023 07 25 30.5014 31.1896 30.9137      0.8679       0.8679    1.6680            2
2023 07 26 30.4632 31.1503 30.8738      0.8298       0.8298    1.6560            2
2023 07 27 30.5034 31.1894 30.9124      0.8702       0.8702    1.6438            2
2023 07 28 30.4603 31.1454 30.8678      0.8274       0.8274    1.6313            2
2023 07 29 30.5052 31.1893 30.9111      0.8726       0.8726    1.6187            2
2023 07 30 30.4569 31.1402 30.8614      0.8247       0.8247    1.6058            2
2023 07 31 30.5071 31.1895 30.9100      0.8753       0.8753    1.5927            2
2023 08 01 30.4534 31.1349 30.8548      0.8220       0.8220    1.5795            2
2023 08 02 30.5089 31.1895 30.9088      0.8780       0.8780    1.5661            2
2023 08 03 30.4493 31.1292 30.8477      0.8190       0.8190    1.5525            2
2023 08 04 30.5107 31.1899 30.9077      0.8810       0.8810    1.5387            2
2023 08 05 30.4449 31.1233 30.8404      0.8158       0.8158    1.5247            2
2023 08 06 30.5126 31.1903 30.9066      0.8842       0.8842    1.5106            2
2023 08 07 30.4402 31.1173 30.8328      0.8125       0.8125    1.4964            2
2023 08 08 30.5144 31.1909 30.9056      0.8875       0.8875    1.4820            2
2023 08 09 30.4350 31.1110 30.8249      0.8090       0.8090    1.4675            2
2023 08 10 30.5161 31.1916 30.9046      0.8910       0.8910    1.4528            2
2023 08 11 30.4295 31.1044 30.8166      0.8053       0.8053    1.4380            2
2023 08 12 30.5179 31.1924 30.9037      0.8947       0.8947    1.4231            2
2023 08 13 30.4236 31.0977 30.8081      0.8014       0.8014    1.4081            2
2023 08 14 30.5198 31.1934 30.9029      0.8986       0.8986    1.3930            2
2023 08 15 30.4173 31.0907 30.7993      0.7973       0.7973    1.3778            2
2023 08 16 30.5216 31.1946 30.9023      0.9027       0.9027    1.3625            2
2023 08 17 30.4107 31.0834 30.7901      0.7930       0.7930    1.3471            2
2023 08 18 30.5234 31.1960 30.9017      0.9070       0.9070    1.3317            2
2023 08 19 30.4036 31.0760 30.7807      0.7885       0.7885    1.3161            2
2023 08 20 30.5253 31.1975 30.9012      0.9115       0.9115    1.3006            2
2023 08 21 30.3963 31.0684 30.7711      0.7839       0.7839    1.2849            2
2023 08 22 30.5271 31.1991 30.9007      0.9161       0.9161    1.2692            2
2023 08 23 30.3886 31.0606 30.7612      0.7791       0.7791    1.2535            2
2023 08 24 30.5289 31.2009 30.9004      0.9209       0.9209    1.2377            2
2023 08 25 30.3806 31.0526 30.7510      0.7741       0.7741    1.2219            2
2023 08 26 30.5308 31.2029 30.9002      0.9259       0.9259    1.2061            2
2023 08 27 30.3723 31.0444 30.7406      0.7690       0.7690    1.1902            2
2023 08 28 30.5326 31.2049 30.9000      0.9310       0.9310    1.1743            2
2023 08 29 30.3637 31.0362 30.7301      0.7638       0.7638    1.1585            2
2023 08 30 30.5344 31.2071 30.8998      0.9362       0.9362    1.1426            2
2023 08 31 30.3548 31.0278 30.7193      0.7584       0.7584    1.1267            2
2023 09 01 30.5362 31.2094 30.8998      0.9416       0.9416    1.1109            2
2023 09 02 30.3456 31.0192 30.7084      0.7529       0.7529    1.0951            2
2023 09 03 30.5379 31.2119 30.8999      0.9471       0.9471    1.0792            2
2023 09 04 30.3362 31.0106 30.6974      0.7473       0.7473    1.0635            2
2023 09 05 30.5396 31.2145 30.9000      0.9527       0.9527    1.0477            2
2023 09 06 30.3265 31.0018 30.6862      0.7416       0.7416    1.0320            2
2023 09 07 30.5413 31.2171 30.9002      0.9584       0.9584    1.0163            2
2023 09 08 30.3167 30.9931 30.6749      0.7359       0.7359    1.0007            2
2023 09 09 30.5428 31.2198 30.9003      0.9641       0.9641    0.9852            1
2023 09 10 30.3066 30.9843 30.6636      0.7301       0.7301    0.9697            1
2023 09 11 30.5443 31.2226 30.9006      0.9699       0.9699    0.9542            1
2023 09 12 30.2965 30.9755 30.6522      0.7243       0.7243    0.9389            1
2023 09 13 30.5456 31.2254 30.9008      0.9757       0.9757    0.9236            1
2023 09 14 30.2862 30.9667 30.6408      0.7185       0.7185    0.9084            1
2023 09 15 30.5469 31.2282 30.9010      0.9815       0.9815    0.8932            1
2023 09 16 30.2757 30.9580 30.6294      0.7127       0.7127    0.8782            1
2023 09 17 30.5480 31.2311 30.9012      0.9873       0.9873    0.8633            1
2023 09 18 30.2652 30.9492 30.6180      0.7069       0.7069    0.8484            1
2023 09 19 30.5490 31.2340 30.9014      0.9931       0.9931    0.8336            1
2023 09 20 30.2547 30.9407 30.6067      0.7012       0.7012    0.8190            1
2023 09 21 30.5498 31.2368 30.9015      0.9988       0.9988    0.8044            1
2023 09 22 30.2442 30.9322 30.5956      0.6956       0.6956    0.7900            1
2023 09 23 30.5504 31.2396 30.9016      1.0044       1.0044    0.7757            1
2023 09 24 30.2336 30.9239 30.5845      0.6901       0.6901    0.7615            1
2023 09 25 30.5509 31.2423 30.9015      1.0099       1.0099    0.7474            1
2023 09 26 30.2230 30.9156 30.5735      0.6846       0.6846    0.7334            1
2023 09 27 30.5512 31.2450 30.9015      1.0154       1.0154    0.7196            1
2023 09 28 30.2126 30.9076 30.5628      0.6794       0.6794    0.7059            1
2023 09 29 30.5512 31.2475 30.9013      1.0206       1.0206    0.6923            1
2023 09 30 30.2022 30.8998 30.5523      0.6743       0.6743    0.6789            1
2023 10 01 30.5509 31.2499 30.9010      1.0257       1.0257    0.6656            1
2023 10 02 30.1920 30.8923 30.5420      0.6694       0.6694    0.6524            1
2023 10 03 30.5505 31.2522 30.9005      1.0306       1.0306    0.6394            1
2023 10 04 30.1818 30.8850 30.5319      0.6647       0.6647    0.6265            1
2023 10 05 30.5497 31.2543 30.8999      1.0353       1.0353    0.6137            1
2023 10 06 30.1720 30.8781 30.5222      0.6603       0.6603    0.6011            1
2023 10 07 30.5486 31.2562 30.8990      1.0397       1.0397    0.5887            1
2023 10 08 30.1622 30.8714 30.5128      0.6561       0.6561    0.5764            1
2023 10 09 30.5473 31.2580 30.8980      1.0439       1.0439    0.5642            1
2023 10 10 30.1528 30.8651 30.5038      0.6522       0.6522    0.5523            1
2023 10 11 30.5456 31.2595 30.8968      1.0478       1.0478    0.5404            1
2023 10 12 30.1436 30.8592 30.4951      0.6486       0.6486    0.5287            1
2023 10 13 30.5435 31.2608 30.8954      1.0514       1.0514    0.5172            1
2023 10 14 30.1346 30.8536 30.4868      0.6453       0.6453    0.5058            1
2023 10 15 30.5412 31.2619 30.8938      1.0547       1.0547    0.4946            1
2023 10 16 30.1261 30.8485 30.4790      0.6424       0.6424    0.4835            1
2023 10 17 30.5384 31.2626 30.8918      1.0576       1.0576    0.4726            1
2023 10 18 30.1178 30.8437 30.4717      0.6398       0.6398    0.4619            1
2023 10 19 30.5353 31.2631 30.8897      1.0602       1.0602    0.4513            1
2023 10 20 30.1100 30.8396 30.4649      0.6377       0.6377    0.4409            1
2023 10 21 30.5317 31.2632 30.8872      1.0623       1.0623    0.4306            1
2023 10 22 30.1025 30.8358 30.4585      0.6359       0.6359    0.4205            1
2023 10 23 30.5278 31.2631 30.8844      1.0641       1.0641    0.4106            1
2023 10 24 30.0954 30.8325 30.4526      0.6345       0.6345    0.4008            1
2023 10 25 30.5235 31.2626 30.8814      1.0655       1.0655    0.3912            1
2023 10 26 30.0888 30.8298 30.4474      0.6336       0.6336    0.3817            1
2023 10 27 30.5187 31.2617 30.8780      1.0664       1.0664    0.3724            1
2023 10 28 30.0826 30.8276 30.4426      0.6331       0.6331    0.3633            1
2023 10 29 30.5136 31.2605 30.8744      1.0669       1.0669    0.3543            1
2023 10 30 30.0768 30.8258 30.4384      0.6330       0.6330    0.3455            1
2023 10 31 30.5080 31.2590 30.8704      1.0670       1.0670    0.3368            1
2023 11 01 30.0716 30.8247 30.4349      0.6334       0.6334    0.3283            1
2023 11 02 30.5020 31.2571 30.8661      1.0666       1.0666    0.3199            1
2023 11 03 30.0669 30.8241 30.4320      0.6343       0.6343    0.3117            1
2023 11 04 30.4956 31.2548 30.8615      1.0657       1.0657    0.3036            1
2023 11 05 30.0628 30.8241 30.4297      0.6357       0.6357    0.2957            1
2023 11 06 30.4886 31.2521 30.8565      1.0643       1.0643    0.2880            1
2023 11 07 30.0591 30.8247 30.4279      0.6375       0.6375    0.2804            1
2023 11 08 30.4814 31.2491 30.8512      1.0625       1.0625    0.2729            1
2023 11 09 30.0560 30.8259 30.4269      0.6399       0.6399    0.2656            1
2023 11 10 30.4735 31.2455 30.8455      1.0601       1.0601    0.2585            1
2023 11 11 30.0535 30.8276 30.4265      0.6427       0.6427    0.2515            1
2023 11 12 30.4654 31.2417 30.8396      1.0573       1.0573    0.2446            1
2023 11 13 30.0514 30.8299 30.4267      0.6460       0.6460    0.2379            1
2023 11 14 30.4568 31.2375 30.8333      1.0540       1.0540    0.2313            1
2023 11 15 30.0500 30.8329 30.4276      0.6498       0.6498    0.2249            1
2023 11 16 30.4478 31.2328 30.8266      1.0502       1.0502    0.2186            1
2023 11 17 30.0491 30.8364 30.4292      0.6541       0.6541    0.2124            1
2023 11 18 30.4384 31.2278 30.8197      1.0459       1.0459    0.2064            1
2023 11 19 30.0489 30.8405 30.4314      0.6589       0.6589    0.2005            1
2023 11 20 30.4286 31.2224 30.8124      1.0411       1.0411    0.1947            1
2023 11 21 30.0491 30.8451 30.4342      0.6641       0.6641    0.1891            1
2023 11 22 30.4184 31.2167 30.8049      1.0359       1.0359    0.1836            1
2023 11 23 30.0499 30.8503 30.4377      0.6698       0.6698    0.1782            1
2023 11 24 30.4079 31.2105 30.7971      1.0302       1.0302    0.1729            1
2023 11 25 30.0513 30.8562 30.4419      0.6760       0.6760    0.1678            1
2023 11 26 30.3970 31.2040 30.7889      1.0240       1.0240    0.1628            1
2023 11 27 30.0533 30.8625 30.4466      0.6826       0.6826    0.1579            1
2023 11 28 30.3858 31.1972 30.7805      1.0174       1.0174    0.1531            1
2023 11 29 30.0558 30.8694 30.4520      0.6897       0.6897    0.1485            1
2023 11 30 30.3742 31.1900 30.7718      1.0103       1.0103    0.1439            1
2023 12 01 30.0588 30.8768 30.4579      0.6971       0.6971    0.1395            1
2023 12 02 30.3624 31.1826 30.7630      1.0029       1.0029    0.1352            1
2023 12 03 30.0624 30.8847 30.4645      0.7050       0.7050    0.1310            1
2023 12 04 30.3503 31.1748 30.7539      0.9950       0.9950    0.1269            1
2023 12 05 30.0664 30.8931 30.4716      0.7132       0.7132    0.1229            1
2023 12 06 30.3380 31.1668 30.7447      0.9868       0.9868    0.1190            1
2023 12 07 30.0710 30.9019 30.4792      0.7218       0.7218    0.1152            1
2023 12 08 30.3254 31.1585 30.7352      0.9782       0.9782    0.1115            1
2023 12 09 30.0761 30.9113 30.4875      0.7308       0.7308    0.1079            1
2023 12 10 30.3126 31.1499 30.7256      0.9692       0.9692    0.1044            1
2023 12 11 30.0815 30.9210 30.4961      0.7400       0.7400    0.1010            1
2023 12 12 30.2997 31.1412 30.7159      0.9600       0.9600    0.0977            1
2023 12 13 30.0875 30.9311 30.5054      0.7496       0.7496    0.0945            1
2023 12 14 30.2866 31.1323 30.7061      0.9504       0.9504    0.0914            1
2023 12 15 30.0939 30.9416 30.5150      0.7594       0.7594    0.0883            1
2023 12 16 30.2734 31.1232 30.6962      0.9406       0.9406    0.0854            1
2023 12 17 30.1007 30.9525 30.5251      0.7695       0.7695    0.0825            1
2023 12 18 30.2601 31.1139 30.6862      0.9305       0.9305    0.0797            1
2023 12 19 30.1078 30.9637 30.5357      0.7798       0.7798    0.0770            1
2023 12 20 30.2467 31.1045 30.6762      0.9202       0.9202    0.0744            1
2023 12 21 30.1153 30.9750 30.5465      0.7902       0.7902    0.0718            1
2023 12 22 30.2335 31.0952 30.6663      0.9098       0.9098    0.0693            1
2023 12 23 30.1232 30.9868 30.5578      0.8009       0.8009    0.0669            1
2023 12 24 30.2201 31.0856 30.6563      0.8991       0.8991    0.0646            1
2023 12 25 30.1314 30.9988 30.5694      0.8117       0.8117    0.0623            1
2023 12 26 30.2067 31.0760 30.6464      0.8883       0.8883    0.0601            1
2023 12 27 30.1397 31.0108 30.5811      0.8225       0.8225    0.0580            1
2023 12 28 30.1936 31.0665 30.6367      0.8775       0.8775    0.0559            1
2023 12 29 30.1485 31.0232 30.5933      0.8335       0.8335    0.0539            1
2023 12 30 30.1804 31.0569 30.6270      0.8665       0.8665    0.0520            1
2023 12 31 30.1629 31.0412 30.6112      0.8500       0.8500    0.0501            1
2024 01 01 30.1621 31.0421 30.6121      0.8500       0.8500    0.1578            1
2024 01 02 30.1612 31.0429 30.6129      0.8500       0.8500    0.1629            1
2024 01 03 30.1713 31.0547 30.6247      0.8610       0.8610    0.1681            1
2024 01 04 30.1485 31.0335 30.6036      0.8390       0.8390    0.1734            1
2024 01 05 30.1806 31.0673 30.6375      0.8719       0.8719    0.1788            1
2024 01 06 30.1361 31.0243 30.5946      0.8281       0.8281    0.1844            1
2024 01 07 30.1901 31.0799 30.6504      0.8828       0.8828    0.1901            1
2024 01 08 30.1239 31.0153 30.5858      0.8172       0.8172    0.1959            1
2024 01 09 30.1997 31.0926 30.6634      0.8936       0.8936    0.2019            1
2024 01 10 30.1119 31.0064 30.5773      0.8064       0.8064    0.2080            1
2024 01 11 30.2093 31.1053 30.6764      0.9043       0.9043    0.2143            1
2024 01 12 30.1003 30.9977 30.5691      0.7957       0.7957    0.2208            1
2024 01 13 30.2191 31.1179 30.6896      0.9149       0.9149    0.2273            1
2024 01 14 30.0890 30.9891 30.5611      0.7851       0.7851    0.2341            1
2024 01 15 30.2288 31.1303 30.7026      0.9252       0.9252    0.2409            1
2024 01 16 30.0781 30.9809 30.5536      0.7748       0.7748    0.2480            1
2024 01 17 30.2385 31.1426 30.7156      0.9354       0.9354    0.2552            1
2024 01 18 30.0676 30.9730 30.5463      0.7646       0.7646    0.2625            1
2024 01 19 30.2482 31.1548 30.7286      0.9453       0.9453    0.2701            1
2024 01 20 30.0575 30.9653 30.5396      0.7547       0.7547    0.2777            1
2024 01 21 30.2578 31.1668 30.7415      0.9550       0.9550    0.2856            1
2024 01 22 30.0479 30.9580 30.5331      0.7450       0.7450    0.2936            1
2024 01 23 30.2673 31.1786 30.7542      0.9644       0.9644    0.3018            1
2024 01 24 30.0387 30.9510 30.5272      0.7356       0.7356    0.3102            1
2024 01 25 30.2768 31.1901 30.7668      0.9735       0.9735    0.3187            1
2024 01 26 30.0300 30.9444 30.5216      0.7265       0.7265    0.3274            1
2024 01 27 30.2860 31.2013 30.7792      0.9822       0.9822    0.3362            1
2024 01 28 30.0219 30.9382 30.5166      0.7178       0.7178    0.3453            1
2024 01 29 30.2951 31.2123 30.7914      0.9906       0.9906    0.3545            1
2024 01 30 30.0143 30.9324 30.5121      0.7094       0.7094    0.3639            1
2024 01 31 30.3041 31.2230 30.8034      0.9987       0.9987    0.3735            1
2024 02 01 30.0073 30.9269 30.5080      0.7013       0.7013    0.3833            1
2024 02 02 30.3128 31.2333 30.8150      1.0063       1.0063    0.3932            1
2024 02 03 30.0009 30.9220 30.5045      0.6937       0.6937    0.4033            1
2024 02 04 30.3214 31.2433 30.8265      1.0136       1.0136    0.4136            1
2024 02 05 29.9949 30.9175 30.5015      0.6864       0.6864    0.4241            1
2024 02 06 30.3297 31.2529 30.8377      1.0204       1.0204    0.4348            1
2024 02 07 29.9897 30.9135 30.4991      0.6796       0.6796    0.4457            1
2024 02 08 30.3378 31.2621 30.8485      1.0268       1.0268    0.4567            1
2024 02 09 29.9851 30.9099 30.4971      0.6732       0.6732    0.4680            1
2024 02 10 30.3456 31.2709 30.8590      1.0328       1.0328    0.4794            1
2024 02 11 29.9810 30.9067 30.4957      0.6672       0.6672    0.4910            1
2024 02 12 30.3531 31.2792 30.8691      1.0382       1.0382    0.5028            1
2024 02 13 29.9778 30.9042 30.4951      0.6618       0.6618    0.5148            1
2024 02 14 30.3604 31.2872 30.8789      1.0433       1.0433    0.5269            1
2024 02 15 29.9750 30.9021 30.4948      0.6567       0.6567    0.5393            1
2024 02 16 30.3673 31.2946 30.8883      1.0478       1.0478    0.5518            1
2024 02 17 29.9730 30.9005 30.4952      0.6522       0.6522    0.5646            1
2024 02 18 30.3740 31.3017 30.8973      1.0519       1.0519    0.5775            1
2024 02 19 29.9715 30.8994 30.4961      0.6481       0.6481    0.5906            1
2024 02 20 30.3803 31.3083 30.9060      1.0555       1.0555    0.6038            1
2024 02 21 29.9707 30.8988 30.4975      0.6445       0.6445    0.6173            1
2024 02 22 30.3863 31.3144 30.9142      1.0586       1.0586    0.6310            1
2024 02 23 29.9706 30.8987 30.4996      0.6414       0.6414    0.6448            1
2024 02 24 30.3920 31.3200 30.9220      1.0612       1.0612    0.6588            1
2024 02 25 29.9712 30.8991 30.5022      0.6388       0.6388    0.6730            1
2024 02 26 30.3973 31.3251 30.9293      1.0633       1.0633    0.6873            1
2024 02 27 29.9724 30.9000 30.5054      0.6367       0.6367    0.7019            1
2024 02 28 30.4023 31.3298 30.9362      1.0649       1.0649    0.7166            1
2024 02 29 29.9743 30.9015 30.5091      0.6351       0.6351    0.7314            1
2024 03 01 30.4071 31.3340 30.9428      1.0661       1.0661    0.7465            1
2024 03 02 29.9767 30.9033 30.5133      0.6339       0.6339    0.7617            1
2024 03 03 30.4115 31.3377 30.9489      1.0668       1.0668    0.7771            1
2024 03 04 29.9798 30.9057 30.5181      0.6332       0.6332    0.7926            1
2024 03 05 30.4155 31.3410 30.9546      1.0670       1.0670    0.8083            1
2024 03 06 29.9835 30.9085 30.5233      0.6330       0.6330    0.8242            1
2024 03 07 30.4193 31.3438 30.9599      1.0668       1.0668    0.8402            1
2024 03 08 29.9878 30.9117 30.5291      0.6332       0.6332    0.8563            1
2024 03 09 30.4227 31.3461 30.9647      1.0661       1.0661    0.8726            1
2024 03 10 29.9927 30.9154 30.5353      0.6339       0.6339    0.8891            1
2024 03 11 30.4259 31.3480 30.9692      1.0650       1.0650    0.9056            1
2024 03 12 29.9981 30.9195 30.5420      0.6350       0.6350    0.9224            1
2024 03 13 30.4288 31.3495 30.9732      1.0635       1.0635    0.9392            1
2024 03 14 30.0040 30.9240 30.5490      0.6365       0.6365    0.9562            1
2024 03 15 30.4313 31.3505 30.9768      1.0615       1.0615    0.9733            1
2024 03 16 30.0106 30.9290 30.5566      0.6385       0.6385    0.9905            1
2024 03 17 30.4336 31.3511 30.9801      1.0592       1.0592    1.0079            2
2024 03 18 30.0176 30.9342 30.5645      0.6408       0.6408    1.0253            2
2024 03 19 30.4356 31.3513 30.9830      1.0565       1.0565    1.0429            2
2024 03 20 30.0250 30.9398 30.5727      0.6435       0.6435    1.0606            2
2024 03 21 30.4374 31.3511 30.9854      1.0534       1.0534    1.0783            2
2024 03 22 30.0330 30.9458 30.5814      0.6466       0.6466    1.0962            2
2024 03 23 30.4389 31.3506 30.9876      1.0500       1.0500    1.1141            2
2024 03 24 30.0414 30.9520 30.5903      0.6500       0.6500    1.1321            2
2024 03 25 30.4402 31.3497 30.9894      1.0463       1.0463    1.1502            2
2024 03 26 30.0502 30.9585 30.5996      0.6537       0.6537    1.1684            2
2024 03 27 30.4413 31.3484 30.9909      1.0423       1.0423    1.1866            2
2024 03 28 30.0593 30.9652 30.6090      0.6577       0.6577    1.2049            2
2024 03 29 30.4423 31.3470 30.9922      1.0381       1.0381    1.2233            2
2024 03 30 30.0688 30.9721 30.6187      0.6619       0.6619    1.2416            2
2024 03 31 30.4430 31.3450 30.9930      1.0335       1.0335    1.2601            2
2024 04 01 30.0787 30.9794 30.6287      0.6665       0.6665    1.2785            2
2024 04 02 30.4437 31.3430 30.9937      1.0288       1.0288    1.2970            2
2024 04 03 30.0888 30.9867 30.6387      0.6712       0.6712    1.3155            2
2024 04 04 30.4441 31.3405 30.9940      1.0238       1.0238    1.3340            2
2024 04 05 30.0992 30.9942 30.6490      0.6762       0.6762    1.3526            2
2024 04 06 30.4444 31.3379 30.9941      1.0187       1.0187    1.3711            2
2024 04 07 30.1098 31.0018 30.6593      0.6813       0.6813    1.3896            2
2024 04 08 30.4446 31.3351 30.9940      1.0134       1.0134    1.4081            2
2024 04 09 30.1206 31.0095 30.6698      0.6866       0.6866    1.4266            2
2024 04 10 30.4447 31.3320 30.9936      1.0079       1.0079    1.4451            2
2024 04 11 30.1317 31.0174 30.6803      0.6921       0.6921    1.4635            2
2024 04 12 30.4448 31.3288 30.9932      1.0024       1.0024    1.4819            2
2024 04 13 30.1428 31.0251 30.6908      0.6976       0.6976    1.5002            2
2024 04 14 30.4447 31.3254 30.9924      0.9967       0.9967    1.5184            2
2024 04 15 30.1541 31.0331 30.7014      0.7033       0.7033    1.5367            2
2024 04 16 30.4446 31.3218 30.9916      0.9910       0.9910    1.5548            2
2024 04 17 30.1655 31.0409 30.7119      0.7090       0.7090    1.5728            2
2024 04 18 30.4446 31.3183 30.9906      0.9853       0.9853    1.5908            2
2024 04 19 30.1768 31.0487 30.7224      0.7147       0.7147    1.6086            2
2024 04 20 30.4445 31.3145 30.9895      0.9795       0.9795    1.6264            2
2024 04 21 30.1883 31.0565 30.7328      0.7205       0.7205    1.6440            2
2024 04 22 30.4443 31.3106 30.9882      0.9737       0.9737    1.6616            2
2024 04 23 30.1998 31.0642 30.7430      0.7263       0.7263    1.6790            2
2024 04 24 30.4442 31.3067 30.9868      0.9679       0.9679    1.6962            2
2024 04 25 30.2112 31.0718 30.7532      0.7321       0.7321    1.7133            2
2024 04 26 30.4441 31.3027 30.9854      0.9621       0.9621    1.7303            2
2024 04 27 30.2227 31.0794 30.7633      0.7379       0.7379    1.7471            2
2024 04 28 30.4440 31.2987 30.9839      0.9564       0.9564    1.7637            2
2024 04 29 30.2340 31.0867 30.7731      0.7436       0.7436    1.7802            2
2024 04 30 30.4440 31.2947 30.9823      0.9508       0.9508    1.7965            2
2024 05 01 30.2452 31.0939 30.7827      0.7492       0.7492    1.8126            2
2024 05 02 30.4441 31.2907 30.9807      0.9453       0.9453    1.8284            2
2024 05 03 30.2563 31.1009 30.7921      0.7547       0.7547    1.8441            2
2024 05 04 30.4442 31.2867 30.9790      0.9398       0.9398    1.8596            2
2024 05 05 30.2674 31.1078 30.8013      0.7602       0.7602    1.8748            2
2024 05 06 30.4444 31.2827 30.9774      0.9345       0.9345    1.8898            2
2024 05 07 30.2782 31.1144 30.8101      0.7655       0.7655    1.9046            2
2024 05 08 30.4447 31.2788 30.9757      0.9293       0.9293    1.9191            2
2024 05 09 30.2888 31.1208 30.8188      0.7707       0.7707    1.9334            2
2024 05 10 30.4451 31.2749 30.9740      0.9243       0.9243    1.9474            2
2024 05 11 30.2992 31.1269 30.8270      0.7757       0.7757    1.9612            2
2024 05 12 30.4455 31.2711 30.9723      0.9194       0.9194    1.9747            2
2024 05 13 30.3094 31.1328 30.8351      0.7806       0.7806    1.9879            2
2024 05 14 30.4460 31.2672 30.9706      0.9146       0.9146    2.0008            2
2024 05 15 30.3194 31.1385 30.8428      0.7854       0.7854    2.0134            2
2024 05 16 30.4466 31.2635 30.9688      0.9100       0.9100    2.0257            2
2024 05 17 30.3292 31.1439 30.8502      0.7900       0.7900    2.0377            2
2024 05 18 30.4474 31.2599 30.9672      0.9057       0.9057    2.0494            2
2024 05 19 30.3386 31.1489 30.8571      0.7943       0.7943    2.0608            2
2024 05 20 30.4482 31.2563 30.9655      0.9014       0.9014    2.0718            2
2024 05 21 30.3479 31.1538 30.8639      0.7986       0.7986    2.0826            2
2024 05 22 30.4491 31.2528 30.9638      0.8974       0.8974    2.0930            2
2024 05 23 30.3568 31.1583 30.8702      0.8026       0.8026    2.1030            2
2024 05 24 30.4502 31.2495 30.9622      0.8936       0.8936    2.1127            2
2024 05 25 30.3654 31.1625 30.8761      0.8064       0.8064    2.1220            2
2024 05 26 30.4512 31.2461 30.9605      0.8899       0.8899    2.1310            2
2024 05 27 30.3737 31.1665 30.8817      0.8101       0.8101    2.1396            2
2024 05 28 30.4524 31.2430 30.9590      0.8865       0.8865    2.1479            2
2024 05 29 30.3817 31.1701 30.8868      0.8135       0.8135    2.1557            2
2024 05 30 30.4537 31.2398 30.9573      0.8832       0.8832    2.1632            2
2024 05 31 30.3895 31.1735 30.8917      0.8168       0.8168    2.1703            2
2024 06 01 30.4549 31.2368 30.9557      0.8801       0.8801    2.1771            2
2024 06 02 30.3969 31.1765 30.8962      0.8199       0.8199    2.1834            2
2024 06 03 30.4563 31.2338 30.9541      0.8772       0.8772    2.1894            2
2024 06 04 30.4040 31.1793 30.9002      0.8228       0.8228    2.1949            2
2024 06 05 30.4578 31.2309 30.9525      0.8745       0.8745    2.2001            2
2024 06 06 30.4108 31.1818 30.9039      0.8255       0.8255    2.2048            2
2024 06 07 30.4592 31.2280 30.9508      0.8719       0.8719    2.2092            2
2024 06 08 30.4173 31.1840 30.9074      0.8281       0.8281    2.2131            2
2024 06 09 30.4606 31.2252 30.9491      0.8695       0.8695    2.2166            2
2024 06 10 30.4235 31.1860 30.9104      0.8305       0.8305    2.2198            2
2024 06 11 30.4621 31.2226 30.9474      0.8673       0.8673    2.2225            2
2024 06 12 30.4293 31.1877 30.9130      0.8327       0.8327    2.2248            2
2024 06 13 30.4636 31.2199 30.9457      0.8652       0.8652    2.2267            2
2024 06 14 30.4349 31.1891 30.9153      0.8348       0.8348    2.2281            2
2024 06 15 30.4650 31.2172 30.9438      0.8632       0.8632    2.2292            2
2024 06 16 30.4403 31.1904 30.9174      0.8368       0.8368    2.2298            2
2024 06 17 30.4665 31.2146 30.9419      0.8614       0.8614    2.2300            2
2024 06 18 30.4452 31.1913 30.9191      0.8386       0.8386    2.2298            2
2024 06 19 30.4678 31.2119 30.9399      0.8596       0.8596    2.2292            2
2024 06 20 30.4501 31.1922 30.9205      0.8404       0.8404    2.2281            2
2024 06 21 30.4691 31.2093 30.9379      0.8580       0.8580    2.2267            2
2024 06 22 30.4545 31.1928 30.9216      0.8420       0.8420    2.2248            2
2024 06 23 30.4703 31.2066 30.9357      0.8564       0.8564    2.2225            2
2024 06 24 30.4588 31.1932 30.9225      0.8436       0.8436    2.2198            2
2024 06 25 30.4714 31.2039 30.9333      0.8549       0.8549    2.2166            2
2024 06 26 30.4628 31.1935 30.9231      0.8451       0.8451    2.2131            2
2024 06 27 30.4724 31.2012 30.9309      0.8535       0.8535    2.2092            2
2024 06 28 30.4665 31.1936 30.9234      0.8465       0.8465    2.2048            2
2024 06 29 30.4732 31.1985 30.9284      0.8521       0.8521    2.2001            2
2024 06 30 30.4701 31.1935 30.9235      0.8479       0.8479    2.1949            2
2024 07 01 30.4739 31.1956 30.9256      0.8507       0.8507    2.1894            2
2024 07 02 30.4734 31.1934 30.9234      0.8493       0.8493    2.1834            2
2024 07 03 30.4743 31.1926 30.9226      0.8493       0.8493    2.1771            2
2024 07 04 30.4766 31.1932 30.9232      0.8507       0.8507    2.1703            2
2024 07 05 30.4746 31.1896 30.9195      0.8479       0.8479    2.1632            2
2024 07 06 30.4796 31.1929 30.9227      0.8521       0.8521    2.1557            2
2024 07 07 30.4747 31.1865 30.9162      0.8465       0.8465    2.1479            2
2024 07 08 30.4824 31.1926 30.9221      0.8535       0.8535    2.1396            2
2024 07 09 30.4746 31.1832 30.9127      0.8451       0.8451    2.1310            2
2024 07 10 30.4850 31.1921 30.9213      0.8549       0.8549    2.1220            2
2024 07 11 30.4743 31.1798 30.9089      0.8436       0.8436    2.1127            2
2024 07 12 30.4876 31.1916 30.9205      0.8564       0.8564    2.1030            2
2024 07 13 30.4736 31.1762 30.9048      0.8420       0.8420    2.0930            2
2024 07 14 30.4900 31.1912 30.9195      0.8580       0.8580    2.0826            2
2024 07 15 30.4727 31.1726 30.9006      0.8404       0.8404    2.0718            2
2024 07 16 30.4922 31.1907 30.9184      0.8596       0.8596    2.0608            2
2024 07 17 30.4715 31.1687 30.8960      0.8386       0.8386    2.0494            2
2024 07 18 30.4945 31.1904 30.9174      0.8614       0.8614    2.0377            2
2024 07 19 30.4700 31.1646 30.8913      0.8368       0.8368    2.0257            2
2024 07 20 30.4965 31.1899 30.9161      0.8632       0.8632    2.0134            2
2024 07 21 30.4682 31.1604 30.8861      0.8348       0.8348    2.0008            2
2024 07 22 30.4986 31.1896 30.9149      0.8652       0.8652    1.9879            2
2024 07 23 30.4660 31.1559 30.8808      0.8327       0.8327    1.9747            2
2024 07 24 30.5006 31.1893 30.9137      0.8673       0.8673    1.9612            2
2024 07 25 30.4636 31.1513 30.8751      0.8305       0.8305    1.9474            2
2024 07 26 30.5024 31.1891 30.9124      0.8695       0.8695    1.9334            2
2024 07 27 30.4608 31.1464 30.8692      0.8281       0.8281    1.9191            2
2024 07 28 30.5043 31.1890 30.9111      0.8719       0.8719    1.9046            2
2024 07 29 30.4576 31.1413 30.8629      0.8255       0.8255    1.8898            2
2024 07 30 30.5062 31.1890 30.9099      0.8745       0.8745    1.8748            2
2024 07 31 30.4541 31.1360 30.8563      0.8228       0.8228    1.8596            2
2024 08 01 30.5080 31.1891 30.9087      0.8772       0.8772    1.8441            2
2024 08 02 30.4501 31.1305 30.8494      0.8199       0.8199    1.8284            2
2024 08 03 30.5098 31.1893 30.9076      0.8801       0.8801    1.8126            2
2024 08 04 30.4458 31.1247 30.8422      0.8168       0.8168    1.7965            2
2024 08 05 30.5116 31.1897 30.9065      0.8832       0.8832    1.7802            2
2024 08 06 30.4412 31.1186 30.8346      0.8135       0.8135    1.7637            2
2024 08 07 30.5134 31.1902 30.9054      0.8865       0.8865    1.7471            2
2024 08 08 30.4362 31.1124 30.8268      0.8101       0.8101    1.7303            2
2024 08 09 30.5151 31.1908 30.9044      0.8899       0.8899    1.7133            2
2024 08 10 30.4307 31.1059 30.8187      0.8064       0.8064    1.6962            2
2024 08 11 30.5170 31.1917 30.9036      0.8936       0.8936    1.6790            2
2024 08 12 30.4250 31.0993 30.8103      0.8026       0.8026    1.6616            2
2024 08 13 30.5187 31.1926 30.9027      0.8974       0.8974    1.6440            2
2024 08 14 30.4188 31.0924 30.8015      0.7986       0.7986    1.6264            2
2024 08 15 30.5205 31.1937 30.9020      0.9014       0.9014    1.6086            2
2024 08 16 30.4122 31.0851 30.7924      0.7943       0.7943    1.5908            2
2024 08 17 30.5224 31.1951 30.9014      0.9057       0.9057    1.5728            2
2024 08 18 30.4054 31.0779 30.7832      0.7900       0.7900    1.5548            2
2024 08 19 30.5241 31.1964 30.9008      0.9100       0.9100    1.5367            2
2024 08 20 30.3982 31.0703 30.7736      0.7854       0.7854    1.5184            2
2024 08 21 30.5260 31.1980 30.9003      0.9146       0.9146    1.5002            2
2024 08 22 30.3906 31.0625 30.7638      0.7806       0.7806    1.4819            2
2024 08 23 30.5279 31.1998 30.9000      0.9194       0.9194    1.4635            2
2024 08 24 30.3827 31.0546 30.7537      0.7757       0.7757    1.4451            2
2024 08 25 30.5297 31.2017 30.8997      0.9243       0.9243    1.4266            2
2024 08 26 30.3745 31.0466 30.7435      0.7707       0.7707    1.4081            2
2024 08 27 30.5315 31.2037 30.8995      0.9293       0.9293    1.3896            2
2024 08 28 30.3660 31.0384 30.7330      0.7655       0.7655    1.3711            2
2024 08 29 30.5333 31.2058 30.8994      0.9345       0.9345    1.3526            2
2024 08 30 30.3572 31.0300 30.7224      0.7602       0.7602    1.3340            2
2024 08 31 30.5350 31.2081 30.8993      0.9398       0.9398    1.3155            2
2024 09 01 30.3481 31.0215 30.7115      0.7547       0.7547    1.2970            2
2024 09 02 30.5368 31.2106 30.8994      0.9453       0.9453    1.2785            2
2024 09 03 30.3388 31.0129 30.7005      0.7492       0.7492    1.2601            2
2024 09 04 30.5385 31.2130 30.8994      0.9508       0.9508    1.2416            2
2024 09 05 30.3293 31.0043 30.6895      0.7436       0.7436    1.2233            2
2024 09 06 30.5401 31.2156 30.8995      0.9564       0.9564    1.2049            2
2024 09 07 30.3195 30.9956 30.6782      0.7379       0.7379    1.1866            2
2024 09 08 30.5417 31.2183 30.8997      0.9621       0.9621    1.1684            2
2024 09 09 30.3095 30.9868 30.6669      0.7321       0.7321    1.1502            2
2024 09 10 30.5432 31.2211 30.8999      0.9679       0.9679    1.1321            2
2024 09 11 30.2994 30.9780 30.6555      0.7263       0.7263    1.1141            2
2024 09 12 30.5446 31.2239 30.9002      0.9737       0.9737    1.0962            2
2024 09 13 30.2892 30.9692 30.6442      0.7205       0.7205    1.0783            2
2024 09 14 30.5459 31.2267 30.9004      0.9795       0.9795    1.0606            2
2024 09 15 30.2788 30.9604 30.6328      0.7147       0.7147    1.0429            2
2024 09 16 30.5471 31.2296 30.9006      0.9853       0.9853    1.0253            2
2024 09 17 30.2684 30.9518 30.6215      0.7090       0.7090    1.0079            2
2024 09 18 30.5481 31.2324 30.9007      0.9910       0.9910    0.9905            1
2024 09 19 30.2580 30.9432 30.6103      0.7033       0.7033    0.9733            1
2024 09 20 30.5489 31.2352 30.9009      0.9967       0.9967    0.9562            1
2024 09 21 30.2474 30.9346 30.5990      0.6976       0.6976    0.9392            1
2024 09 22 30.5497 31.2380 30.9010      1.0024       1.0024    0.9224            1
2024 09 23 30.2369 30.9263 30.5880      0.6921       0.6921    0.9056            1
2024 09 24 30.5502 31.2407 30.9010      1.0079       1.0079    0.8891            1
2024 09 25 30.2263 30.9180 30.5769      0.6866       0.6866    0.8726            1
2024 09 26 30.5506 31.2435 30.9010      1.0134       1.0134    0.8563            1
2024 09 27 30.2159 30.9100 30.5662      0.6813       0.6813    0.8402            1
2024 09 28 30.5507 31.2460 30.9008      1.0187       1.0187    0.8242            1
2024 09 29 30.2055 30.9022 30.5556      0.6762       0.6762    0.8083            1
2024 09 30 30.5505 31.2485 30.9005      1.0238       1.0238    0.7926            1
2024 10 01 30.1952 30.8945 30.5452      0.6712       0.6712    0.7771            1
2024 10 02 30.5501 31.2508 30.9001      1.0288       1.0288    0.7617            1
2024 10 03 30.1851 30.8872 30.5352      0.6665       0.6665    0.7465            1
2024 10 04 30.5494 31.2530 30.8995      1.0335       1.0335    0.7314            1
2024 10 05 30.1751 30.8801 30.5253      0.6619       0.6619    0.7166            1
2024 10 06 30.5486 31.2551 30.8989      1.0381       1.0381    0.7019            1
2024 10 07 30.1654 30.8734 30.5159      0.6577       0.6577    0.6873            1
2024 10 08 30.5473 31.2568 30.8979      1.0423       1.0423    0.6730            1
2024 10 09 30.1559 30.8670 30.5067      0.6537       0.6537    0.6588            1
2024 10 10 30.5457 31.2584 30.8968      1.0463       1.0463    0.6448            1
2024 10 11 30.1466 30.8609 30.4980      0.6500       0.6500    0.6310            1
2024 10 12 30.5438 31.2598 30.8954      1.0500       1.0500    0.6173            1
2024 10 13 30.1376 30.8553 30.4896      0.6466       0.6466    0.6038            1
2024 10 14 30.5416 31.2609 30.8939      1.0534       1.0534    0.5906            1
2024 10 15 30.1289 30.8499 30.4816      0.6435       0.6435    0.5775            1
2024 10 16 30.5391 31.2619 30.8921      1.0565       1.0565    0.5646            1
2024 10 17 30.1205 30.8451 30.4741      0.6408       0.6408    0.5518            1
2024 10 18 30.5361 31.2624 30.8901      1.0592       1.0592    0.5393            1
2024 10 19 30.1126 30.8407 30.4670      0.6385       0.6385    0.5269            1
2024 10 20 30.5327 31.2627 30.8877      1.0615       1.0615    0.5148            1
2024 10 21 30.1049 30.8367 30.4604      0.6365       0.6365    0.5028            1
2024 10 22 30.5291 31.2628 30.8852      1.0635       1.0635    0.4910            1
2024 10 23 30.0977 30.8333 30.4545      0.6350       0.6350    0.4794            1
2024 10 24 30.5249 31.2624 30.8823      1.0650       1.0650    0.4680            1
2024 10 25 30.0910 30.8304 30.4490      0.6339       0.6339    0.4567            1
2024 10 26 30.5203 31.2617 30.8790      1.0661       1.0661    0.4457            1
2024 10 27 30.0846 30.8279 30.4440      0.6332       0.6332    0.4348            1
2024 10 28 30.5154 31.2607 30.8755      1.0668       1.0668    0.4241            1
2024 10 29 30.0788 30.8261 30.4397      0.6330       0.6330    0.4136            1
2024 10 30 30.5100 31.2593 30.8717      1.0670       1.0670    0.4033            1
2024 10 31 30.0734 30.8247 30.4359      0.6332       0.6332    0.3932            1
2024 11 01 30.5042 31.2576 30.8676      1.0668       1.0668    0.3833            1
2024 11 02 30.0685 30.8239 30.4327      0.6339       0.6339    0.3735            1
2024 11 03 30.4979 31.2554 30.8631      1.0661       1.0661    0.3639            1
2024 11 04 30.0641 30.8237 30.4302      0.6351       0.6351    0.3545            1
2024 11 05 30.4912 31.2529 30.8582      1.0649       1.0649    0.3453            1
2024 11 06 30.0602 30.8240 30.4283      0.6367       0.6367    0.3362            1
2024 11 07 30.4841 31.2500 30.8531      1.0633       1.0633    0.3274            1
2024 11 08 30.0569 30.8249 30.4269      0.6388       0.6388    0.3187            1
2024 11 09 30.4766 31.2468 30.8477      1.0612       1.0612    0.3102            1
2024 11 10 30.0541 30.8264 30.4263      0.6414       0.6414    0.3018            1
2024 11 11 30.4687 31.2431 30.8419      1.0586       1.0586    0.2936            1
2024 11 12 30.0519 30.8285 30.4262      0.6445       0.6445    0.2856            1
2024 11 13 30.4603 31.2391 30.8357      1.0555       1.0555    0.2777            1
2024 11 14 30.0503 30.8312 30.4269      0.6481       0.6481    0.2701            1
2024 11 15 30.4515 31.2346 30.8293      1.0519       1.0519    0.2625            1
2024 11 16 30.0492 30.8345 30.4282      0.6522       0.6522    0.2552            1
2024 11 17 30.4423 31.2298 30.8225      1.0478       1.0478    0.2480            1
2024 11 18 30.0486 30.8383 30.4301      0.6567       0.6567    0.2409            1
2024 11 19 30.4327 31.2246 30.8154      1.0433       1.0433    0.2341            1
2024 11 20 30.0487 30.8428 30.4327      0.6618       0.6618    0.2273            1
2024 11 21 30.4227 31.2190 30.8080      1.0382       1.0382    0.2208            1
2024 11 22 30.0492 30.8477 30.4358      0.6672       0.6672    0.2143            1
2024 11 23 30.4124 31.2131 30.8004      1.0328       1.0328    0.2080            1
2024 11 24 30.0504 30.8533 30.4397      0.6732       0.6732    0.2019            1
2024 11 25 30.4017 31.2068 30.7924      1.0268       1.0268    0.1959            1
2024 11 26 30.0522 30.8594 30.4442      0.6796       0.6796    0.1901            1
2024 11 27 30.3907 31.2001 30.7841      1.0204       1.0204    0.1844            1
2024 11 28 30.0544 30.8660 30.4493      0.6864       0.6864    0.1788            1
2024 11 29 30.3793 31.1932 30.7757      1.0136       1.0136    0.1734            1
2024 11 30 30.0572 30.8732 30.4550      0.6937       0.6937    0.1681            1
2024 12 01 30.3677 31.1858 30.7669      1.0063       1.0063    0.1629            1
2024 12 02 30.0605 30.8809 30.4612      0.7013       0.7013    0.1578            1
2024 12 03 30.3558 31.1783 30.7580      0.9987       0.9987    0.1529            1
2024 12 04 30.0644 30.8891 30.4682      0.7094       0.7094    0.1481            1
2024 12 05 30.3435 31.1704 30.7488      0.9906       0.9906    0.1435            1
2024 12 06 30.0687 30.8977 30.4756      0.7178       0.7178    0.1389            1
2024 12 07 30.3311 31.1623 30.7395      0.9822       0.9822    0.1345            1
2024 12 08 30.0735 30.9068 30.4834      0.7265       0.7265    0.1302            1
2024 12 09 30.3186 31.1540 30.7301      0.9735       0.9735    0.1260            1
2024 12 10 30.0788 30.9163 30.4919      0.7356       0.7356    0.1219            1
2024 12 11 30.3058 31.1453 30.7205      0.9644       0.9644    0.1180            1
2024 12 12 30.0846 30.9262 30.5009      0.7450       0.7450    0.1141            1
2024 12 13 30.2928 31.1365 30.7107      0.9550       0.9550    0.1103            1
2024 12 14 30.0908 30.9366 30.5104      0.7547       0.7547    0.1067            1
2024 12 15 30.2797 31.1275 30.7009      0.9453       0.9453    0.1031            1
2024 12 16 30.0973 30.9472 30.5202      0.7646       0.7646    0.0997            1
2024 12 17 30.2665 31.1184 30.6911      0.9354       0.9354    0.0963            1
2024 12 18 30.1044 30.9583 30.5305      0.7748       0.7748    0.0931            1
2024 12 19 30.2532 31.1091 30.6811      0.9252       0.9252    0.0899            1
2024 12 20 30.1116 30.9695 30.5412      0.7851       0.7851    0.0868            1
2024 12 21 30.2400 31.0998 30.6712      0.9149       0.9149    0.0838            1
2024 12 22 30.1194 30.9811 30.5523      0.7957       0.7957    0.0809            1
2024 12 23 30.2266 31.0903 30.6612      0.9043       0.9043    0.0781            1
2024 12 24 30.1274 30.9930 30.5637      0.8064       0.8064    0.0754            1
2024 12 25 30.2133 31.0808 30.6514      0.8936       0.8936    0.0727            1
2024 12 26 30.1357 31.0050 30.5754      0.8172       0.8172    0.0702            1
2024 12 27 30.2001 31.0713 30.6416      0.8828       0.8828    0.0677            1
2024 12 28 30.1443 31.0172 30.5874      0.8281       0.8281    0.0653            1
2024 12 29 30.1870 31.0617 30.6318      0.8719       0.8719    0.0629            1
2024 12 30 30.1530 31.0296 30.5996      0.8390       0.8390    0.0607            1
2024 12 31 30.1740 31.0523 30.6223      0.8610       0.8610    0.0585            1
2025 01 01 30.1319 31.0119 30.5819      0.8200       0.8200    0.1417            1
2025 01 02 30.1310 31.0127 30.5827      0.8200       0.8200    0.1462            1
2025 01 03 30.1411 31.0245 30.5946      0.8310       0.8310    0.1508            1
2025 01 04 30.1183 31.0033 30.5734      0.8090       0.8090    0.1555            1
2025 01 05 30.1505 31.0372 30.6074      0.8420       0.8420    0.1604            1
2025 01 06 30.1058 30.9941 30.5644      0.7980       0.7980    0.1654            1
2025 01 07 30.1600 31.0498 30.6203      0.8529       0.8529    0.1704            1
2025 01 08 30.0935 30.9850 30.5555      0.7871       0.7871    0.1756            1
2025 01 09 30.1695 31.0625 30.6333      0.8637       0.8637    0.1810            1
2025 01 10 30.0816 30.9761 30.5470      0.7763       0.7763    0.1865            1
2025 01 11 30.1793 31.0752 30.6464      0.8745       0.8745    0.1920            1
2025 01 12 30.0698 30.9672 30.5387      0.7655       0.7655    0.1978            1
2025 01 13 30.1889 31.0877 30.6594      0.8850       0.8850    0.2036            1
2025 01 14 30.0586 30.9588 30.5308      0.7550       0.7550    0.2096            1
2025 01 15 30.1987 31.1002 30.6725      0.8954       0.8954    0.2157            1
2025 01 16 30.0476 30.9505 30.5232      0.7446       0.7446    0.2220            1
2025 01 17 30.2084 31.1126 30.6856      0.9056       0.9056    0.2284            1
2025 01 18 30.0371 30.9425 30.5159      0.7344       0.7344    0.2349            1
2025 01 19 30.2180 31.1247 30.6985      0.9155       0.9155    0.2416            1
2025 01 20 30.0270 30.9349 30.5091      0.7245       0.7245    0.2485            1
2025 01 21 30.2277 31.1367 30.7114      0.9252       0.9252    0.2554            1
2025 01 22 30.0173 30.9275 30.5027      0.7148       0.7148    0.2626            1
2025 01 23 30.2372 31.1485 30.7242      0.9346       0.9346    0.2698            1
2025 01 24 30.0081 30.9205 30.4967      0.7054       0.7054    0.2772            1
2025 01 25 30.2466 31.1600 30.7368      0.9437       0.9437    0.2848            1
2025 01 26 29.9995 30.9139 30.4912      0.6963       0.6963    0.2925            1
2025 01 27 30.2559 31.1713 30.7492      0.9525       0.9525    0.3004            1
2025 01 28 29.9913 30.9076 30.4861      0.6875       0.6875    0.3084            1
2025 01 29 30.2651 31.1823 30.7614      0.9609       0.9609    0.3166            1
2025 01 30 29.9837 30.9018 30.4816      0.6791       0.6791    0.3249            1
2025 01 31 30.2741 31.1930 30.7734      0.9690       0.9690    0.3334            1
2025 02 01 29.9766 30.8963 30.4775      0.6710       0.6710    0.3421            1
2025 02 02 30.2829 31.2034 30.7852      0.9767       0.9767    0.3509            1
2025 02 03 29.9701 30.8913 30.4739      0.6633       0.6633    0.3599            1
2025 02 04 30.2914 31.2133 30.7966      0.9839       0.9839    0.3690            1
2025 02 05 29.9643 30.8869 30.4709      0.6561       0.6561    0.3783            1
2025 02 06 30.2996 31.2228 30.8077      0.9907       0.9907    0.3877            1
2025 02 07 29.9590 30.8828 30.4685      0.6493       0.6493    0.3973            1
2025 02 08 30.3077 31.2320 30.8186      0.9971       0.9971    0.4071            1
2025 02 09 29.9544 30.8793 30.4666      0.6429       0.6429    0.4170            1
2025 02 10 30.3156 31.2409 30.8291      1.0031       1.0031    0.4271            1
2025 02 11 29.9504 30.8761 30.4652      0.6369       0.6369    0.4374            1
2025 02 12 30.3230 31.2492 30.8392      1.0085       1.0085    0.4478            1
2025 02 13 29.9471 30.8736 30.4645      0.6315       0.6315    0.4584            1
2025 02 14 30.3303 31.2572 30.8490      1.0136       1.0136    0.4692            1
2025 02 15 29.9443 30.8714 30.4643      0.6264       0.6264    0.4801            1
2025 02 16 30.3372 31.2646 30.8584      1.0181       1.0181    0.4911            1
2025 02 17 29.9423 30.8699 30.4647      0.6219       0.6219    0.5024            1
2025 02 18 30.3438 31.2716 30.8674      1.0221       1.0221    0.5138            1
2025 02 19 29.9410 30.8689 30.4657      0.6179       0.6179    0.5253            1
2025 02 20 30.3502 31.2782 30.8760      1.0257       1.0257    0.5370            1
2025 02 21 29.9402 30.8683 30.4672      0.6143       0.6143    0.5489            1
2025 02 22 30.3562 31.2843 30.8842      1.0288       1.0288    0.5609            1
2025 02 23 29.9401 30.8682 30.4692      0.6112       0.6112    0.5731            1
2025 02 24 30.3619 31.2899 30.8920      1.0314       1.0314    0.5854            1
2025 02 25 29.9407 30.8686 30.4719      0.6086       0.6086    0.5979            1
2025 02 26 30.3671 31.2949 30.8993      1.0334       1.0334    0.6106            1
2025 02 27 29.9420 30.8696 30.4752      0.6066       0.6066    0.6234            1
2025 02 28 30.3723 31.2997 30.9063      1.0351       1.0351    0.6363            1
2025 03 01 29.9438 30.8710 30.4788      0.6049       0.6049    0.6494            1
2025 03 02 30.3769 31.3038 30.9128      1.0362       1.0362    0.6626            1
2025 03 03 29.9464 30.8729 30.4831      0.6038       0.6038    0.6760            1
2025 03 04 30.3812 31.3074 30.9188      1.0368       1.0368    0.6895            1
2025 03 05 29.9496 30.8754 30.4880      0.6032       0.6032    0.7032            1
2025 03 06 30.3853 31.3107 30.9245      1.0370       1.0370    0.7170            1
2025 03 07 29.9533 30.8782 30.4933      0.6030       0.6030    0.7309            1
2025 03 08 30.3890 31.3134 30.9297      1.0367       1.0367    0.7450            1
2025 03 09 29.9577 30.8815 30.4991      0.6033       0.6033    0.7591            1
2025 03 10 30.3925 31.3157 30.9346      1.0360       1.0360    0.7734            1
2025 03 11 29.9626 30.8852 30.5053      0.6040       0.6040    0.7879            1
2025 03 12 30.3956 31.3176 30.9390      1.0349       1.0349    0.8024            1
2025 03 13 29.9680 30.8893 30.5120      0.6051       0.6051    0.8171            1
2025 03 14 30.3985 31.3190 30.9430      1.0333       1.0333    0.8319            1
2025 03 15 29.9741 30.8939 30.5192      0.6067       0.6067    0.8467            1
2025 03 16 30.4010 31.3200 30.9466      1.0313       1.0313    0.8617            1
2025 03 17 29.9807 30.8989 30.5268      0.6087       0.6087    0.8768            1
2025 03 18 30.4032 31.3206 30.9498      1.0289       1.0289    0.8920            1
2025 03 19 29.9878 30.9042 30.5348      0.6111       0.6111    0.9073            1
2025 03 20 30.4053 31.3208 30.9527      1.0262       1.0262    0.9226            1
2025 03 21 29.9953 30.9098 30.5431      0.6138       0.6138    0.9381            1
2025 03 22 30.4070 31.3206 30.9552      1.0231       1.0231    0.9536            1
2025 03 23 30.0033 30.9158 30.5518      0.6169       0.6169    0.9692            1
2025 03 24 30.4085 31.3199 30.9572      1.0196       1.0196    0.9849            1
2025 03 25 30.0118 30.9221 30.5608      0.6204       0.6204    1.0007            2
2025 03 26 30.4099 31.3190 30.9591      1.0159       1.0159    1.0165            2
2025 03 27 30.0206 30.9286 30.5700      0.6241       0.6241    1.0323            2
2025 03 28 30.4109 31.3177 30.9605      1.0118       1.0118    1.0482            2
2025 03 29 30.0299 30.9355 30.5796      0.6282       0.6282    1.0642            2
2025 03 30 30.4118 31.3161 30.9617      1.0075       1.0075    1.0802            2
2025 03 31 30.0395 30.9425 30.5894      0.6325       0.6325    1.0962            2
2025 04 01 30.4126 31.3143 30.9626      1.0030       1.0030    1.1123            2
2025 04 02 30.0493 30.9496 30.5993      0.6370       0.6370    1.1283            2
2025 04 03 30.4132 31.3121 30.9632      0.9982       0.9982    1.1444            2
2025 04 04 30.0595 30.9570 30.6094      0.6418       0.6418    1.1606            2
2025 04 05 30.4136 31.3097 30.9635      0.9932       0.9932    1.1767            2
2025 04 06 30.0700 30.9646 30.6197      0.6468       0.6468    1.1928            2
2025 04 07 30.4139 31.3070 30.9636      0.9880       0.9880    1.2089            2
2025 04 08 30.0807 30.9723 30.6302      0.6520       0.6520    1.2250            2
2025 04 09 30.4141 31.3042 30.9635      0.9827       0.9827    1.2411            2
2025 04 10 30.0915 30.9800 30.6406      0.6573       0.6573    1.2571            2
2025 04 11 30.4142 31.3011 30.9631      0.9772       0.9772    1.2732            2
2025 04 12 30.1026 30.9879 30.6512      0.6628       0.6628    1.2891            2
2025 04 13 30.4142 31.2978 30.9625      0.9716       0.9716    1.3051            2
2025 04 14 30.1139 30.9958 30.6618      0.6684       0.6684    1.3210            2
2025 04 15 30.4142 31.2944 30.9618      0.9659       0.9659    1.3368            2
2025 04 16 30.1252 31.0037 30.6724      0.6741       0.6741    1.3526            2
2025 04 17 30.4142 31.2909 30.9610      0.9602       0.9602    1.3683            2
2025 04 18 30.1366 31.0115 30.6830      0.6798       0.6798    1.3839            2
2025 04 19 30.4141 31.2872 30.9599      0.9544       0.9544    1.3994            2
2025 04 20 30.1481 31.0194 30.6935      0.6856       0.6856    1.4149            2
2025 04 21 30.4140 31.2834 30.9588      0.9486       0.9486    1.4302            2
2025 04 22 30.1596 31.0272 30.7039      0.6914       0.6914    1.4455            2
2025 04 23 30.4139 31.2796 30.9575      0.9428       0.9428    1.4606            2
2025 04 24 30.1711 31.0349 30.7142      0.6972       0.6972    1.4756            2
2025 04 25 30.4138 31.2756 30.9562      0.9370       0.9370    1.4905            2
2025 04 26 30.1826 31.0426 30.7244      0.7030       0.7030    1.5053            2
2025 04 27 30.4136 31.2716 30.9547      0.9312       0.9312    1.5199            2
2025 04 28 30.1941 31.0501 30.7344      0.7088       0.7088    1.5344            2
2025 04 29 30.4136 31.2676 30.9532      0.9255       0.9255    1.5487            2
2025 04 30 30.2054 31.0575 30.7442      0.7145       0.7145    1.5629            2
2025 05 01 30.4137 31.2637 30.9517      0.9199       0.9199    1.5768            2
2025 05 02 30.2167 31.0646 30.7538      0.7201       0.7201    1.5907            2
2025 05 03 30.4137 31.2596 30.9500      0.9143       0.9143    1.6043            2
2025 05 04 30.2279 31.0717 30.7633      0.7257       0.7257    1.6178            2
2025 05 05 30.4139 31.2556 30.9484      0.9089       0.9089    1.6310            2
2025 05 06 30.2388 31.0785 30.7724      0.7311       0.7311    1.6441            2
2025 05 07 30.4141 31.2517 30.9467      0.9036       0.9036    1.6569            2
2025 05 08 30.2496 31.0851 30.7813      0.7364       0.7364    1.6696            2
2025 05 09 30.4144 31.2477 30.9450      0.8984       0.8984    1.6820            2
2025 05 10 30.2603 31.0915 30.7899      0.7416       0.7416    1.6942            2
2025 05 11 30.4148 31.2439 30.9434      0.8934       0.8934    1.7062            2
2025 05 12 30.2707 31.0976 30.7982      0.7466       0.7466    1.7179            2
2025 05 13 30.4153 31.2400 30.9417      0.8885       0.8885    1.7294            2
2025 05 14 30.2809 31.1035 30.8062      0.7515       0.7515    1.7406            2
2025 05 15 30.4159 31.2363 30.9400      0.8838       0.8838    1.7516            2
2025 05 16 30.2909 31.1091 30.8138      0.7562       0.7562    1.7623            2
2025 05 17 30.4165 31.2326 30.9383      0.8792       0.8792    1.7727            2
2025 05 18 30.3007 31.1145 30.8212      0.7608       0.7608    1.7829            2
2025 05 19 30.4172 31.2289 30.9366      0.8748       0.8748    1.7928            2
2025 05 20 30.3102 31.1196 30.8282      0.7652       0.7652    1.8024            2
2025 05 21 30.4182 31.2255 30.9350      0.8707       0.8707    1.8117            2
2025 05 22 30.3193 31.1244 30.8348      0.7693       0.7693    1.8208            2
2025 05 23 30.4191 31.2220 30.9333      0.8667       0.8667    1.8295            2
2025 05 24 30.3282 31.1289 30.8411      0.7733       0.7733    1.8379            2
2025 05 25 30.4201 31.2186 30.9316      0.8628       0.8628    1.8461            2
2025 05 26 30.3369 31.1331 30.8470      0.7772       0.7772    1.8539            2
2025 05 27 30.4212 31.2153 30.9300      0.8592       0.8592    1.8614            2
2025 05 28 30.3452 31.1370 30.8526      0.7808       0.7808    1.8685            2
2025 05 29 30.4225 31.2121 30.9284      0.8558       0.8558    1.8754            2
2025 05 30 30.3532 31.1406 30.8577      0.7842       0.7842    1.8819            2
2025 05 31 30.4238 31.2091 30.9269      0.8526       0.8526    1.8881            2
2025 06 01 30.3608 31.1439 30.8624      0.7874       0.7874    1.8940            2
2025 06 02 30.4251 31.2060 30.9252      0.8495       0.8495    1.8995            2
2025 06 03 30.3683 31.1470 30.8669      0.7905       0.7905    1.9046            2
2025 06 04 30.4265 31.2030 30.9236      0.8466       0.8466    1.9095            2
2025 06 05 30.3754 31.1498 30.8710      0.7934       0.7934    1.9140            2
2025 06 06 30.4279 31.2002 30.9220      0.8439       0.8439    1.9181            2
2025 06 07 30.3821 31.1522 30.8746      0.7961       0.7961    1.9219            2
2025 06 08 30.4294 31.1974 30.9204      0.8414       0.8414    1.9253            2
2025 06 09 30.3886 31.1544 30.8779      0.7986       0.7986    1.9284            2
2025 06 10 30.4309 31.1946 30.9187      0.8390       0.8390    1.9311            2
2025 06 11 30.3948 31.1564 30.8809      0.8010       0.8010    1.9335            2
2025 06 12 30.4324 31.1919 30.9170      0.8368       0.8368    1.9355            2
2025 06 13 30.4006 31.1580 30.8835      0.8032       0.8032    1.9371            2
2025 06 14 30.4339 31.1892 30.9152      0.8347       0.8347    1.9384            2
2025 06 15 30.4062 31.1595 30.8859      0.8053       0.8053    1.9393            2
2025 06 16 30.4354 31.1866 30.9134      0.8328       0.8328    1.9398            2
2025 06 17 30.4114 31.1606 30.8878      0.8072       0.8072    1.9400            2
2025 06 18 30.4368 31.1840 30.9115      0.8310       0.8310    1.9398            2
2025 06 19 30.4164 31.1616 30.8894      0.8090       0.8090    1.9393            2
2025 06 20 30.4381 31.1813 30.9095      0.8292       0.8292    1.9384            2
2025 06 21 30.4212 31.1624 30.8909      0.8108       0.8108    1.9371            2
2025 06 22 30.4394 31.1787 30.9074      0.8276       0.8276    1.9355            2
2025 06 23 30.4256 31.1630 30.8919      0.8124       0.8124    1.9335            2
2025 06 24 30.4407 31.1761 30.9053      0.8261       0.8261    1.9311            2
2025 06 25 30.4298 31.1633 30.8927      0.8139       0.8139    1.9284            2
2025 06 26 30.4418 31.1734 30.9029      0.8246       0.8246    1.9253            2
2025 06 27 30.4338 31.1636 30.8932      0.8154       0.8154    1.9219            2
2025 06 28 30.4426 31.1706 30.9004      0.8231       0.8231    1.9181            2
2025 06 29 30.4376 31.1637 30.8936      0.8169       0.8169    1.9140            2
2025 06 30 30.4435 31.1678 30.8978      0.8217       0.8217    1.9095            2
2025 07 01 30.4411 31.1637 30.8937      0.8183       0.8183    1.9046            2
2025 07 02 30.4441 31.1650 30.8950      0.8203       0.8203    1.8995            2
2025 07 03 30.4445 31.1636 30.8936      0.8197       0.8197    1.8940            2
2025 07 04 30.4447 31.1621 30.8921      0.8190       0.8190    1.8881            2
2025 07 05 30.4475 31.1633 30.8932      0.8210       0.8210    1.8819            2
2025 07 06 30.4449 31.1590 30.8889      0.8176       0.8176    1.8754            2
2025 07 07 30.4505 31.1630 30.8927      0.8224       0.8224    1.8685            2
2025 07 08 30.4450 31.1559 30.8855      0.8162       0.8162    1.8614            2
2025 07 09 30.4533 31.1626 30.8921      0.8238       0.8238    1.8539            2
2025 07 10 30.4448 31.1526 30.8819      0.8147       0.8147    1.8461            2
2025 07 11 30.4560 31.1622 30.8914      0.8253       0.8253    1.8379            2
2025 07 12 30.4444 31.1492 30.8781      0.8132       0.8132    1.8295            2
2025 07 13 30.4585 31.1618 30.8905      0.8268       0.8268    1.8208            2
2025 07 14 30.4437 31.1456 30.8740      0.8116       0.8116    1.8117            2
2025 07 15 30.4609 31.1613 30.8895      0.8284       0.8284    1.8024            2
2025 07 16 30.4427 31.1418 30.8697      0.8099       0.8099    1.7928            2
2025 07 17 30.4632 31.1609 30.8885      0.8301       0.8301    1.7829            2
2025 07 18 30.4414 31.1379 30.8650      0.8081       0.8081    1.7727            2
2025 07 19 30.4654 31.1606 30.8874      0.8319       0.8319    1.7623            2
2025 07 20 30.4399 31.1338 30.8602      0.8063       0.8063    1.7516            2
2025 07 21 30.4674 31.1601 30.8861      0.8337       0.8337    1.7406            2
2025 07 22 30.4379 31.1295 30.8550      0.8042       0.8042    1.7294            2
2025 07 23 30.4695 31.1599 30.8850      0.8358       0.8358    1.7179            2
2025 07 24 30.4358 31.1250 30.8496      0.8021       0.8021    1.7062            2
2025 07 25 30.4714 31.1596 30.8837      0.8379       0.8379    1.6942            2
2025 07 26 30.4332 31.1203 30.8438      0.7998       0.7998    1.6820            2
2025 07 27 30.4734 31.1594 30.8824      0.8402       0.8402    1.6696            2
2025 07 28 30.4303 31.1154 30.8378      0.7974       0.7974    1.6569            2
2025 07 29 30.4752 31.1593 30.8811      0.8426       0.8426    1.6441            2
2025 07 30 30.4269 31.1102 30.8314      0.7947       0.7947    1.6310            2
2025 07 31 30.4771 31.1595 30.8800      0.8453       0.8453    1.6178            2
2025 08 01 30.4234 31.1049 30.8248      0.7920       0.7920    1.6043            2
2025 08 02 30.4789 31.1595 30.8788      0.8480       0.8480    1.5907            2
2025 08 03 30.4193 31.0992 30.8177      0.7890       0.7890    1.5768            2
2025 08 04 30.4807 31.1599 30.8777      0.8510       0.8510    1.5629            2
2025 08 05 30.4149 31.0933 30.8104      0.7858       0.7858    1.5487            2
2025 08 06 30.4826 31.1603 30.8766      0.8542       0.8542    1.5344            2
2025 08 07 30.4102 31.0873 30.8028      0.7825       0.7825    1.5199            2
2025 08 08 30.4844 31.1609 30.8756      0.8575       0.8575    1.5053            2
2025 08 09 30.4050 31.0810 30.7949      0.7790       0.7790    1.4905            2
2025 08 10 30.4861 31.1616 30.8746      0.8610       0.8610    1.4756            2
2025 08 11 30.3995 31.0744 30.7866      0.7753       0.7753    1.4606            2
2025 08 12 30.4879 31.1624 30.8737      0.8647       0.8647    1.4455            2
2025 08 13 30.3936 31.0677 30.7781      0.7714       0.7714    1.4302            2
2025 08 14 30.4898 31.1634 30.8729      0.8686       0.8686    1.4149            2
2025 08 15 30.3873 31.0607 30.7693      0.7673       0.7673    1.3994            2
2025 08 16 30.4916 31.1646 30.8723      0.8727       0.8727    1.3839            2
2025 08 17 30.3807 31.0534 30.7601      0.7630       0.7630    1.3683            2
2025 08 18 30.4934 31.1660 30.8717      0.8770       0.8770    1.3526            2
2025 08 19 30.3736 31.0460 30.7507      0.7585       0.7585    1.3368            2
2025 08 20 30.4953 31.1675 30.8712      0.8815       0.8815    1.3210            2
2025 08 21 30.3663 31.0384 30.7411      0.7539       0.7539    1.3051            2
2025 08 22 30.4971 31.1691 30.8707      0.8861       0.8861    1.2891            2
2025 08 23 30.3586 31.0306 30.7312      0.7491       0.7491    1.2732            2
2025 08 24 30.4989 31.1709 30.8704      0.8909       0.8909    1.2571            2
2025 08 25 30.3506 31.0226 30.7210      0.7441       0.7441    1.2411            2
2025 08 26 30.5008 31.1729 30.8702      0.8959       0.8959    1.2250            2
2025 08 27 30.3423 31.0144 30.7106      0.7390       0.7390    1.2089            2
2025 08 28 30.5026 31.1749 30.8700      0.9010       0.9010    1.1928            2
2025 08 29 30.3337 31.0062 30.7001      0.7338       0.7338    1.1767            2
2025 08 30 30.5044 31.1771 30.8698      0.9062       0.9062    1.1606            2
2025 08 31 30.3248 30.9978 30.6893      0.7284       0.7284    1.1444            2
2025 09 01 30.5062 31.1794 30.8698      0.9116       0.9116    1.1283            2
2025 09 02 30.3156 30.9892 30.6784      0.7229       0.7229    1.1123            2
2025 09 03 30.5079 31.1819 30.8699      0.9171       0.9171    1.0962            2
2025 09 04 30.3062 30.9806 30.6674      0.7173       0.7173    1.0802            2
2025 09 05 30.5096 31.1845 30.8700      0.9227       0.9227    1.0642            2
2025 09 06 30.2965 30.9718 30.6562      0.7116       0.7116    1.0482            2
2025 09 07 30.5113 31.1871 30.8702      0.9284       0.9284    1.0323            2
2025 09 08 30.2867 30.9631 30.6449      0.7059       0.7059    1.0165            2
2025 09 09 30.5128 31.1898 30.8703      0.9341       0.9341    1.0007            2
2025 09 10 30.2766 30.9543 30.6336      0.7001       0.7001    0.9849            1
2025 09 11 30.5143 31.1926 30.8706      0.9399       0.9399    0.9692            1
2025 09 12 30.2665 30.9455 30.6222      0.6943       0.6943    0.9536            1
2025 09 13 30.5156 31.1954 30.8708      0.9457       0.9457    0.9381            1
2025 09 14 30.2562 30.9367 30.6108      0.6885       0.6885    0.9226            1
2025 09 15 30.5169 31.1982 30.8710      0.9515       0.9515    0.9073            1
2025 09 16 30.2457 30.9280 30.5994      0.6827       0.6827    0.8920            1
2025 09 17 30.5180 31.2011 30.8712      0.9573       0.9573    0.8768            1
2025 09 18 30.2352 30.9192 30.5880      0.6769       0.6769    0.8617            1
2025 09 19 30.5190 31.2040 30.8714      0.9631       0.9631    0.8467            1
2025 09 20 30.2247 30.9107 30.5767      0.6712       0.6712    0.8319            1
2025 09 21 30.5198 31.2068 30.8715      0.9688       0.9688    0.8171            1
2025 09 22 30.2142 30.9022 30.5656      0.6656       0.6656    0.8024            1
2025 09 23 30.5204 31.2096 30.8716      0.9744       0.9744    0.7879            1
2025 09 24 30.2036 30.8939 30.5545      0.6601       0.6601    0.7734            1
2025 09 25 30.5209 31.2123 30.8715      0.9799       0.9799    0.7591            1
2025 09 26 30.1930 30.8856 30.5435      0.6546       0.6546    0.7450            1
2025 09 27 30.5212 31.2150 30.8715      0.9854       0.9854    0.7309            1
2025 09 28 30.1826 30.8776 30.5328      0.6494       0.6494    0.7170            1
2025 09 29 30.5212 31.2175 30.8713      0.9906       0.9906    0.7032            1
2025 09 30 30.1722 30.8698 30.5223      0.6443       0.6443    0.6895            1
2025 10 01 30.5209 31.2199 30.8710      0.9957       0.9957    0.6760            1
2025 10 02 30.1620 30.8623 30.5120      0.6394       0.6394    0.6626            1
2025 10 03 30.5205 31.2222 30.8705      1.0006       1.0006    0.6494            1
2025 10 04 30.1518 30.8550 30.5019      0.6347       0.6347    0.6363            1
2025 10 05 30.5197 31.2243 30.8699      1.0053       1.0053    0.6234            1
2025 10 06 30.1420 30.8481 30.4922      0.6303       0.6303    0.6106            1
2025 10 07 30.5186 31.2262 30.8690      1.0097       1.0097    0.5979            1
2025 10 08 30.1322 30.8414 30.4828      0.6261       0.6261    0.5854            1
2025 10 09 30.5173 31.2280 30.8680      1.0139       1.0139    0.5731            1
2025 10 10 30.1228 30.8351 30.4738      0.6222       0.6222    0.5609            1
2025 10 11 30.5156 31.2295 30.8668      1.0178       1.0178    0.5489            1
2025 10 12 30.1136 30.8292 30.4651      0.6186       0.6186    0.5370            1
2025 10 13 30.5135 31.2308 30.8654      1.0214       1.0214    0.5253            1
2025 10 14 30.1046 30.8236 30.4568      0.6153       0.6153    0.5138            1
2025 10 15 30.5112 31.2319 30.8638      1.0247       1.0247    0.5024            1
2025 10 16 30.0961 30.8185 30.4490      0.6124       0.6124    0.4911            1
2025 10 17 30.5084 31.2326 30.8618      1.0276       1.0276    0.4801            1
2025 10 18 30.0878 30.8137 30.4417      0.6098       0.6098    0.4692            1
2025 10 19 30.5053 31.2331 30.8597      1.0302       1.0302    0.4584            1
2025 10 20 30.0800 30.8096 30.4349      0.6077       0.6077    0.4478            1
2025 10 21 30.5017 31.2332 30.8572      1.0323       1.0323    0.4374            1
2025 10 22 30.0725 30.8058 30.4285      0.6059       0.6059    0.4271            1
2025 10 23 30.4978 31.2331 30.8544      1.0341       1.0341    0.4170            1
2025 10 24 30.0654 30.8025 30.4226      0.6045       0.6045    0.4071            1
2025 10 25 30.4935 31.2326 30.8514      1.0355       1.0355    0.3973            1
2025 10 26 30.0588 30.7998 30.4174      0.6036       0.6036    0.3877            1
2025 10 27 30.4887 31.2317 30.8480      1.0364       1.0364    0.3783            1
2025 10 28 30.0526 30.7976 30.4126      0.6031       0.6031    0.3690            1
2025 10 29 30.4836 31.2305 30.8444      1.0369       1.0369    0.3599            1
2025 10 30 30.0468 30.7958 30.4084      0.6030       0.6030    0.3509            1
2025 10 31 30.4780 31.2290 30.8404      1.0370       1.0370    0.3421            1
2025 11 01 30.0416 30.7947 30.4049      0.6034       0.6034    0.3334            1
2025 11 02 30.4720 31.2271 30.8361      1.0366       1.0366    0.3249            1
2025 11 03 30.0369 30.7941 30.4020      0.6043       0.6043    0.3166            1
2025 11 04 30.4656 31.2248 30.8315      1.0357       1.0357    0.3084            1
2025 11 05 30.0328 30.7941 30.3997      0.6057       0.6057    0.3004            1
2025 11 06 30.4586 31.2221 30.8265      1.0343       1.0343    0.2925            1
2025 11 07 30.0291 30.7947 30.3979      0.6075       0.6075    0.2848            1
2025 11 08 30.4514 31.2191 30.8212      1.0325       1.0325    0.2772            1
2025 11 09 30.0260 30.7959 30.3969      0.6099       0.6099    0.2698            1
2025 11 10 30.4435 31.2155 30.8155      1.0301       1.0301    0.2626            1
2025 11 11 30.0235 30.7976 30.3965      0.6127       0.6127    0.2554            1
2025 11 12 30.4354 31.2117 30.8096      1.0273       1.0273    0.2485            1
2025 11 13 30.0214 30.7999 30.3967      0.6160       0.6160    0.2416            1
2025 11 14 30.4268 31.2075 30.8033      1.0240       1.0240    0.2349            1
2025 11 15 30.0200 30.8029 30.3976      0.6198       0.6198    0.2284            1
2025 11 16 30.4178 31.2028 30.7966      1.0202       1.0202    0.2220            1
2025 11 17 30.0191 30.8064 30.3992      0.6241       0.6241    0.2157            1
2025 11 18 30.4084 31.1978 30.7897      1.0159       1.0159    0.2096            1
2025 11 19 30.0189 30.8105 30.4014      0.6289       0.6289    0.2036            1
2025 11 20 30.3986 31.1924 30.7824      1.0111       1.0111    0.1978            1
2025 11 21 30.0191 30.8151 30.4042      0.6341       0.6341    0.1920            1
2025 11 22 30.3884 31.1867 30.7749      1.0059       1.0059    0.1865            1
2025 11 23 30.0199 30.8203 30.4077      0.6398       0.6398    0.1810            1
2025 11 24 30.3779 31.1805 30.7671      1.0002       1.0002    0.1756            1
2025 11 25 30.0213 30.8262 30.4119      0.6460       0.6460    0.1704            1
2025 11 26 30.3670 31.1740 30.7589      0.9940       0.9940    0.1654            1
2025 11 27 30.0233 30.8325 30.4166      0.6526       0.6526    0.1604            1
2025 11 28 30.3558 31.1672 30.7505      0.9874       0.9874    0.1555            1
2025 11 29 30.0258 30.8394 30.4220      0.6597       0.6597    0.1508            1
2025 11 30 30.3442 31.1600 30.7418      0.9803       0.9803    0.1462            1
2025 12 01 30.0288 30.8468 30.4279      0.6671       0.6671    0.1417            1
2025 12 02 30.3324 31.1526 30.7330      0.9729       0.9729    0.1373            1
2025 12 03 30.0324 30.8547 30.4345      0.6750       0.6750    0.1330            1
2025 12 04 30.3203 31.1448 30.7239      0.9650       0.9650    0.1289            1
2025 12 05 30.0364 30.8631 30.4416      0.6832       0.6832    0.1248            1
2025 12 06 30.3080 31.1368 30.7147      0.9568       0.9568    0.1209            1
2025 12 07 30.0410 30.8719 30.4492      0.6918       0.6918    0.1170            1
2025 12 08 30.2954 31.1285 30.7052      0.9482       0.9482    0.1133            1
2025 12 09 30.0461 30.8813 30.4575      0.7008       0.7008    0.1096            1
2025 12 10 30.2826 31.1199 30.6956      0.9392       0.9392    0.1061            1
2025 12 11 30.0515 30.8910 30.4661      0.7100       0.7100    0.1026            1
2025 12 12 30.2697 31.1112 30.6859      0.9300       0.9300    0.0993            1
2025 12 13 30.0575 30.9011 30.4754      0.7196       0.7196    0.0960            1
2025 12 14 30.2566 31.1023 30.6761      0.9204       0.9204    0.0928            1
2025 12 15 30.0639 30.9116 30.4850      0.7294       0.7294    0.0897            1
2025 12 16 30.2434 31.0932 30.6662      0.9106       0.9106    0.0867            1
2025 12 17 30.0707 30.9225 30.4951      0.7395       0.7395    0.0838            1
2025 12 18 30.2301 31.0839 30.6562      0.9005       0.9005    0.0810            1
2025 12 19 30.0778 30.9337 30.5057      0.7498       0.7498    0.0782            1
2025 12 20 30.2167 31.0745 30.6462      0.8902       0.8902    0.0755            1
2025 12 21 30.0853 30.9450 30.5165      0.7602       0.7602    0.0729            1
2025 12 22 30.2035 31.0652 30.6363      0.8798       0.8798    0.0704            1
2025 12 23 30.0932 30.9568 30.5278      0.7709       0.7709    0.0680            1
2025 12 24 30.1901 31.0556 30.6263      0.8691       0.8691    0.0656            1
2025 12 25 30.1014 30.9688 30.5394      0.7817       0.7817    0.0633            1
2025 12 26 30.1767 31.0460 30.6164      0.8583       0.8583    0.0610            1
2025 12 27 30.1097 30.9808 30.5511      0.7925       0.7925    0.0589            1
2025 12 28 30.1636 31.0365 30.6067      0.8475       0.8475    0.0568            1
2025 12 29 30.1185 30.9932 30.5633      0.8035       0.8035    0.0547            1
2025 12 30 30.1504 31.0269 30.5970      0.8365       0.8365    0.0528            1
2025 12 31 30.1329 31.0112 30.5812      0.8200       0.8200    0.0509            1
